time,temperature_c,humidity_pct,pressure_hpa,wind_kmh,precip_mm
2021-06-01T00:00,29.4,75,1003.6,13.8,0.0
2021-06-01T01:00,29.2,77,1003.2,9.7,0.0
2021-06-01T02:00,29.0,77,1002.9,8.9,0.0
2021-06-01T03:00,29.2,72,1002.9,8.7,0.0
2021-06-01T04:00,29.1,67,1003.1,9.6,0.0
2021-06-01T05:00,28.4,73,1003.0,11.4,0.0
2021-06-01T06:00,29.0,72,1003.7,11.4,0.0
2021-06-01T07:00,30.6,67,1004.4,11.7,0.0
2021-06-01T08:00,32.6,58,1004.8,11.2,0.0
2021-06-01T09:00,34.5,51,1004.8,8.9,0.0
2021-06-01T10:00,35.7,47,1004.6,4.0,0.0
2021-06-01T11:00,36.0,47,1004.0,6.2,0.0
2021-06-01T12:00,34.9,54,1003.4,14.0,0.0
2021-06-01T13:00,34.0,56,1002.6,12.1,0.0
2021-06-01T14:00,34.5,54,1001.6,14.0,0.0
2021-06-01T15:00,33.5,58,1001.0,13.4,0.0
2021-06-01T16:00,32.5,62,1001.0,13.2,0.0
2021-06-01T17:00,31.6,66,1001.6,12.7,0.0
2021-06-01T18:00,30.6,73,1002.1,13.0,0.0
2021-06-01T19:00,29.9,82,1002.8,14.0,0.0
2021-06-01T20:00,29.7,79,1003.4,15.3,0.0
2021-06-01T21:00,29.4,85,1004.2,15.7,0.0
2021-06-01T22:00,29.2,87,1004.5,16.1,0.0
2021-06-01T23:00,29.1,86,1004.4,15.3,0.0
2021-06-02T00:00,29.1,85,1004.2,11.8,0.0
2021-06-02T01:00,28.7,86,1003.9,9.4,0.1
2021-06-02T02:00,28.7,86,1003.7,8.2,0.0
2021-06-02T03:00,28.3,86,1003.7,8.8,0.0
2021-06-02T04:00,28.0,84,1004.2,9.4,0.0
2021-06-02T05:00,28.3,78,1004.0,8.8,0.0
2021-06-02T06:00,28.9,72,1004.7,9.3,0.0
2021-06-02T07:00,30.2,65,1004.9,9.1,0.0
2021-06-02T08:00,31.9,59,1005.1,7.3,0.0
2021-06-02T09:00,33.4,54,1005.2,1.8,0.0
2021-06-02T10:00,34.3,53,1004.9,7.2,0.0
2021-06-02T11:00,33.9,57,1004.3,13.3,0.0
2021-06-02T12:00,33.7,57,1003.7,13.8,0.0
2021-06-02T13:00,33.9,56,1003.0,14.1,0.0
2021-06-02T14:00,33.5,57,1002.4,15.0,0.0
2021-06-02T15:00,32.8,59,1001.9,15.5,0.0
2021-06-02T16:00,31.9,63,1001.7,14.7,0.0
2021-06-02T17:00,31.4,68,1002.1,13.5,0.0
2021-06-02T18:00,30.2,79,1002.9,12.7,0.0
2021-06-02T19:00,29.8,83,1004.1,12.7,0.0
2021-06-02T20:00,29.7,85,1004.8,13.0,0.0
2021-06-02T21:00,29.5,86,1005.5,14.7,0.0
2021-06-02T22:00,29.2,88,1005.6,14.6,0.0
2021-06-02T23:00,29.0,89,1006.1,13.6,0.0
2021-06-03T00:00,29.0,84,1005.7,16.4,0.0
2021-06-03T01:00,28.7,81,1005.1,12.5,0.0
2021-06-03T02:00,28.3,81,1004.5,9.4,0.0
2021-06-03T03:00,28.1,81,1004.5,7.9,0.0
2021-06-03T04:00,27.7,84,1005.1,7.1,0.0
2021-06-03T05:00,28.1,84,1004.9,7.2,0.0
2021-06-03T06:00,28.8,77,1005.7,7.4,0.0
2021-06-03T07:00,30.0,68,1006.1,8.7,0.0
2021-06-03T08:00,31.4,61,1006.5,9.4,0.0
2021-06-03T09:00,32.9,54,1006.9,8.8,0.0
2021-06-03T10:00,33.9,51,1006.8,8.1,0.0
2021-06-03T11:00,33.7,55,1006.0,12.5,0.0
2021-06-03T12:00,33.1,61,1005.3,16.8,0.1
2021-06-03T13:00,33.1,57,1004.7,18.3,0.0
2021-06-03T14:00,32.7,62,1003.8,20.4,0.0
2021-06-03T15:00,32.0,65,1003.6,19.6,0.0
2021-06-03T16:00,31.3,69,1003.4,18.8,0.0
2021-06-03T17:00,30.6,73,1003.9,15.3,0.0
2021-06-03T18:00,29.7,80,1004.7,15.3,0.0
2021-06-03T19:00,29.5,82,1005.8,14.8,0.0
2021-06-03T20:00,29.4,83,1006.9,13.2,0.0
2021-06-03T21:00,29.2,85,1007.5,11.8,0.0
2021-06-03T22:00,29.0,86,1007.6,11.0,0.0
2021-06-03T23:00,28.7,87,1007.5,10.9,0.0
2021-06-04T00:00,28.5,88,1007.1,11.9,0.0
2021-06-04T01:00,28.3,87,1006.5,13.1,0.0
2021-06-04T02:00,28.2,86,1006.1,10.3,0.0
2021-06-04T03:00,27.8,86,1005.8,12.8,0.1
2021-06-04T04:00,27.5,86,1006.2,9.6,0.0
2021-06-04T05:00,27.5,89,1007.0,6.5,0.0
2021-06-04T06:00,27.9,85,1007.6,8.7,0.0
2021-06-04T07:00,28.2,83,1008.1,9.7,0.5
2021-06-04T08:00,29.8,75,1008.3,9.1,0.0
2021-06-04T09:00,31.0,69,1008.3,11.8,0.0
2021-06-04T10:00,31.3,69,1008.3,16.2,0.1
2021-06-04T11:00,31.5,68,1008.0,17.2,0.0
2021-06-04T12:00,31.8,66,1007.1,16.9,0.0
2021-06-04T13:00,31.3,69,1006.1,17.8,0.0
2021-06-04T14:00,31.6,67,1005.0,18.6,0.0
2021-06-04T15:00,30.8,72,1004.0,18.3,0.0
2021-06-04T16:00,30.3,75,1003.5,17.6,0.0
2021-06-04T17:00,29.9,76,1003.7,17.4,0.0
2021-06-04T18:00,29.2,80,1004.8,16.0,0.0
2021-06-04T19:00,29.0,82,1005.6,16.3,0.0
2021-06-04T20:00,28.8,84,1006.3,14.5,0.0
2021-06-04T21:00,28.7,85,1007.3,12.6,0.0
2021-06-04T22:00,28.6,86,1008.1,13.0,0.0
2021-06-04T23:00,27.6,88,1008.2,12.0,0.9
2021-06-05T00:00,26.6,92,1007.7,6.9,0.9
2021-06-05T01:00,26.1,93,1006.7,5.4,1.1
2021-06-05T02:00,26.2,93,1006.0,9.0,0.0
2021-06-05T03:00,26.2,93,1005.2,8.4,0.0
2021-06-05T04:00,26.3,93,1005.5,7.2,0.0
2021-06-05T05:00,26.5,94,1006.1,2.6,0.0
2021-06-05T06:00,27.5,84,1006.5,1.9,0.0
2021-06-05T07:00,28.7,77,1006.9,2.6,0.0
2021-06-05T08:00,30.0,72,1007.4,5.5,0.0
2021-06-05T09:00,31.0,68,1007.8,8.7,0.0
2021-06-05T10:00,31.2,67,1007.8,10.7,0.1
2021-06-05T11:00,31.6,65,1007.1,12.0,0.1
2021-06-05T12:00,31.8,64,1006.0,14.5,0.0
2021-06-05T13:00,32.0,64,1005.1,14.3,0.0
2021-06-05T14:00,31.1,69,1004.1,14.3,0.0
2021-06-05T15:00,31.4,66,1003.5,16.3,0.0
2021-06-05T16:00,30.1,74,1003.4,17.3,0.0
2021-06-05T17:00,30.0,76,1003.6,19.4,0.0
2021-06-05T18:00,29.4,78,1004.7,15.5,0.0
2021-06-05T19:00,29.2,80,1005.4,12.5,0.0
2021-06-05T20:00,29.0,82,1006.1,13.4,0.0
2021-06-05T21:00,28.8,84,1007.0,13.8,0.0
2021-06-05T22:00,27.7,89,1007.7,16.9,1.6
2021-06-05T23:00,26.9,92,1007.3,12.5,0.1
2021-06-06T00:00,26.5,92,1006.9,12.0,0.1
2021-06-06T01:00,26.3,93,1005.9,9.7,0.0
2021-06-06T02:00,26.0,94,1005.5,7.9,0.0
2021-06-06T03:00,25.9,94,1005.2,3.8,0.0
2021-06-06T04:00,25.9,95,1005.3,3.6,0.0
2021-06-06T05:00,25.9,92,1005.7,3.7,0.0
2021-06-06T06:00,27.1,83,1006.5,3.6,0.0
2021-06-06T07:00,28.3,75,1007.1,4.8,0.0
2021-06-06T08:00,29.9,68,1007.7,5.2,0.0
2021-06-06T09:00,31.4,62,1008.1,5.1,0.0
2021-06-06T10:00,32.6,58,1007.3,2.2,0.0
2021-06-06T11:00,32.8,55,1006.5,3.7,0.0
2021-06-06T12:00,32.7,58,1005.8,8.7,0.1
2021-06-06T13:00,32.1,63,1004.6,12.5,0.2
2021-06-06T14:00,31.1,68,1004.0,12.3,0.0
2021-06-06T15:00,31.2,66,1003.4,12.5,0.0
2021-06-06T16:00,30.8,68,1003.1,14.6,0.0
2021-06-06T17:00,30.0,72,1003.3,14.4,0.0
2021-06-06T18:00,29.6,77,1004.0,14.1,0.0
2021-06-06T19:00,29.2,79,1004.7,14.3,0.0
2021-06-06T20:00,29.2,78,1005.4,16.2,0.0
2021-06-06T21:00,29.1,78,1006.3,16.5,0.0
2021-06-06T22:00,28.8,81,1006.5,14.4,0.0
2021-06-06T23:00,28.7,83,1006.7,14.4,0.0
2021-06-07T00:00,28.7,85,1006.1,15.1,0.0
2021-06-07T01:00,28.6,83,1005.5,13.3,0.0
2021-06-07T02:00,28.5,79,1005.3,11.6,0.0
2021-06-07T03:00,28.2,76,1005.1,11.7,0.0
2021-06-07T04:00,28.0,75,1005.2,12.0,0.0
2021-06-07T05:00,28.0,75,1005.5,11.3,0.0
2021-06-07T06:00,28.6,72,1006.1,13.6,0.0
2021-06-07T07:00,29.9,67,1006.5,14.2,0.0
2021-06-07T08:00,31.9,58,1006.8,13.0,0.0
2021-06-07T09:00,33.7,50,1006.9,10.3,0.0
2021-06-07T10:00,35.1,46,1006.3,7.1,0.0
2021-06-07T11:00,35.8,43,1005.7,6.8,0.0
2021-06-07T12:00,34.7,56,1004.8,12.1,0.2
2021-06-07T13:00,33.0,69,1004.2,16.5,2.7
2021-06-07T14:00,32.3,65,1003.6,12.9,1.7
2021-06-07T15:00,32.7,62,1003.2,13.7,0.1
2021-06-07T16:00,32.5,65,1002.6,16.4,0.0
2021-06-07T17:00,31.0,72,1002.9,14.5,0.0
2021-06-07T18:00,30.2,72,1003.3,13.0,0.0
2021-06-07T19:00,29.7,80,1004.2,11.4,0.0
2021-06-07T20:00,29.6,83,1005.3,11.6,0.0
2021-06-07T21:00,29.6,83,1006.0,13.0,0.0
2021-06-07T22:00,29.4,83,1006.2,15.8,0.0
2021-06-07T23:00,29.1,89,1006.0,17.4,0.0
2021-06-08T00:00,29.1,85,1005.4,17.3,0.0
2021-06-08T01:00,29.0,87,1004.9,14.2,0.0
2021-06-08T02:00,28.7,86,1004.7,10.5,0.1
2021-06-08T03:00,28.6,84,1004.1,13.7,0.0
2021-06-08T04:00,28.5,82,1004.1,13.7,0.0
2021-06-08T05:00,28.1,85,1004.3,13.7,0.0
2021-06-08T06:00,28.5,82,1005.1,12.2,0.0
2021-06-08T07:00,29.6,76,1005.7,12.5,0.1
2021-06-08T08:00,31.1,69,1005.8,10.1,0.0
2021-06-08T09:00,32.6,62,1006.1,6.1,0.1
2021-06-08T10:00,34.3,53,1005.8,2.9,0.0
2021-06-08T11:00,34.4,50,1005.3,3.3,0.0
2021-06-08T12:00,34.3,54,1004.3,9.7,0.1
2021-06-08T13:00,33.5,62,1003.3,13.6,0.1
2021-06-08T14:00,32.9,59,1002.4,14.3,0.4
2021-06-08T15:00,33.1,57,1001.8,14.5,0.0
2021-06-08T16:00,32.0,66,1001.8,18.7,0.1
2021-06-08T17:00,31.1,70,1002.1,17.4,0.0
2021-06-08T18:00,30.0,74,1002.9,17.2,0.0
2021-06-08T19:00,29.9,78,1004.0,17.0,0.0
2021-06-08T20:00,29.7,76,1004.9,20.2,0.0
2021-06-08T21:00,29.2,85,1005.3,20.9,0.0
2021-06-08T22:00,29.2,81,1005.5,18.6,0.0
2021-06-08T23:00,28.9,82,1005.3,17.3,0.0
2021-06-09T00:00,28.7,79,1004.7,16.1,0.0
2021-06-09T01:00,28.5,75,1004.0,14.5,0.0
2021-06-09T02:00,28.2,75,1003.5,13.7,0.0
2021-06-09T03:00,28.0,78,1003.4,13.3,0.0
2021-06-09T04:00,27.8,79,1003.5,12.6,0.0
2021-06-09T05:00,27.8,81,1003.2,10.2,0.0
2021-06-09T06:00,28.3,78,1003.6,10.1,0.0
2021-06-09T07:00,30.0,68,1003.9,11.4,0.0
2021-06-09T08:00,32.3,53,1004.3,12.4,0.0
2021-06-09T09:00,34.1,43,1004.8,13.5,0.0
2021-06-09T10:00,35.7,38,1004.5,13.6,0.0
2021-06-09T11:00,37.1,33,1003.7,15.5,0.0
2021-06-09T12:00,37.6,32,1002.8,13.0,0.0
2021-06-09T13:00,37.3,32,1001.9,4.9,0.0
2021-06-09T14:00,34.9,54,1000.8,15.4,0.0
2021-06-09T15:00,34.2,50,999.8,18.5,0.0
2021-06-09T16:00,33.0,55,999.6,20.3,0.2
2021-06-09T17:00,30.9,63,1000.9,17.6,0.0
2021-06-09T18:00,31.3,66,1001.6,10.8,0.0
2021-06-09T19:00,32.1,55,1002.6,8.9,0.0
2021-06-09T20:00,31.3,60,1003.5,14.5,0.0
2021-06-09T21:00,29.9,72,1004.3,15.2,0.0
2021-06-09T22:00,30.1,67,1004.8,10.5,0.0
2021-06-09T23:00,29.9,67,1004.6,9.9,0.0
2021-06-10T00:00,29.8,63,1003.6,9.4,0.0
2021-06-10T01:00,29.5,62,1003.0,10.2,0.0
2021-06-10T02:00,29.9,58,1002.2,14.4,0.0
2021-06-10T03:00,30.2,54,1002.0,15.0,0.0
2021-06-10T04:00,29.7,56,1001.9,13.3,0.0
2021-06-10T05:00,28.7,61,1001.8,10.5,0.0
2021-06-10T06:00,29.3,59,1002.0,14.1,0.0
2021-06-10T07:00,30.9,51,1002.8,16.2,0.0
2021-06-10T08:00,32.3,47,1003.5,17.1,0.0
2021-06-10T09:00,33.7,43,1003.4,17.3,0.0
2021-06-10T10:00,35.0,40,1003.2,15.2,0.0
2021-06-10T11:00,36.5,36,1002.6,14.5,0.0
2021-06-10T12:00,37.0,34,1001.7,12.2,0.0
2021-06-10T13:00,36.7,34,1001.0,4.1,0.0
2021-06-10T14:00,33.3,55,1000.6,15.3,0.2
2021-06-10T15:00,31.3,62,999.9,20.4,0.4
2021-06-10T16:00,31.1,57,999.9,18.7,0.1
2021-06-10T17:00,30.2,68,1000.3,17.6,0.0
2021-06-10T18:00,29.8,65,1000.8,17.4,0.1
2021-06-10T19:00,30.4,64,1001.6,15.9,0.0
2021-06-10T20:00,30.3,71,1002.2,19.8,0.0
2021-06-10T21:00,30.2,65,1003.1,22.7,0.0
2021-06-10T22:00,30.2,65,1003.9,19.3,0.0
2021-06-10T23:00,29.4,71,1004.1,17.1,0.1
2021-06-11T00:00,29.0,75,1003.3,16.5,0.0
2021-06-11T01:00,28.9,73,1002.6,14.5,0.0
2021-06-11T02:00,28.9,67,1001.7,14.8,0.0
2021-06-11T03:00,28.7,67,1001.5,13.8,0.0
2021-06-11T04:00,28.8,65,1001.5,14.0,0.0
2021-06-11T05:00,29.4,55,1001.4,15.5,0.0
2021-06-11T06:00,30.0,51,1002.0,15.8,0.0
2021-06-11T07:00,30.7,50,1002.9,13.5,0.0
2021-06-11T08:00,32.0,46,1003.5,17.0,0.0
2021-06-11T09:00,33.1,42,1003.8,17.7,0.0
2021-06-11T10:00,34.2,38,1003.7,17.3,0.0
2021-06-11T11:00,35.5,34,1003.4,15.9,0.0
2021-06-11T12:00,36.6,31,1002.3,16.9,0.0
2021-06-11T13:00,37.2,30,1001.3,15.8,0.0
2021-06-11T14:00,36.8,29,1000.5,8.2,0.0
2021-06-11T15:00,33.3,55,1000.1,17.9,0.0
2021-06-11T16:00,30.9,59,1000.0,23.0,0.0
2021-06-11T17:00,30.4,65,1001.1,12.7,0.0
2021-06-11T18:00,30.3,65,1001.0,14.0,0.0
2021-06-11T19:00,30.2,73,1001.8,10.3,0.0
2021-06-11T20:00,29.9,76,1003.1,7.7,0.0
2021-06-11T21:00,29.7,81,1003.3,9.4,0.0
2021-06-11T22:00,29.6,82,1003.2,9.1,0.0
2021-06-11T23:00,29.6,72,1003.3,13.2,0.0
2021-06-12T00:00,29.7,64,1002.8,14.5,0.0
2021-06-12T01:00,29.6,61,1002.3,12.8,0.0
2021-06-12T02:00,30.2,51,1001.8,12.9,0.0
2021-06-12T03:00,30.2,50,1001.3,17.0,0.0
2021-06-12T04:00,29.7,52,1001.5,18.1,0.0
2021-06-12T05:00,29.8,52,1002.2,13.6,0.0
2021-06-12T06:00,29.8,53,1002.8,13.0,0.0
2021-06-12T07:00,30.8,51,1003.3,15.0,0.0
2021-06-12T08:00,32.4,47,1003.5,20.5,0.0
2021-06-12T09:00,33.8,43,1003.6,20.3,0.0
2021-06-12T10:00,35.4,39,1003.0,19.6,0.0
2021-06-12T11:00,36.9,35,1002.3,18.8,0.0
2021-06-12T12:00,37.8,34,1001.6,17.7,0.0
2021-06-12T13:00,38.4,33,1000.5,17.8,0.0
2021-06-12T14:00,37.2,36,999.9,17.1,0.1
2021-06-12T15:00,35.2,44,999.9,11.5,0.4
2021-06-12T16:00,32.2,58,1000.3,13.8,0.4
2021-06-12T17:00,32.2,58,1000.4,16.6,0.0
2021-06-12T18:00,30.4,66,1000.5,14.8,0.0
2021-06-12T19:00,29.2,72,1001.8,16.9,0.0
2021-06-12T20:00,29.3,69,1002.8,16.9,0.0
2021-06-12T21:00,29.5,66,1003.3,16.6,0.0
2021-06-12T22:00,29.4,66,1003.3,13.3,0.0
2021-06-12T23:00,30.6,55,1003.0,16.4,0.0
2021-06-13T00:00,30.7,54,1002.4,19.6,0.0
2021-06-13T01:00,30.4,55,1001.9,19.1,0.0
2021-06-13T02:00,30.1,56,1001.4,19.8,0.0
2021-06-13T03:00,30.1,56,1001.3,20.9,0.0
2021-06-13T04:00,30.0,57,1001.3,22.4,0.0
2021-06-13T05:00,28.5,65,1002.3,19.4,0.0
2021-06-13T06:00,28.6,66,1002.6,20.0,0.0
2021-06-13T07:00,29.0,65,1003.1,17.9,0.0
2021-06-13T08:00,30.1,61,1003.4,18.5,0.0
2021-06-13T09:00,32.3,52,1003.4,20.3,0.0
2021-06-13T10:00,34.4,43,1003.0,22.7,0.0
2021-06-13T11:00,35.9,39,1002.3,21.3,0.0
2021-06-13T12:00,36.9,36,1001.3,21.3,0.0
2021-06-13T13:00,37.1,36,1000.4,20.5,0.0
2021-06-13T14:00,36.9,35,999.4,22.7,0.0
2021-06-13T15:00,36.9,34,998.6,24.6,0.1
2021-06-13T16:00,36.0,37,999.0,30.5,0.0
2021-06-13T17:00,34.9,39,999.5,20.6,0.0
2021-06-13T18:00,34.0,42,999.9,19.9,0.0
2021-06-13T19:00,33.1,45,1000.4,23.4,0.0
2021-06-13T20:00,32.7,46,1001.1,24.3,0.0
2021-06-13T21:00,32.2,47,1001.8,24.3,0.0
2021-06-13T22:00,31.8,47,1002.7,24.8,0.0
2021-06-13T23:00,31.3,49,1002.8,21.4,0.0
2021-06-14T00:00,30.9,51,1002.2,21.7,0.0
2021-06-14T01:00,30.3,54,1001.6,22.9,0.0
2021-06-14T02:00,30.1,55,1001.0,21.1,0.0
2021-06-14T03:00,30.0,55,1001.0,20.1,0.0
2021-06-14T04:00,29.8,55,1001.3,19.3,0.0
2021-06-14T05:00,29.7,56,1001.8,17.6,0.0
2021-06-14T06:00,29.8,56,1002.3,19.4,0.0
2021-06-14T07:00,30.0,56,1003.0,17.9,0.0
2021-06-14T08:00,30.7,54,1003.4,19.6,0.0
2021-06-14T09:00,31.2,51,1003.7,20.3,0.0
2021-06-14T10:00,32.1,48,1003.5,26.6,0.0
2021-06-14T11:00,32.5,47,1002.6,28.0,0.0
2021-06-14T12:00,33.3,46,1001.9,29.7,0.0
2021-06-14T13:00,34.1,44,1001.0,26.1,0.0
2021-06-14T14:00,35.8,39,999.9,21.7,0.0
2021-06-14T15:00,35.4,40,999.6,24.2,0.0
2021-06-14T16:00,35.8,37,999.3,22.3,0.0
2021-06-14T17:00,34.3,42,999.8,21.3,0.0
2021-06-14T18:00,33.1,46,1000.5,26.6,0.0
2021-06-14T19:00,32.3,49,1001.3,26.4,0.0
2021-06-14T20:00,31.7,51,1002.0,23.4,0.0
2021-06-14T21:00,31.2,52,1002.6,22.1,0.0
2021-06-14T22:00,30.8,55,1002.9,19.8,0.0
2021-06-14T23:00,30.6,55,1002.9,21.8,0.0
2021-06-15T00:00,29.9,58,1002.2,21.4,0.0
2021-06-15T01:00,29.2,61,1001.8,22.9,0.0
2021-06-15T02:00,28.5,65,1001.2,21.4,0.0
2021-06-15T03:00,28.4,64,1001.0,20.2,0.0
2021-06-15T04:00,28.5,62,1000.9,21.1,0.0
2021-06-15T05:00,27.8,69,1001.3,17.8,0.0
2021-06-15T06:00,28.1,66,1001.9,18.4,0.0
2021-06-15T07:00,28.3,65,1002.6,18.1,0.0
2021-06-15T08:00,28.7,65,1002.9,16.6,0.0
2021-06-15T09:00,29.6,61,1003.2,16.1,0.0
2021-06-15T10:00,31.2,55,1003.0,17.3,0.0
2021-06-15T11:00,33.1,49,1002.6,19.0,0.0
2021-06-15T12:00,35.2,42,1001.5,18.9,0.0
2021-06-15T13:00,36.5,39,1000.1,17.1,0.0
2021-06-15T14:00,35.8,41,999.3,16.1,0.0
2021-06-15T15:00,33.7,55,998.9,14.1,0.0
2021-06-15T16:00,32.9,63,999.1,12.2,0.0
2021-06-15T17:00,31.3,68,999.6,19.1,0.0
2021-06-15T18:00,30.5,68,1000.2,19.3,0.0
2021-06-15T19:00,30.2,69,1001.3,19.4,0.0
2021-06-15T20:00,29.9,75,1001.8,19.6,0.1
2021-06-15T21:00,29.6,81,1002.4,15.5,0.0
2021-06-15T22:00,29.4,80,1002.6,15.7,0.0
2021-06-15T23:00,29.9,69,1002.5,13.5,0.0
2021-06-16T00:00,31.1,50,1002.5,19.7,0.0
2021-06-16T01:00,30.4,53,1002.1,20.4,0.0
2021-06-16T02:00,29.6,56,1001.9,19.9,0.0
2021-06-16T03:00,29.1,58,1001.8,19.5,0.0
2021-06-16T04:00,28.7,59,1002.1,19.5,0.0
2021-06-16T05:00,28.6,59,1002.4,16.6,0.0
2021-06-16T06:00,29.0,58,1003.0,17.7,0.0
2021-06-16T07:00,30.1,55,1004.0,17.6,0.0
2021-06-16T08:00,31.5,51,1004.4,19.3,0.0
2021-06-16T09:00,33.5,45,1004.6,20.8,0.0
2021-06-16T10:00,35.0,40,1004.2,21.4,0.0
2021-06-16T11:00,36.5,37,1003.4,23.8,0.0
2021-06-16T12:00,37.5,35,1002.3,24.8,0.0
2021-06-16T13:00,38.4,32,1001.1,22.2,0.0
2021-06-16T14:00,38.6,30,1000.1,20.8,0.0
2021-06-16T15:00,36.9,35,1000.0,23.6,0.0
2021-06-16T16:00,36.5,36,1000.5,14.7,0.0
2021-06-16T17:00,34.3,50,1000.4,16.0,0.1
2021-06-16T18:00,32.8,56,1001.2,16.5,0.0
2021-06-16T19:00,32.0,59,1002.3,12.6,0.0
2021-06-16T20:00,32.0,57,1003.5,10.9,0.0
2021-06-16T21:00,32.8,47,1004.2,27.1,0.0
2021-06-16T22:00,32.0,50,1004.6,21.2,0.0
2021-06-16T23:00,31.6,50,1004.3,19.9,0.0
2021-06-17T00:00,31.2,52,1003.8,18.6,0.0
2021-06-17T01:00,30.6,53,1003.3,17.3,0.0
2021-06-17T02:00,30.1,55,1003.4,19.2,0.0
2021-06-17T03:00,29.8,56,1003.2,19.0,0.0
2021-06-17T04:00,29.6,57,1003.5,17.7,0.0
2021-06-17T05:00,29.2,61,1003.2,14.0,0.0
2021-06-17T06:00,29.4,60,1003.9,15.1,0.0
2021-06-17T07:00,30.7,56,1004.7,16.1,0.0
2021-06-17T08:00,32.0,51,1004.8,18.5,0.0
2021-06-17T09:00,33.4,46,1005.0,19.3,0.0
2021-06-17T10:00,35.1,41,1004.7,20.3,0.0
2021-06-17T11:00,36.7,37,1004.1,21.9,0.0
2021-06-17T12:00,37.4,35,1003.0,19.3,0.0
2021-06-17T13:00,37.6,33,1002.2,15.9,0.0
2021-06-17T14:00,36.5,37,1001.4,13.7,0.1
2021-06-17T15:00,35.0,49,1001.2,15.1,0.1
2021-06-17T16:00,33.0,61,1001.2,20.2,0.0
2021-06-17T17:00,31.3,66,1001.5,24.8,0.0
2021-06-17T18:00,29.8,75,1002.5,24.6,0.2
2021-06-17T19:00,29.2,78,1003.0,20.1,0.2
2021-06-17T20:00,29.6,75,1004.2,15.4,0.0
2021-06-17T21:00,29.5,77,1004.6,10.4,0.0
2021-06-17T22:00,29.2,79,1004.9,12.1,0.0
2021-06-17T23:00,31.0,54,1004.9,15.4,0.0
2021-06-18T00:00,31.4,47,1004.5,17.4,0.0
2021-06-18T01:00,30.6,51,1004.0,18.1,0.0
2021-06-18T02:00,29.9,54,1003.6,16.1,0.0
2021-06-18T03:00,29.4,55,1003.7,15.5,0.0
2021-06-18T04:00,29.2,56,1004.0,17.2,0.0
2021-06-18T05:00,29.1,57,1004.3,16.4,0.0
2021-06-18T06:00,29.5,56,1005.0,17.4,0.0
2021-06-18T07:00,30.6,54,1005.7,16.5,0.0
2021-06-18T08:00,32.1,50,1006.1,20.4,0.0
2021-06-18T09:00,33.6,46,1006.3,21.7,0.0
2021-06-18T10:00,35.0,42,1006.2,19.8,0.0
2021-06-18T11:00,36.0,39,1005.5,20.2,0.0
2021-06-18T12:00,36.7,37,1004.5,20.6,0.0
2021-06-18T13:00,37.0,36,1003.7,17.0,0.0
2021-06-18T14:00,35.5,44,1002.7,16.6,0.0
2021-06-18T15:00,34.5,54,1002.2,18.7,0.0
2021-06-18T16:00,32.9,60,1002.4,18.3,0.0
2021-06-18T17:00,32.2,62,1003.0,20.0,0.0
2021-06-18T18:00,30.0,72,1003.9,21.8,0.0
2021-06-18T19:00,29.3,75,1004.7,21.2,0.0
2021-06-18T20:00,29.6,75,1005.8,19.9,0.0
2021-06-18T21:00,29.6,75,1006.7,17.5,0.0
2021-06-18T22:00,29.2,78,1007.3,13.4,0.0
2021-06-18T23:00,28.9,80,1007.1,11.4,0.0
2021-06-19T00:00,29.7,64,1006.2,13.4,0.0
2021-06-19T01:00,30.5,49,1005.7,16.7,0.0
2021-06-19T02:00,30.0,51,1005.6,18.1,0.0
2021-06-19T03:00,29.5,53,1005.7,17.9,0.0
2021-06-19T04:00,29.0,55,1006.1,17.7,0.0
2021-06-19T05:00,29.0,56,1006.2,15.5,0.0
2021-06-19T06:00,29.4,56,1006.8,17.1,0.0
2021-06-19T07:00,30.6,52,1007.6,17.9,0.0
2021-06-19T08:00,32.0,48,1008.1,20.9,0.0
2021-06-19T09:00,33.2,44,1008.1,20.0,0.0
2021-06-19T10:00,34.8,39,1007.5,19.8,0.0
2021-06-19T11:00,36.3,36,1006.9,18.2,0.0
2021-06-19T12:00,37.5,33,1005.9,16.5,0.0
2021-06-19T13:00,37.3,33,1005.2,12.2,0.0
2021-06-19T14:00,36.1,37,1004.4,13.6,0.0
2021-06-19T15:00,33.2,57,1003.8,21.8,0.0
2021-06-19T16:00,31.9,57,1003.8,24.3,0.0
2021-06-19T17:00,31.0,57,1004.2,23.9,0.0
2021-06-19T18:00,30.8,61,1004.9,20.2,0.0
2021-06-19T19:00,29.9,72,1005.9,18.8,0.0
2021-06-19T20:00,30.0,69,1007.1,14.7,0.0
2021-06-19T21:00,29.7,67,1007.7,16.3,0.0
2021-06-19T22:00,29.6,66,1007.8,18.5,0.0
2021-06-19T23:00,29.4,68,1007.7,13.8,0.0
2021-06-20T00:00,29.1,70,1007.3,9.7,0.0
2021-06-20T01:00,28.8,71,1006.9,8.7,0.0
2021-06-20T02:00,28.7,69,1006.6,9.0,0.0
2021-06-20T03:00,28.8,58,1006.6,9.4,0.0
2021-06-20T04:00,28.3,59,1006.8,8.6,0.0
2021-06-20T05:00,28.6,56,1006.9,11.5,0.0
2021-06-20T06:00,28.9,56,1007.4,12.6,0.0
2021-06-20T07:00,30.4,53,1007.9,12.6,0.0
2021-06-20T08:00,32.1,49,1008.4,15.6,0.0
2021-06-20T09:00,33.8,44,1008.3,16.5,0.0
2021-06-20T10:00,35.3,39,1008.1,15.6,0.0
2021-06-20T11:00,36.8,36,1007.1,14.8,0.0
2021-06-20T12:00,37.6,32,1005.8,10.6,0.0
2021-06-20T13:00,36.7,35,1005.2,7.6,0.0
2021-06-20T14:00,34.1,60,1004.4,16.6,0.0
2021-06-20T15:00,32.7,58,1003.8,21.9,0.6
2021-06-20T16:00,31.6,59,1003.7,21.1,0.0
2021-06-20T17:00,31.3,65,1004.0,15.5,0.0
2021-06-20T18:00,30.3,64,1004.5,17.6,0.0
2021-06-20T19:00,30.2,61,1004.7,19.1,0.0
2021-06-20T20:00,30.2,65,1005.4,15.8,0.0
2021-06-20T21:00,29.8,71,1006.3,14.1,0.0
2021-06-20T22:00,29.5,73,1006.9,14.7,0.0
2021-06-20T23:00,29.4,71,1006.7,14.7,0.0
2021-06-21T00:00,29.1,72,1006.3,15.1,0.0
2021-06-21T01:00,28.9,74,1005.8,13.5,0.0
2021-06-21T02:00,28.6,76,1005.3,10.7,0.0
2021-06-21T03:00,28.2,78,1005.2,8.8,0.0
2021-06-21T04:00,28.0,74,1005.4,8.9,0.0
2021-06-21T05:00,28.5,63,1005.8,11.3,0.0
2021-06-21T06:00,29.5,55,1006.5,13.3,0.0
2021-06-21T07:00,31.0,51,1007.0,14.8,0.0
2021-06-21T08:00,32.3,47,1007.4,16.3,0.0
2021-06-21T09:00,33.9,43,1007.5,14.3,0.0
2021-06-21T10:00,35.4,38,1007.0,12.4,0.0
2021-06-21T11:00,36.6,34,1006.1,9.3,0.0
2021-06-21T12:00,36.6,33,1005.1,3.4,0.0
2021-06-21T13:00,34.4,48,1004.3,17.0,0.1
2021-06-21T14:00,32.2,56,1003.7,21.3,0.1
2021-06-21T15:00,32.3,57,1003.1,16.6,0.1
2021-06-21T16:00,32.5,56,1002.8,17.8,0.0
2021-06-21T17:00,30.9,66,1003.0,18.4,0.0
2021-06-21T18:00,29.9,73,1003.5,15.8,0.0
2021-06-21T19:00,29.8,73,1004.0,16.5,0.0
2021-06-21T20:00,29.4,77,1004.8,15.7,0.0
2021-06-21T21:00,29.6,79,1005.4,19.1,0.0
2021-06-21T22:00,29.5,75,1005.8,17.0,0.0
2021-06-21T23:00,29.6,68,1005.6,15.6,0.0
2021-06-22T00:00,29.4,68,1005.2,13.1,0.0
2021-06-22T01:00,28.8,70,1005.0,12.7,0.2
2021-06-22T02:00,27.8,83,1004.6,13.4,1.0
2021-06-22T03:00,27.4,85,1004.3,12.1,0.0
2021-06-22T04:00,27.1,80,1004.5,9.8,0.0
2021-06-22T05:00,26.7,81,1004.7,13.2,0.0
2021-06-22T06:00,27.4,75,1005.4,13.3,0.0
2021-06-22T07:00,29.0,66,1006.0,14.8,0.0
2021-06-22T08:00,30.9,58,1006.5,14.0,0.0
2021-06-22T09:00,32.8,50,1006.6,11.1,0.0
2021-06-22T10:00,34.3,45,1006.0,7.8,0.0
2021-06-22T11:00,35.0,43,1005.4,2.6,0.0
2021-06-22T12:00,34.9,47,1004.6,10.7,0.0
2021-06-22T13:00,32.8,63,1003.7,17.8,1.3
2021-06-22T14:00,32.2,59,1003.3,17.8,0.0
2021-06-22T15:00,32.2,57,1002.5,17.4,0.0
2021-06-22T16:00,31.9,64,1002.3,17.4,0.0
2021-06-22T17:00,29.7,70,1002.4,19.8,0.0
2021-06-22T18:00,29.1,74,1003.3,19.8,0.0
2021-06-22T19:00,29.1,74,1004.0,20.2,0.0
2021-06-22T20:00,29.1,70,1004.8,18.7,0.0
2021-06-22T21:00,29.2,68,1005.7,17.9,0.0
2021-06-22T22:00,29.0,66,1006.0,13.6,0.0
2021-06-22T23:00,28.1,70,1006.6,13.1,0.3
2021-06-23T00:00,27.6,78,1005.6,16.7,0.1
2021-06-23T01:00,27.4,75,1005.0,22.9,0.0
2021-06-23T02:00,27.2,79,1004.3,23.9,0.0
2021-06-23T03:00,27.5,80,1004.2,21.7,0.0
2021-06-23T04:00,27.3,81,1004.6,18.7,0.0
2021-06-23T05:00,28.2,72,1004.6,11.5,0.0
2021-06-23T06:00,28.5,70,1004.8,11.2,0.0
2021-06-23T07:00,29.8,65,1005.0,10.7,0.0
2021-06-23T08:00,31.8,55,1005.3,10.2,0.0
2021-06-23T09:00,33.7,48,1005.7,10.7,0.0
2021-06-23T10:00,35.1,44,1005.3,8.6,0.0
2021-06-23T11:00,35.7,43,1004.8,0.4,0.0
2021-06-23T12:00,34.2,54,1004.4,15.0,1.7
2021-06-23T13:00,32.4,55,1004.0,15.2,0.0
2021-06-23T14:00,33.5,56,1003.3,16.0,0.0
2021-06-23T15:00,32.4,63,1002.9,6.2,2.2
2021-06-23T16:00,32.0,65,1002.4,10.5,0.0
2021-06-23T17:00,31.9,69,1002.8,8.9,0.0
2021-06-23T18:00,30.8,74,1003.3,14.3,0.0
2021-06-23T19:00,30.2,74,1004.2,19.1,0.0
2021-06-23T20:00,29.6,75,1005.2,18.6,0.0
2021-06-23T21:00,29.0,78,1006.2,17.7,0.0
2021-06-23T22:00,28.4,82,1006.3,18.9,0.0
2021-06-23T23:00,28.3,85,1005.9,16.3,0.0
2021-06-24T00:00,28.5,80,1005.0,15.6,0.0
2021-06-24T01:00,28.3,72,1004.5,15.8,0.0
2021-06-24T02:00,27.9,72,1004.3,16.3,0.0
2021-06-24T03:00,27.7,74,1004.2,15.9,0.0
2021-06-24T04:00,27.6,75,1004.1,14.3,0.0
2021-06-24T05:00,26.5,77,1005.3,12.8,0.0
2021-06-24T06:00,27.0,74,1006.0,14.8,0.0
2021-06-24T07:00,27.6,72,1006.5,14.8,0.0
2021-06-24T08:00,28.4,70,1006.9,15.5,0.0
2021-06-24T09:00,28.7,70,1006.9,16.3,0.1
2021-06-24T10:00,29.1,69,1006.9,14.8,0.3
2021-06-24T11:00,29.1,71,1006.5,11.5,0.5
2021-06-24T12:00,29.2,70,1005.8,7.1,0.2
2021-06-24T13:00,29.8,66,1004.7,3.8,0.0
2021-06-24T14:00,31.6,58,1003.5,3.7,0.0
2021-06-24T15:00,31.7,61,1002.6,9.3,0.0
2021-06-24T16:00,30.9,63,1002.3,12.7,0.0
2021-06-24T17:00,30.8,60,1002.9,4.4,0.0
2021-06-24T18:00,29.9,67,1003.6,10.9,0.0
2021-06-24T19:00,28.9,78,1004.4,15.5,0.0
2021-06-24T20:00,28.7,77,1005.3,15.2,0.0
2021-06-24T21:00,28.6,80,1006.1,12.6,0.0
2021-06-24T22:00,28.6,80,1006.8,12.6,0.0
2021-06-24T23:00,28.3,81,1006.6,15.6,0.0
2021-06-25T00:00,28.1,81,1006.1,14.8,0.0
2021-06-25T01:00,28.0,83,1005.3,12.9,0.0
2021-06-25T02:00,27.7,85,1004.4,8.3,0.0
2021-06-25T03:00,27.5,85,1004.1,7.6,0.0
2021-06-25T04:00,27.4,84,1003.9,7.4,0.0
2021-06-25T05:00,27.6,79,1003.9,7.2,0.0
2021-06-25T06:00,28.0,76,1004.7,7.5,0.0
2021-06-25T07:00,29.2,70,1005.4,6.0,0.0
2021-06-25T08:00,30.6,62,1005.6,5.7,0.0
2021-06-25T09:00,31.9,55,1005.6,6.5,0.0
2021-06-25T10:00,32.6,50,1005.3,7.7,0.0
2021-06-25T11:00,33.5,46,1004.7,6.9,0.0
2021-06-25T12:00,33.6,44,1004.0,1.8,0.0
2021-06-25T13:00,32.5,57,1003.2,10.0,0.0
2021-06-25T14:00,30.8,66,1002.2,14.4,0.0
2021-06-25T15:00,30.4,64,1001.6,12.2,0.0
2021-06-25T16:00,30.4,70,1001.6,14.1,0.0
2021-06-25T17:00,30.6,64,1001.1,13.9,0.0
2021-06-25T18:00,29.8,73,1001.4,12.4,0.0
2021-06-25T19:00,29.1,75,1001.8,12.7,0.0
2021-06-25T20:00,28.8,76,1002.7,11.1,0.0
2021-06-25T21:00,28.6,81,1003.4,16.9,0.0
2021-06-25T22:00,28.5,82,1004.2,16.4,0.0
2021-06-25T23:00,28.4,80,1004.5,13.3,0.0
2021-06-26T00:00,28.4,79,1004.4,9.5,0.0
2021-06-26T01:00,28.4,78,1003.6,11.3,0.0
2021-06-26T02:00,27.8,78,1003.1,9.2,0.0
2021-06-26T03:00,27.4,78,1002.9,10.6,0.0
2021-06-26T04:00,27.1,80,1002.8,9.6,0.0
2021-06-26T05:00,27.2,80,1002.9,9.2,0.0
2021-06-26T06:00,28.2,72,1003.4,11.2,0.0
2021-06-26T07:00,30.2,58,1003.9,13.0,0.0
2021-06-26T08:00,31.6,50,1004.0,14.7,0.0
2021-06-26T09:00,32.6,47,1004.4,13.8,0.0
2021-06-26T10:00,33.3,45,1004.4,10.0,0.0
2021-06-26T11:00,33.7,44,1004.1,5.7,0.0
2021-06-26T12:00,33.9,45,1003.5,5.2,0.0
2021-06-26T13:00,32.8,57,1002.7,9.0,0.0
2021-06-26T14:00,31.5,65,1001.9,15.0,0.1
2021-06-26T15:00,31.1,61,1001.2,17.4,0.0
2021-06-26T16:00,30.8,64,1000.8,14.6,0.0
2021-06-26T17:00,30.7,68,1001.9,14.6,0.0
2021-06-26T18:00,29.3,75,1002.0,16.5,0.0
2021-06-26T19:00,29.4,73,1002.5,16.0,0.0
2021-06-26T20:00,29.5,69,1003.6,15.8,0.0
2021-06-26T21:00,29.2,74,1004.2,14.0,0.0
2021-06-26T22:00,29.1,71,1005.2,15.6,0.0
2021-06-26T23:00,27.7,77,1005.2,14.9,0.7
2021-06-27T00:00,27.6,75,1004.5,13.8,0.0
2021-06-27T01:00,27.6,74,1004.1,14.6,0.0
2021-06-27T02:00,27.3,75,1003.5,13.6,0.0
2021-06-27T03:00,27.3,76,1003.5,11.8,0.0
2021-06-27T04:00,27.3,76,1003.8,10.6,0.0
2021-06-27T05:00,26.9,81,1004.0,14.5,0.0
2021-06-27T06:00,27.2,80,1004.2,14.7,0.1
2021-06-27T07:00,28.8,72,1005.1,13.2,0.0
2021-06-27T08:00,29.9,65,1005.6,10.5,0.0
2021-06-27T09:00,31.0,57,1006.0,8.0,0.0
2021-06-27T10:00,31.7,54,1006.1,7.4,0.0
2021-06-27T11:00,31.3,57,1006.2,8.1,0.0
2021-06-27T12:00,29.7,71,1005.8,8.7,0.5
2021-06-27T13:00,30.1,69,1005.0,3.1,0.3
2021-06-27T14:00,30.6,66,1003.9,1.5,0.2
2021-06-27T15:00,30.7,65,1003.0,2.1,0.2
2021-06-27T16:00,30.5,69,1002.8,5.5,0.2
2021-06-27T17:00,28.7,77,1003.7,8.7,0.0
2021-06-27T18:00,28.6,79,1004.1,10.6,0.0
2021-06-27T19:00,28.4,81,1004.8,12.1,0.0
2021-06-27T20:00,28.4,82,1005.5,15.0,0.0
2021-06-27T21:00,28.1,81,1006.1,12.4,0.0
2021-06-27T22:00,27.9,83,1006.7,9.8,0.0
2021-06-27T23:00,27.1,87,1006.7,14.0,1.1
2021-06-28T00:00,25.9,94,1006.2,9.8,3.1
2021-06-28T01:00,26.0,95,1005.4,5.5,1.5
2021-06-28T02:00,26.3,94,1004.7,6.6,0.1
2021-06-28T03:00,26.3,91,1004.5,9.7,0.0
2021-06-28T04:00,25.8,89,1004.6,10.5,0.0
2021-06-28T05:00,25.7,93,1005.0,8.7,0.0
2021-06-28T06:00,26.0,90,1005.9,12.1,0.0
2021-06-28T07:00,26.7,84,1006.3,12.1,0.0
2021-06-28T08:00,28.3,75,1006.8,10.8,0.0
2021-06-28T09:00,29.9,67,1006.8,10.6,0.0
2021-06-28T10:00,31.1,60,1006.7,9.5,0.1
2021-06-28T11:00,31.9,58,1006.1,8.5,0.1
2021-06-28T12:00,32.5,57,1005.1,7.3,0.0
2021-06-28T13:00,32.3,59,1004.3,10.0,0.0
2021-06-28T14:00,31.0,72,1003.4,16.4,0.5
2021-06-28T15:00,30.5,69,1002.8,17.5,0.0
2021-06-28T16:00,30.3,68,1002.6,17.6,0.0
2021-06-28T17:00,29.2,73,1003.6,17.8,0.0
2021-06-28T18:00,28.7,77,1003.7,15.6,0.0
2021-06-28T19:00,28.3,80,1004.2,15.1,0.0
2021-06-28T20:00,28.3,79,1004.8,15.3,0.0
2021-06-28T21:00,28.2,82,1005.4,12.9,0.0
2021-06-28T22:00,28.2,83,1005.8,12.5,0.0
2021-06-28T23:00,28.2,85,1006.0,14.3,0.0
2021-06-29T00:00,28.2,86,1005.7,16.3,0.0
2021-06-29T01:00,28.2,87,1005.3,17.0,0.0
2021-06-29T02:00,28.0,88,1005.0,14.5,0.0
2021-06-29T03:00,28.0,87,1005.1,12.0,0.0
2021-06-29T04:00,28.0,85,1005.3,10.3,0.0
2021-06-29T05:00,27.8,85,1004.9,11.6,0.0
2021-06-29T06:00,28.0,84,1005.9,10.9,0.0
2021-06-29T07:00,28.9,76,1006.2,13.5,0.0
2021-06-29T08:00,30.0,69,1006.4,15.1,0.0
2021-06-29T09:00,31.3,63,1006.5,15.5,0.0
2021-06-29T10:00,32.0,62,1006.3,16.3,0.2
2021-06-29T11:00,31.6,70,1005.9,18.9,0.5
2021-06-29T12:00,31.6,69,1004.9,22.8,0.1
2021-06-29T13:00,31.7,68,1003.9,23.2,0.0
2021-06-29T14:00,31.4,70,1003.2,23.1,0.0
2021-06-29T15:00,30.8,71,1002.9,23.1,0.0
2021-06-29T16:00,30.2,74,1002.8,21.7,0.0
2021-06-29T17:00,29.6,76,1003.4,20.5,0.0
2021-06-29T18:00,28.8,82,1003.8,18.5,0.0
2021-06-29T19:00,28.4,85,1004.5,17.5,0.0
2021-06-29T20:00,28.3,88,1005.2,18.4,0.0
2021-06-29T21:00,28.3,86,1005.7,18.6,0.0
2021-06-29T22:00,28.2,87,1006.0,17.7,0.0
2021-06-29T23:00,28.2,88,1006.1,16.2,0.0
2021-06-30T00:00,28.1,88,1005.6,14.9,0.0
2021-06-30T01:00,28.0,86,1005.0,13.9,0.0
2021-06-30T02:00,27.7,87,1004.6,12.8,0.0
2021-06-30T03:00,27.6,86,1004.4,14.0,0.0
2021-06-30T04:00,27.3,84,1004.5,14.0,0.0
2021-06-30T05:00,27.7,84,1004.6,15.4,0.0
2021-06-30T06:00,27.9,82,1005.2,15.8,0.0
2021-06-30T07:00,28.5,79,1005.5,16.0,0.0
2021-06-30T08:00,29.8,73,1005.9,15.6,0.0
2021-06-30T09:00,31.4,68,1006.1,14.6,0.0
2021-06-30T10:00,32.8,63,1005.6,13.4,0.0
2021-06-30T11:00,33.4,61,1005.2,13.4,0.1
2021-06-30T12:00,32.7,70,1004.3,16.2,0.4
2021-06-30T13:00,32.3,71,1003.6,18.9,0.0
2021-06-30T14:00,31.9,70,1002.7,18.8,0.0
2021-06-30T15:00,31.6,71,1002.1,18.9,0.0
2021-06-30T16:00,31.0,73,1001.8,18.3,0.0
2021-06-30T17:00,30.4,76,1002.0,18.5,0.0
2021-06-30T18:00,29.4,82,1002.2,18.5,0.0
2021-06-30T19:00,29.1,85,1002.9,18.9,0.0
2021-06-30T20:00,29.1,85,1003.7,18.2,0.0
2021-06-30T21:00,28.9,87,1004.5,17.3,0.0
2021-06-30T22:00,28.7,86,1005.2,16.6,0.1
2021-06-30T23:00,28.1,91,1005.5,15.2,0.8
2021-07-01T00:00,27.8,91,1004.9,15.8,0.8
2021-07-01T01:00,27.4,90,1004.5,18.0,0.1
2021-07-01T02:00,27.2,90,1003.6,18.4,0.0
2021-07-01T03:00,26.8,89,1003.4,18.1,0.0
2021-07-01T04:00,26.5,87,1003.2,16.8,0.0
2021-07-01T05:00,26.9,85,1003.2,16.1,0.0
2021-07-01T06:00,27.2,84,1003.3,15.0,0.0
2021-07-01T07:00,28.2,80,1003.8,15.6,0.0
2021-07-01T08:00,29.7,75,1004.2,14.5,0.0
2021-07-01T09:00,31.2,69,1004.5,12.4,0.0
2021-07-01T10:00,32.5,64,1004.3,11.2,0.0
2021-07-01T11:00,33.1,63,1003.7,12.6,0.0
2021-07-01T12:00,32.8,69,1003.0,17.4,0.1
2021-07-01T13:00,32.3,72,1002.0,22.2,0.0
2021-07-01T14:00,32.5,69,1001.2,21.5,0.0
2021-07-01T15:00,31.3,73,1000.8,22.0,0.0
2021-07-01T16:00,30.6,75,1001.1,24.3,0.0
2021-07-01T17:00,29.7,79,1001.3,20.4,0.0
2021-07-01T18:00,29.1,83,1002.4,18.1,0.0
2021-07-01T19:00,29.0,86,1003.0,18.1,0.0
2021-07-01T20:00,28.7,88,1004.3,19.9,0.0
2021-07-01T21:00,27.8,90,1005.1,15.8,2.2
2021-07-01T22:00,27.6,89,1005.4,20.4,0.4
2021-07-01T23:00,26.9,92,1004.8,13.0,0.0
2021-07-02T00:00,26.7,90,1004.7,14.8,0.0
2021-07-02T01:00,26.6,89,1003.7,13.8,0.0
2021-07-02T02:00,26.5,89,1003.1,12.6,0.0
2021-07-02T03:00,26.3,90,1003.2,10.4,0.0
2021-07-02T04:00,26.1,91,1003.1,7.4,0.0
2021-07-02T05:00,26.1,90,1003.2,8.6,0.0
2021-07-02T06:00,26.6,87,1003.5,11.4,0.0
2021-07-02T07:00,27.9,81,1004.1,11.1,0.0
2021-07-02T08:00,29.6,73,1004.7,11.2,0.0
2021-07-02T09:00,31.2,66,1005.2,9.4,0.0
2021-07-02T10:00,32.3,61,1005.1,5.5,0.1
2021-07-02T11:00,32.8,58,1004.6,1.8,0.2
2021-07-02T12:00,31.8,69,1004.1,11.0,0.7
2021-07-02T13:00,30.8,77,1003.7,12.2,1.1
2021-07-02T14:00,31.4,71,1003.2,13.2,0.0
2021-07-02T15:00,31.1,72,1002.6,14.0,0.0
2021-07-02T16:00,30.6,73,1002.8,14.1,0.0
2021-07-02T17:00,29.8,77,1002.5,15.9,0.0
2021-07-02T18:00,28.9,84,1003.7,10.8,2.3
2021-07-02T19:00,27.1,90,1005.8,9.7,8.4
2021-07-02T20:00,26.6,92,1006.9,8.3,3.5
2021-07-02T21:00,26.6,93,1007.3,5.8,0.1
2021-07-02T22:00,26.4,94,1007.2,6.6,0.1
2021-07-02T23:00,25.9,96,1007.6,7.7,1.8
2021-07-03T00:00,26.0,93,1006.3,5.0,0.0
2021-07-03T01:00,25.9,95,1005.8,4.0,0.0
2021-07-03T02:00,25.7,94,1005.0,2.6,0.0
2021-07-03T03:00,25.8,93,1004.5,6.4,0.0
2021-07-03T04:00,25.7,94,1004.7,6.1,0.0
2021-07-03T05:00,25.6,96,1005.1,3.6,0.0
2021-07-03T06:00,26.1,92,1005.4,6.0,0.0
2021-07-03T07:00,27.3,85,1005.7,7.5,0.0
2021-07-03T08:00,28.9,77,1006.1,8.3,0.0
2021-07-03T09:00,30.6,69,1006.4,8.2,0.0
2021-07-03T10:00,31.9,63,1006.0,6.4,0.0
2021-07-03T11:00,32.5,60,1005.8,4.8,0.0
2021-07-03T12:00,32.5,60,1005.2,2.9,0.1
2021-07-03T13:00,31.8,67,1004.2,7.6,0.8
2021-07-03T14:00,30.2,77,1003.7,10.3,0.8
2021-07-03T15:00,30.9,72,1003.1,8.7,0.0
2021-07-03T16:00,30.4,74,1002.6,11.5,0.0
2021-07-03T17:00,29.8,74,1002.7,14.0,0.0
2021-07-03T18:00,29.0,81,1003.2,14.7,0.0
2021-07-03T19:00,28.6,83,1004.1,13.2,0.0
2021-07-03T20:00,28.5,84,1004.7,12.2,0.0
2021-07-03T21:00,28.4,86,1005.2,11.5,0.0
2021-07-03T22:00,28.2,87,1005.4,11.4,0.0
2021-07-03T23:00,28.0,88,1005.3,13.0,0.0
2021-07-04T00:00,27.7,88,1004.8,13.2,0.0
2021-07-04T01:00,27.3,88,1004.3,13.2,0.0
2021-07-04T02:00,27.0,89,1004.3,15.1,0.5
2021-07-04T03:00,26.7,92,1004.2,9.5,0.3
2021-07-04T04:00,26.5,93,1004.2,9.0,0.0
2021-07-04T05:00,26.7,92,1004.9,9.7,0.0
2021-07-04T06:00,27.0,91,1005.5,11.3,0.0
2021-07-04T07:00,27.6,87,1006.2,12.3,0.0
2021-07-04T08:00,28.7,80,1006.5,12.7,0.0
2021-07-04T09:00,30.2,70,1006.6,11.2,0.0
2021-07-04T10:00,31.7,63,1006.3,8.6,0.0
2021-07-04T11:00,32.5,60,1005.8,7.6,0.1
2021-07-04T12:00,32.9,59,1005.0,6.8,0.0
2021-07-04T13:00,32.8,60,1004.1,4.0,0.1
2021-07-04T14:00,32.6,62,1003.3,6.1,0.0
2021-07-04T15:00,31.8,71,1002.7,8.1,0.3
2021-07-04T16:00,30.8,76,1002.6,6.3,2.0
2021-07-04T17:00,30.1,80,1002.1,14.1,0.0
2021-07-04T18:00,29.1,81,1002.8,10.6,0.0
2021-07-04T19:00,28.9,83,1004.0,10.4,0.0
2021-07-04T20:00,28.9,85,1004.8,11.7,0.0
2021-07-04T21:00,28.7,87,1005.3,13.1,0.0
2021-07-04T22:00,28.7,87,1005.3,12.3,0.0
2021-07-04T23:00,27.2,89,1005.5,19.1,7.4
2021-07-05T00:00,26.6,93,1005.0,13.7,1.6
2021-07-05T01:00,26.3,93,1004.6,15.5,0.6
2021-07-05T02:00,26.1,90,1004.1,12.6,0.2
2021-07-05T03:00,25.8,93,1003.7,8.5,0.1
2021-07-05T04:00,25.6,94,1003.6,7.9,0.0
2021-07-05T05:00,25.7,88,1004.1,14.0,0.0
2021-07-05T06:00,26.2,85,1004.5,13.7,0.0
2021-07-05T07:00,27.7,77,1004.7,13.8,0.0
2021-07-05T08:00,29.7,69,1004.7,12.3,0.0
2021-07-05T09:00,31.5,62,1004.5,9.4,0.0
2021-07-05T10:00,32.7,58,1004.5,8.4,0.0
2021-07-05T11:00,33.5,56,1003.7,8.6,0.0
2021-07-05T12:00,33.9,56,1003.2,10.2,0.0
2021-07-05T13:00,33.3,61,1002.6,13.1,0.0
2021-07-05T14:00,31.8,70,1002.1,12.6,0.1
2021-07-05T15:00,31.3,70,1002.0,13.1,0.0
2021-07-05T16:00,30.5,74,1001.7,13.7,0.0
2021-07-05T17:00,30.2,76,1001.5,14.3,0.0
2021-07-05T18:00,29.4,80,1002.0,12.9,0.0
2021-07-05T19:00,29.1,82,1002.8,10.2,0.0
2021-07-05T20:00,29.0,82,1003.7,10.6,0.0
2021-07-05T21:00,28.8,83,1004.3,10.9,0.0
2021-07-05T22:00,28.6,84,1004.5,10.0,0.0
2021-07-05T23:00,28.5,85,1004.5,9.9,0.0
2021-07-06T00:00,28.2,87,1004.0,10.5,0.0
2021-07-06T01:00,27.8,89,1003.8,12.7,0.2
2021-07-06T02:00,26.7,91,1003.7,13.2,4.6
2021-07-06T03:00,26.7,91,1003.5,12.1,1.3
2021-07-06T04:00,26.2,93,1003.7,8.1,0.3
2021-07-06T05:00,26.5,92,1003.7,10.2,0.2
2021-07-06T06:00,26.9,86,1003.6,11.2,0.0
2021-07-06T07:00,27.8,79,1003.8,11.7,0.0
2021-07-06T08:00,29.3,72,1004.1,12.2,0.0
2021-07-06T09:00,30.8,67,1004.6,11.2,0.0
2021-07-06T10:00,31.9,62,1004.3,9.7,0.0
2021-07-06T11:00,32.6,60,1003.7,7.4,0.1
2021-07-06T12:00,32.9,59,1002.9,6.5,0.0
2021-07-06T13:00,32.7,64,1002.1,8.9,0.1
2021-07-06T14:00,31.3,75,1001.3,14.6,1.4
2021-07-06T15:00,30.9,72,1000.8,16.3,0.0
2021-07-06T16:00,30.7,71,1000.4,17.2,0.0
2021-07-06T17:00,29.8,74,1001.2,16.7,0.0
2021-07-06T18:00,29.2,80,1001.6,15.8,0.0
2021-07-06T19:00,29.1,82,1002.5,16.1,0.0
2021-07-06T20:00,29.0,83,1002.9,14.8,0.0
2021-07-06T21:00,28.7,85,1003.5,14.1,0.0
2021-07-06T22:00,28.5,87,1004.2,13.5,0.0
2021-07-06T23:00,28.3,88,1004.2,12.0,0.0
2021-07-07T00:00,28.1,88,1003.6,10.3,0.0
2021-07-07T01:00,27.9,88,1002.9,9.5,0.0
2021-07-07T02:00,27.6,88,1002.4,12.8,0.3
2021-07-07T03:00,27.4,89,1002.4,13.7,0.3
2021-07-07T04:00,26.4,90,1003.0,12.1,2.4
2021-07-07T05:00,27.1,86,1002.9,6.0,0.1
2021-07-07T06:00,27.7,83,1003.0,7.9,0.0
2021-07-07T07:00,28.5,78,1003.6,8.4,0.0
2021-07-07T08:00,29.8,71,1003.8,10.5,0.0
2021-07-07T09:00,31.1,66,1004.2,11.3,0.0
2021-07-07T10:00,32.1,63,1004.5,11.3,0.0
2021-07-07T11:00,32.7,62,1004.2,12.3,0.1
2021-07-07T12:00,32.7,66,1003.4,14.9,0.1
2021-07-07T13:00,31.4,72,1002.7,19.2,3.9
2021-07-07T14:00,31.5,70,1001.7,16.6,0.3
2021-07-07T15:00,31.8,71,1000.8,15.7,0.1
2021-07-07T16:00,30.9,75,1000.5,18.6,0.0
2021-07-07T17:00,30.8,76,1000.3,15.5,0.0
2021-07-07T18:00,29.7,79,1001.6,13.7,0.0
2021-07-07T19:00,29.3,81,1002.8,14.4,0.0
2021-07-07T20:00,29.1,83,1003.7,14.8,0.0
2021-07-07T21:00,29.0,83,1004.6,15.3,0.0
2021-07-07T22:00,28.8,84,1005.1,13.6,0.0
2021-07-07T23:00,28.6,83,1005.0,13.4,0.0
2021-07-08T00:00,28.4,84,1004.5,12.3,0.0
2021-07-08T01:00,28.1,85,1004.0,9.5,0.0
2021-07-08T02:00,27.9,87,1003.4,10.9,0.0
2021-07-08T03:00,27.7,87,1003.0,13.6,0.0
2021-07-08T04:00,27.5,84,1003.1,11.5,0.0
2021-07-08T05:00,27.4,82,1003.7,12.1,0.0
2021-07-08T06:00,27.8,79,1004.4,12.1,0.0
2021-07-08T07:00,28.8,76,1004.9,9.4,0.0
2021-07-08T08:00,30.1,69,1004.9,9.3,0.0
2021-07-08T09:00,31.4,63,1005.2,7.3,0.0
2021-07-08T10:00,32.3,60,1004.8,3.5,0.0
2021-07-08T11:00,33.0,58,1004.4,0.8,0.0
2021-07-08T12:00,33.4,58,1003.5,3.6,0.0
2021-07-08T13:00,32.2,68,1002.7,10.2,0.4
2021-07-08T14:00,31.5,70,1001.8,13.0,0.0
2021-07-08T15:00,31.0,69,1001.0,12.3,0.0
2021-07-08T16:00,30.7,71,1000.3,11.2,0.0
2021-07-08T17:00,30.4,72,1000.7,12.4,0.0
2021-07-08T18:00,29.7,76,1000.9,13.2,0.0
2021-07-08T19:00,29.3,79,1001.7,12.2,0.0
2021-07-08T20:00,28.6,86,1003.3,5.9,1.5
2021-07-08T21:00,27.9,91,1004.1,7.0,1.9
2021-07-08T22:00,27.7,92,1004.0,8.7,0.1
2021-07-08T23:00,27.7,92,1003.6,13.0,0.0
2021-07-09T00:00,27.2,90,1003.3,16.4,0.5
2021-07-09T01:00,26.7,93,1002.5,15.5,1.1
2021-07-09T02:00,26.4,94,1002.3,16.4,0.7
2021-07-09T03:00,26.0,92,1002.3,14.5,1.7
2021-07-09T04:00,26.0,93,1002.0,11.0,0.3
2021-07-09T05:00,25.1,93,1003.0,9.5,0.1
2021-07-09T06:00,25.3,93,1003.2,11.9,0.3
2021-07-09T07:00,26.0,89,1003.3,12.9,0.1
2021-07-09T08:00,27.4,81,1003.6,12.6,0.0
2021-07-09T09:00,29.1,74,1003.7,12.2,0.0
2021-07-09T10:00,30.8,67,1003.3,11.5,0.0
2021-07-09T11:00,32.3,62,1003.0,11.9,0.0
2021-07-09T12:00,32.9,61,1002.3,12.2,0.0
2021-07-09T13:00,33.1,61,1001.0,11.3,0.1
2021-07-09T14:00,33.7,59,999.6,8.3,0.0
2021-07-09T15:00,33.8,59,998.3,6.0,0.0
2021-07-09T16:00,33.2,59,998.1,4.7,0.0
2021-07-09T17:00,31.7,66,999.2,9.5,0.0
2021-07-09T18:00,29.8,79,999.7,15.6,0.0
2021-07-09T19:00,29.1,81,1000.4,16.2,0.0
2021-07-09T20:00,28.7,81,1001.0,16.2,0.0
2021-07-09T21:00,28.3,81,1001.6,16.4,0.0
2021-07-09T22:00,28.2,82,1002.3,15.8,0.0
2021-07-09T23:00,28.1,83,1002.3,16.2,0.0
2021-07-10T00:00,27.2,89,1001.8,15.3,2.0
2021-07-10T01:00,26.8,90,1000.9,13.5,1.5
2021-07-10T02:00,26.6,91,1000.5,10.8,0.1
2021-07-10T03:00,26.6,90,999.9,10.6,0.0
2021-07-10T04:00,26.5,90,1000.0,9.1,0.0
2021-07-10T05:00,26.4,90,1000.4,11.5,0.0
2021-07-10T06:00,26.3,89,1000.8,10.5,1.5
2021-07-10T07:00,26.5,88,1001.5,9.7,0.9
2021-07-10T08:00,27.4,84,1001.5,13.8,0.1
2021-07-10T09:00,28.4,78,1002.2,15.7,0.0
2021-07-10T10:00,29.4,73,1002.2,15.1,0.0
2021-07-10T11:00,30.5,67,1001.6,14.9,0.1
2021-07-10T12:00,31.6,61,1000.9,15.7,0.0
2021-07-10T13:00,31.7,61,1000.1,16.3,0.0
2021-07-10T14:00,31.9,61,999.2,14.7,0.0
2021-07-10T15:00,32.1,59,998.3,14.5,0.0
2021-07-10T16:00,31.1,63,998.1,14.3,0.0
2021-07-10T17:00,30.9,65,998.7,12.0,0.0
2021-07-10T18:00,30.3,67,999.5,10.5,0.0
2021-07-10T19:00,29.8,67,1000.5,15.6,0.0
2021-07-10T20:00,29.0,70,1001.3,14.8,0.1
2021-07-10T21:00,29.1,70,1002.1,15.5,0.0
2021-07-10T22:00,29.1,68,1002.3,14.1,0.0
2021-07-10T23:00,28.8,68,1001.9,13.4,0.0
2021-07-11T00:00,28.7,65,1001.1,18.0,0.0
2021-07-11T01:00,28.5,63,1000.2,20.3,0.0
2021-07-11T02:00,28.0,65,999.7,16.8,0.0
2021-07-11T03:00,27.7,67,999.7,14.6,0.0
2021-07-11T04:00,27.6,68,999.6,15.0,0.0
2021-07-11T05:00,27.9,66,999.8,15.8,0.0
2021-07-11T06:00,28.2,65,1000.6,17.5,0.0
2021-07-11T07:00,28.7,64,1001.1,15.5,0.0
2021-07-11T08:00,29.6,62,1001.5,15.0,0.0
2021-07-11T09:00,30.7,58,1001.8,15.7,0.0
2021-07-11T10:00,31.5,56,1001.6,14.1,0.0
2021-07-11T11:00,32.7,51,1001.1,19.5,0.0
2021-07-11T12:00,33.3,49,1000.2,18.1,0.0
2021-07-11T13:00,33.9,47,999.6,20.0,0.0
2021-07-11T14:00,33.3,48,999.2,10.1,0.1
2021-07-11T15:00,30.2,63,999.3,5.2,0.4
2021-07-11T16:00,29.7,67,998.9,6.2,0.0
2021-07-11T17:00,27.9,79,999.4,4.7,0.2
2021-07-11T18:00,27.9,78,999.7,7.6,0.1
2021-07-11T19:00,27.7,82,1000.7,9.8,0.1
2021-07-11T20:00,27.5,84,1001.7,10.5,0.0
2021-07-11T21:00,27.3,83,1002.5,10.8,0.1
2021-07-11T22:00,27.1,81,1002.8,10.6,0.1
2021-07-11T23:00,27.1,76,1002.6,13.3,0.3
2021-07-12T00:00,26.5,81,1002.0,16.1,0.2
2021-07-12T01:00,26.2,85,1001.3,14.6,0.1
2021-07-12T02:00,26.3,85,1000.8,12.5,0.0
2021-07-12T03:00,26.4,84,1000.5,13.5,0.0
2021-07-12T04:00,26.6,80,1000.3,15.1,0.0
2021-07-12T05:00,26.3,82,1000.5,11.4,0.1
2021-07-12T06:00,26.9,75,1000.9,14.4,0.0
2021-07-12T07:00,27.8,70,1001.6,14.5,0.0
2021-07-12T08:00,29.0,65,1002.0,15.5,0.0
2021-07-12T09:00,30.0,61,1002.4,17.5,0.0
2021-07-12T10:00,30.2,62,1002.4,19.7,0.0
2021-07-12T11:00,30.0,63,1001.7,18.8,0.0
2021-07-12T12:00,31.4,58,1001.3,17.1,0.0
2021-07-12T13:00,31.7,58,1000.7,15.5,0.0
2021-07-12T14:00,31.8,59,1000.0,13.0,0.0
2021-07-12T15:00,32.0,58,999.3,11.8,0.0
2021-07-12T16:00,32.1,55,998.9,11.3,0.0
2021-07-12T17:00,31.7,55,999.1,11.2,0.0
2021-07-12T18:00,30.6,59,999.7,8.2,0.0
2021-07-12T19:00,30.1,61,1000.4,8.6,0.0
2021-07-12T20:00,29.0,67,1001.4,5.4,0.0
2021-07-12T21:00,28.7,69,1002.2,5.0,0.0
2021-07-12T22:00,28.8,69,1002.4,5.6,0.0
2021-07-12T23:00,28.4,72,1002.3,5.7,0.0
2021-07-13T00:00,28.1,72,1001.6,6.6,0.0
2021-07-13T01:00,27.8,69,1001.0,7.2,0.0
2021-07-13T02:00,27.4,70,1000.9,7.8,0.0
2021-07-13T03:00,27.1,69,1001.1,9.0,0.0
2021-07-13T04:00,26.7,72,1001.5,8.6,0.2
2021-07-13T05:00,27.4,69,1001.1,10.9,0.3
2021-07-13T06:00,27.6,70,1001.4,9.5,0.0
2021-07-13T07:00,28.3,69,1002.4,12.1,0.0
2021-07-13T08:00,29.4,64,1002.5,14.0,0.0
2021-07-13T09:00,30.9,60,1002.7,15.4,0.0
2021-07-13T10:00,32.4,56,1002.5,15.4,0.0
2021-07-13T11:00,33.3,54,1002.4,16.2,0.0
2021-07-13T12:00,33.0,55,1001.7,11.6,0.0
2021-07-13T13:00,33.0,55,1001.0,14.4,0.0
2021-07-13T14:00,31.4,67,1000.8,6.3,3.5
2021-07-13T15:00,31.2,64,1000.5,9.4,0.0
2021-07-13T16:00,29.8,74,1000.4,8.5,0.0
2021-07-13T17:00,30.0,70,1000.6,9.2,0.1
2021-07-13T18:00,29.4,73,1001.1,8.5,0.0
2021-07-13T19:00,28.9,75,1001.9,8.4,0.0
2021-07-13T20:00,29.1,73,1002.7,11.3,0.0
2021-07-13T21:00,29.3,65,1003.5,12.6,0.0
2021-07-13T22:00,29.0,64,1004.2,12.2,0.0
2021-07-13T23:00,28.5,65,1004.0,12.9,0.0
2021-07-14T00:00,28.2,64,1003.3,15.6,0.0
2021-07-14T01:00,27.3,69,1002.8,13.2,0.0
2021-07-14T02:00,26.7,74,1002.1,11.5,0.0
2021-07-14T03:00,26.4,76,1001.7,10.4,0.0
2021-07-14T04:00,26.3,76,1001.8,10.4,0.0
2021-07-14T05:00,26.7,71,1002.3,11.5,0.0
2021-07-14T06:00,26.9,71,1002.5,11.0,0.0
2021-07-14T07:00,28.0,69,1003.0,11.2,0.0
2021-07-14T08:00,29.6,64,1003.2,14.0,0.0
2021-07-14T09:00,30.9,58,1003.3,17.7,0.0
2021-07-14T10:00,31.5,56,1003.5,16.9,0.0
2021-07-14T11:00,31.2,57,1003.3,14.5,0.0
2021-07-14T12:00,31.1,58,1002.7,18.4,0.0
2021-07-14T13:00,32.0,55,1002.1,17.8,0.0
2021-07-14T14:00,32.4,54,1001.4,16.5,0.0
2021-07-14T15:00,32.0,56,1001.0,14.8,0.0
2021-07-14T16:00,31.2,60,1001.1,14.3,0.3
2021-07-14T17:00,29.0,76,1001.2,5.2,0.0
2021-07-14T18:00,28.4,83,1001.9,8.0,0.5
2021-07-14T19:00,27.6,84,1002.8,11.0,0.6
2021-07-14T20:00,26.7,89,1003.7,8.3,0.5
2021-07-14T21:00,26.3,90,1004.1,10.2,1.2
2021-07-14T22:00,26.2,91,1004.4,13.5,1.0
2021-07-14T23:00,26.0,91,1004.2,15.1,1.2
2021-07-15T00:00,25.9,92,1003.6,15.3,0.4
2021-07-15T01:00,25.8,90,1003.1,15.4,1.1
2021-07-15T02:00,25.6,92,1002.3,13.0,0.3
2021-07-15T03:00,25.5,93,1002.1,13.9,0.2
2021-07-15T04:00,25.3,93,1002.0,13.2,0.3
2021-07-15T05:00,25.1,91,1003.6,15.1,1.1
2021-07-15T06:00,25.1,92,1003.5,16.5,1.1
2021-07-15T07:00,25.6,90,1003.6,15.3,0.3
2021-07-15T08:00,27.3,81,1003.9,14.2,0.0
2021-07-15T09:00,28.8,71,1004.1,15.1,0.0
2021-07-15T10:00,30.1,63,1003.5,17.0,0.0
2021-07-15T11:00,31.0,59,1003.1,16.8,0.0
2021-07-15T12:00,32.0,57,1002.3,15.1,0.0
2021-07-15T13:00,32.6,55,1001.4,14.6,0.0
2021-07-15T14:00,32.9,54,1000.5,16.9,0.0
2021-07-15T15:00,32.6,53,1000.2,17.7,0.0
2021-07-15T16:00,31.8,55,1000.2,16.8,0.0
2021-07-15T17:00,30.5,60,1001.0,13.2,0.0
2021-07-15T18:00,29.6,65,1001.2,11.4,0.0
2021-07-15T19:00,28.7,68,1002.1,13.4,0.0
2021-07-15T20:00,28.4,69,1003.5,15.3,0.0
2021-07-15T21:00,28.6,68,1004.1,17.9,0.0
2021-07-15T22:00,27.9,73,1004.9,18.8,0.1
2021-07-15T23:00,27.1,84,1005.1,15.8,0.3
2021-07-16T00:00,26.9,88,1004.7,14.8,0.1
2021-07-16T01:00,26.8,90,1004.0,15.5,0.1
2021-07-16T02:00,26.7,90,1003.6,14.7,0.3
2021-07-16T03:00,26.5,91,1003.7,13.7,0.2
2021-07-16T04:00,26.4,91,1004.0,13.7,0.1
2021-07-16T05:00,26.3,86,1004.2,11.7,0.1
2021-07-16T06:00,26.5,84,1004.6,12.0,0.0
2021-07-16T07:00,27.4,79,1005.2,12.8,0.0
2021-07-16T08:00,28.5,74,1005.7,12.5,0.0
2021-07-16T09:00,30.0,67,1006.0,12.5,0.0
2021-07-16T10:00,31.1,61,1006.2,14.3,0.0
2021-07-16T11:00,31.8,59,1005.7,14.8,0.0
2021-07-16T12:00,31.9,58,1004.9,13.5,0.0
2021-07-16T13:00,32.2,58,1004.0,11.1,0.0
2021-07-16T14:00,32.1,59,1003.0,10.6,0.3
2021-07-16T15:00,31.9,63,1002.5,11.2,0.1
2021-07-16T16:00,30.4,76,1002.5,13.3,1.2
2021-07-16T17:00,30.0,75,1002.7,7.6,6.4
2021-07-16T18:00,27.7,90,1003.8,6.3,4.3
2021-07-16T19:00,26.6,95,1005.2,3.7,4.7
2021-07-16T20:00,26.5,94,1005.8,2.4,0.9
2021-07-16T21:00,26.5,94,1006.3,5.1,0.7
2021-07-16T22:00,26.3,94,1006.5,7.3,0.1
2021-07-16T23:00,26.2,94,1006.4,7.6,0.5
2021-07-17T00:00,25.9,95,1005.9,5.4,2.7
2021-07-17T01:00,26.1,94,1004.9,7.6,0.1
2021-07-17T02:00,25.9,95,1004.4,8.7,0.1
2021-07-17T03:00,25.9,96,1004.4,8.2,0.2
2021-07-17T04:00,25.8,95,1004.3,7.6,0.1
2021-07-17T05:00,25.6,92,1004.7,10.1,0.1
2021-07-17T06:00,26.0,91,1005.0,9.7,0.0
2021-07-17T07:00,26.6,89,1005.7,9.6,0.0
2021-07-17T08:00,27.6,84,1006.0,10.3,0.0
2021-07-17T09:00,28.8,77,1006.2,11.1,0.0
2021-07-17T10:00,30.1,69,1005.6,10.8,0.0
2021-07-17T11:00,30.9,65,1005.2,10.2,0.0
2021-07-17T12:00,31.6,64,1004.2,10.3,0.1
2021-07-17T13:00,31.8,66,1003.7,8.1,0.1
2021-07-17T14:00,31.8,65,1002.8,6.8,0.2
2021-07-17T15:00,30.6,72,1001.9,10.6,1.9
2021-07-17T16:00,28.4,82,1002.1,3.1,5.5
2021-07-17T17:00,29.5,75,1002.8,4.1,0.4
2021-07-17T18:00,27.7,88,1003.7,5.5,3.8
2021-07-17T19:00,27.7,90,1004.0,9.0,0.0
2021-07-17T20:00,27.5,89,1004.8,10.4,0.1
2021-07-17T21:00,27.1,91,1005.1,11.2,1.7
2021-07-17T22:00,26.7,94,1005.3,13.9,3.4
2021-07-17T23:00,25.6,93,1005.4,14.2,6.3
2021-07-18T00:00,25.9,93,1004.3,10.0,0.7
2021-07-18T01:00,25.8,93,1003.8,13.1,0.6
2021-07-18T02:00,25.6,93,1003.0,13.4,0.3
2021-07-18T03:00,25.2,92,1003.0,12.6,2.3
2021-07-18T04:00,25.0,94,1003.2,8.7,2.1
2021-07-18T05:00,25.1,93,1003.2,10.9,0.1
2021-07-18T06:00,25.4,93,1003.7,9.9,1.4
2021-07-18T07:00,25.7,91,1004.6,11.9,0.7
2021-07-18T08:00,26.2,89,1005.1,12.2,0.5
2021-07-18T09:00,27.0,85,1005.3,14.6,0.1
2021-07-18T10:00,28.6,75,1005.0,17.4,0.1
2021-07-18T11:00,29.7,69,1004.2,19.2,0.1
2021-07-18T12:00,30.4,67,1003.4,19.2,0.2
2021-07-18T13:00,30.5,67,1002.4,17.6,0.1
2021-07-18T14:00,31.1,65,1001.4,17.8,0.1
2021-07-18T15:00,31.2,65,1001.1,17.4,0.0
2021-07-18T16:00,31.2,64,1000.7,16.4,0.0
2021-07-18T17:00,30.5,70,1000.9,10.5,0.0
2021-07-18T18:00,29.6,72,1001.5,8.8,0.0
2021-07-18T19:00,29.0,73,1002.7,6.5,0.0
2021-07-18T20:00,28.2,83,1003.8,5.9,0.3
2021-07-18T21:00,27.6,88,1004.7,3.2,2.1
2021-07-18T22:00,27.4,92,1004.7,1.8,1.3
2021-07-18T23:00,27.5,83,1004.6,8.0,0.0
2021-07-19T00:00,26.9,81,1003.7,12.0,0.0
2021-07-19T01:00,26.5,80,1003.0,14.5,0.0
2021-07-19T02:00,26.4,78,1002.1,14.8,0.0
2021-07-19T03:00,26.2,77,1002.1,13.8,0.0
2021-07-19T04:00,26.1,77,1002.4,13.2,0.0
2021-07-19T05:00,26.2,77,1003.3,13.9,0.0
2021-07-19T06:00,26.6,77,1003.5,13.6,0.0
2021-07-19T07:00,27.2,76,1003.7,13.8,0.0
2021-07-19T08:00,28.4,71,1004.1,14.9,0.0
2021-07-19T09:00,29.9,65,1004.5,16.1,0.0
2021-07-19T10:00,31.3,60,1004.3,16.7,0.0
2021-07-19T11:00,32.7,55,1003.8,20.3,0.0
2021-07-19T12:00,33.3,54,1002.9,21.3,0.0
2021-07-19T13:00,33.4,52,1002.1,19.8,0.0
2021-07-19T14:00,33.5,53,1001.1,18.1,0.1
2021-07-19T15:00,33.0,57,1000.5,11.3,0.1
2021-07-19T16:00,31.7,63,1000.4,15.1,0.0
2021-07-19T17:00,31.3,66,1001.0,12.1,0.0
2021-07-19T18:00,30.5,65,1001.7,14.5,0.0
2021-07-19T19:00,30.0,66,1002.9,13.0,0.0
2021-07-19T20:00,29.2,71,1003.9,8.4,0.1
2021-07-19T21:00,28.5,77,1004.7,9.8,0.2
2021-07-19T22:00,28.1,84,1005.2,13.2,0.2
2021-07-19T23:00,27.7,83,1005.2,10.6,0.2
2021-07-20T00:00,27.4,82,1004.4,13.0,0.0
2021-07-20T01:00,27.6,74,1003.7,16.5,0.0
2021-07-20T02:00,27.7,69,1003.2,17.6,0.0
2021-07-20T03:00,27.7,67,1002.9,18.3,0.0
2021-07-20T04:00,27.6,66,1002.9,19.2,0.0
2021-07-20T05:00,26.4,75,1004.2,13.4,0.0
2021-07-20T06:00,26.8,72,1004.8,14.8,0.0
2021-07-20T07:00,27.6,69,1005.6,17.0,0.0
2021-07-20T08:00,28.5,67,1005.9,17.4,0.0
2021-07-20T09:00,29.8,61,1006.0,19.2,0.0
2021-07-20T10:00,30.7,59,1005.8,17.7,0.0
2021-07-20T11:00,31.9,57,1005.3,17.3,0.0
2021-07-20T12:00,33.1,52,1004.6,23.0,0.0
2021-07-20T13:00,33.5,52,1003.7,20.0,0.0
2021-07-20T14:00,34.2,49,1002.6,16.7,0.0
2021-07-20T15:00,34.1,50,1002.3,18.8,0.0
2021-07-20T16:00,32.9,56,1002.5,12.1,0.0
2021-07-20T17:00,32.0,60,1003.1,11.6,0.0
2021-07-20T18:00,31.0,59,1003.4,7.9,0.0
2021-07-20T19:00,30.5,59,1004.1,11.1,0.0
2021-07-20T20:00,30.1,61,1005.0,10.2,0.0
2021-07-20T21:00,29.7,63,1005.9,11.9,0.0
2021-07-20T22:00,29.9,61,1006.1,14.8,0.0
2021-07-20T23:00,29.8,58,1005.8,16.7,0.0
2021-07-21T00:00,29.6,57,1005.3,17.5,0.0
2021-07-21T01:00,29.2,58,1004.6,16.4,0.0
2021-07-21T02:00,28.7,61,1003.9,16.2,0.0
2021-07-21T03:00,28.5,61,1003.5,16.5,0.0
2021-07-21T04:00,28.0,63,1003.8,15.3,0.0
2021-07-21T05:00,26.6,70,1004.2,8.5,0.0
2021-07-21T06:00,26.9,70,1004.6,11.3,0.0
2021-07-21T07:00,27.7,68,1005.0,13.9,0.0
2021-07-21T08:00,28.5,66,1005.1,14.2,0.0
2021-07-21T09:00,29.4,64,1005.2,13.7,0.0
2021-07-21T10:00,30.0,63,1005.1,11.6,0.0
2021-07-21T11:00,31.1,60,1004.6,14.9,0.0
2021-07-21T12:00,32.0,55,1004.2,19.3,0.0
2021-07-21T13:00,31.7,57,1003.5,17.3,0.0
2021-07-21T14:00,31.5,58,1002.8,14.0,0.0
2021-07-21T15:00,31.3,59,1002.6,15.6,0.0
2021-07-21T16:00,30.0,66,1002.7,14.7,0.1
2021-07-21T17:00,30.5,67,1001.9,6.2,0.5
2021-07-21T18:00,29.7,67,1002.5,6.0,0.0
2021-07-21T19:00,29.5,67,1003.2,8.9,0.0
2021-07-21T20:00,29.8,62,1003.9,14.7,0.0
2021-07-21T21:00,29.4,62,1004.2,14.5,0.0
2021-07-21T22:00,28.7,65,1004.5,12.1,0.0
2021-07-21T23:00,28.5,65,1003.6,13.9,0.0
2021-07-22T00:00,28.7,63,1002.7,17.0,0.0
2021-07-22T01:00,28.6,62,1001.9,19.9,0.0
2021-07-22T02:00,27.9,64,1001.2,19.6,0.0
2021-07-22T03:00,27.8,64,1000.8,20.3,0.0
2021-07-22T04:00,27.4,66,1000.7,17.8,0.0
2021-07-22T05:00,26.1,77,1000.8,12.4,0.1
2021-07-22T06:00,26.5,75,1001.0,14.0,0.0
2021-07-22T07:00,27.2,72,1001.7,14.5,0.0
2021-07-22T08:00,28.4,68,1002.3,12.8,0.0
2021-07-22T09:00,29.1,65,1002.5,13.0,0.0
2021-07-22T10:00,29.5,64,1002.5,13.8,0.0
2021-07-22T11:00,30.4,59,1001.8,18.9,0.0
2021-07-22T12:00,32.0,52,1001.3,29.7,0.0
2021-07-22T13:00,32.2,52,1000.4,23.7,0.0
2021-07-22T14:00,32.4,52,999.9,27.0,0.0
2021-07-22T15:00,31.2,56,999.4,23.7,0.0
2021-07-22T16:00,30.1,63,999.3,20.5,0.0
2021-07-22T17:00,29.9,63,999.4,14.8,0.0
2021-07-22T18:00,28.6,69,1000.3,15.2,0.3
2021-07-22T19:00,27.3,78,1001.1,15.9,0.6
2021-07-22T20:00,26.4,86,1001.6,13.9,0.6
2021-07-22T21:00,26.4,84,1002.2,14.5,0.1
2021-07-22T22:00,26.3,85,1002.4,14.8,0.0
2021-07-22T23:00,26.2,85,1002.1,16.7,0.0
2021-07-23T00:00,26.1,84,1001.3,16.3,0.0
2021-07-23T01:00,26.0,81,1000.7,18.3,0.0
2021-07-23T02:00,26.1,79,1000.0,18.4,0.0
2021-07-23T03:00,26.2,76,1000.2,18.4,0.0
2021-07-23T04:00,26.1,75,1000.5,18.8,0.0
2021-07-23T05:00,26.1,77,999.9,13.8,0.0
2021-07-23T06:00,26.4,77,1000.4,13.8,0.0
2021-07-23T07:00,27.2,75,1001.4,13.7,0.0
2021-07-23T08:00,28.2,69,1002.1,15.2,0.0
2021-07-23T09:00,29.4,65,1002.6,16.8,0.0
2021-07-23T10:00,30.5,60,1002.8,18.4,0.0
2021-07-23T11:00,31.3,58,1002.4,19.5,0.0
2021-07-23T12:00,32.3,56,1001.3,20.2,0.0
2021-07-23T13:00,32.9,55,1000.3,17.8,0.0
2021-07-23T14:00,33.4,55,999.4,15.8,0.0
2021-07-23T15:00,30.0,73,999.9,17.3,1.6
2021-07-23T16:00,28.7,80,999.4,11.9,1.8
2021-07-23T17:00,31.7,60,998.7,14.8,0.5
2021-07-23T18:00,30.6,61,999.3,15.8,0.0
2021-07-23T19:00,29.9,63,1000.2,14.6,0.0
2021-07-23T20:00,29.5,64,1000.8,13.5,0.0
2021-07-23T21:00,29.1,67,1001.8,13.9,0.0
2021-07-23T22:00,28.8,68,1002.4,13.6,0.0
2021-07-23T23:00,28.2,70,1002.6,14.5,0.0
2021-07-24T00:00,27.8,71,1002.4,14.3,0.0
2021-07-24T01:00,27.6,72,1001.8,15.0,0.0
2021-07-24T02:00,27.8,69,1001.5,15.5,0.0
2021-07-24T03:00,27.8,68,1001.5,15.5,0.0
2021-07-24T04:00,27.6,67,1001.6,13.7,0.0
2021-07-24T05:00,25.9,80,1002.1,5.9,0.0
2021-07-24T06:00,26.6,78,1002.7,8.7,0.0
2021-07-24T07:00,27.4,75,1003.4,10.6,0.0
2021-07-24T08:00,28.9,69,1003.9,12.3,0.0
2021-07-24T09:00,30.6,61,1004.1,15.9,0.0
2021-07-24T10:00,31.9,57,1003.8,17.7,0.0
2021-07-24T11:00,33.4,50,1003.4,21.7,0.0
2021-07-24T12:00,34.3,48,1002.5,18.7,0.0
2021-07-24T13:00,34.9,47,1001.7,14.8,0.0
2021-07-24T14:00,35.1,47,1000.6,8.5,0.0
2021-07-24T15:00,33.6,56,1000.0,11.4,0.0
2021-07-24T16:00,32.2,67,999.8,11.2,0.0
2021-07-24T17:00,31.4,74,999.9,15.3,0.0
2021-07-24T18:00,30.5,73,1000.3,18.0,0.0
2021-07-24T19:00,29.7,73,1001.2,20.6,0.0
2021-07-24T20:00,29.2,76,1002.4,20.0,0.0
2021-07-24T21:00,29.1,78,1003.4,15.5,0.0
2021-07-24T22:00,29.1,75,1003.9,15.3,0.0
2021-07-24T23:00,28.8,75,1003.7,14.4,0.0
2021-07-25T00:00,28.7,73,1003.4,13.0,0.0
2021-07-25T01:00,28.8,68,1002.9,14.5,0.0
2021-07-25T02:00,28.8,67,1002.6,14.5,0.0
2021-07-25T03:00,28.5,68,1002.5,13.7,0.0
2021-07-25T04:00,28.2,68,1002.9,13.6,0.0
2021-07-25T05:00,27.7,72,1003.1,10.3,0.0
2021-07-25T06:00,28.0,71,1003.9,11.1,0.0
2021-07-25T07:00,29.1,69,1004.3,10.9,0.0
2021-07-25T08:00,30.5,63,1004.6,13.5,0.0
2021-07-25T09:00,31.8,58,1004.9,15.3,0.0
2021-07-25T10:00,32.9,54,1004.5,16.5,0.0
2021-07-25T11:00,33.8,51,1003.6,15.9,0.0
2021-07-25T12:00,34.6,49,1002.9,15.7,0.0
2021-07-25T13:00,34.8,48,1002.1,18.4,0.1
2021-07-25T14:00,34.6,49,1001.7,12.6,0.1
2021-07-25T15:00,33.0,59,1001.4,13.0,0.0
2021-07-25T16:00,30.2,76,1001.0,19.8,0.1
2021-07-25T17:00,30.8,75,1001.5,14.2,0.1
2021-07-25T18:00,29.8,75,1002.1,17.1,0.0
2021-07-25T19:00,29.2,83,1003.1,20.7,0.0
2021-07-25T20:00,29.3,79,1004.2,14.9,0.0
2021-07-25T21:00,29.2,77,1005.2,13.5,0.0
2021-07-25T22:00,29.2,74,1005.5,15.4,0.0
2021-07-25T23:00,28.9,73,1005.3,15.1,0.0
2021-07-26T00:00,28.6,71,1004.9,12.1,0.0
2021-07-26T01:00,28.3,73,1004.2,10.5,0.0
2021-07-26T02:00,28.1,74,1003.6,11.7,0.0
2021-07-26T03:00,28.1,73,1003.4,12.4,0.0
2021-07-26T04:00,27.9,71,1003.5,12.9,0.0
2021-07-26T05:00,27.3,74,1003.9,12.5,0.0
2021-07-26T06:00,27.4,72,1004.5,11.5,0.0
2021-07-26T07:00,28.4,69,1005.2,13.0,0.0
2021-07-26T08:00,29.6,64,1005.5,15.4,0.0
2021-07-26T09:00,30.8,59,1005.5,16.4,0.0
2021-07-26T10:00,32.0,56,1005.4,15.9,0.0
2021-07-26T11:00,33.2,53,1005.0,16.5,0.0
2021-07-26T12:00,34.1,51,1004.0,14.4,0.0
2021-07-26T13:00,35.0,50,1003.1,12.2,0.0
2021-07-26T14:00,34.9,49,1002.2,10.3,0.0
2021-07-26T15:00,31.2,69,1002.5,12.6,0.6
2021-07-26T16:00,31.0,72,1002.1,5.1,0.7
2021-07-26T17:00,31.4,70,1002.0,14.6,0.0
2021-07-26T18:00,30.2,70,1002.5,11.4,0.0
2021-07-26T19:00,29.5,72,1003.1,11.7,0.0
2021-07-26T20:00,29.3,76,1003.8,12.3,0.0
2021-07-26T21:00,29.1,76,1004.0,15.7,0.0
2021-07-26T22:00,29.0,79,1004.3,15.5,0.0
2021-07-26T23:00,28.8,81,1004.5,14.0,0.0
2021-07-27T00:00,28.6,79,1004.1,11.7,0.0
2021-07-27T01:00,28.9,73,1003.4,13.2,0.0
2021-07-27T02:00,28.8,70,1003.0,13.5,0.0
2021-07-27T03:00,28.7,67,1002.8,15.8,0.0
2021-07-27T04:00,28.4,63,1002.8,17.5,0.0
2021-07-27T05:00,27.9,63,1003.7,15.3,0.0
2021-07-27T06:00,27.9,64,1004.2,14.9,0.0
2021-07-27T07:00,28.7,64,1004.6,15.3,0.0
2021-07-27T08:00,29.8,59,1004.7,18.6,0.0
2021-07-27T09:00,30.9,56,1004.7,18.8,0.0
2021-07-27T10:00,32.3,52,1004.2,17.5,0.0
2021-07-27T11:00,33.5,50,1003.7,15.7,0.0
2021-07-27T12:00,34.5,47,1002.6,14.1,0.0
2021-07-27T13:00,35.4,45,1001.8,14.4,0.0
2021-07-27T14:00,35.7,46,1001.1,12.3,0.0
2021-07-27T15:00,34.5,51,1000.6,7.0,0.0
2021-07-27T16:00,31.0,72,1000.8,16.9,0.0
2021-07-27T17:00,30.6,72,1001.3,12.9,0.1
2021-07-27T18:00,29.5,72,1001.7,16.5,0.0
2021-07-27T19:00,29.4,73,1002.7,17.0,0.0
2021-07-27T20:00,29.4,75,1003.2,18.6,0.0
2021-07-27T21:00,29.2,76,1004.0,15.0,0.1
2021-07-27T22:00,28.8,80,1004.6,15.2,0.0
2021-07-27T23:00,28.7,80,1004.7,12.1,0.0
2021-07-28T00:00,28.4,77,1004.2,12.0,0.0
2021-07-28T01:00,29.4,60,1003.8,16.6,0.0
2021-07-28T02:00,29.5,55,1003.1,18.9,0.0
2021-07-28T03:00,28.8,57,1003.3,16.0,0.0
2021-07-28T04:00,28.2,60,1003.6,15.8,0.0
2021-07-28T05:00,27.6,62,1003.9,15.3,0.0
2021-07-28T06:00,27.7,63,1004.1,16.5,0.0
2021-07-28T07:00,28.7,61,1004.8,16.0,0.0
2021-07-28T08:00,30.1,58,1005.1,17.7,0.0
2021-07-28T09:00,31.3,54,1005.5,17.6,0.0
2021-07-28T10:00,32.6,51,1005.3,17.8,0.0
2021-07-28T11:00,33.8,48,1004.7,17.7,0.0
2021-07-28T12:00,34.6,46,1003.8,17.7,0.0
2021-07-28T13:00,35.4,45,1003.1,17.7,0.0
2021-07-28T14:00,35.8,43,1002.0,15.9,0.0
2021-07-28T15:00,34.9,44,1001.7,9.4,0.0
2021-07-28T16:00,31.7,68,1001.3,15.1,0.0
2021-07-28T17:00,30.9,71,1001.6,16.1,0.0
2021-07-28T18:00,29.8,71,1002.3,16.2,0.0
2021-07-28T19:00,29.7,69,1002.7,15.9,0.0
2021-07-28T20:00,29.2,77,1003.7,16.3,0.0
2021-07-28T21:00,29.0,77,1004.2,14.0,0.0
2021-07-28T22:00,28.8,75,1004.9,12.2,0.0
2021-07-28T23:00,28.7,75,1004.6,11.9,0.0
2021-07-29T00:00,28.9,69,1004.4,12.8,0.0
2021-07-29T01:00,29.9,54,1004.0,16.8,0.0
2021-07-29T02:00,29.7,54,1003.6,18.9,0.0
2021-07-29T03:00,29.2,55,1004.0,18.4,0.0
2021-07-29T04:00,28.6,57,1004.1,18.6,0.0
2021-07-29T05:00,28.4,60,1004.6,16.0,0.0
2021-07-29T06:00,28.3,61,1005.1,15.6,0.0
2021-07-29T07:00,28.9,62,1005.5,15.2,0.0
2021-07-29T08:00,29.9,58,1005.8,17.3,0.0
2021-07-29T09:00,31.2,54,1005.8,18.8,0.0
2021-07-29T10:00,32.4,50,1005.7,17.7,0.0
2021-07-29T11:00,33.4,47,1005.2,17.0,0.0
2021-07-29T12:00,34.4,45,1004.6,15.7,0.0
2021-07-29T13:00,35.5,41,1003.5,19.8,0.0
2021-07-29T14:00,35.9,40,1002.6,19.6,0.0
2021-07-29T15:00,35.3,42,1002.3,16.5,0.0
2021-07-29T16:00,34.3,46,1002.0,3.2,0.0
2021-07-29T17:00,30.5,74,1002.6,16.1,0.0
2021-07-29T18:00,29.2,78,1002.8,14.3,0.0
2021-07-29T19:00,29.1,75,1003.5,12.3,0.0
2021-07-29T20:00,28.9,78,1004.9,4.6,0.0
2021-07-29T21:00,28.6,80,1005.4,3.6,0.1
2021-07-29T22:00,29.9,64,1005.7,8.9,0.0
2021-07-29T23:00,30.4,53,1005.7,12.8,0.0
2021-07-30T00:00,30.1,53,1005.4,13.7,0.0
2021-07-30T01:00,29.6,55,1005.2,13.0,0.0
2021-07-30T02:00,28.9,58,1004.8,11.2,0.0
2021-07-30T03:00,28.2,61,1004.7,10.8,0.0
2021-07-30T04:00,27.9,62,1005.0,11.6,0.0
2021-07-30T05:00,27.7,63,1005.4,11.0,0.0
2021-07-30T06:00,28.0,62,1006.0,12.6,0.0
2021-07-30T07:00,28.8,62,1006.5,12.7,0.0
2021-07-30T08:00,30.0,57,1007.1,14.3,0.0
2021-07-30T09:00,31.4,52,1007.1,15.9,0.0
2021-07-30T10:00,32.5,48,1006.9,17.6,0.0
2021-07-30T11:00,33.5,46,1006.3,18.8,0.0
2021-07-30T12:00,35.0,41,1005.6,20.5,0.0
2021-07-30T13:00,35.7,38,1004.7,17.2,0.0
2021-07-30T14:00,36.3,38,1003.6,19.9,0.0
2021-07-30T15:00,35.8,39,1003.2,19.1,0.0
2021-07-30T16:00,35.6,40,1002.6,13.8,0.0
2021-07-30T17:00,33.5,51,1003.3,5.4,0.0
2021-07-30T18:00,32.7,47,1003.9,10.5,0.0
2021-07-30T19:00,32.4,46,1004.5,11.9,0.0
2021-07-30T20:00,31.3,51,1005.3,9.3,0.0
2021-07-30T21:00,30.7,54,1005.7,8.9,0.0
2021-07-30T22:00,29.6,65,1005.9,11.4,0.0
2021-07-30T23:00,29.3,65,1005.8,10.5,0.0
2021-07-31T00:00,29.1,62,1005.7,11.0,0.0
2021-07-31T01:00,29.2,60,1005.2,11.8,0.0
2021-07-31T02:00,29.0,59,1004.9,13.2,0.0
2021-07-31T03:00,29.4,55,1005.3,17.5,0.0
2021-07-31T04:00,29.2,55,1005.8,17.7,0.0
2021-07-31T05:00,28.7,58,1005.9,13.8,0.0
2021-07-31T06:00,28.5,60,1006.3,13.1,0.0
2021-07-31T07:00,29.4,59,1006.9,12.8,0.0
2021-07-31T08:00,30.7,54,1007.4,15.5,0.0
2021-07-31T09:00,31.9,50,1007.3,16.2,0.0
2021-07-31T10:00,33.1,47,1007.0,17.2,0.0
2021-07-31T11:00,34.9,41,1006.2,21.9,0.0
2021-07-31T12:00,35.2,41,1005.1,19.1,0.0
2021-07-31T13:00,36.2,40,1004.2,16.8,0.0
2021-07-31T14:00,35.4,41,1003.3,5.9,0.0
2021-07-31T15:00,32.8,59,1002.8,13.9,0.2
2021-07-31T16:00,31.0,69,1003.0,17.9,0.1
2021-07-31T17:00,31.3,69,1004.4,5.1,0.1
2021-07-31T18:00,29.5,78,1004.8,13.0,0.0
2021-07-31T19:00,29.3,69,1005.5,13.4,0.0
2021-07-31T20:00,29.3,71,1006.9,14.0,0.0
2021-07-31T21:00,29.3,70,1007.4,11.3,0.1
2021-07-31T22:00,28.8,70,1007.9,15.6,0.0
2021-07-31T23:00,28.2,75,1007.8,15.4,0.1
2021-08-01T00:00,27.8,75,1007.0,14.4,0.0
2021-08-01T01:00,27.7,76,1006.2,12.9,0.0
2021-08-01T02:00,27.6,78,1005.5,11.9,0.0
2021-08-01T03:00,27.5,80,1005.4,11.5,0.0
2021-08-01T04:00,27.3,80,1005.5,11.5,0.0
2021-08-01T05:00,26.2,86,1005.5,10.4,0.0
2021-08-01T06:00,26.7,83,1005.9,10.6,0.0
2021-08-01T07:00,28.3,74,1006.5,10.2,0.0
2021-08-01T08:00,30.0,59,1006.8,14.1,0.0
2021-08-01T09:00,31.3,51,1006.5,16.2,0.0
2021-08-01T10:00,32.6,47,1005.7,17.3,0.0
2021-08-01T11:00,34.0,42,1005.0,21.5,0.0
2021-08-01T12:00,34.8,40,1004.0,21.1,0.0
2021-08-01T13:00,35.8,36,1002.5,20.7,0.0
2021-08-01T14:00,35.9,37,1002.1,19.6,0.1
2021-08-01T15:00,35.8,37,1001.7,11.2,0.1
2021-08-01T16:00,34.0,44,1001.4,6.6,0.0
2021-08-01T17:00,32.6,53,1002.5,5.7,0.0
2021-08-01T18:00,30.0,74,1003.2,12.6,0.1
2021-08-01T19:00,29.3,74,1004.1,15.6,0.0
2021-08-01T20:00,28.7,75,1004.8,12.2,0.2
2021-08-01T21:00,28.8,76,1005.2,10.8,0.0
2021-08-01T22:00,28.8,77,1005.7,12.4,0.0
2021-08-01T23:00,28.7,77,1005.3,16.9,0.0
2021-08-02T00:00,28.6,76,1004.6,15.5,0.0
2021-08-02T01:00,28.1,75,1004.2,12.3,0.0
2021-08-02T02:00,27.8,72,1003.8,10.2,0.0
2021-08-02T03:00,28.2,63,1003.8,12.8,0.0
2021-08-02T04:00,28.2,60,1004.1,14.7,0.0
2021-08-02T05:00,27.9,63,1004.2,15.0,0.0
2021-08-02T06:00,28.0,61,1004.9,15.8,0.0
2021-08-02T07:00,29.1,58,1005.5,16.2,0.0
2021-08-02T08:00,30.3,53,1005.9,18.5,0.0
2021-08-02T09:00,31.6,49,1006.0,16.9,0.0
2021-08-02T10:00,32.9,47,1006.0,14.8,0.0
2021-08-02T11:00,34.1,43,1005.3,13.3,0.0
2021-08-02T12:00,35.3,38,1004.5,15.6,0.1
2021-08-02T13:00,35.4,38,1004.0,11.4,0.2
2021-08-02T14:00,34.4,42,1003.6,6.1,0.4
2021-08-02T15:00,32.0,66,1003.4,11.8,0.1
2021-08-02T16:00,31.0,65,1003.2,15.8,0.2
2021-08-02T17:00,30.4,71,1003.7,14.0,0.1
2021-08-02T18:00,29.8,68,1004.3,11.2,0.0
2021-08-02T19:00,29.7,69,1005.0,10.7,0.0
2021-08-02T20:00,29.7,68,1005.9,10.6,0.0
2021-08-02T21:00,30.1,59,1006.4,8.3,0.0
2021-08-02T22:00,29.5,66,1006.5,14.8,0.0
2021-08-02T23:00,29.1,69,1006.1,13.2,0.0
2021-08-03T00:00,28.5,79,1005.8,13.4,0.0
2021-08-03T01:00,28.3,78,1005.5,12.3,0.0
2021-08-03T02:00,28.1,76,1005.1,11.0,0.0
2021-08-03T03:00,28.0,73,1005.5,10.7,0.0
2021-08-03T04:00,28.4,61,1005.8,11.8,0.0
2021-08-03T05:00,28.7,57,1005.6,15.2,0.0
2021-08-03T06:00,28.4,60,1006.3,14.8,0.0
2021-08-03T07:00,29.4,59,1007.2,13.3,0.0
2021-08-03T08:00,30.7,54,1007.6,14.4,0.0
2021-08-03T09:00,31.9,51,1007.7,16.4,0.0
2021-08-03T10:00,33.3,46,1007.5,17.8,0.0
2021-08-03T11:00,34.5,43,1006.5,16.8,0.0
2021-08-03T12:00,35.3,39,1005.8,18.5,0.1
2021-08-03T13:00,35.1,40,1005.1,9.7,0.1
2021-08-03T14:00,34.2,44,1004.2,6.5,0.0
2021-08-03T15:00,32.4,59,1003.8,16.2,0.1
2021-08-03T16:00,30.6,67,1003.9,19.4,0.1
2021-08-03T17:00,29.6,69,1004.8,19.0,0.1
2021-08-03T18:00,29.0,68,1005.3,13.6,0.1
2021-08-03T19:00,29.2,75,1005.9,11.7,0.0
2021-08-03T20:00,29.2,77,1007.1,16.2,0.0
2021-08-03T21:00,29.3,75,1007.8,19.5,0.0
2021-08-03T22:00,29.0,78,1008.3,15.3,0.0
2021-08-03T23:00,29.1,72,1007.9,15.8,0.0
2021-08-04T00:00,28.9,71,1007.2,13.4,0.0
2021-08-04T01:00,28.5,73,1006.5,11.8,0.0
2021-08-04T02:00,28.1,76,1006.0,11.0,0.0
2021-08-04T03:00,28.4,70,1005.9,14.3,0.0
2021-08-04T04:00,28.6,62,1006.5,13.4,0.0
2021-08-04T05:00,28.3,61,1006.7,13.5,0.0
2021-08-04T06:00,28.4,62,1007.1,12.6,0.0
2021-08-04T07:00,29.6,60,1007.5,11.9,0.0
2021-08-04T08:00,31.1,55,1007.6,14.8,0.0
2021-08-04T09:00,32.6,50,1007.8,15.9,0.0
2021-08-04T10:00,34.1,46,1007.6,16.1,0.0
2021-08-04T11:00,35.3,43,1006.7,16.2,0.0
2021-08-04T12:00,36.7,41,1005.6,18.4,0.0
2021-08-04T13:00,37.3,39,1004.5,18.1,0.0
2021-08-04T14:00,35.6,43,1004.2,10.2,0.0
2021-08-04T15:00,33.5,50,1003.9,4.7,0.5
2021-08-04T16:00,32.9,59,1003.4,10.6,0.0
2021-08-04T17:00,32.6,60,1004.0,10.5,0.4
2021-08-04T18:00,30.6,76,1004.6,10.7,0.0
2021-08-04T19:00,29.7,79,1005.7,2.0,0.0
2021-08-04T20:00,29.9,74,1006.0,3.1,0.0
2021-08-04T21:00,30.0,68,1006.3,5.8,0.0
2021-08-04T22:00,29.2,67,1006.9,5.4,0.0
2021-08-04T23:00,29.4,62,1006.6,8.0,0.0
2021-08-05T00:00,29.2,61,1005.8,8.9,0.0
2021-08-05T01:00,29.4,59,1005.2,11.8,0.0
2021-08-05T02:00,29.6,58,1004.8,14.6,0.0
2021-08-05T03:00,29.2,59,1004.6,14.2,0.0
2021-08-05T04:00,28.7,62,1004.9,13.8,0.0
2021-08-05T05:00,28.5,63,1005.0,12.6,0.0
2021-08-05T06:00,28.7,61,1005.6,13.0,0.0
2021-08-05T07:00,29.7,58,1006.0,13.1,0.0
2021-08-05T08:00,30.9,54,1006.1,17.0,0.0
2021-08-05T09:00,32.2,50,1006.1,16.6,0.0
2021-08-05T10:00,33.5,47,1005.6,16.6,0.0
2021-08-05T11:00,34.8,44,1005.0,17.8,0.0
2021-08-05T12:00,36.2,41,1003.8,16.3,0.0
2021-08-05T13:00,35.9,41,1002.8,15.7,0.1
2021-08-05T14:00,35.5,42,1002.0,3.6,0.1
2021-08-05T15:00,31.7,66,1002.0,21.2,0.2
2021-08-05T16:00,29.9,66,1001.8,19.8,0.3
2021-08-05T17:00,30.2,71,1002.2,14.0,0.2
2021-08-05T18:00,29.7,74,1002.9,15.4,0.2
2021-08-05T19:00,29.2,74,1004.0,15.3,0.3
2021-08-05T20:00,28.8,79,1005.0,13.3,0.1
2021-08-05T21:00,28.8,77,1005.3,12.6,0.0
2021-08-05T22:00,28.8,74,1005.7,14.2,0.0
2021-08-05T23:00,28.5,73,1005.4,15.0,0.0
2021-08-06T00:00,28.2,76,1004.5,10.7,0.0
2021-08-06T01:00,28.0,76,1003.8,10.2,0.0
2021-08-06T02:00,28.0,75,1003.4,10.7,0.0
2021-08-06T03:00,28.0,73,1003.3,12.9,0.0
2021-08-06T04:00,27.9,72,1003.4,12.1,0.0
2021-08-06T05:00,27.6,71,1003.3,9.8,0.0
2021-08-06T06:00,27.9,69,1003.9,10.2,0.0
2021-08-06T07:00,29.4,63,1004.7,12.5,0.0
2021-08-06T08:00,31.1,56,1005.0,15.5,0.0
2021-08-06T09:00,32.4,51,1004.9,16.2,0.0
2021-08-06T10:00,33.7,48,1004.7,15.2,0.0
2021-08-06T11:00,34.9,44,1004.1,16.3,0.0
2021-08-06T12:00,36.0,42,1002.9,15.3,0.1
2021-08-06T13:00,35.5,43,1002.0,6.6,0.3
2021-08-06T14:00,33.1,57,1001.6,13.6,0.1
2021-08-06T15:00,30.4,68,1001.3,19.6,0.4
2021-08-06T16:00,30.7,64,1001.2,17.8,0.3
2021-08-06T17:00,30.7,69,1001.6,14.7,0.2
2021-08-06T18:00,29.6,72,1002.4,15.5,0.1
2021-08-06T19:00,29.2,74,1003.3,15.9,0.1
2021-08-06T20:00,29.2,76,1004.3,16.0,0.0
2021-08-06T21:00,28.9,78,1005.3,15.5,0.1
2021-08-06T22:00,28.6,79,1005.6,15.2,0.0
2021-08-06T23:00,28.5,77,1005.4,15.0,0.0
2021-08-07T00:00,28.5,76,1004.8,15.8,0.0
2021-08-07T01:00,28.3,75,1004.0,14.1,0.0
2021-08-07T02:00,28.0,73,1003.5,10.2,0.0
2021-08-07T03:00,27.9,72,1003.3,10.5,0.0
2021-08-07T04:00,27.7,74,1003.5,11.5,0.0
2021-08-07T05:00,27.5,76,1003.7,12.0,0.0
2021-08-07T06:00,27.6,76,1004.4,12.3,0.0
2021-08-07T07:00,29.0,71,1005.3,11.2,0.0
2021-08-07T08:00,30.6,63,1005.7,10.7,0.0
2021-08-07T09:00,32.2,55,1006.2,11.2,0.0
2021-08-07T10:00,33.2,52,1006.3,7.9,0.0
2021-08-07T11:00,34.0,49,1005.9,7.2,0.1
2021-08-07T12:00,34.4,47,1004.9,4.4,0.0
2021-08-07T13:00,34.2,47,1003.8,6.6,0.0
2021-08-07T14:00,32.4,66,1003.0,15.1,0.0
2021-08-07T15:00,31.6,63,1002.7,15.2,0.1
2021-08-07T16:00,31.1,65,1002.2,15.8,0.0
2021-08-07T17:00,30.8,74,1002.3,14.9,0.0
2021-08-07T18:00,29.8,76,1003.0,13.3,0.0
2021-08-07T19:00,29.5,77,1004.0,13.0,0.0
2021-08-07T20:00,29.4,78,1005.1,11.9,0.0
2021-08-07T21:00,29.0,80,1006.0,12.7,0.2
2021-08-07T22:00,28.4,84,1006.7,12.3,1.0
2021-08-07T23:00,28.0,88,1006.7,12.3,0.6
2021-08-08T00:00,27.4,90,1006.2,13.7,0.7
2021-08-08T01:00,27.3,91,1005.7,13.0,0.3
2021-08-08T02:00,27.0,92,1005.2,10.8,0.0
2021-08-08T03:00,26.8,92,1005.1,9.2,0.1
2021-08-08T04:00,26.5,90,1005.4,8.9,0.0
2021-08-08T05:00,27.0,81,1004.8,9.5,0.0
2021-08-08T06:00,27.5,79,1005.4,10.4,0.0
2021-08-08T07:00,28.8,75,1006.0,9.4,0.0
2021-08-08T08:00,30.6,68,1006.6,8.7,0.0
2021-08-08T09:00,32.2,60,1006.9,7.2,0.0
2021-08-08T10:00,32.9,57,1007.0,3.6,0.0
2021-08-08T11:00,33.4,57,1006.6,3.2,0.0
2021-08-08T12:00,33.2,61,1005.7,9.7,0.0
2021-08-08T13:00,32.0,67,1004.7,12.9,2.6
2021-08-08T14:00,31.8,67,1003.8,13.0,0.0
2021-08-08T15:00,31.9,66,1003.2,14.0,0.0
2021-08-08T16:00,30.9,71,1002.8,17.0,0.0
2021-08-08T17:00,30.3,75,1002.9,16.6,0.0
2021-08-08T18:00,29.4,80,1003.6,15.6,0.0
2021-08-08T19:00,29.2,81,1004.6,15.1,0.0
2021-08-08T20:00,29.2,82,1005.6,14.7,0.0
2021-08-08T21:00,29.0,83,1006.2,15.9,0.0
2021-08-08T22:00,28.9,84,1006.6,16.6,0.0
2021-08-08T23:00,28.9,83,1006.7,17.7,0.0
2021-08-09T00:00,28.5,86,1006.6,10.3,0.2
2021-08-09T01:00,27.6,92,1006.4,3.6,1.4
2021-08-09T02:00,27.8,90,1005.7,5.2,0.2
2021-08-09T03:00,27.7,89,1005.4,7.7,0.0
2021-08-09T04:00,27.4,89,1005.5,6.6,0.0
2021-08-09T05:00,27.4,84,1005.7,5.7,0.0
2021-08-09T06:00,27.9,82,1006.1,5.6,0.0
2021-08-09T07:00,29.0,75,1006.9,4.2,0.0
2021-08-09T08:00,30.5,70,1007.1,6.2,0.0
2021-08-09T09:00,32.5,61,1007.0,8.9,0.0
2021-08-09T10:00,33.7,55,1006.9,7.2,0.0
2021-08-09T11:00,34.0,54,1006.7,5.4,0.0
2021-08-09T12:00,33.1,63,1006.0,10.2,0.4
2021-08-09T13:00,32.0,68,1005.1,10.0,0.7
2021-08-09T14:00,33.2,61,1004.1,7.2,0.0
2021-08-09T15:00,32.5,65,1003.1,10.2,0.0
2021-08-09T16:00,31.8,67,1002.7,11.9,0.0
2021-08-09T17:00,30.8,70,1003.0,13.7,0.0
2021-08-09T18:00,29.9,79,1003.7,12.9,0.0
2021-08-09T19:00,29.5,82,1004.2,14.4,0.0
2021-08-09T20:00,29.5,79,1005.3,14.4,0.0
2021-08-09T21:00,29.5,78,1006.1,14.8,0.0
2021-08-09T22:00,28.9,80,1006.8,10.2,0.5
2021-08-09T23:00,28.4,85,1006.6,5.0,0.2
2021-08-10T00:00,27.8,90,1006.3,2.9,0.3
2021-08-10T01:00,27.5,91,1006.0,4.3,1.0
2021-08-10T02:00,27.1,92,1005.9,4.8,1.1
2021-08-10T03:00,26.9,91,1005.8,7.8,1.2
2021-08-10T04:00,26.6,91,1006.1,9.5,0.6
2021-08-10T05:00,26.2,93,1006.4,11.5,0.0
2021-08-10T06:00,26.2,90,1006.9,12.3,1.7
2021-08-10T07:00,26.9,86,1007.0,15.4,0.0
2021-08-10T08:00,28.4,78,1007.3,20.7,0.1
2021-08-10T09:00,29.7,72,1007.0,18.7,0.1
2021-08-10T10:00,30.7,66,1006.5,19.4,0.1
2021-08-10T11:00,32.5,59,1005.9,15.9,0.0
2021-08-10T12:00,33.7,55,1005.0,12.3,0.0
2021-08-10T13:00,34.3,53,1003.9,9.4,0.1
2021-08-10T14:00,34.1,54,1002.8,7.6,0.1
2021-08-10T15:00,33.8,56,1002.0,4.1,0.1
2021-08-10T16:00,33.5,57,1001.5,2.7,0.0
2021-08-10T17:00,32.2,65,1002.4,4.8,0.0
2021-08-10T18:00,30.5,77,1002.6,7.9,0.0
2021-08-10T19:00,29.4,80,1003.5,12.5,0.0
2021-08-10T20:00,29.0,76,1004.4,11.9,0.0
2021-08-10T21:00,29.0,80,1005.4,11.9,0.0
2021-08-10T22:00,29.1,81,1006.0,12.3,0.0
2021-08-10T23:00,29.0,80,1005.9,9.6,0.0
2021-08-11T00:00,28.6,78,1005.8,10.5,0.0
2021-08-11T01:00,28.3,75,1005.5,9.0,0.0
2021-08-11T02:00,27.2,83,1005.2,13.0,0.8
2021-08-11T03:00,26.9,85,1004.5,12.3,0.0
2021-08-11T04:00,26.7,85,1004.6,9.8,0.0
2021-08-11T05:00,27.6,76,1004.8,12.1,0.0
2021-08-11T06:00,28.2,72,1005.2,11.9,0.0
2021-08-11T07:00,29.5,66,1005.3,12.6,0.0
2021-08-11T08:00,30.9,62,1005.7,12.4,0.0
2021-08-11T09:00,32.2,57,1006.0,9.4,0.0
2021-08-11T10:00,33.2,55,1005.8,8.7,0.0
2021-08-11T11:00,34.2,53,1005.6,6.2,0.0
2021-08-11T12:00,33.9,56,1005.3,9.0,0.0
2021-08-11T13:00,32.0,66,1004.2,13.5,0.9
2021-08-11T14:00,31.7,63,1003.4,10.2,0.0
2021-08-11T15:00,32.5,61,1002.7,6.4,0.0
2021-08-11T16:00,31.8,67,1002.4,11.3,0.0
2021-08-11T17:00,31.5,70,1003.2,8.5,0.0
2021-08-11T18:00,30.5,77,1003.5,9.0,0.0
2021-08-11T19:00,30.0,79,1004.3,11.7,0.0
2021-08-11T20:00,30.0,76,1005.1,10.6,0.0
2021-08-11T21:00,29.8,75,1005.9,10.7,0.0
2021-08-11T22:00,29.2,74,1006.4,13.0,0.2
2021-08-11T23:00,27.7,82,1006.6,15.2,2.1
2021-08-12T00:00,27.3,86,1005.8,6.0,1.0
2021-08-12T01:00,26.8,89,1005.9,13.0,1.0
2021-08-12T02:00,26.7,90,1005.0,1.8,1.2
2021-08-12T03:00,26.5,91,1005.2,9.7,0.0
2021-08-12T04:00,26.4,92,1005.0,8.2,0.0
2021-08-12T05:00,27.7,76,1005.3,13.2,0.0
2021-08-12T06:00,27.9,77,1005.4,13.8,0.0
2021-08-12T07:00,28.9,74,1006.3,12.9,0.1
2021-08-12T08:00,30.1,67,1006.9,12.6,0.1
2021-08-12T09:00,31.1,62,1006.9,13.4,0.0
2021-08-12T10:00,31.6,61,1007.0,10.8,0.0
2021-08-12T11:00,32.2,59,1006.7,10.2,0.0
2021-08-12T12:00,32.8,59,1006.3,8.7,0.1
2021-08-12T13:00,32.4,62,1005.6,6.7,0.2
2021-08-12T14:00,31.3,69,1004.6,1.8,0.4
2021-08-12T15:00,31.1,71,1003.8,1.1,0.5
2021-08-12T16:00,30.7,73,1003.9,3.8,0.1
2021-08-12T17:00,29.4,77,1004.4,11.5,0.0
2021-08-12T18:00,29.3,79,1005.1,1.1,0.0
2021-08-12T19:00,29.3,78,1005.7,8.0,0.0
2021-08-12T20:00,28.9,77,1006.4,9.2,0.0
2021-08-12T21:00,28.6,78,1006.7,9.2,0.0
2021-08-12T22:00,28.3,79,1007.0,9.4,0.2
2021-08-12T23:00,27.7,83,1006.8,7.9,0.7
2021-08-13T00:00,27.1,88,1006.5,3.7,1.4
2021-08-13T01:00,26.7,93,1005.9,5.1,1.7
2021-08-13T02:00,26.4,94,1005.2,5.6,0.7
2021-08-13T03:00,26.2,93,1004.8,5.4,0.8
2021-08-13T04:00,26.1,91,1004.7,8.0,0.4
2021-08-13T05:00,26.2,91,1005.1,4.7,0.2
2021-08-13T06:00,26.1,90,1005.0,8.3,0.2
2021-08-13T07:00,26.6,86,1005.5,10.1,0.1
2021-08-13T08:00,27.4,81,1005.8,10.9,0.1
2021-08-13T09:00,28.8,73,1005.8,10.2,0.0
2021-08-13T10:00,30.0,68,1005.6,7.6,0.0
2021-08-13T11:00,31.6,62,1005.0,9.2,0.0
2021-08-13T12:00,32.3,62,1004.4,7.4,0.0
2021-08-13T13:00,32.1,64,1003.6,1.6,0.1
2021-08-13T14:00,31.2,70,1002.7,6.2,0.5
2021-08-13T15:00,29.6,79,1002.1,7.6,3.7
2021-08-13T16:00,29.5,78,1002.2,2.9,0.1
2021-08-13T17:00,29.3,77,1003.1,5.7,0.1
2021-08-13T18:00,28.7,83,1003.6,5.6,0.1
2021-08-13T19:00,28.2,87,1004.3,4.7,0.0
2021-08-13T20:00,28.0,87,1005.4,5.9,0.0
2021-08-13T21:00,27.6,87,1005.7,6.3,0.0
2021-08-13T22:00,27.5,85,1005.8,9.6,0.0
2021-08-13T23:00,27.3,82,1005.1,10.7,0.0
2021-08-14T00:00,27.0,81,1004.2,11.2,0.0
2021-08-14T01:00,26.7,81,1003.5,12.2,0.0
2021-08-14T02:00,26.6,79,1002.7,13.6,0.0
2021-08-14T03:00,26.6,78,1002.3,13.5,0.0
2021-08-14T04:00,26.7,78,1002.6,12.2,0.0
2021-08-14T05:00,27.3,72,1002.8,13.7,0.0
2021-08-14T06:00,27.6,72,1003.1,14.8,0.0
2021-08-14T07:00,28.5,71,1003.6,13.8,0.0
2021-08-14T08:00,29.6,67,1003.9,15.1,0.0
2021-08-14T09:00,30.7,62,1004.2,15.0,0.0
2021-08-14T10:00,31.9,58,1004.0,14.4,0.0
2021-08-14T11:00,32.8,55,1003.8,13.6,0.0
2021-08-14T12:00,33.4,54,1003.2,11.8,0.0
2021-08-14T13:00,33.6,55,1002.2,7.3,0.0
2021-08-14T14:00,33.0,56,1001.1,4.2,0.0
2021-08-14T15:00,31.4,69,1000.7,10.6,0.2
2021-08-14T16:00,30.1,76,1000.7,12.6,0.6
2021-08-14T17:00,30.3,72,1001.4,3.1,0.7
2021-08-14T18:00,29.3,78,1001.8,7.7,0.0
2021-08-14T19:00,28.8,83,1002.6,12.6,0.0
2021-08-14T20:00,28.2,80,1003.7,12.6,0.0
2021-08-14T21:00,28.3,75,1004.4,11.2,0.0
2021-08-14T22:00,28.1,74,1004.9,14.3,0.0
2021-08-14T23:00,28.0,74,1004.4,15.0,0.0
2021-08-15T00:00,27.7,74,1003.8,13.8,0.0
2021-08-15T01:00,27.6,74,1003.5,9.8,0.0
2021-08-15T02:00,27.5,73,1002.7,13.2,0.0
2021-08-15T03:00,27.6,68,1002.3,14.8,0.0
2021-08-15T04:00,27.6,67,1002.7,15.0,0.0
2021-08-15T05:00,27.4,67,1002.8,12.7,0.0
2021-08-15T06:00,27.3,70,1003.3,10.4,0.0
2021-08-15T07:00,27.7,71,1004.0,10.1,0.0
2021-08-15T08:00,28.9,67,1004.5,11.2,0.0
2021-08-15T09:00,29.9,61,1004.8,12.7,0.0
2021-08-15T10:00,31.0,57,1004.6,14.0,0.0
2021-08-15T11:00,32.0,53,1004.4,11.2,0.0
2021-08-15T12:00,32.8,50,1004.0,9.2,0.0
2021-08-15T13:00,32.9,49,1003.3,5.1,0.0
2021-08-15T14:00,32.6,54,1002.6,6.6,0.0
2021-08-15T15:00,31.0,64,1002.2,9.7,0.0
2021-08-15T16:00,30.2,70,1002.2,10.2,0.1
2021-08-15T17:00,30.2,63,1002.7,5.5,0.0
2021-08-15T18:00,29.3,67,1003.6,4.8,0.0
2021-08-15T19:00,28.5,67,1004.1,9.9,0.1
2021-08-15T20:00,27.6,71,1005.0,8.9,0.0
2021-08-15T21:00,27.1,75,1005.8,10.8,0.3
2021-08-15T22:00,26.5,81,1006.2,13.1,0.4
2021-08-15T23:00,26.0,88,1006.1,12.8,0.5
2021-08-16T00:00,25.9,88,1005.4,12.6,0.5
2021-08-16T01:00,25.9,85,1004.7,13.1,0.1
2021-08-16T02:00,25.9,85,1004.2,11.1,0.0
2021-08-16T03:00,25.8,84,1004.1,11.6,0.0
2021-08-16T04:00,25.8,84,1004.2,11.0,0.0
2021-08-16T05:00,26.1,81,1004.1,10.3,0.0
2021-08-16T06:00,26.5,80,1004.6,9.0,0.0
2021-08-16T07:00,27.2,78,1005.5,8.9,0.0
2021-08-16T08:00,28.4,73,1006.3,9.4,0.0
2021-08-16T09:00,29.0,70,1006.4,9.6,0.0
2021-08-16T10:00,29.9,63,1006.1,10.9,0.0
2021-08-16T11:00,31.0,59,1005.7,12.1,0.0
2021-08-16T12:00,31.8,56,1004.9,11.3,0.0
2021-08-16T13:00,32.6,53,1004.0,11.2,0.0
2021-08-16T14:00,33.0,53,1003.2,10.4,0.0
2021-08-16T15:00,32.9,52,1002.7,4.9,0.0
2021-08-16T16:00,32.1,56,1002.4,4.7,0.0
2021-08-16T17:00,29.0,73,1003.4,10.8,0.0
2021-08-16T18:00,28.5,76,1003.9,8.0,0.0
2021-08-16T19:00,28.3,79,1004.5,5.8,0.0
2021-08-16T20:00,28.1,82,1005.7,7.4,0.0
2021-08-16T21:00,28.0,84,1006.7,6.5,0.0
2021-08-16T22:00,28.0,85,1007.3,8.2,0.0
2021-08-16T23:00,27.7,86,1007.0,11.5,0.3
2021-08-17T00:00,26.9,90,1006.6,13.8,0.6
2021-08-17T01:00,26.8,89,1006.1,13.2,0.1
2021-08-17T02:00,26.4,89,1005.4,14.4,0.0
2021-08-17T03:00,26.3,88,1005.1,14.5,0.0
2021-08-17T04:00,26.1,89,1005.2,13.4,0.0
2021-08-17T05:00,26.6,83,1005.7,9.4,0.0
2021-08-17T06:00,26.7,83,1006.3,10.3,0.1
2021-08-17T07:00,27.2,80,1006.8,11.0,0.0
2021-08-17T08:00,28.3,75,1007.1,11.5,0.0
2021-08-17T09:00,30.1,66,1007.1,10.1,0.0
2021-08-17T10:00,31.1,61,1006.8,10.4,0.0
2021-08-17T11:00,32.0,58,1006.4,10.3,0.0
2021-08-17T12:00,32.6,55,1005.4,11.1,0.0
2021-08-17T13:00,32.6,53,1004.2,9.7,0.0
2021-08-17T14:00,32.8,51,1003.3,6.0,0.0
2021-08-17T15:00,32.6,52,1002.8,6.5,0.0
2021-08-17T16:00,31.3,71,1002.8,11.6,0.0
2021-08-17T17:00,29.6,73,1003.4,14.8,0.0
2021-08-17T18:00,28.8,77,1004.0,13.2,0.0
2021-08-17T19:00,28.8,82,1004.9,13.0,0.0
2021-08-17T20:00,28.7,84,1005.8,15.1,0.0
2021-08-17T21:00,28.6,85,1006.4,15.5,0.0
2021-08-17T22:00,28.3,87,1006.7,15.4,0.0
2021-08-17T23:00,28.0,88,1006.2,14.0,0.0
2021-08-18T00:00,27.8,85,1005.2,12.8,0.0
2021-08-18T01:00,27.7,84,1004.5,11.2,0.0
2021-08-18T02:00,27.4,84,1003.8,11.6,0.0
2021-08-18T03:00,27.4,82,1003.6,10.6,0.0
2021-08-18T04:00,27.4,80,1003.8,10.0,0.0
2021-08-18T05:00,27.0,79,1004.5,12.0,0.0
2021-08-18T06:00,26.8,79,1004.7,12.0,0.0
2021-08-18T07:00,27.7,76,1005.2,10.0,0.0
2021-08-18T08:00,29.1,70,1005.8,9.7,0.0
2021-08-18T09:00,30.4,65,1005.7,11.2,0.0
2021-08-18T10:00,32.1,58,1005.3,12.0,0.0
2021-08-18T11:00,33.0,55,1004.7,10.9,0.0
2021-08-18T12:00,33.5,53,1003.8,10.6,0.0
2021-08-18T13:00,32.5,66,1002.7,15.6,0.1
2021-08-18T14:00,31.8,71,1001.9,19.0,1.8
2021-08-18T15:00,30.4,72,1001.3,23.1,0.3
2021-08-18T16:00,30.7,70,1001.1,21.3,0.0
2021-08-18T17:00,30.2,73,1001.9,15.3,0.1
2021-08-18T18:00,29.5,76,1001.9,16.6,0.0
2021-08-18T19:00,28.9,80,1002.8,18.1,0.0
2021-08-18T20:00,28.7,81,1003.7,18.4,0.0
2021-08-18T21:00,28.7,80,1004.4,16.4,0.0
2021-08-18T22:00,28.8,76,1004.7,15.8,0.0
2021-08-18T23:00,28.7,73,1004.2,14.3,0.0
2021-08-19T00:00,28.4,70,1003.8,13.2,0.0
2021-08-19T01:00,28.1,70,1003.1,12.0,0.0
2021-08-19T02:00,27.9,70,1002.6,11.0,0.0
2021-08-19T03:00,27.8,70,1002.5,12.2,0.0
2021-08-19T04:00,28.1,67,1002.7,14.6,0.0
2021-08-19T05:00,27.8,66,1003.5,14.8,0.0
2021-08-19T06:00,27.9,66,1004.0,14.3,0.0
2021-08-19T07:00,28.4,67,1004.6,12.9,0.0
2021-08-19T08:00,29.7,61,1004.8,13.6,0.0
2021-08-19T09:00,31.0,57,1004.9,13.3,0.0
2021-08-19T10:00,32.1,55,1004.9,10.9,0.0
2021-08-19T11:00,32.8,53,1004.3,8.6,0.0
2021-08-19T12:00,33.3,51,1003.6,7.5,0.0
2021-08-19T13:00,33.4,52,1002.5,7.9,0.0
2021-08-19T14:00,33.0,58,1001.5,8.4,0.0
2021-08-19T15:00,31.4,71,1001.2,12.7,0.7
2021-08-19T16:00,29.1,76,1001.6,11.8,2.6
2021-08-19T17:00,30.1,78,1001.6,11.7,0.0
2021-08-19T18:00,29.1,81,1002.1,13.4,0.0
2021-08-19T19:00,29.0,78,1002.6,13.7,0.0
2021-08-19T20:00,28.8,82,1003.7,13.4,0.0
2021-08-19T21:00,28.8,81,1004.7,15.2,0.0
2021-08-19T22:00,28.8,80,1005.3,14.3,0.0
2021-08-19T23:00,27.5,89,1005.2,14.4,1.9
2021-08-20T00:00,27.2,86,1004.5,18.1,0.0
2021-08-20T01:00,26.7,87,1004.0,11.0,0.1
2021-08-20T02:00,26.3,92,1003.7,3.9,0.5
2021-08-20T03:00,25.9,95,1003.7,9.3,1.0
2021-08-20T04:00,25.2,91,1004.1,15.6,0.1
2021-08-20T05:00,25.9,93,1003.9,8.7,0.1
2021-08-20T06:00,25.9,91,1004.4,9.0,0.0
2021-08-20T07:00,26.6,85,1005.2,8.0,0.0
2021-08-20T08:00,28.1,77,1006.1,6.9,0.0
2021-08-20T09:00,29.8,70,1006.4,7.9,0.0
2021-08-20T10:00,31.0,64,1006.3,7.5,0.1
2021-08-20T11:00,31.9,61,1005.6,6.4,0.0
2021-08-20T12:00,31.9,61,1004.7,6.1,0.0
2021-08-20T13:00,31.6,68,1003.7,9.5,0.1
2021-08-20T14:00,30.4,74,1003.0,13.4,2.7
2021-08-20T15:00,30.1,75,1002.3,13.8,0.0
2021-08-20T16:00,30.3,73,1001.8,13.7,0.0
2021-08-20T17:00,28.7,77,1003.1,11.3,0.0
2021-08-20T18:00,28.1,80,1003.6,10.6,0.0
2021-08-20T19:00,28.1,81,1004.5,12.4,0.0
2021-08-20T20:00,28.0,81,1005.2,11.8,0.0
2021-08-20T21:00,27.9,82,1006.1,12.4,0.0
2021-08-20T22:00,27.9,81,1006.5,11.0,0.0
2021-08-20T23:00,27.8,83,1006.6,8.8,0.0
2021-08-21T00:00,27.6,84,1006.3,9.4,0.1
2021-08-21T01:00,27.4,86,1006.0,8.8,0.1
2021-08-21T02:00,26.9,89,1005.4,7.4,0.1
2021-08-21T03:00,26.6,91,1005.2,9.0,0.2
2021-08-21T04:00,26.2,93,1005.1,7.4,0.2
2021-08-21T05:00,26.0,92,1006.1,16.1,0.5
2021-08-21T06:00,25.6,88,1007.1,15.7,0.1
2021-08-21T07:00,26.2,87,1007.5,10.8,0.1
2021-08-21T08:00,27.0,82,1008.2,14.4,0.0
2021-08-21T09:00,28.4,75,1008.7,13.8,0.0
2021-08-21T10:00,29.2,72,1008.5,14.7,0.0
2021-08-21T11:00,29.8,70,1008.2,15.5,0.1
2021-08-21T12:00,29.8,71,1007.4,14.3,0.1
2021-08-21T13:00,30.2,70,1005.9,13.4,0.1
2021-08-21T14:00,29.6,74,1005.3,17.6,1.7
2021-08-21T15:00,29.5,75,1004.8,17.8,0.0
2021-08-21T16:00,29.0,77,1004.2,17.7,0.0
2021-08-21T17:00,29.2,74,1005.1,10.4,0.0
2021-08-21T18:00,28.5,79,1006.0,11.2,0.0
2021-08-21T19:00,28.0,78,1006.9,10.6,0.0
2021-08-21T20:00,27.5,79,1007.9,9.9,0.0
2021-08-21T21:00,27.2,80,1008.7,10.6,0.0
2021-08-21T22:00,26.9,82,1008.6,10.1,0.0
2021-08-21T23:00,26.5,85,1008.2,9.6,0.0
2021-08-22T00:00,26.2,87,1007.6,9.7,0.0
2021-08-22T01:00,25.8,89,1007.1,8.9,0.0
2021-08-22T02:00,25.4,89,1006.3,9.2,0.0
2021-08-22T03:00,25.3,88,1005.9,8.9,0.0
2021-08-22T04:00,25.2,88,1006.3,8.6,0.0
2021-08-22T05:00,24.8,92,1006.4,4.8,0.0
2021-08-22T06:00,25.4,89,1006.9,5.9,0.0
2021-08-22T07:00,26.7,82,1007.6,5.1,0.0
2021-08-22T08:00,28.3,75,1008.2,5.5,0.0
2021-08-22T09:00,29.6,71,1008.3,7.3,0.0
2021-08-22T10:00,30.3,68,1008.4,10.5,0.0
2021-08-22T11:00,30.6,65,1007.7,13.0,0.0
2021-08-22T12:00,30.6,65,1006.7,12.4,0.0
2021-08-22T13:00,30.5,67,1005.3,13.9,0.0
2021-08-22T14:00,30.2,70,1004.6,17.3,0.0
2021-08-22T15:00,29.6,73,1004.4,20.4,0.0
2021-08-22T16:00,29.1,75,1004.1,19.3,0.2
2021-08-22T17:00,28.9,75,1004.3,16.6,0.0
2021-08-22T18:00,28.1,79,1005.2,15.4,0.0
2021-08-22T19:00,27.8,82,1006.3,15.3,0.0
2021-08-22T20:00,27.7,84,1007.1,16.0,0.0
2021-08-22T21:00,27.6,84,1008.0,14.8,0.0
2021-08-22T22:00,27.5,84,1008.1,13.5,0.0
2021-08-22T23:00,27.4,85,1007.9,13.7,0.0
2021-08-23T00:00,27.3,86,1007.1,13.5,0.0
2021-08-23T01:00,26.8,87,1006.8,12.6,0.0
2021-08-23T02:00,26.6,88,1005.9,8.7,0.0
2021-08-23T03:00,25.9,92,1005.9,8.9,0.0
2021-08-23T04:00,25.9,92,1005.8,4.9,0.0
2021-08-23T05:00,25.6,92,1006.4,8.1,0.0
2021-08-23T06:00,25.9,90,1006.9,8.4,0.0
2021-08-23T07:00,26.8,82,1007.7,10.0,0.0
2021-08-23T08:00,27.9,76,1008.4,9.7,0.0
2021-08-23T09:00,29.1,71,1008.6,11.0,0.0
2021-08-23T10:00,30.0,67,1008.3,11.3,0.0
2021-08-23T11:00,30.6,67,1007.8,14.2,0.0
2021-08-23T12:00,30.8,68,1006.6,16.6,0.0
2021-08-23T13:00,30.6,68,1005.3,18.5,0.0
2021-08-23T14:00,30.2,69,1004.2,21.5,0.0
2021-08-23T15:00,30.0,69,1003.8,22.6,0.0
2021-08-23T16:00,28.9,75,1003.6,21.7,0.0
2021-08-23T17:00,28.8,78,1004.0,18.7,0.0
2021-08-23T18:00,27.9,81,1004.5,18.5,0.0
2021-08-23T19:00,27.8,82,1005.2,18.4,0.0
2021-08-23T20:00,27.6,84,1006.0,15.5,0.0
2021-08-23T21:00,27.4,85,1006.9,13.0,0.0
2021-08-23T22:00,27.2,86,1007.3,11.5,0.0
2021-08-23T23:00,27.1,86,1007.2,11.6,0.0
2021-08-24T00:00,27.0,87,1006.9,11.0,0.0
2021-08-24T01:00,26.8,88,1006.3,10.3,0.0
2021-08-24T02:00,26.5,89,1005.4,8.9,0.0
2021-08-24T03:00,26.3,88,1005.4,10.1,0.0
2021-08-24T04:00,26.2,87,1005.7,9.2,0.0
2021-08-24T05:00,26.7,86,1006.1,10.9,0.0
2021-08-24T06:00,27.0,85,1006.4,11.6,0.0
2021-08-24T07:00,27.7,80,1007.1,13.5,0.0
2021-08-24T08:00,28.5,76,1007.7,15.0,0.0
2021-08-24T09:00,29.8,70,1007.9,15.8,0.0
2021-08-24T10:00,30.9,66,1007.6,13.1,0.0
2021-08-24T11:00,31.7,65,1006.9,12.2,0.1
2021-08-24T12:00,32.1,64,1005.7,13.8,0.0
2021-08-24T13:00,31.5,70,1004.5,17.9,0.0
2021-08-24T14:00,30.9,74,1003.4,18.4,0.2
2021-08-24T15:00,29.9,76,1002.8,18.7,0.2
2021-08-24T16:00,29.7,76,1002.3,19.6,0.1
2021-08-24T17:00,29.6,75,1002.7,18.1,0.0
2021-08-24T18:00,29.0,80,1003.2,16.9,0.0
2021-08-24T19:00,28.7,80,1004.1,15.9,0.0
2021-08-24T20:00,28.5,84,1005.0,16.6,0.0
2021-08-24T21:00,28.5,85,1005.8,16.6,0.0
2021-08-24T22:00,28.4,86,1006.3,15.9,0.0
2021-08-24T23:00,28.3,85,1006.1,15.7,0.0
2021-08-25T00:00,27.9,84,1005.8,14.0,0.0
2021-08-25T01:00,27.7,80,1005.4,11.8,0.1
2021-08-25T02:00,27.3,79,1005.0,10.7,0.3
2021-08-25T03:00,26.8,81,1004.9,11.2,0.3
2021-08-25T04:00,26.4,83,1004.8,13.2,0.1
2021-08-25T05:00,26.5,79,1005.2,10.7,0.0
2021-08-25T06:00,26.6,80,1005.8,10.7,0.1
2021-08-25T07:00,27.5,79,1006.3,10.9,0.0
2021-08-25T08:00,28.9,73,1006.7,10.9,0.0
2021-08-25T09:00,30.4,64,1006.7,11.6,0.0
2021-08-25T10:00,31.4,59,1006.0,10.7,0.0
2021-08-25T11:00,32.6,57,1005.5,8.5,0.0
2021-08-25T12:00,33.4,54,1004.3,6.8,0.0
2021-08-25T13:00,33.5,56,1002.9,3.9,0.0
2021-08-25T14:00,31.1,72,1002.0,12.8,1.4
2021-08-25T15:00,29.8,77,1001.6,15.9,0.1
2021-08-25T16:00,30.1,71,1001.2,17.3,0.0
2021-08-25T17:00,29.9,74,1001.4,14.8,0.0
2021-08-25T18:00,29.1,79,1002.0,17.2,0.0
2021-08-25T19:00,29.0,79,1002.8,16.7,0.0
2021-08-25T20:00,28.8,82,1003.6,17.0,0.0
2021-08-25T21:00,28.2,84,1004.8,13.8,0.7
2021-08-25T22:00,27.2,88,1006.0,11.2,3.4
2021-08-25T23:00,26.7,91,1005.4,7.5,0.1
2021-08-26T00:00,26.4,93,1004.3,6.4,0.0
2021-08-26T01:00,26.0,93,1004.1,9.8,0.7
2021-08-26T02:00,25.7,91,1003.4,6.8,0.4
2021-08-26T03:00,25.6,90,1002.9,8.2,0.0
2021-08-26T04:00,25.5,90,1002.8,7.1,0.0
2021-08-26T05:00,25.8,90,1003.3,9.4,0.0
2021-08-26T06:00,26.2,88,1003.9,10.3,0.0
2021-08-26T07:00,27.3,82,1004.3,8.6,0.0
2021-08-26T08:00,28.7,75,1004.6,7.9,0.0
2021-08-26T09:00,30.2,67,1004.5,8.0,0.0
2021-08-26T10:00,31.3,63,1004.4,4.3,0.0
2021-08-26T11:00,32.1,61,1004.1,0.5,0.0
2021-08-26T12:00,32.3,61,1003.0,4.1,0.0
2021-08-26T13:00,31.7,70,1002.1,8.7,0.8
2021-08-26T14:00,30.6,75,1001.0,10.2,1.9
2021-08-26T15:00,30.8,71,1000.5,10.1,0.0
2021-08-26T16:00,30.6,72,1000.1,11.8,0.0
2021-08-26T17:00,29.6,77,1001.1,12.1,0.0
2021-08-26T18:00,28.9,80,1002.0,9.3,0.0
2021-08-26T19:00,28.7,83,1002.8,7.3,0.0
2021-08-26T20:00,28.5,85,1003.5,7.9,0.0
2021-08-26T21:00,28.4,87,1004.6,9.7,0.0
2021-08-26T22:00,28.4,86,1004.7,10.1,0.1
2021-08-26T23:00,26.7,92,1004.9,10.8,6.8
2021-08-27T00:00,26.6,94,1004.0,6.0,0.4
2021-08-27T01:00,26.6,95,1003.1,5.6,0.1
2021-08-27T02:00,26.5,95,1002.1,8.2,0.0
2021-08-27T03:00,26.6,95,1001.9,8.9,0.0
2021-08-27T04:00,26.4,96,1002.3,8.0,0.0
2021-08-27T05:00,25.7,94,1002.3,8.1,0.0
2021-08-27T06:00,25.9,91,1003.0,10.0,0.0
2021-08-27T07:00,26.7,88,1004.1,12.7,0.1
2021-08-27T08:00,28.0,82,1004.4,13.7,0.2
2021-08-27T09:00,29.4,74,1004.5,13.2,0.0
2021-08-27T10:00,31.0,67,1003.8,12.5,0.0
2021-08-27T11:00,32.2,63,1003.3,9.0,0.0
2021-08-27T12:00,32.7,63,1002.4,8.7,0.1
2021-08-27T13:00,32.7,66,1001.4,5.0,0.1
2021-08-27T14:00,30.7,73,1000.5,9.4,2.8
2021-08-27T15:00,29.7,78,1000.5,5.6,0.0
2021-08-27T16:00,29.3,81,1000.6,9.3,0.2
2021-08-27T17:00,28.2,84,1001.4,3.6,1.3
2021-08-27T18:00,27.6,91,1001.8,6.9,0.1
2021-08-27T19:00,27.2,93,1002.0,7.7,0.0
2021-08-27T20:00,27.1,93,1002.7,4.7,0.0
2021-08-27T21:00,27.0,93,1003.2,6.9,0.0
2021-08-27T22:00,26.5,93,1003.7,8.1,1.6
2021-08-27T23:00,26.3,94,1003.7,10.9,4.8
2021-08-28T00:00,26.1,95,1002.8,9.4,0.4
2021-08-28T01:00,25.8,95,1002.0,8.6,0.8
2021-08-28T02:00,25.7,95,1001.2,7.3,0.4
2021-08-28T03:00,25.7,95,1000.7,7.6,0.2
2021-08-28T04:00,25.7,94,1001.1,6.8,0.9
2021-08-28T05:00,25.3,93,1001.7,9.8,1.0
2021-08-28T06:00,25.2,94,1002.1,10.5,0.9
2021-08-28T07:00,25.7,93,1002.8,8.2,1.4
2021-08-28T08:00,26.1,92,1003.0,10.5,0.7
2021-08-28T09:00,26.5,91,1003.2,13.0,0.6
2021-08-28T10:00,27.1,86,1002.9,14.1,0.9
2021-08-28T11:00,28.0,83,1002.5,14.8,1.0
2021-08-28T12:00,29.4,75,1001.8,14.5,0.2
2021-08-28T13:00,29.4,77,1000.9,10.9,0.3
2021-08-28T14:00,29.3,79,1000.0,7.2,0.5
2021-08-28T15:00,29.7,77,999.6,7.9,0.4
2021-08-28T16:00,29.1,77,999.6,7.9,1.3
2021-08-28T17:00,29.3,74,999.3,4.3,0.1
2021-08-28T18:00,28.1,85,1000.0,4.8,0.0
2021-08-28T19:00,27.9,85,1000.9,3.9,0.5
2021-08-28T20:00,27.1,90,1001.9,8.4,2.4
2021-08-28T21:00,26.4,92,1002.8,12.2,1.9
2021-08-28T22:00,26.0,93,1003.3,9.4,5.8
2021-08-28T23:00,25.5,93,1002.8,12.6,4.8
2021-08-29T00:00,25.3,94,1001.9,12.6,4.5
2021-08-29T01:00,25.4,92,1000.9,11.4,8.7
2021-08-29T02:00,25.2,93,1000.3,8.8,8.1
2021-08-29T03:00,25.2,93,999.9,6.3,3.0
2021-08-29T04:00,25.2,93,999.9,7.4,1.6
2021-08-29T05:00,25.1,93,1000.4,9.4,0.7
2021-08-29T06:00,25.2,91,1000.9,11.6,0.6
2021-08-29T07:00,25.5,91,1001.6,12.7,0.9
2021-08-29T08:00,25.5,91,1002.2,13.7,1.2
2021-08-29T09:00,25.8,90,1002.3,13.2,0.7
2021-08-29T10:00,26.9,85,1002.5,11.5,0.3
2021-08-29T11:00,28.5,77,1001.9,12.6,0.2
2021-08-29T12:00,29.5,73,1001.1,13.4,0.2
2021-08-29T13:00,29.3,73,1000.5,16.0,0.1
2021-08-29T14:00,29.3,73,999.9,9.5,0.1
2021-08-29T15:00,29.0,74,999.4,3.4,0.0
2021-08-29T16:00,27.9,78,999.9,12.6,0.1
2021-08-29T17:00,28.6,84,999.2,7.5,0.9
2021-08-29T18:00,27.6,90,999.9,10.5,0.3
2021-08-29T19:00,27.0,93,1001.1,11.9,0.6
2021-08-29T20:00,26.9,93,1002.3,10.2,0.7
2021-08-29T21:00,26.8,92,1002.7,10.6,0.9
2021-08-29T22:00,26.5,92,1003.2,11.7,0.5
2021-08-29T23:00,26.2,93,1002.7,12.9,0.2
2021-08-30T00:00,26.0,92,1002.1,12.1,0.1
2021-08-30T01:00,25.9,90,1001.9,12.0,0.2
2021-08-30T02:00,25.7,90,1001.2,11.3,0.2
2021-08-30T03:00,25.6,91,1001.0,11.1,0.1
2021-08-30T04:00,25.6,90,1001.3,12.7,0.0
2021-08-30T05:00,25.5,89,1001.2,11.7,0.0
2021-08-30T06:00,25.9,87,1001.8,11.7,0.0
2021-08-30T07:00,26.9,84,1002.7,11.9,0.0
2021-08-30T08:00,28.0,78,1003.5,11.2,0.0
2021-08-30T09:00,29.5,69,1003.7,12.4,0.0
2021-08-30T10:00,30.6,64,1003.5,13.0,0.0
2021-08-30T11:00,31.7,61,1003.2,12.8,0.0
2021-08-30T12:00,32.3,59,1002.1,14.0,0.0
2021-08-30T13:00,32.4,57,1000.9,12.5,0.0
2021-08-30T14:00,31.7,58,1000.2,9.7,0.0
2021-08-30T15:00,31.4,58,999.9,1.4,0.0
2021-08-30T16:00,30.1,71,999.9,9.2,0.0
2021-08-30T17:00,28.8,77,1000.7,9.9,0.0
2021-08-30T18:00,28.2,80,1001.5,10.6,0.0
2021-08-30T19:00,28.0,83,1002.5,10.5,0.0
2021-08-30T20:00,27.9,84,1003.4,9.8,0.0
2021-08-30T21:00,27.6,84,1004.2,10.5,0.0
2021-08-30T22:00,27.6,82,1004.4,12.1,0.0
2021-08-30T23:00,27.4,82,1004.2,12.3,0.0
2021-08-31T00:00,27.0,84,1003.2,11.5,0.0
2021-08-31T01:00,26.7,83,1002.9,9.4,0.0
2021-08-31T02:00,26.3,85,1002.9,6.4,0.6
2021-08-31T03:00,25.9,88,1002.7,3.3,0.5
2021-08-31T04:00,25.5,91,1002.9,5.4,0.0
2021-08-31T05:00,26.5,90,1002.8,8.4,0.0
2021-08-31T06:00,26.6,87,1003.3,9.3,0.0
2021-08-31T07:00,27.4,81,1004.3,10.2,0.0
2021-08-31T08:00,28.4,76,1005.0,10.7,0.0
2021-08-31T09:00,29.8,69,1005.0,11.5,0.0
2021-08-31T10:00,30.7,64,1005.0,10.1,0.0
2021-08-31T11:00,31.2,61,1004.7,6.0,0.1
2021-08-31T12:00,31.5,60,1003.9,3.6,0.3
2021-08-31T13:00,31.3,64,1003.1,6.6,0.1
2021-08-31T14:00,30.6,70,1002.4,9.0,0.2
2021-08-31T15:00,30.1,72,1002.2,10.2,0.0
2021-08-31T16:00,29.6,72,1002.2,9.8,0.0
2021-08-31T17:00,29.4,73,1002.8,8.5,0.0
2021-08-31T18:00,28.7,78,1003.5,7.6,0.0
2021-08-31T19:00,28.4,81,1004.0,8.5,0.0
2021-08-31T20:00,28.3,85,1004.8,9.2,0.0
2021-08-31T21:00,28.1,85,1005.5,10.2,0.0
2021-08-31T22:00,28.0,86,1005.9,9.4,0.0
2021-08-31T23:00,27.9,88,1005.8,10.1,0.0
2021-09-01T00:00,27.6,89,1005.4,10.7,0.0
2021-09-01T01:00,27.2,92,1005.0,8.2,0.0
2021-09-01T02:00,27.0,93,1004.5,7.9,0.0
2021-09-01T03:00,26.8,93,1004.5,7.6,0.0
2021-09-01T04:00,26.7,92,1004.5,7.7,0.0
2021-09-01T05:00,26.6,92,1005.0,6.8,0.0
2021-09-01T06:00,26.8,91,1005.5,6.6,0.0
2021-09-01T07:00,27.5,86,1006.2,5.4,0.0
2021-09-01T08:00,28.0,82,1006.7,5.2,0.0
2021-09-01T09:00,28.6,78,1006.9,5.1,0.0
2021-09-01T10:00,29.3,76,1006.4,5.1,0.0
2021-09-01T11:00,30.1,74,1006.1,4.4,0.0
2021-09-01T12:00,30.4,75,1005.3,6.6,0.1
2021-09-01T13:00,30.4,75,1004.1,7.5,0.1
2021-09-01T14:00,29.8,77,1003.5,8.1,0.2
2021-09-01T15:00,29.5,78,1003.1,3.0,0.0
2021-09-01T16:00,29.4,79,1002.8,5.6,0.0
2021-09-01T17:00,28.9,80,1003.4,6.9,0.0
2021-09-01T18:00,28.1,83,1004.0,6.1,0.0
2021-09-01T19:00,28.0,84,1004.8,6.1,0.0
2021-09-01T20:00,27.7,86,1005.5,5.6,0.0
2021-09-01T21:00,27.2,90,1006.3,4.5,0.0
2021-09-01T22:00,27.5,89,1006.9,5.8,0.0
2021-09-01T23:00,27.5,89,1006.5,6.6,0.0
2021-09-02T00:00,27.1,92,1005.8,4.7,0.0
2021-09-02T01:00,26.7,95,1004.7,3.8,0.2
2021-09-02T02:00,26.2,91,1004.0,10.3,6.8
2021-09-02T03:00,25.7,91,1004.7,10.9,7.9
2021-09-02T04:00,25.5,93,1004.8,13.1,2.4
2021-09-02T05:00,26.0,94,1005.0,9.7,0.5
2021-09-02T06:00,25.7,92,1005.5,12.2,0.0
2021-09-02T07:00,26.1,88,1006.2,8.8,0.0
2021-09-02T08:00,27.2,84,1006.6,7.6,0.0
2021-09-02T09:00,28.4,79,1006.5,7.5,0.0
2021-09-02T10:00,29.8,72,1006.2,7.8,0.1
2021-09-02T11:00,30.6,70,1005.8,5.8,0.2
2021-09-02T12:00,30.7,70,1004.8,4.9,0.2
2021-09-02T13:00,30.3,72,1003.8,6.7,0.3
2021-09-02T14:00,29.2,78,1002.8,9.2,2.5
2021-09-02T15:00,29.3,78,1002.3,9.8,0.0
2021-09-02T16:00,28.8,80,1002.1,9.2,0.0
2021-09-02T17:00,28.4,83,1002.5,5.4,0.0
2021-09-02T18:00,27.4,89,1003.0,7.8,0.0
2021-09-02T19:00,27.1,88,1004.1,10.0,0.0
2021-09-02T20:00,27.2,88,1005.1,10.1,0.0
2021-09-02T21:00,27.2,88,1005.9,10.4,0.0
2021-09-02T22:00,26.7,92,1006.1,13.3,1.0
2021-09-02T23:00,25.8,95,1005.9,13.1,4.6
2021-09-03T00:00,26.0,93,1004.8,12.6,2.8
2021-09-03T01:00,25.2,94,1004.6,18.8,4.2
2021-09-03T02:00,24.8,94,1003.6,16.1,2.4
2021-09-03T03:00,24.6,95,1003.2,15.4,0.4
2021-09-03T04:00,24.7,95,1003.1,11.1,0.5
2021-09-03T05:00,24.8,93,1003.2,14.0,0.1
2021-09-03T06:00,25.3,91,1003.8,13.6,0.0
2021-09-03T07:00,26.2,88,1004.8,11.2,0.0
2021-09-03T08:00,27.8,79,1005.5,11.2,0.0
2021-09-03T09:00,29.2,73,1005.5,9.8,0.0
2021-09-03T10:00,30.2,70,1005.2,10.2,0.1
2021-09-03T11:00,30.3,71,1004.6,8.4,0.1
2021-09-03T12:00,29.9,73,1003.3,6.6,0.2
2021-09-03T13:00,30.3,73,1002.4,5.7,0.3
2021-09-03T14:00,30.4,74,1001.4,2.7,0.3
2021-09-03T15:00,29.4,77,1000.7,8.2,3.2
2021-09-03T16:00,27.5,86,1000.8,11.9,3.0
2021-09-03T17:00,28.4,82,1001.5,5.2,0.1
2021-09-03T18:00,27.6,86,1002.3,7.2,0.0
2021-09-03T19:00,27.7,85,1003.5,7.4,0.0
2021-09-03T20:00,27.8,85,1004.4,8.7,0.0
2021-09-03T21:00,27.3,88,1005.2,11.3,0.2
2021-09-03T22:00,26.5,93,1005.7,12.6,1.4
2021-09-03T23:00,26.2,94,1005.4,10.4,0.5
2021-09-04T00:00,26.1,93,1004.4,10.7,0.8
2021-09-04T01:00,25.6,93,1003.9,12.3,0.6
2021-09-04T02:00,25.4,92,1003.1,13.0,0.6
2021-09-04T03:00,25.2,93,1002.9,12.9,0.7
2021-09-04T04:00,25.0,93,1003.1,11.6,0.8
2021-09-04T05:00,25.0,91,1003.3,10.4,1.0
2021-09-04T06:00,25.1,92,1003.9,9.1,0.2
2021-09-04T07:00,25.6,90,1004.7,9.4,0.5
2021-09-04T08:00,26.1,91,1005.4,10.0,1.0
2021-09-04T09:00,26.4,91,1005.6,10.5,0.5
2021-09-04T10:00,27.4,85,1005.5,11.4,0.5
2021-09-04T11:00,28.5,79,1004.6,12.4,0.3
2021-09-04T12:00,29.2,73,1004.2,12.8,0.3
2021-09-04T13:00,28.9,77,1003.4,7.4,0.4
2021-09-04T14:00,28.3,84,1002.2,5.7,0.7
2021-09-04T15:00,28.5,82,1001.6,10.2,0.3
2021-09-04T16:00,28.1,85,1001.5,12.6,0.1
2021-09-04T17:00,27.1,87,1002.3,11.5,0.5
2021-09-04T18:00,26.8,89,1002.9,10.5,0.0
2021-09-04T19:00,26.6,89,1003.6,10.4,0.1
2021-09-04T20:00,26.4,90,1004.3,11.9,0.2
2021-09-04T21:00,26.1,91,1005.4,12.8,0.6
2021-09-04T22:00,26.0,91,1005.7,13.7,1.0
2021-09-04T23:00,25.9,91,1005.0,13.8,0.8
2021-09-05T00:00,25.8,91,1004.0,14.5,0.2
2021-09-05T01:00,25.7,91,1003.3,14.8,0.0
2021-09-05T02:00,25.5,91,1002.9,14.8,0.0
2021-09-05T03:00,25.3,91,1002.6,14.4,0.4
2021-09-05T04:00,25.3,90,1002.6,13.3,0.0
2021-09-05T05:00,25.1,91,1003.0,14.3,0.0
2021-09-05T06:00,25.4,90,1003.3,13.5,0.1
2021-09-05T07:00,26.3,88,1004.1,12.8,0.1
2021-09-05T08:00,27.7,81,1004.7,14.4,0.0
2021-09-05T09:00,29.0,74,1004.8,14.7,0.0
2021-09-05T10:00,30.0,68,1004.8,14.0,0.0
2021-09-05T11:00,30.8,64,1004.2,12.7,0.0
2021-09-05T12:00,31.1,66,1003.4,13.8,0.0
2021-09-05T13:00,31.0,68,1002.6,10.7,0.2
2021-09-05T14:00,30.4,71,1001.9,11.8,1.1
2021-09-05T15:00,29.7,74,1001.4,9.4,0.1
2021-09-05T16:00,28.3,81,1001.9,7.8,6.0
2021-09-05T17:00,28.5,87,1001.5,9.1,2.0
2021-09-05T18:00,27.9,86,1002.1,11.5,0.1
2021-09-05T19:00,27.5,87,1002.9,11.2,0.1
2021-09-05T20:00,27.1,88,1003.8,10.7,0.0
2021-09-05T21:00,26.9,90,1004.2,9.4,0.0
2021-09-05T22:00,26.7,90,1004.5,9.6,0.0
2021-09-05T23:00,26.8,86,1004.3,13.4,0.0
2021-09-06T00:00,26.8,83,1003.4,15.7,0.0
2021-09-06T01:00,26.5,83,1002.7,16.4,0.0
2021-09-06T02:00,26.5,81,1002.1,17.2,0.0
2021-09-06T03:00,26.4,79,1001.7,15.5,0.0
2021-09-06T04:00,26.0,80,1002.2,11.9,0.0
2021-09-06T05:00,25.6,83,1002.8,14.3,0.0
2021-09-06T06:00,25.7,83,1003.1,15.5,0.0
2021-09-06T07:00,26.4,82,1003.9,15.5,0.0
2021-09-06T08:00,27.6,77,1004.5,16.5,0.0
2021-09-06T09:00,28.2,74,1004.6,18.3,0.0
2021-09-06T10:00,28.4,73,1004.5,15.8,0.0
2021-09-06T11:00,28.8,73,1004.2,13.4,0.0
2021-09-06T12:00,28.9,74,1003.3,11.9,0.0
2021-09-06T13:00,29.3,72,1002.3,12.4,0.0
2021-09-06T14:00,29.5,71,1001.5,10.5,0.0
2021-09-06T15:00,30.1,70,1000.6,7.9,0.0
2021-09-06T16:00,29.3,74,1001.1,13.3,1.1
2021-09-06T17:00,29.0,76,1001.0,9.7,0.8
2021-09-06T18:00,28.2,78,1001.7,9.2,0.0
2021-09-06T19:00,27.9,79,1002.4,8.5,0.0
2021-09-06T20:00,28.0,76,1003.4,12.3,0.0
2021-09-06T21:00,27.7,74,1004.5,15.0,0.0
2021-09-06T22:00,27.6,73,1005.1,14.8,0.0
2021-09-06T23:00,27.7,72,1004.5,16.6,0.0
2021-09-07T00:00,27.7,72,1003.9,15.1,0.0
2021-09-07T01:00,27.6,72,1003.3,16.5,0.0
2021-09-07T02:00,27.5,71,1002.5,16.1,0.0
2021-09-07T03:00,27.2,72,1002.4,14.8,0.0
2021-09-07T04:00,27.1,72,1002.7,14.3,0.0
2021-09-07T05:00,26.9,70,1003.2,14.7,0.0
2021-09-07T06:00,26.9,71,1003.4,15.0,0.0
2021-09-07T07:00,27.4,72,1004.3,15.9,0.0
2021-09-07T08:00,28.4,71,1005.1,15.0,0.0
2021-09-07T09:00,29.6,66,1005.3,16.4,0.0
2021-09-07T10:00,30.8,61,1005.0,16.9,0.0
2021-09-07T11:00,31.7,58,1004.4,15.3,0.0
2021-09-07T12:00,32.5,56,1003.7,18.7,0.0
2021-09-07T13:00,32.5,56,1002.6,18.5,0.0
2021-09-07T14:00,32.5,56,1001.4,15.6,0.0
2021-09-07T15:00,31.7,62,1000.9,15.2,0.0
2021-09-07T16:00,30.4,76,1000.9,16.6,0.0
2021-09-07T17:00,29.7,78,1001.3,17.1,0.0
2021-09-07T18:00,28.9,76,1001.7,19.5,0.0
2021-09-07T19:00,28.6,78,1002.6,17.2,0.0
2021-09-07T20:00,28.4,79,1003.8,12.9,0.0
2021-09-07T21:00,28.1,81,1004.7,10.2,0.0
2021-09-07T22:00,28.0,82,1005.5,12.3,0.0
2021-09-07T23:00,27.9,84,1005.6,13.9,0.0
2021-09-08T00:00,27.6,84,1005.1,13.3,0.0
2021-09-08T01:00,27.2,84,1004.5,11.8,0.0
2021-09-08T02:00,26.7,83,1004.4,10.0,0.0
2021-09-08T03:00,26.6,82,1004.3,9.2,0.0
2021-09-08T04:00,26.5,82,1004.3,9.9,0.0
2021-09-08T05:00,25.9,84,1004.8,8.9,0.0
2021-09-08T06:00,26.3,82,1005.5,9.3,0.0
2021-09-08T07:00,27.2,80,1006.2,9.0,0.0
2021-09-08T08:00,28.6,73,1006.8,10.5,0.0
2021-09-08T09:00,30.1,65,1006.9,12.9,0.0
2021-09-08T10:00,31.4,61,1006.6,14.1,0.0
2021-09-08T11:00,32.3,58,1006.0,14.1,0.0
2021-09-08T12:00,32.9,56,1004.8,13.8,0.0
2021-09-08T13:00,32.6,59,1003.7,13.6,0.1
2021-09-08T14:00,31.0,75,1002.8,16.3,0.0
2021-09-08T15:00,30.1,76,1002.5,17.7,0.0
2021-09-08T16:00,29.7,76,1002.7,18.2,0.0
2021-09-08T17:00,28.9,79,1003.3,16.2,0.1
2021-09-08T18:00,28.4,79,1003.9,17.2,0.0
2021-09-08T19:00,28.3,83,1004.7,16.5,0.0
2021-09-08T20:00,28.3,84,1005.8,15.6,0.0
2021-09-08T21:00,28.3,86,1006.8,14.0,0.0
2021-09-08T22:00,28.2,84,1007.5,12.1,0.0
2021-09-08T23:00,27.9,86,1007.3,10.3,0.0
2021-09-09T00:00,27.5,89,1006.7,8.1,0.0
2021-09-09T01:00,27.1,90,1006.2,8.4,0.0
2021-09-09T02:00,26.9,89,1005.8,9.8,0.0
2021-09-09T03:00,26.9,83,1005.2,11.8,0.0
2021-09-09T04:00,27.0,75,1005.5,13.3,0.0
2021-09-09T05:00,27.0,68,1006.0,14.7,0.0
2021-09-09T06:00,26.8,70,1006.5,13.4,0.0
2021-09-09T07:00,27.6,71,1007.3,12.6,0.0
2021-09-09T08:00,28.9,67,1007.8,12.6,0.0
2021-09-09T09:00,30.1,64,1007.7,13.3,0.0
2021-09-09T10:00,31.2,61,1007.1,11.9,0.0
2021-09-09T11:00,32.2,59,1006.3,12.3,0.0
2021-09-09T12:00,33.0,58,1005.5,12.2,0.0
2021-09-09T13:00,33.8,54,1004.3,15.9,0.0
2021-09-09T14:00,33.9,53,1003.4,16.2,0.0
2021-09-09T15:00,33.7,55,1002.9,13.6,0.0
2021-09-09T16:00,32.6,63,1002.9,8.7,0.3
2021-09-09T17:00,31.0,73,1003.7,7.8,0.0
2021-09-09T18:00,29.2,83,1004.3,12.9,0.0
2021-09-09T19:00,28.8,81,1005.0,12.8,0.0
2021-09-09T20:00,28.7,79,1005.8,13.4,0.0
2021-09-09T21:00,28.3,82,1006.6,14.8,0.0
2021-09-09T22:00,28.1,83,1007.0,13.4,0.0
2021-09-09T23:00,27.9,83,1007.0,10.8,0.0
2021-09-10T00:00,27.6,84,1006.6,8.9,0.0
2021-09-10T01:00,27.3,86,1006.2,9.9,0.0
2021-09-10T02:00,27.2,85,1005.5,11.1,0.0
2021-09-10T03:00,27.1,83,1005.4,12.1,0.0
2021-09-10T04:00,27.0,82,1005.5,9.7,0.1
2021-09-10T05:00,26.9,81,1005.5,11.6,0.0
2021-09-10T06:00,27.2,78,1005.5,12.6,0.0
2021-09-10T07:00,28.0,75,1006.0,12.4,0.0
2021-09-10T08:00,29.0,70,1006.3,12.6,0.0
2021-09-10T09:00,30.3,63,1006.9,13.6,0.0
2021-09-10T10:00,31.3,60,1006.4,13.7,0.0
2021-09-10T11:00,32.1,59,1005.8,11.4,0.0
2021-09-10T12:00,32.7,57,1004.9,9.7,0.0
2021-09-10T13:00,33.2,55,1003.5,11.6,0.0
2021-09-10T14:00,32.9,56,1002.9,3.8,0.0
2021-09-10T15:00,31.5,66,1002.6,8.2,0.0
2021-09-10T16:00,29.8,80,1002.2,13.9,0.0
2021-09-10T17:00,29.1,82,1003.2,11.5,0.0
2021-09-10T18:00,28.5,80,1003.3,11.5,0.0
2021-09-10T19:00,28.4,81,1003.8,11.2,0.0
2021-09-10T20:00,28.4,85,1004.7,12.6,0.0
2021-09-10T21:00,28.3,85,1005.5,14.3,0.0
2021-09-10T22:00,28.3,85,1006.1,12.8,0.0
2021-09-10T23:00,28.0,86,1005.5,13.2,0.0
2021-09-11T00:00,27.9,83,1004.8,12.9,0.0
2021-09-11T01:00,27.8,82,1004.5,11.0,0.0
2021-09-11T02:00,27.5,82,1003.9,5.6,0.0
2021-09-11T03:00,27.0,84,1003.6,4.8,0.1
2021-09-11T04:00,26.9,83,1003.6,6.1,0.0
2021-09-11T05:00,26.8,86,1003.7,10.2,0.0
2021-09-11T06:00,27.2,80,1004.3,12.4,0.0
2021-09-11T07:00,28.1,74,1005.1,12.7,0.0
2021-09-11T08:00,29.0,70,1005.8,13.4,0.0
2021-09-11T09:00,30.1,64,1006.0,14.7,0.0
2021-09-11T10:00,31.1,61,1005.8,13.2,0.0
2021-09-11T11:00,31.7,60,1005.5,11.1,0.0
2021-09-11T12:00,32.2,59,1004.6,9.1,0.0
2021-09-11T13:00,32.8,58,1003.2,8.5,0.0
2021-09-11T14:00,33.0,58,1002.0,8.6,0.0
2021-09-11T15:00,31.6,72,1001.6,11.3,0.2
2021-09-11T16:00,29.4,87,1002.0,6.9,0.7
2021-09-11T17:00,29.8,84,1001.5,4.2,0.1
2021-09-11T18:00,28.6,90,1001.8,10.1,0.0
2021-09-11T19:00,28.6,82,1002.6,11.2,0.0
2021-09-11T20:00,28.5,81,1003.2,13.4,0.0
2021-09-11T21:00,28.5,78,1004.1,13.4,0.0
2021-09-11T22:00,28.4,77,1004.5,11.8,0.0
2021-09-11T23:00,27.9,75,1004.5,12.1,0.4
2021-09-12T00:00,27.4,79,1003.7,6.9,0.3
2021-09-12T01:00,26.8,84,1003.1,5.6,0.0
2021-09-12T02:00,26.9,85,1002.4,7.2,0.0
2021-09-12T03:00,27.3,79,1002.1,13.4,0.0
2021-09-12T04:00,27.3,73,1002.4,15.4,0.0
2021-09-12T05:00,27.7,71,1003.0,11.8,0.0
2021-09-12T06:00,27.8,71,1003.6,12.7,0.0
2021-09-12T07:00,28.2,72,1004.1,13.3,0.0
2021-09-12T08:00,29.3,69,1004.9,13.7,0.0
2021-09-12T09:00,30.3,64,1004.9,15.1,0.0
2021-09-12T10:00,31.1,61,1004.3,15.5,0.0
2021-09-12T11:00,31.8,60,1003.6,16.4,0.0
2021-09-12T12:00,32.9,55,1002.6,18.0,0.0
2021-09-12T13:00,33.6,53,1001.5,15.9,0.0
2021-09-12T14:00,33.6,53,1000.5,13.0,0.0
2021-09-12T15:00,31.5,65,1000.4,14.3,0.2
2021-09-12T16:00,30.2,70,1000.6,18.9,0.0
2021-09-12T17:00,30.3,73,1000.2,15.1,0.2
2021-09-12T18:00,29.1,80,1000.7,16.6,0.0
2021-09-12T19:00,28.7,82,1001.3,15.9,0.0
2021-09-12T20:00,28.4,83,1002.3,13.3,0.0
2021-09-12T21:00,28.3,80,1003.4,13.7,0.0
2021-09-12T22:00,28.2,78,1003.8,15.3,0.1
2021-09-12T23:00,28.1,80,1003.6,15.0,0.0
2021-09-13T00:00,27.9,79,1002.6,15.0,0.0
2021-09-13T01:00,27.8,77,1002.0,13.6,0.0
2021-09-13T02:00,27.9,72,1001.7,14.8,0.0
2021-09-13T03:00,27.9,68,1001.7,15.9,0.0
2021-09-13T04:00,27.8,66,1002.0,16.8,0.0
2021-09-13T05:00,27.6,66,1002.0,16.8,0.0
2021-09-13T06:00,27.5,67,1002.6,16.7,0.0
2021-09-13T07:00,28.1,69,1003.5,15.8,0.0
2021-09-13T08:00,29.1,66,1004.2,15.8,0.0
2021-09-13T09:00,30.3,63,1004.0,17.2,0.0
2021-09-13T10:00,31.3,59,1003.4,17.7,0.0
2021-09-13T11:00,32.4,55,1002.9,22.3,0.0
2021-09-13T12:00,34.0,49,1001.7,23.9,0.0
2021-09-13T13:00,35.1,45,1000.4,22.4,0.0
2021-09-13T14:00,34.7,48,999.3,15.4,0.0
2021-09-13T15:00,34.1,53,998.8,13.0,0.0
2021-09-13T16:00,31.9,71,998.6,16.6,0.0
2021-09-13T17:00,30.1,76,999.4,18.6,0.0
2021-09-13T18:00,29.2,76,1000.1,21.0,0.0
2021-09-13T19:00,29.0,76,1001.0,20.9,0.0
2021-09-13T20:00,28.8,79,1002.1,19.5,0.0
2021-09-13T21:00,28.6,81,1003.2,15.7,0.0
2021-09-13T22:00,28.4,83,1003.4,14.6,0.0
2021-09-13T23:00,28.2,85,1003.2,14.0,0.0
2021-09-14T00:00,28.0,83,1002.7,13.0,0.0
2021-09-14T01:00,28.3,73,1002.2,14.2,0.0
2021-09-14T02:00,28.8,63,1001.7,15.4,0.0
2021-09-14T03:00,28.5,64,1001.8,14.6,0.0
2021-09-14T04:00,28.0,66,1002.5,12.9,0.0
2021-09-14T05:00,28.0,66,1002.8,14.0,0.0
2021-09-14T06:00,27.8,68,1003.2,14.2,0.0
2021-09-14T07:00,28.5,70,1004.1,13.4,0.0
2021-09-14T08:00,29.9,66,1004.9,14.5,0.0
2021-09-14T09:00,31.0,62,1004.9,15.8,0.0
2021-09-14T10:00,32.1,58,1004.7,15.1,0.0
2021-09-14T11:00,33.0,56,1003.9,15.5,0.0
2021-09-14T12:00,34.4,51,1002.9,18.9,0.0
2021-09-14T13:00,34.4,50,1001.6,17.7,0.0
2021-09-14T14:00,34.1,51,1000.6,13.0,0.0
2021-09-14T15:00,32.0,72,1000.3,17.8,0.0
2021-09-14T16:00,30.4,72,1000.3,22.1,0.0
2021-09-14T17:00,29.1,77,1001.1,19.5,0.0
2021-09-14T18:00,28.9,84,1001.7,18.7,0.0
2021-09-14T19:00,28.7,80,1002.7,20.6,0.0
2021-09-14T20:00,28.5,87,1003.4,21.0,0.0
2021-09-14T21:00,28.5,88,1004.4,17.7,0.0
2021-09-14T22:00,28.6,82,1005.0,18.0,0.0
2021-09-14T23:00,28.3,88,1004.8,16.2,0.0
2021-09-15T00:00,28.1,86,1004.3,13.9,0.0
2021-09-15T01:00,28.0,85,1003.8,12.8,0.0
2021-09-15T02:00,27.7,84,1003.4,11.7,0.0
2021-09-15T03:00,27.5,83,1003.4,10.5,0.0
2021-09-15T04:00,27.2,84,1003.6,9.7,0.0
2021-09-15T05:00,27.1,84,1004.0,9.2,0.0
2021-09-15T06:00,27.4,84,1004.6,10.5,0.0
2021-09-15T07:00,28.5,80,1005.2,11.6,0.0
2021-09-15T08:00,30.1,69,1005.9,11.5,0.0
2021-09-15T09:00,31.4,61,1005.8,11.0,0.0
2021-09-15T10:00,32.5,57,1005.5,8.8,0.0
2021-09-15T11:00,33.3,55,1004.8,6.0,0.0
2021-09-15T12:00,33.7,52,1003.7,5.1,0.0
2021-09-15T13:00,32.2,67,1002.9,11.4,0.3
2021-09-15T14:00,31.1,75,1002.3,15.3,0.4
2021-09-15T15:00,30.8,69,1001.7,15.4,0.0
2021-09-15T16:00,30.6,72,1001.8,13.6,0.0
2021-09-15T17:00,29.4,78,1002.2,14.5,0.0
2021-09-15T18:00,28.9,83,1003.2,15.0,0.0
2021-09-15T19:00,28.8,80,1004.2,13.8,0.0
2021-09-15T20:00,28.7,86,1005.2,16.3,0.0
2021-09-15T21:00,28.5,85,1005.6,14.1,0.0
2021-09-15T22:00,28.5,86,1005.9,15.5,0.0
2021-09-15T23:00,28.4,86,1005.5,17.7,0.0
2021-09-16T00:00,28.3,86,1004.8,17.7,0.0
2021-09-16T01:00,28.1,85,1004.4,16.6,0.0
2021-09-16T02:00,27.9,84,1003.9,15.1,0.0
2021-09-16T03:00,27.5,84,1003.8,14.2,0.0
2021-09-16T04:00,27.2,84,1003.9,14.4,0.0
2021-09-16T05:00,27.1,86,1004.3,12.1,0.0
2021-09-16T06:00,27.2,85,1004.7,10.3,0.0
2021-09-16T07:00,28.0,82,1005.4,10.7,0.0
2021-09-16T08:00,29.2,77,1006.0,9.0,0.0
2021-09-16T09:00,30.7,69,1006.1,7.3,0.0
2021-09-16T10:00,31.6,63,1006.0,5.6,0.0
2021-09-16T11:00,32.0,61,1005.6,4.0,0.1
2021-09-16T12:00,31.6,64,1004.5,0.4,0.0
2021-09-16T13:00,31.7,67,1003.3,6.2,0.1
2021-09-16T14:00,31.5,72,1002.4,9.9,0.1
2021-09-16T15:00,30.4,77,1002.1,10.7,1.0
2021-09-16T16:00,30.3,74,1002.1,5.6,0.0
2021-09-16T17:00,29.5,82,1002.3,8.4,0.0
2021-09-16T18:00,29.0,86,1002.7,9.4,0.0
2021-09-16T19:00,28.8,87,1003.6,10.5,0.0
2021-09-16T20:00,28.7,86,1004.4,12.7,0.0
2021-09-16T21:00,28.6,89,1004.9,13.3,0.0
2021-09-16T22:00,28.4,89,1005.1,13.2,0.0
2021-09-16T23:00,27.9,86,1004.7,11.2,0.0
2021-09-17T00:00,27.7,85,1004.3,8.0,0.0
2021-09-17T01:00,27.4,86,1003.9,7.0,0.0
2021-09-17T02:00,27.1,86,1003.5,7.0,0.0
2021-09-17T03:00,27.2,86,1003.3,6.8,0.0
2021-09-17T04:00,27.0,88,1003.6,5.8,0.0
2021-09-17T05:00,27.2,93,1004.1,6.9,0.0
2021-09-17T06:00,26.9,86,1004.7,6.1,1.8
2021-09-17T07:00,28.0,86,1005.5,3.3,0.0
2021-09-17T08:00,29.5,80,1006.3,7.9,0.0
2021-09-17T09:00,30.4,76,1006.4,5.1,0.2
2021-09-17T10:00,31.2,73,1006.0,3.6,0.2
2021-09-17T11:00,32.1,66,1005.1,2.1,0.1
2021-09-17T12:00,32.3,65,1004.1,3.3,0.0
2021-09-17T13:00,31.7,72,1002.9,8.3,0.1
2021-09-17T14:00,30.5,81,1001.9,10.9,0.9
2021-09-17T15:00,30.8,75,1001.6,9.1,0.0
2021-09-17T16:00,30.3,78,1001.7,9.4,0.0
2021-09-17T17:00,29.8,83,1002.0,10.3,0.0
2021-09-17T18:00,28.8,86,1002.7,11.3,0.0
2021-09-17T19:00,28.7,87,1003.8,12.1,0.0
2021-09-17T20:00,28.7,86,1004.5,14.0,0.0
2021-09-17T21:00,28.6,89,1005.6,14.8,0.0
2021-09-17T22:00,28.3,90,1005.9,12.3,0.0
2021-09-17T23:00,28.1,92,1005.8,11.5,0.0
2021-09-18T00:00,27.9,91,1005.5,9.2,0.3
2021-09-18T01:00,27.4,91,1005.0,14.8,0.3
2021-09-18T02:00,27.1,92,1004.4,12.2,0.2
2021-09-18T03:00,26.5,95,1004.7,8.9,0.0
2021-09-18T04:00,26.4,95,1004.9,6.5,0.0
2021-09-18T05:00,26.4,91,1004.6,6.0,0.0
2021-09-18T06:00,26.6,91,1005.4,7.9,0.0
2021-09-18T07:00,27.7,85,1006.6,8.7,0.0
2021-09-18T08:00,29.1,79,1007.4,10.3,0.0
2021-09-18T09:00,30.6,71,1007.6,11.9,0.0
2021-09-18T10:00,31.6,67,1007.2,10.6,0.1
2021-09-18T11:00,32.0,67,1006.4,10.1,0.0
2021-09-18T12:00,32.3,69,1005.4,11.3,0.0
2021-09-18T13:00,31.6,74,1004.3,14.5,1.5
2021-09-18T14:00,31.0,77,1003.6,13.9,0.1
2021-09-18T15:00,30.3,76,1003.4,15.0,0.0
2021-09-18T16:00,29.9,76,1003.3,15.5,0.0
2021-09-18T17:00,29.1,79,1004.0,13.9,0.0
2021-09-18T18:00,28.4,83,1004.9,10.7,0.0
2021-09-18T19:00,28.5,84,1006.3,11.4,0.0
2021-09-18T20:00,28.5,84,1007.2,11.5,0.0
2021-09-18T21:00,28.4,84,1007.8,9.7,0.0
2021-09-18T22:00,28.2,87,1007.8,8.4,0.0
2021-09-18T23:00,28.0,89,1007.6,8.6,0.0
2021-09-19T00:00,27.7,91,1007.0,8.6,0.0
2021-09-19T01:00,27.4,92,1006.7,9.2,0.0
2021-09-19T02:00,27.2,92,1006.3,7.8,0.1
2021-09-19T03:00,26.9,92,1006.3,5.4,0.0
2021-09-19T04:00,26.7,92,1006.6,5.4,0.0
2021-09-19T05:00,26.4,95,1007.3,4.7,0.0
2021-09-19T06:00,27.3,90,1008.0,5.0,0.0
2021-09-19T07:00,28.4,86,1009.0,6.9,0.0
2021-09-19T08:00,29.7,78,1009.5,9.1,0.1
2021-09-19T09:00,30.4,76,1009.7,9.7,0.1
2021-09-19T10:00,31.0,73,1009.1,9.9,0.1
2021-09-19T11:00,31.1,75,1008.1,14.1,0.1
2021-09-19T12:00,30.7,76,1007.0,10.9,0.5
2021-09-19T13:00,31.2,73,1006.0,13.1,0.4
2021-09-19T14:00,31.3,72,1004.9,12.4,0.0
2021-09-19T15:00,30.7,76,1004.4,13.3,0.0
2021-09-19T16:00,29.9,76,1004.6,14.0,0.0
2021-09-19T17:00,29.3,79,1004.8,12.4,0.0
2021-09-19T18:00,28.6,86,1005.5,13.2,0.0
2021-09-19T19:00,28.6,86,1006.5,13.7,0.0
2021-09-19T20:00,28.4,88,1007.5,10.2,0.0
2021-09-19T21:00,28.3,90,1008.2,10.1,0.0
2021-09-19T22:00,28.1,91,1008.4,11.2,0.0
2021-09-19T23:00,27.8,90,1008.3,11.4,0.0
2021-09-20T00:00,27.4,91,1007.7,9.5,0.2
2021-09-20T01:00,27.2,92,1007.2,12.3,0.1
2021-09-20T02:00,26.7,92,1006.2,9.7,0.0
2021-09-20T03:00,26.2,93,1006.5,12.8,0.0
2021-09-20T04:00,26.0,91,1006.6,10.8,0.0
2021-09-20T05:00,25.6,90,1006.8,6.5,0.2
2021-09-20T06:00,25.9,89,1007.5,7.4,0.0
2021-09-20T07:00,27.2,83,1008.0,6.9,0.0
2021-09-20T08:00,28.9,75,1008.5,8.0,0.0
2021-09-20T09:00,30.6,68,1008.4,7.9,0.0
2021-09-20T10:00,31.8,63,1007.8,7.0,0.0
2021-09-20T11:00,32.3,62,1007.0,5.2,0.0
2021-09-20T12:00,31.6,70,1006.1,11.5,0.7
2021-09-20T13:00,30.4,77,1005.2,13.4,2.1
2021-09-20T14:00,31.2,71,1003.7,15.5,0.0
2021-09-20T15:00,30.7,72,1003.1,16.5,0.0
2021-09-20T16:00,30.3,73,1003.1,15.5,0.0
2021-09-20T17:00,29.1,77,1003.1,12.2,0.0
2021-09-20T18:00,28.4,80,1003.9,10.8,0.0
2021-09-20T19:00,28.3,83,1005.0,11.1,0.0
2021-09-20T20:00,28.1,86,1006.4,12.3,0.4
2021-09-20T21:00,28.1,87,1007.2,13.4,0.0
2021-09-20T22:00,28.0,87,1007.2,10.4,0.0
2021-09-20T23:00,27.8,89,1007.1,10.6,0.0
2021-09-21T00:00,27.2,92,1006.9,13.9,1.3
2021-09-21T01:00,26.6,93,1006.3,12.1,3.2
2021-09-21T02:00,26.7,94,1005.3,9.7,0.1
2021-09-21T03:00,26.6,95,1004.9,8.9,0.0
2021-09-21T04:00,26.5,94,1005.1,10.7,0.0
2021-09-21T05:00,25.7,91,1005.8,12.8,0.0
2021-09-21T06:00,25.9,89,1006.2,12.8,0.0
2021-09-21T07:00,26.8,84,1006.7,12.9,0.0
2021-09-21T08:00,28.7,76,1007.2,13.7,0.0
2021-09-21T09:00,30.7,65,1007.1,13.6,0.0
2021-09-21T10:00,32.1,60,1006.6,10.1,0.0
2021-09-21T11:00,33.0,56,1005.9,8.1,0.0
2021-09-21T12:00,33.5,55,1004.7,4.1,0.0
2021-09-21T13:00,33.0,59,1003.5,6.5,0.0
2021-09-21T14:00,30.7,77,1002.4,15.3,1.1
2021-09-21T15:00,30.2,75,1001.7,14.2,0.2
2021-09-21T16:00,30.3,74,1001.7,12.5,0.0
2021-09-21T17:00,29.5,74,1001.7,11.4,0.1
2021-09-21T18:00,28.9,78,1002.4,12.2,0.0
2021-09-21T19:00,28.7,84,1003.3,12.0,0.0
2021-09-21T20:00,28.7,86,1004.5,11.3,0.0
2021-09-21T21:00,28.6,87,1005.5,5.4,0.1
2021-09-21T22:00,28.2,90,1005.9,6.5,1.0
2021-09-21T23:00,27.8,92,1005.6,5.5,0.4
2021-09-22T00:00,27.5,92,1005.1,6.8,0.3
2021-09-22T01:00,27.2,92,1004.6,8.7,0.5
2021-09-22T02:00,26.9,89,1003.6,6.6,0.4
2021-09-22T03:00,26.3,89,1003.1,6.5,0.0
2021-09-22T04:00,26.1,89,1003.0,5.4,0.0
2021-09-22T05:00,25.6,88,1003.8,3.6,0.0
2021-09-22T06:00,26.0,87,1004.8,0.8,0.2
2021-09-22T07:00,26.5,84,1005.5,2.3,0.1
2021-09-22T08:00,27.2,81,1006.2,3.6,0.0
2021-09-22T09:00,28.4,76,1006.2,5.0,0.0
2021-09-22T10:00,30.0,70,1005.7,8.2,0.1
2021-09-22T11:00,31.0,67,1004.9,9.4,0.1
2021-09-22T12:00,31.7,64,1003.6,8.7,0.0
2021-09-22T13:00,32.3,59,1002.5,6.8,0.0
2021-09-22T14:00,32.1,60,1001.6,3.4,0.1
2021-09-22T15:00,31.1,69,1000.9,7.8,0.1
2021-09-22T16:00,29.8,80,1000.5,13.6,0.0
2021-09-22T17:00,29.9,72,1001.2,5.8,0.0
2021-09-22T18:00,28.8,79,1001.5,9.4,0.0
2021-09-22T19:00,28.7,80,1002.2,10.6,0.0
2021-09-22T20:00,28.4,82,1003.5,13.0,0.0
2021-09-22T21:00,28.3,83,1004.0,11.9,0.0
2021-09-22T22:00,28.2,85,1004.6,9.8,0.0
2021-09-22T23:00,27.5,89,1004.8,13.4,1.0
2021-09-23T00:00,26.8,92,1004.4,13.1,0.4
2021-09-23T01:00,26.1,95,1003.8,11.0,0.4
2021-09-23T02:00,25.6,93,1003.4,13.5,0.2
2021-09-23T03:00,25.7,93,1002.8,13.2,0.1
2021-09-23T04:00,25.5,91,1003.0,10.5,0.3
2021-09-23T05:00,26.8,92,1003.3,5.9,2.2
2021-09-23T06:00,26.4,90,1003.8,9.0,0.1
2021-09-23T07:00,26.7,87,1004.7,9.7,0.1
2021-09-23T08:00,28.0,81,1005.4,11.0,0.1
2021-09-23T09:00,29.3,74,1005.8,11.5,0.2
2021-09-23T10:00,30.2,69,1005.7,9.0,0.2
2021-09-23T11:00,31.2,64,1005.0,9.1,0.1
2021-09-23T12:00,31.9,62,1004.0,7.1,0.1
2021-09-23T13:00,32.4,62,1002.6,5.8,0.0
2021-09-23T14:00,32.1,63,1001.4,9.4,0.0
2021-09-23T15:00,29.9,78,1000.7,15.7,0.9
2021-09-23T16:00,30.0,74,1000.9,15.9,0.0
2021-09-23T17:00,29.3,74,1002.4,9.0,0.0
2021-09-23T18:00,28.8,78,1002.7,7.1,0.0
2021-09-23T19:00,28.5,83,1003.6,6.7,0.0
2021-09-23T20:00,28.2,87,1004.7,8.3,0.0
2021-09-23T21:00,28.1,86,1005.7,9.4,0.0
2021-09-23T22:00,28.0,87,1006.3,8.0,0.0
2021-09-23T23:00,27.9,88,1005.9,8.8,0.0
2021-09-24T00:00,27.6,89,1005.0,9.2,0.0
2021-09-24T01:00,26.9,90,1005.1,13.4,2.2
2021-09-24T02:00,26.2,93,1004.8,12.3,1.6
2021-09-24T03:00,26.0,93,1004.4,5.9,0.0
2021-09-24T04:00,26.0,94,1004.2,4.0,0.0
2021-09-24T05:00,26.1,94,1004.8,5.7,0.0
2021-09-24T06:00,26.4,92,1005.2,6.6,0.0
2021-09-24T07:00,27.2,87,1005.7,5.4,0.0
2021-09-24T08:00,28.7,79,1006.4,4.4,0.0
2021-09-24T09:00,30.1,71,1006.8,5.8,0.0
2021-09-24T10:00,30.9,68,1006.6,6.4,0.1
2021-09-24T11:00,31.3,69,1005.9,6.7,0.0
2021-09-24T12:00,30.7,71,1004.8,10.2,0.9
2021-09-24T13:00,29.9,75,1003.9,9.3,0.0
2021-09-24T14:00,30.5,71,1003.1,8.6,0.1
2021-09-24T15:00,30.1,73,1002.5,12.4,0.0
2021-09-24T16:00,29.6,74,1002.5,10.3,0.0
2021-09-24T17:00,29.4,75,1002.8,8.5,0.0
2021-09-24T18:00,28.5,78,1003.4,8.0,0.0
2021-09-24T19:00,28.4,80,1004.4,7.9,0.0
2021-09-24T20:00,28.4,81,1005.3,9.7,0.0
2021-09-24T21:00,28.3,83,1005.9,11.0,0.0
2021-09-24T22:00,28.1,86,1006.2,10.7,0.0
2021-09-24T23:00,27.8,88,1005.9,9.0,0.0
2021-09-25T00:00,27.5,90,1005.2,9.2,0.0
2021-09-25T01:00,27.2,92,1005.2,10.7,0.0
2021-09-25T02:00,27.1,91,1004.7,10.8,0.2
2021-09-25T03:00,26.6,91,1004.1,11.9,0.0
2021-09-25T04:00,25.8,91,1004.5,13.2,0.3
2021-09-25T05:00,26.5,90,1004.8,10.8,0.1
2021-09-25T06:00,26.8,85,1005.1,10.2,0.0
2021-09-25T07:00,27.8,79,1005.5,9.7,0.0
2021-09-25T08:00,29.5,73,1005.8,9.3,0.0
2021-09-25T09:00,31.0,67,1005.8,9.9,0.0
2021-09-25T10:00,32.1,63,1005.7,6.3,0.0
2021-09-25T11:00,32.8,60,1004.9,2.1,0.0
2021-09-25T12:00,32.9,61,1003.8,2.5,0.0
2021-09-25T13:00,31.5,72,1002.7,9.1,1.3
2021-09-25T14:00,30.7,75,1001.9,8.7,0.2
2021-09-25T15:00,30.9,74,1001.0,10.4,0.1
2021-09-25T16:00,30.3,76,1001.3,9.3,0.0
2021-09-25T17:00,29.8,78,1001.9,9.4,0.0
2021-09-25T18:00,28.9,82,1002.6,7.6,0.0
2021-09-25T19:00,28.2,90,1003.5,3.8,0.2
2021-09-25T20:00,28.0,89,1004.2,4.0,0.5
2021-09-25T21:00,27.8,92,1004.7,4.0,0.2
2021-09-25T22:00,27.5,94,1004.8,5.8,1.1
2021-09-25T23:00,27.1,96,1004.6,6.5,5.2
2021-09-26T00:00,26.9,94,1004.1,10.3,0.3
2021-09-26T01:00,26.0,92,1003.6,14.6,1.0
2021-09-26T02:00,25.6,91,1002.9,13.1,0.0
2021-09-26T03:00,25.2,91,1002.3,8.7,0.8
2021-09-26T04:00,25.4,92,1002.6,8.7,0.2
2021-09-26T05:00,25.4,94,1002.8,6.4,0.9
2021-09-26T06:00,25.7,92,1002.9,5.2,0.0
2021-09-26T07:00,26.4,90,1003.5,6.1,0.0
2021-09-26T08:00,27.5,85,1004.0,4.8,0.0
2021-09-26T09:00,28.5,80,1004.0,4.0,0.0
2021-09-26T10:00,29.7,73,1003.8,4.9,0.0
2021-09-26T11:00,30.4,69,1003.2,7.4,0.1
2021-09-26T12:00,31.0,66,1001.8,5.2,0.1
2021-09-26T13:00,30.8,69,1000.9,1.6,0.5
2021-09-26T14:00,30.8,70,999.8,5.4,0.2
2021-09-26T15:00,31.0,67,999.2,5.9,0.1
2021-09-26T16:00,30.8,68,998.9,6.5,0.0
2021-09-26T17:00,30.1,75,999.7,8.0,0.0
2021-09-26T18:00,29.3,77,999.7,11.7,0.0
2021-09-26T19:00,29.0,78,1000.8,11.0,0.0
2021-09-26T20:00,28.6,78,1001.9,12.2,0.0
2021-09-26T21:00,27.8,81,1002.6,13.3,0.2
2021-09-26T22:00,27.4,86,1002.4,13.4,0.2
2021-09-26T23:00,27.6,86,1001.8,19.5,0.0
2021-09-27T00:00,27.5,87,1000.8,21.3,0.0
2021-09-27T01:00,27.4,89,1000.3,19.4,0.0
2021-09-27T02:00,27.2,85,999.7,17.0,0.0
2021-09-27T03:00,26.9,84,999.6,12.6,0.0
2021-09-27T04:00,26.6,84,999.9,11.1,0.0
2021-09-27T05:00,26.7,77,999.9,16.3,0.0
2021-09-27T06:00,26.8,76,1000.6,16.9,0.0
2021-09-27T07:00,27.6,73,1000.9,16.5,0.0
2021-09-27T08:00,29.2,66,1001.6,16.7,0.0
2021-09-27T09:00,30.2,63,1002.0,17.3,0.0
2021-09-27T10:00,31.3,61,1002.0,15.1,0.0
2021-09-27T11:00,32.3,59,1001.3,13.3,0.0
2021-09-27T12:00,33.2,56,1000.2,13.1,0.0
2021-09-27T13:00,33.7,55,999.4,12.7,0.0
2021-09-27T14:00,31.0,65,999.2,10.5,1.1
2021-09-27T15:00,30.8,66,998.6,7.6,0.2
2021-09-27T16:00,30.1,74,998.9,11.5,0.1
2021-09-27T17:00,29.2,80,999.1,12.2,0.0
2021-09-27T18:00,28.6,80,999.3,10.7,0.0
2021-09-27T19:00,28.3,83,999.9,12.4,0.0
2021-09-27T20:00,28.4,85,1000.6,12.6,0.0
2021-09-27T21:00,28.4,80,1001.5,12.6,0.0
2021-09-27T22:00,28.0,77,1002.0,12.6,0.0
2021-09-27T23:00,27.9,73,1002.2,15.1,0.0
2021-09-28T00:00,28.1,67,1001.9,18.1,0.0
2021-09-28T01:00,28.0,66,1001.4,17.1,0.0
2021-09-28T02:00,27.6,67,1001.1,15.9,0.0
2021-09-28T03:00,27.3,69,1001.1,13.7,0.0
2021-09-28T04:00,26.8,71,1001.2,12.9,0.0
2021-09-28T05:00,26.8,69,1002.2,14.5,0.0
2021-09-28T06:00,26.7,69,1003.3,13.6,0.0
2021-09-28T07:00,27.7,68,1004.2,13.6,0.0
2021-09-28T08:00,29.1,63,1004.9,14.3,0.0
2021-09-28T09:00,30.3,60,1005.1,13.8,0.0
2021-09-28T10:00,31.4,58,1004.9,10.7,0.0
2021-09-28T11:00,32.3,56,1004.3,8.4,0.0
2021-09-28T12:00,32.7,55,1003.4,6.4,0.0
2021-09-28T13:00,32.1,62,1002.3,10.5,0.0
2021-09-28T14:00,30.0,74,1001.4,19.3,0.6
2021-09-28T15:00,30.2,71,1000.9,16.3,0.2
2021-09-28T16:00,30.0,73,1001.2,15.2,0.1
2021-09-28T17:00,29.9,76,1001.9,8.0,0.1
2021-09-28T18:00,28.8,81,1002.9,11.0,0.0
2021-09-28T19:00,28.7,78,1004.0,12.2,0.0
2021-09-28T20:00,28.6,79,1005.2,10.0,0.0
2021-09-28T21:00,28.2,83,1006.0,5.6,0.0
2021-09-28T22:00,27.8,87,1006.2,4.2,0.0
2021-09-28T23:00,27.7,89,1005.9,4.7,0.0
2021-09-29T00:00,27.5,90,1005.1,5.3,0.0
2021-09-29T01:00,26.9,92,1004.4,4.4,0.0
2021-09-29T02:00,26.7,91,1003.9,4.5,0.0
2021-09-29T03:00,26.4,91,1004.0,5.8,0.0
2021-09-29T04:00,26.3,90,1004.2,7.6,0.0
2021-09-29T05:00,26.3,83,1005.0,8.3,0.0
2021-09-29T06:00,26.6,79,1005.6,9.7,0.0
2021-09-29T07:00,27.4,75,1006.6,9.0,0.0
2021-09-29T08:00,28.6,70,1007.2,9.4,0.0
2021-09-29T09:00,29.9,64,1007.7,9.7,0.0
2021-09-29T10:00,30.5,62,1007.4,6.4,0.0
2021-09-29T11:00,31.5,61,1006.5,4.9,0.0
2021-09-29T12:00,31.8,62,1005.2,7.8,0.0
2021-09-29T13:00,31.5,65,1004.3,10.4,0.0
2021-09-29T14:00,30.6,70,1003.5,11.3,0.0
2021-09-29T15:00,30.1,69,1003.1,10.9,0.0
2021-09-29T16:00,29.6,70,1003.1,12.0,0.0
2021-09-29T17:00,29.2,72,1003.9,9.6,0.0
2021-09-29T18:00,28.4,77,1004.3,8.9,0.0
2021-09-29T19:00,28.3,80,1005.2,9.2,0.0
2021-09-29T20:00,28.3,80,1006.1,9.7,0.0
2021-09-29T21:00,28.2,82,1006.8,8.8,0.0
2021-09-29T22:00,28.1,83,1006.8,9.0,0.0
2021-09-29T23:00,28.1,85,1006.7,6.8,0.0
2021-09-30T00:00,27.5,89,1006.6,8.3,0.6
2021-09-30T01:00,26.7,94,1006.5,9.7,0.9
2021-09-30T02:00,26.5,95,1005.9,6.2,1.0
2021-09-30T03:00,26.0,96,1005.9,5.4,2.1
2021-09-30T04:00,25.5,96,1006.0,4.0,2.7
2021-09-30T05:00,26.0,92,1006.4,7.2,0.2
2021-09-30T06:00,26.2,91,1007.2,10.2,0.2
2021-09-30T07:00,26.9,88,1008.0,8.3,0.1
2021-09-30T08:00,28.2,79,1008.7,6.7,0.0
2021-09-30T09:00,29.2,74,1009.0,3.2,0.0
2021-09-30T10:00,30.1,72,1008.6,1.1,0.2
2021-09-30T11:00,30.3,74,1007.6,3.7,0.3
2021-09-30T12:00,30.2,76,1006.2,7.9,0.3
2021-09-30T13:00,28.9,80,1005.2,8.2,2.5
2021-09-30T14:00,29.1,80,1004.2,6.7,0.3
2021-09-30T15:00,29.8,77,1003.7,3.9,0.0
2021-09-30T16:00,29.4,78,1003.9,6.7,0.0
2021-09-30T17:00,29.2,77,1004.8,3.3,0.0
2021-09-30T18:00,28.2,84,1005.2,2.3,0.0
2021-09-30T19:00,28.0,88,1005.9,3.0,0.0
2021-09-30T20:00,27.7,90,1006.9,3.9,0.0
2021-09-30T21:00,28.3,84,1007.6,2.6,0.0
2021-09-30T22:00,28.1,85,1007.7,1.6,0.0
2021-09-30T23:00,27.0,93,1007.2,3.7,0.0
2022-06-01T00:00,29.2,63,1002.1,14.6,0.0
2022-06-01T01:00,28.8,64,1001.6,13.8,0.0
2022-06-01T02:00,28.4,66,1000.8,13.0,0.0
2022-06-01T03:00,28.1,67,1000.5,13.5,0.0
2022-06-01T04:00,28.0,68,1000.6,14.6,0.0
2022-06-01T05:00,28.6,70,1001.5,14.8,0.0
2022-06-01T06:00,29.1,67,1001.8,14.3,0.0
2022-06-01T07:00,30.6,60,1002.4,14.8,0.0
2022-06-01T08:00,32.3,53,1003.0,17.3,0.0
2022-06-01T09:00,34.2,47,1003.1,17.0,0.0
2022-06-01T10:00,36.0,42,1002.8,15.6,0.0
2022-06-01T11:00,37.3,39,1002.0,11.7,0.0
2022-06-01T12:00,37.2,40,1001.4,7.7,0.0
2022-06-01T13:00,34.8,53,1000.7,18.0,0.0
2022-06-01T14:00,33.7,56,1000.0,16.5,0.0
2022-06-01T15:00,33.6,59,999.3,17.5,0.0
2022-06-01T16:00,32.5,67,998.8,18.7,0.0
2022-06-01T17:00,31.1,73,999.5,13.0,0.0
2022-06-01T18:00,30.0,79,1000.4,9.7,0.0
2022-06-01T19:00,29.7,82,1001.5,12.1,0.0
2022-06-01T20:00,29.9,82,1001.9,10.5,0.0
2022-06-01T21:00,30.3,77,1002.5,10.7,0.0
2022-06-01T22:00,30.7,67,1003.3,12.0,0.0
2022-06-01T23:00,30.6,59,1002.8,11.5,0.0
2022-06-02T00:00,29.7,62,1002.3,12.1,0.0
2022-06-02T01:00,29.2,63,1001.7,14.1,0.0
2022-06-02T02:00,28.8,63,1001.5,11.8,0.0
2022-06-02T03:00,28.5,65,1001.1,12.8,0.0
2022-06-02T04:00,28.2,67,1001.1,14.0,0.0
2022-06-02T05:00,28.4,67,1001.6,12.8,0.0
2022-06-02T06:00,28.8,67,1002.0,14.1,0.0
2022-06-02T07:00,30.2,65,1002.6,14.3,0.0
2022-06-02T08:00,32.2,56,1003.2,16.1,0.0
2022-06-02T09:00,34.0,50,1003.0,15.3,0.0
2022-06-02T10:00,35.9,44,1002.6,12.7,0.0
2022-06-02T11:00,37.3,40,1002.1,9.8,0.0
2022-06-02T12:00,37.7,38,1001.5,5.7,0.0
2022-06-02T13:00,37.2,45,1000.7,12.2,0.0
2022-06-02T14:00,35.6,59,999.6,14.8,0.1
2022-06-02T15:00,34.2,66,999.0,14.7,0.0
2022-06-02T16:00,33.2,65,998.9,15.3,0.0
2022-06-02T17:00,31.7,71,999.6,14.6,0.0
2022-06-02T18:00,30.6,74,1000.0,10.9,0.0
2022-06-02T19:00,30.3,76,1000.7,15.3,0.0
2022-06-02T20:00,31.1,68,1001.4,17.4,0.0
2022-06-02T21:00,31.5,63,1002.4,13.4,0.0
2022-06-02T22:00,31.0,62,1002.7,12.6,0.0
2022-06-02T23:00,30.5,63,1002.5,12.8,0.0
2022-06-03T00:00,30.0,63,1002.0,11.8,0.0
2022-06-03T01:00,29.8,62,1001.3,13.1,0.0
2022-06-03T02:00,29.6,61,1000.7,13.2,0.0
2022-06-03T03:00,29.2,61,1000.7,12.1,0.0
2022-06-03T04:00,28.7,62,1000.7,9.5,0.0
2022-06-03T05:00,29.1,64,1001.1,11.2,0.0
2022-06-03T06:00,29.6,61,1001.2,12.6,0.0
2022-06-03T07:00,30.9,58,1001.6,13.0,0.0
2022-06-03T08:00,32.5,53,1002.0,14.6,0.0
2022-06-03T09:00,34.3,49,1002.2,12.6,0.0
2022-06-03T10:00,36.0,44,1001.9,8.3,0.0
2022-06-03T11:00,36.9,42,1001.4,2.5,0.0
2022-06-03T12:00,35.7,53,1000.9,16.0,0.0
2022-06-03T13:00,33.6,59,1000.5,19.3,0.0
2022-06-03T14:00,33.2,58,999.9,18.8,0.0
2022-06-03T15:00,32.5,64,999.3,17.3,0.0
2022-06-03T16:00,32.1,66,999.3,17.3,0.0
2022-06-03T17:00,31.3,68,999.8,17.4,0.0
2022-06-03T18:00,30.0,79,999.9,17.0,0.0
2022-06-03T19:00,29.7,82,1000.8,15.3,0.0
2022-06-03T20:00,29.6,81,1002.1,14.4,0.0
2022-06-03T21:00,29.5,81,1002.7,11.5,0.0
2022-06-03T22:00,29.3,82,1002.7,12.3,0.0
2022-06-03T23:00,29.3,82,1002.5,15.9,0.0
2022-06-04T00:00,29.4,78,1001.9,14.5,0.0
2022-06-04T01:00,29.6,73,1001.5,13.3,0.0
2022-06-04T02:00,29.4,72,1000.9,11.8,0.0
2022-06-04T03:00,29.3,67,1000.4,13.7,0.0
2022-06-04T04:00,29.0,61,1000.5,12.6,0.0
2022-06-04T05:00,28.8,69,1001.5,8.7,0.0
2022-06-04T06:00,29.4,67,1002.1,6.9,0.0
2022-06-04T07:00,30.8,60,1002.4,8.7,0.0
2022-06-04T08:00,32.8,53,1002.8,6.8,0.0
2022-06-04T09:00,34.3,49,1002.5,3.7,0.0
2022-06-04T10:00,35.5,47,1002.2,2.0,0.0
2022-06-04T11:00,35.6,50,1001.8,12.3,0.0
2022-06-04T12:00,34.3,55,1001.5,19.9,0.0
2022-06-04T13:00,34.2,54,1001.1,17.6,0.0
2022-06-04T14:00,33.4,59,1000.2,17.9,0.0
2022-06-04T15:00,32.8,62,999.5,17.9,0.0
2022-06-04T16:00,32.3,60,999.4,16.3,0.0
2022-06-04T17:00,31.5,64,1000.2,18.0,0.0
2022-06-04T18:00,30.5,76,1000.6,16.6,0.0
2022-06-04T19:00,29.9,79,1001.4,15.9,0.0
2022-06-04T20:00,29.7,80,1002.0,16.0,0.0
2022-06-04T21:00,29.7,79,1002.6,17.9,0.0
2022-06-04T22:00,29.6,79,1002.8,18.1,0.0
2022-06-04T23:00,29.4,81,1002.6,17.0,0.0
2022-06-05T00:00,29.3,81,1001.9,17.4,0.0
2022-06-05T01:00,29.4,79,1001.2,16.5,0.0
2022-06-05T02:00,29.5,75,1000.7,17.4,0.0
2022-06-05T03:00,29.4,70,1000.4,17.7,0.0
2022-06-05T04:00,29.1,68,1000.8,16.1,0.0
2022-06-05T05:00,28.6,71,1001.4,15.9,0.0
2022-06-05T06:00,29.0,71,1002.0,14.7,0.0
2022-06-05T07:00,30.2,67,1002.5,14.8,0.0
2022-06-05T08:00,31.9,60,1003.0,15.0,0.0
2022-06-05T09:00,33.9,52,1003.2,14.0,0.0
2022-06-05T10:00,35.6,46,1003.0,11.5,0.0
2022-06-05T11:00,36.4,43,1002.3,9.1,0.0
2022-06-05T12:00,35.5,58,1001.4,13.9,0.0
2022-06-05T13:00,34.2,66,1000.4,22.7,0.0
2022-06-05T14:00,33.3,64,999.6,24.8,0.0
2022-06-05T15:00,32.6,66,998.7,23.5,0.0
2022-06-05T16:00,31.9,70,998.5,24.5,0.0
2022-06-05T17:00,31.5,75,999.3,22.4,0.0
2022-06-05T18:00,30.2,80,1000.0,20.6,0.0
2022-06-05T19:00,30.2,79,1001.0,18.4,0.0
2022-06-05T20:00,30.3,77,1001.8,20.9,0.0
2022-06-05T21:00,30.1,79,1002.4,18.4,0.0
2022-06-05T22:00,30.4,74,1002.5,16.9,0.0
2022-06-05T23:00,30.4,69,1002.4,14.7,0.0
2022-06-06T00:00,30.2,65,1001.9,13.8,0.0
2022-06-06T01:00,29.9,64,1001.2,16.5,0.0
2022-06-06T02:00,29.3,70,1001.0,17.1,0.0
2022-06-06T03:00,29.1,72,1000.9,16.3,0.0
2022-06-06T04:00,29.1,72,1001.2,14.8,0.0
2022-06-06T05:00,24.8,89,1004.2,11.2,0.0
2022-06-06T06:00,25.2,90,1004.4,10.9,1.7
2022-06-06T07:00,25.6,86,1003.9,15.5,0.5
2022-06-06T08:00,26.3,87,1003.9,15.8,0.1
2022-06-06T09:00,29.5,69,1004.0,17.0,0.0
2022-06-06T10:00,31.4,61,1003.9,14.7,0.0
2022-06-06T11:00,32.9,57,1003.3,12.7,0.0
2022-06-06T12:00,34.5,51,1002.4,10.5,0.0
2022-06-06T13:00,35.3,47,1001.7,8.9,0.0
2022-06-06T14:00,34.9,51,1001.0,10.9,0.0
2022-06-06T15:00,33.8,64,1000.0,13.1,0.0
2022-06-06T16:00,32.8,69,999.7,16.1,0.0
2022-06-06T17:00,29.5,70,1002.1,10.4,0.0
2022-06-06T18:00,29.0,73,1002.6,7.9,0.0
2022-06-06T19:00,28.7,75,1003.4,11.9,0.0
2022-06-06T20:00,28.3,76,1003.8,10.3,0.0
2022-06-06T21:00,28.4,78,1004.3,11.9,0.0
2022-06-06T22:00,28.0,80,1004.5,12.1,0.0
2022-06-06T23:00,27.8,77,1004.4,12.7,0.0
2022-06-07T00:00,27.4,78,1003.4,12.7,0.0
2022-06-07T01:00,27.1,84,1003.0,13.3,0.0
2022-06-07T02:00,26.9,88,1002.6,14.7,0.0
2022-06-07T03:00,26.5,89,1002.5,16.5,0.0
2022-06-07T04:00,26.5,88,1002.6,16.2,0.0
2022-06-07T05:00,26.4,85,1002.6,14.0,0.0
2022-06-07T06:00,26.8,83,1003.4,13.3,0.0
2022-06-07T07:00,28.3,73,1003.7,16.3,0.0
2022-06-07T08:00,30.1,65,1003.9,16.8,0.0
2022-06-07T09:00,32.2,57,1004.0,16.6,0.0
2022-06-07T10:00,34.2,50,1003.5,17.2,0.0
2022-06-07T11:00,35.7,46,1002.9,15.2,0.0
2022-06-07T12:00,36.4,43,1002.2,11.5,0.0
2022-06-07T13:00,34.0,50,1002.2,14.8,0.0
2022-06-07T14:00,34.9,47,1001.1,12.6,0.0
2022-06-07T15:00,34.2,54,1000.6,14.8,0.1
2022-06-07T16:00,33.6,56,1000.6,12.5,0.0
2022-06-07T17:00,33.8,53,1001.0,13.7,0.0
2022-06-07T18:00,32.5,59,1001.3,13.2,0.0
2022-06-07T19:00,31.6,63,1002.5,13.2,0.0
2022-06-07T20:00,30.8,68,1003.1,14.3,0.0
2022-06-07T21:00,30.4,69,1003.4,15.3,0.0
2022-06-07T22:00,29.9,70,1003.3,12.6,0.0
2022-06-07T23:00,29.6,71,1003.0,12.4,0.0
2022-06-08T00:00,29.6,69,1002.5,14.0,0.0
2022-06-08T01:00,29.5,66,1002.2,13.8,0.0
2022-06-08T02:00,29.2,66,1002.0,13.9,0.0
2022-06-08T03:00,29.0,67,1002.2,13.0,0.0
2022-06-08T04:00,28.5,70,1002.5,13.3,0.0
2022-06-08T05:00,28.8,69,1002.2,13.5,0.0
2022-06-08T06:00,29.2,67,1002.8,14.6,0.0
2022-06-08T07:00,30.5,60,1003.3,15.0,0.0
2022-06-08T08:00,32.0,53,1003.9,17.2,0.0
2022-06-08T09:00,33.4,50,1004.0,15.5,0.0
2022-06-08T10:00,35.0,46,1003.7,13.0,0.0
2022-06-08T11:00,36.3,42,1002.7,11.9,0.0
2022-06-08T12:00,37.4,39,1001.6,10.3,0.0
2022-06-08T13:00,37.5,38,1000.7,9.9,0.0
2022-06-08T14:00,36.5,50,999.7,14.1,0.0
2022-06-08T15:00,36.3,52,998.8,18.0,0.0
2022-06-08T16:00,35.7,54,998.7,18.0,0.0
2022-06-08T17:00,29.2,76,999.9,9.0,0.0
2022-06-08T18:00,29.7,75,1000.8,14.1,0.5
2022-06-08T19:00,29.4,78,1001.5,15.3,0.0
2022-06-08T20:00,29.3,79,1002.2,15.0,0.0
2022-06-08T21:00,30.1,67,1002.9,15.0,0.0
2022-06-08T22:00,29.4,63,1003.0,15.4,0.0
2022-06-08T23:00,28.9,65,1002.4,15.7,0.0
2022-06-09T00:00,28.8,63,1001.7,17.5,0.0
2022-06-09T01:00,28.8,62,1001.0,16.9,0.0
2022-06-09T02:00,28.7,64,1000.9,15.8,0.0
2022-06-09T03:00,28.5,65,1000.9,15.9,0.0
2022-06-09T04:00,28.5,65,1001.1,15.5,0.0
2022-06-09T05:00,29.2,64,1001.4,14.2,0.0
2022-06-09T06:00,29.7,63,1001.9,14.5,0.0
2022-06-09T07:00,30.8,60,1002.7,11.6,0.0
2022-06-09T08:00,32.2,56,1003.3,11.3,0.0
2022-06-09T09:00,33.5,52,1003.3,8.4,0.0
2022-06-09T10:00,34.7,50,1003.1,5.6,0.0
2022-06-09T11:00,35.4,48,1002.3,8.1,0.0
2022-06-09T12:00,34.3,61,1001.8,16.4,0.0
2022-06-09T13:00,33.7,61,1001.0,19.7,0.0
2022-06-09T14:00,33.2,59,1000.4,20.5,0.0
2022-06-09T15:00,32.8,63,999.9,20.7,0.0
2022-06-09T16:00,32.3,68,999.5,17.4,0.0
2022-06-09T17:00,30.6,71,1000.5,17.1,0.0
2022-06-09T18:00,29.5,77,1001.4,16.7,0.0
2022-06-09T19:00,29.4,79,1002.6,14.5,0.0
2022-06-09T20:00,29.4,80,1003.2,13.4,0.0
2022-06-09T21:00,29.4,77,1003.6,16.1,0.0
2022-06-09T22:00,29.2,79,1003.7,16.6,0.0
2022-06-09T23:00,29.0,80,1003.3,15.2,0.0
2022-06-10T00:00,28.8,81,1002.7,12.9,0.0
2022-06-10T01:00,28.8,80,1002.3,13.1,0.0
2022-06-10T02:00,28.9,76,1001.7,14.5,0.0
2022-06-10T03:00,28.8,72,1001.8,14.2,0.0
2022-06-10T04:00,28.5,72,1002.2,13.1,0.0
2022-06-10T05:00,28.4,74,1002.8,13.9,0.0
2022-06-10T06:00,28.7,73,1003.5,13.3,0.0
2022-06-10T07:00,29.9,69,1004.1,13.0,0.0
2022-06-10T08:00,31.7,60,1004.7,13.5,0.0
2022-06-10T09:00,33.4,51,1004.8,13.7,0.0
2022-06-10T10:00,35.1,44,1004.5,13.6,0.0
2022-06-10T11:00,36.4,39,1003.6,12.7,0.0
2022-06-10T12:00,36.7,37,1002.5,10.5,0.0
2022-06-10T13:00,35.8,52,1001.5,12.0,0.0
2022-06-10T14:00,34.8,63,1000.9,15.8,0.0
2022-06-10T15:00,34.0,61,1000.4,19.1,0.0
2022-06-10T16:00,32.8,63,1000.2,23.0,0.0
2022-06-10T17:00,32.4,68,1000.8,16.7,0.0
2022-06-10T18:00,31.0,70,1001.4,19.1,0.0
2022-06-10T19:00,30.4,67,1002.5,22.4,0.0
2022-06-10T20:00,30.1,71,1003.4,20.7,0.0
2022-06-10T21:00,30.0,73,1004.0,19.7,0.0
2022-06-10T22:00,29.6,75,1004.4,18.6,0.0
2022-06-10T23:00,29.2,79,1004.5,17.7,0.0
2022-06-11T00:00,29.2,77,1004.0,17.4,0.0
2022-06-11T01:00,29.4,71,1003.5,18.0,0.0
2022-06-11T02:00,29.3,70,1003.2,16.6,0.0
2022-06-11T03:00,29.1,71,1003.5,13.1,0.0
2022-06-11T04:00,28.9,73,1003.9,11.5,0.0
2022-06-11T05:00,28.7,73,1004.0,11.5,0.0
2022-06-11T06:00,29.1,69,1004.6,11.1,0.0
2022-06-11T07:00,30.6,59,1005.3,13.1,0.0
2022-06-11T08:00,32.0,51,1005.6,17.0,0.0
2022-06-11T09:00,33.4,47,1005.5,14.4,0.0
2022-06-11T10:00,35.1,42,1004.7,12.7,0.0
2022-06-11T11:00,36.5,38,1004.3,9.4,0.0
2022-06-11T12:00,36.7,37,1003.7,9.1,0.0
2022-06-11T13:00,34.6,60,1002.8,15.9,0.0
2022-06-11T14:00,34.4,60,1001.8,16.9,0.0
2022-06-11T15:00,33.1,64,1001.1,20.1,0.0
2022-06-11T16:00,31.9,66,1000.8,24.1,0.0
2022-06-11T17:00,30.6,70,1001.6,19.3,0.0
2022-06-11T18:00,30.1,76,1002.1,16.9,0.0
2022-06-11T19:00,29.7,78,1002.6,16.0,0.0
2022-06-11T20:00,29.7,76,1003.6,14.0,0.0
2022-06-11T21:00,29.7,76,1004.3,12.2,0.0
2022-06-11T22:00,29.6,76,1004.5,10.6,0.0
2022-06-11T23:00,29.5,74,1004.5,10.0,0.0
2022-06-12T00:00,29.6,69,1003.7,12.2,0.0
2022-06-12T01:00,29.7,64,1003.4,13.8,0.0
2022-06-12T02:00,29.5,62,1003.3,14.1,0.0
2022-06-12T03:00,29.4,62,1003.1,14.5,0.0
2022-06-12T04:00,29.2,63,1003.4,13.0,0.0
2022-06-12T05:00,28.8,69,1004.3,10.8,0.0
2022-06-12T06:00,29.3,66,1004.8,10.4,0.0
2022-06-12T07:00,30.7,58,1005.4,12.1,0.0
2022-06-12T08:00,32.3,51,1005.8,12.6,0.0
2022-06-12T09:00,33.7,47,1005.6,10.1,0.0
2022-06-12T10:00,34.8,44,1005.1,7.2,0.0
2022-06-12T11:00,35.2,43,1004.5,9.0,0.0
2022-06-12T12:00,34.0,61,1003.3,16.1,0.0
2022-06-12T13:00,33.7,59,1002.7,19.9,0.0
2022-06-12T14:00,32.6,57,1002.0,20.9,0.0
2022-06-12T15:00,32.1,61,1001.2,22.1,0.0
2022-06-12T16:00,31.3,67,1000.7,19.9,0.0
2022-06-12T17:00,30.2,71,1001.6,18.5,0.0
2022-06-12T18:00,29.4,78,1002.3,14.8,0.0
2022-06-12T19:00,29.4,79,1003.6,12.6,0.0
2022-06-12T20:00,29.2,82,1004.6,15.4,0.0
2022-06-12T21:00,29.2,82,1005.2,12.2,0.0
2022-06-12T22:00,29.1,81,1005.6,8.0,0.0
2022-06-12T23:00,29.0,81,1005.6,5.9,0.0
2022-06-13T00:00,29.2,72,1005.0,7.1,0.0
2022-06-13T01:00,28.7,66,1004.5,5.4,0.0
2022-06-13T02:00,28.5,64,1004.1,9.2,0.0
2022-06-13T03:00,28.2,65,1004.1,8.5,0.0
2022-06-13T04:00,28.0,66,1004.5,8.4,0.0
2022-06-13T05:00,27.4,74,1005.6,8.8,0.0
2022-06-13T06:00,28.1,70,1006.1,10.8,0.0
2022-06-13T07:00,29.7,64,1006.6,12.4,0.0
2022-06-13T08:00,31.6,56,1006.7,14.7,0.0
2022-06-13T09:00,33.5,49,1006.7,12.0,0.0
2022-06-13T10:00,34.8,46,1006.1,7.9,0.0
2022-06-13T11:00,34.6,49,1005.3,11.5,0.0
2022-06-13T12:00,33.4,58,1004.5,16.6,0.0
2022-06-13T13:00,33.1,55,1003.7,15.8,0.0
2022-06-13T14:00,33.7,54,1002.8,12.0,0.0
2022-06-13T15:00,32.3,61,1002.3,15.9,0.0
2022-06-13T16:00,31.1,65,1002.0,14.8,0.0
2022-06-13T17:00,30.6,68,1002.9,11.9,0.0
2022-06-13T18:00,29.7,72,1003.3,9.2,0.0
2022-06-13T19:00,29.1,77,1003.8,12.0,0.0
2022-06-13T20:00,28.7,82,1004.4,12.4,0.0
2022-06-13T21:00,28.6,83,1005.3,14.6,0.0
2022-06-13T22:00,28.6,81,1005.6,15.9,0.0
2022-06-13T23:00,28.4,83,1005.5,15.1,0.0
2022-06-14T00:00,28.2,84,1004.6,15.3,0.0
2022-06-14T01:00,28.1,84,1004.2,15.9,0.0
2022-06-14T02:00,28.0,83,1003.6,15.8,0.0
2022-06-14T03:00,27.9,83,1003.8,14.3,0.0
2022-06-14T04:00,27.8,82,1004.0,12.1,0.0
2022-06-14T05:00,28.0,83,1004.7,9.4,0.0
2022-06-14T06:00,28.5,80,1005.5,10.3,0.0
2022-06-14T07:00,29.6,75,1005.7,10.5,0.0
2022-06-14T08:00,31.5,66,1005.8,10.6,0.0
2022-06-14T09:00,33.6,54,1005.8,10.8,0.0
2022-06-14T10:00,35.0,46,1005.4,9.4,0.0
2022-06-14T11:00,35.7,45,1004.5,6.4,0.0
2022-06-14T12:00,34.9,53,1003.8,12.6,0.0
2022-06-14T13:00,34.2,57,1002.8,15.4,0.0
2022-06-14T14:00,33.8,54,1002.3,12.9,0.0
2022-06-14T15:00,33.6,56,1001.6,13.3,0.0
2022-06-14T16:00,32.1,64,1001.3,12.9,0.0
2022-06-14T17:00,31.4,66,1001.8,11.7,0.0
2022-06-14T18:00,30.4,73,1002.0,12.7,0.0
2022-06-14T19:00,29.9,79,1002.7,14.2,0.0
2022-06-14T20:00,29.6,79,1003.6,14.6,0.0
2022-06-14T21:00,29.1,81,1004.5,15.5,0.5
2022-06-14T22:00,26.4,90,1006.3,26.3,1.1
2022-06-14T23:00,26.4,89,1006.9,11.0,3.6
2022-06-15T00:00,26.4,90,1004.9,10.5,0.6
2022-06-15T01:00,26.0,91,1004.2,10.3,0.1
2022-06-15T02:00,25.8,90,1004.4,12.3,0.0
2022-06-15T03:00,25.8,89,1003.4,4.1,0.0
2022-06-15T04:00,25.9,89,1003.5,7.4,0.0
2022-06-15T05:00,26.6,80,1002.9,8.0,0.0
2022-06-15T06:00,27.1,80,1004.0,7.3,0.0
2022-06-15T07:00,28.1,75,1005.0,2.7,0.0
2022-06-15T08:00,29.2,70,1005.4,1.9,0.0
2022-06-15T09:00,30.4,66,1005.7,3.3,0.0
2022-06-15T10:00,31.8,62,1005.6,4.5,0.0
2022-06-15T11:00,32.7,57,1005.1,5.4,0.0
2022-06-15T12:00,32.2,62,1004.4,9.9,0.3
2022-06-15T13:00,31.2,70,1003.4,13.6,0.2
2022-06-15T14:00,31.3,67,1002.2,13.0,0.0
2022-06-15T15:00,31.2,65,1001.4,14.4,0.0
2022-06-15T16:00,30.7,68,1001.1,12.4,0.0
2022-06-15T17:00,30.6,69,1001.8,10.7,0.0
2022-06-15T18:00,29.5,74,1002.2,12.0,0.0
2022-06-15T19:00,29.0,79,1002.8,9.8,0.0
2022-06-15T20:00,28.8,80,1004.4,9.4,0.0
2022-06-15T21:00,28.6,82,1005.3,10.0,0.0
2022-06-15T22:00,28.6,84,1005.6,11.5,0.0
2022-06-15T23:00,26.4,90,1006.7,20.0,4.4
2022-06-16T00:00,25.9,91,1005.4,5.1,0.5
2022-06-16T01:00,25.8,92,1005.6,10.0,0.1
2022-06-16T02:00,25.6,93,1004.5,7.9,0.1
2022-06-16T03:00,25.6,94,1004.0,5.9,0.0
2022-06-16T04:00,25.4,94,1004.2,8.1,0.0
2022-06-16T05:00,25.7,90,1003.8,5.4,0.0
2022-06-16T06:00,26.4,88,1003.7,7.0,0.0
2022-06-16T07:00,27.7,83,1004.1,7.6,0.0
2022-06-16T08:00,29.3,75,1004.9,8.7,0.0
2022-06-16T09:00,31.0,68,1005.2,5.4,0.0
2022-06-16T10:00,32.2,63,1005.0,1.1,0.0
2022-06-16T11:00,32.5,62,1004.7,6.6,0.1
2022-06-16T12:00,31.9,71,1004.0,11.8,0.1
2022-06-16T13:00,30.9,73,1003.8,11.2,1.2
2022-06-16T14:00,30.9,70,1002.9,12.6,0.0
2022-06-16T15:00,30.7,70,1002.1,11.3,0.0
2022-06-16T16:00,30.1,72,1001.6,11.5,0.0
2022-06-16T17:00,29.8,75,1001.6,12.8,0.0
2022-06-16T18:00,29.1,80,1002.7,13.0,0.0
2022-06-16T19:00,28.6,84,1003.7,12.3,0.0
2022-06-16T20:00,28.4,86,1004.4,11.4,0.0
2022-06-16T21:00,28.2,87,1005.3,12.6,0.0
2022-06-16T22:00,28.2,86,1005.5,15.5,0.0
2022-06-16T23:00,26.8,85,1006.5,23.2,2.4
2022-06-17T00:00,25.4,88,1005.8,13.7,0.5
2022-06-17T01:00,25.3,90,1005.3,9.4,0.0
2022-06-17T02:00,25.3,90,1004.8,10.5,0.0
2022-06-17T03:00,25.0,91,1004.3,5.0,0.0
2022-06-17T04:00,24.9,92,1004.3,6.0,0.0
2022-06-17T05:00,25.7,91,1003.9,7.6,0.0
2022-06-17T06:00,26.5,88,1004.4,5.8,0.0
2022-06-17T07:00,27.7,82,1004.8,4.8,0.0
2022-06-17T08:00,29.1,76,1005.1,3.3,0.0
2022-06-17T09:00,30.3,71,1005.1,2.6,0.0
2022-06-17T10:00,30.8,72,1005.0,8.9,0.0
2022-06-17T11:00,30.3,75,1005.1,13.4,0.0
2022-06-17T12:00,30.3,71,1004.7,16.1,0.0
2022-06-17T13:00,30.3,72,1004.0,16.9,0.0
2022-06-17T14:00,30.2,71,1003.1,18.7,0.0
2022-06-17T15:00,29.9,72,1002.2,19.3,0.0
2022-06-17T16:00,29.4,76,1001.7,18.4,0.0
2022-06-17T17:00,29.4,72,1002.1,14.4,0.0
2022-06-17T18:00,28.7,80,1002.5,16.4,0.0
2022-06-17T19:00,28.3,81,1003.5,19.8,0.0
2022-06-17T20:00,28.1,80,1004.2,17.7,0.0
2022-06-17T21:00,28.0,81,1004.8,17.3,0.0
2022-06-17T22:00,28.0,82,1005.1,18.0,0.0
2022-06-17T23:00,27.8,85,1005.3,17.0,0.0
2022-06-18T00:00,27.6,85,1004.9,15.7,0.0
2022-06-18T01:00,27.4,86,1004.5,15.7,0.0
2022-06-18T02:00,27.2,87,1004.2,13.8,0.2
2022-06-18T03:00,27.0,88,1004.2,12.8,0.1
2022-06-18T04:00,26.7,88,1004.0,11.5,0.0
2022-06-18T05:00,26.4,89,1004.5,9.8,0.0
2022-06-18T06:00,27.0,88,1005.2,12.1,0.1
2022-06-18T07:00,27.7,82,1005.6,12.5,0.0
2022-06-18T08:00,28.9,77,1005.8,10.6,0.0
2022-06-18T09:00,30.2,71,1006.4,11.7,0.1
2022-06-18T10:00,30.9,68,1006.1,12.3,0.1
2022-06-18T11:00,31.2,70,1005.7,15.7,0.1
2022-06-18T12:00,29.2,79,1005.2,18.2,4.2
2022-06-18T13:00,29.9,75,1004.3,16.8,0.1
2022-06-18T14:00,30.4,73,1003.1,20.6,0.1
2022-06-18T15:00,29.7,75,1002.8,18.2,0.1
2022-06-18T16:00,29.6,76,1002.1,16.9,0.1
2022-06-18T17:00,30.0,73,1002.1,18.9,0.0
2022-06-18T18:00,29.1,78,1002.6,17.9,0.0
2022-06-18T19:00,28.7,80,1003.7,17.3,0.0
2022-06-18T20:00,28.3,83,1004.9,15.9,0.0
2022-06-18T21:00,28.2,85,1005.4,15.1,0.0
2022-06-18T22:00,28.0,85,1005.7,14.4,0.0
2022-06-18T23:00,27.9,87,1005.5,13.3,0.0
2022-06-19T00:00,27.8,89,1005.2,13.7,0.0
2022-06-19T01:00,27.7,90,1004.7,13.5,0.0
2022-06-19T02:00,27.6,89,1004.1,13.5,0.0
2022-06-19T03:00,27.4,87,1004.1,12.4,0.0
2022-06-19T04:00,27.2,85,1004.3,12.6,0.0
2022-06-19T05:00,27.2,84,1004.6,10.8,0.0
2022-06-19T06:00,27.6,83,1005.0,12.2,0.0
2022-06-19T07:00,28.3,80,1006.0,13.9,0.0
2022-06-19T08:00,29.3,74,1006.1,14.4,0.0
2022-06-19T09:00,30.6,68,1006.1,11.8,0.0
2022-06-19T10:00,31.7,64,1005.9,10.5,0.0
2022-06-19T11:00,32.7,62,1005.3,7.4,0.0
2022-06-19T12:00,32.8,63,1004.7,9.3,0.0
2022-06-19T13:00,30.9,78,1003.8,14.1,2.7
2022-06-19T14:00,29.8,80,1003.0,18.2,1.3
2022-06-19T15:00,30.5,75,1002.0,16.5,0.3
2022-06-19T16:00,30.0,79,1001.7,19.0,0.0
2022-06-19T17:00,30.0,77,1001.9,17.0,0.0
2022-06-19T18:00,29.2,82,1002.3,15.8,0.0
2022-06-19T19:00,28.9,81,1003.8,14.5,0.1
2022-06-19T20:00,27.2,93,1004.9,16.4,2.4
2022-06-19T21:00,27.3,88,1005.2,18.1,0.4
2022-06-19T22:00,26.6,92,1006.1,13.3,0.1
2022-06-19T23:00,25.8,93,1006.0,7.9,0.1
2022-06-20T00:00,25.8,92,1004.7,7.3,0.1
2022-06-20T01:00,25.7,93,1004.1,7.4,0.1
2022-06-20T02:00,25.6,93,1003.5,7.9,0.0
2022-06-20T03:00,25.7,93,1003.3,9.0,0.0
2022-06-20T04:00,25.7,92,1003.2,6.8,0.0
2022-06-20T05:00,25.9,89,1003.5,7.6,0.0
2022-06-20T06:00,26.3,87,1003.7,9.4,0.0
2022-06-20T07:00,27.6,82,1004.4,10.5,0.0
2022-06-20T08:00,29.4,74,1004.7,10.1,0.0
2022-06-20T09:00,31.3,65,1004.8,10.2,0.0
2022-06-20T10:00,32.5,59,1004.7,8.0,0.1
2022-06-20T11:00,33.2,55,1004.1,3.8,0.1
2022-06-20T12:00,33.0,58,1003.3,5.7,0.0
2022-06-20T13:00,32.3,71,1002.7,11.1,0.1
2022-06-20T14:00,31.6,78,1001.5,13.9,0.0
2022-06-20T15:00,31.0,71,1000.8,18.0,0.1
2022-06-20T16:00,30.8,71,1000.5,18.1,0.1
2022-06-20T17:00,30.2,77,1000.9,15.4,0.0
2022-06-20T18:00,29.3,82,1001.5,11.7,0.1
2022-06-20T19:00,28.7,83,1002.4,5.6,0.1
2022-06-20T20:00,28.5,85,1003.4,8.1,0.0
2022-06-20T21:00,28.5,85,1003.7,9.7,0.0
2022-06-20T22:00,28.3,85,1003.8,11.7,0.0
2022-06-20T23:00,27.9,87,1003.5,10.5,0.0
2022-06-21T00:00,27.7,88,1003.0,11.3,0.0
2022-06-21T01:00,27.6,86,1002.5,11.5,0.0
2022-06-21T02:00,27.4,82,1001.9,13.6,0.0
2022-06-21T03:00,26.8,83,1002.2,7.5,1.4
2022-06-21T04:00,26.2,89,1001.7,3.3,2.0
2022-06-21T05:00,26.1,88,1002.4,9.2,0.0
2022-06-21T06:00,26.4,86,1002.7,10.2,0.0
2022-06-21T07:00,27.2,82,1003.3,8.9,0.0
2022-06-21T08:00,28.3,79,1003.7,8.7,0.0
2022-06-21T09:00,30.3,69,1003.6,10.5,0.0
2022-06-21T10:00,31.8,61,1003.3,11.1,0.0
2022-06-21T11:00,32.7,58,1002.4,9.7,0.1
2022-06-21T12:00,32.9,57,1001.9,8.6,0.0
2022-06-21T13:00,33.2,57,1001.0,7.6,0.0
2022-06-21T14:00,32.6,59,1000.3,5.2,0.0
2022-06-21T15:00,31.6,68,999.5,9.9,0.1
2022-06-21T16:00,29.9,80,999.6,10.7,1.1
2022-06-21T17:00,29.0,77,1000.5,6.1,0.6
2022-06-21T18:00,28.4,80,1000.9,13.2,0.3
2022-06-21T19:00,27.4,83,1001.7,10.0,0.0
2022-06-21T20:00,27.0,85,1002.8,11.0,0.0
2022-06-21T21:00,27.4,82,1003.1,12.1,0.0
2022-06-21T22:00,27.8,75,1003.2,14.4,0.0
2022-06-21T23:00,27.6,76,1003.4,14.3,0.0
2022-06-22T00:00,27.4,79,1002.8,9.7,0.0
2022-06-22T01:00,27.2,81,1002.0,8.3,0.0
2022-06-22T02:00,27.1,83,1001.7,5.7,0.0
2022-06-22T03:00,27.0,87,1001.6,6.8,0.0
2022-06-22T04:00,26.8,87,1001.9,7.6,0.0
2022-06-22T05:00,26.4,93,1002.9,4.6,0.0
2022-06-22T06:00,27.1,90,1003.4,5.4,0.0
2022-06-22T07:00,27.5,87,1004.2,4.8,0.0
2022-06-22T08:00,28.7,79,1004.5,5.6,0.0
2022-06-22T09:00,29.9,69,1004.5,8.5,0.0
2022-06-22T10:00,31.4,63,1004.1,9.3,0.0
2022-06-22T11:00,32.3,59,1003.8,8.3,0.0
2022-06-22T12:00,33.1,54,1003.3,6.9,0.0
2022-06-22T13:00,33.0,54,1002.7,8.8,0.0
2022-06-22T14:00,32.8,60,1002.1,10.4,0.0
2022-06-22T15:00,31.6,75,1001.4,14.7,1.1
2022-06-22T16:00,31.3,73,1001.5,14.2,0.0
2022-06-22T17:00,30.3,76,1002.1,16.3,0.0
2022-06-22T18:00,29.5,75,1002.4,18.6,0.0
2022-06-22T19:00,29.3,77,1003.5,15.8,0.0
2022-06-22T20:00,29.3,77,1004.7,12.8,0.0
2022-06-22T21:00,28.5,76,1005.8,11.2,0.0
2022-06-22T22:00,27.4,78,1006.1,5.8,0.0
2022-06-22T23:00,27.0,79,1006.2,4.8,0.0
2022-06-23T00:00,26.9,80,1005.5,4.7,0.0
2022-06-23T01:00,26.8,82,1005.1,3.2,0.0
2022-06-23T02:00,26.7,86,1004.4,1.9,0.0
2022-06-23T03:00,26.9,82,1004.2,2.3,0.0
2022-06-23T04:00,26.4,87,1003.7,3.6,0.0
2022-06-23T05:00,27.4,76,1004.6,10.0,0.0
2022-06-23T06:00,27.5,76,1004.8,11.6,0.0
2022-06-23T07:00,27.9,76,1005.6,9.7,0.0
2022-06-23T08:00,28.8,74,1005.8,9.0,0.0
2022-06-23T09:00,29.9,71,1006.1,7.4,0.0
2022-06-23T10:00,31.1,65,1005.6,8.2,0.0
2022-06-23T11:00,32.1,60,1005.0,7.2,0.0
2022-06-23T12:00,32.5,60,1004.3,8.6,0.0
2022-06-23T13:00,32.3,68,1003.8,12.9,0.0
2022-06-23T14:00,31.5,76,1002.9,13.4,3.5
2022-06-23T15:00,30.9,75,1002.2,15.8,0.0
2022-06-23T16:00,30.5,74,1001.8,16.0,0.0
2022-06-23T17:00,29.6,78,1002.5,14.0,0.0
2022-06-23T18:00,29.1,79,1003.5,12.2,0.0
2022-06-23T19:00,29.1,77,1004.3,11.8,0.0
2022-06-23T20:00,28.9,82,1005.0,14.5,0.0
2022-06-23T21:00,28.9,82,1005.4,15.1,0.0
2022-06-23T22:00,28.8,81,1005.5,14.9,0.0
2022-06-23T23:00,28.6,83,1005.0,14.6,0.0
2022-06-24T00:00,28.4,86,1004.2,13.9,0.0
2022-06-24T01:00,28.3,88,1003.7,13.6,0.0
2022-06-24T02:00,28.2,86,1003.5,14.3,0.0
2022-06-24T03:00,28.0,83,1003.3,12.7,0.0
2022-06-24T04:00,27.8,81,1003.6,12.0,0.0
2022-06-24T05:00,27.7,79,1004.2,10.3,0.0
2022-06-24T06:00,27.9,79,1004.9,11.0,0.0
2022-06-24T07:00,28.8,76,1005.2,11.2,0.0
2022-06-24T08:00,30.2,71,1005.4,11.9,0.0
2022-06-24T09:00,31.4,62,1005.3,14.8,0.0
2022-06-24T10:00,32.6,56,1005.2,16.7,0.0
2022-06-24T11:00,33.5,53,1004.3,14.7,0.0
2022-06-24T12:00,32.7,57,1004.1,13.8,0.4
2022-06-24T13:00,33.4,55,1002.8,10.0,0.0
2022-06-24T14:00,33.1,58,1001.6,8.2,0.1
2022-06-24T15:00,30.7,74,1001.5,5.8,1.1
2022-06-24T16:00,29.2,82,1001.3,15.2,0.0
2022-06-24T17:00,30.6,81,1000.4,14.3,0.0
2022-06-24T18:00,30.1,80,1000.7,13.5,0.0
2022-06-24T19:00,30.0,79,1001.6,11.9,0.0
2022-06-24T20:00,29.8,80,1002.5,15.1,0.0
2022-06-24T21:00,29.4,81,1003.1,14.9,0.0
2022-06-24T22:00,29.1,83,1003.3,15.2,0.0
2022-06-24T23:00,28.4,85,1003.9,25.5,0.0
2022-06-25T00:00,27.2,78,1002.6,19.2,0.1
2022-06-25T01:00,27.0,78,1002.1,13.5,0.0
2022-06-25T02:00,27.0,78,1001.2,13.8,0.0
2022-06-25T03:00,26.7,80,1000.9,13.2,0.0
2022-06-25T04:00,26.4,81,1000.9,13.8,0.0
2022-06-25T05:00,26.2,87,1001.2,9.7,0.0
2022-06-25T06:00,27.1,78,1001.8,14.3,0.0
2022-06-25T07:00,28.5,69,1002.7,16.3,0.0
2022-06-25T08:00,29.8,62,1003.2,17.8,0.0
2022-06-25T09:00,30.6,59,1003.2,17.1,0.0
2022-06-25T10:00,31.6,56,1002.6,16.9,0.0
2022-06-25T11:00,32.7,55,1002.0,18.1,0.0
2022-06-25T12:00,33.7,52,1001.4,19.4,0.0
2022-06-25T13:00,34.6,48,1000.1,17.9,0.0
2022-06-25T14:00,33.6,50,999.3,19.6,0.2
2022-06-25T15:00,33.9,50,998.2,12.6,0.0
2022-06-25T16:00,34.1,47,998.1,17.9,0.0
2022-06-25T17:00,31.7,59,999.2,3.6,0.0
2022-06-25T18:00,30.3,70,999.5,4.0,0.0
2022-06-25T19:00,29.8,68,1000.3,5.6,0.0
2022-06-25T20:00,29.1,70,1001.0,5.6,0.0
2022-06-25T21:00,28.6,73,1001.5,5.2,0.0
2022-06-25T22:00,28.5,73,1001.8,5.6,0.0
2022-06-25T23:00,28.5,72,1001.6,8.4,0.0
2022-06-26T00:00,28.6,67,1001.1,11.8,0.0
2022-06-26T01:00,28.5,64,1000.8,12.6,0.0
2022-06-26T02:00,28.4,64,1000.5,13.4,0.0
2022-06-26T03:00,27.8,67,1000.4,13.0,0.0
2022-06-26T04:00,27.6,68,1000.6,12.7,0.0
2022-06-26T05:00,27.5,70,1001.3,12.2,0.0
2022-06-26T06:00,27.8,70,1002.1,12.8,0.0
2022-06-26T07:00,28.9,69,1002.8,11.3,0.0
2022-06-26T08:00,30.4,62,1003.0,13.2,0.0
2022-06-26T09:00,31.6,56,1003.3,16.3,0.0
2022-06-26T10:00,32.7,53,1003.1,14.5,0.0
2022-06-26T11:00,33.9,49,1002.7,17.3,0.0
2022-06-26T12:00,34.5,48,1002.2,17.0,0.0
2022-06-26T13:00,35.0,47,1001.4,10.9,0.0
2022-06-26T14:00,34.4,49,1000.6,6.1,0.0
2022-06-26T15:00,31.5,72,1000.4,16.7,0.3
2022-06-26T16:00,30.5,73,1000.5,13.7,0.3
2022-06-26T17:00,31.0,78,1000.6,14.8,0.0
2022-06-26T18:00,29.9,73,1001.0,18.6,0.0
2022-06-26T19:00,30.0,69,1002.0,16.0,0.0
2022-06-26T20:00,29.5,76,1002.8,13.7,0.0
2022-06-26T21:00,29.3,74,1003.9,12.7,0.0
2022-06-26T22:00,29.1,73,1004.0,10.8,0.0
2022-06-26T23:00,28.9,74,1003.7,11.0,0.0
2022-06-27T00:00,28.7,79,1003.5,13.6,0.0
2022-06-27T01:00,28.3,81,1003.0,11.3,0.0
2022-06-27T02:00,28.0,81,1002.6,10.4,0.0
2022-06-27T03:00,28.1,73,1002.6,12.9,0.0
2022-06-27T04:00,28.2,64,1002.9,12.7,0.0
2022-06-27T05:00,28.3,66,1003.0,13.9,0.0
2022-06-27T06:00,28.5,63,1003.6,15.1,0.0
2022-06-27T07:00,29.1,63,1004.5,15.5,0.0
2022-06-27T08:00,30.1,60,1004.8,16.7,0.0
2022-06-27T09:00,31.0,57,1005.0,15.8,0.0
2022-06-27T10:00,31.6,56,1004.6,12.7,0.0
2022-06-27T11:00,32.4,54,1004.3,10.6,0.0
2022-06-27T12:00,32.8,53,1003.7,8.7,0.0
2022-06-27T13:00,33.5,52,1002.7,5.2,0.0
2022-06-27T14:00,33.5,51,1002.1,2.7,0.0
2022-06-27T15:00,32.2,59,1001.6,7.1,0.0
2022-06-27T16:00,30.6,71,1001.6,11.9,0.0
2022-06-27T17:00,30.2,67,1002.5,12.5,0.0
2022-06-27T18:00,28.4,79,1002.7,14.2,0.2
2022-06-27T19:00,28.6,76,1003.3,11.0,0.0
2022-06-27T20:00,28.5,84,1004.4,13.7,0.0
2022-06-27T21:00,28.5,83,1005.1,10.9,0.0
2022-06-27T22:00,28.3,86,1005.6,11.5,0.0
2022-06-27T23:00,28.3,84,1005.8,14.3,0.0
2022-06-28T00:00,28.2,85,1005.2,12.8,0.0
2022-06-28T01:00,27.9,88,1004.4,10.6,0.0
2022-06-28T02:00,27.6,87,1003.7,10.2,0.0
2022-06-28T03:00,27.2,84,1003.5,7.6,0.0
2022-06-28T04:00,26.9,84,1003.7,6.7,0.0
2022-06-28T05:00,27.0,90,1004.0,5.2,0.0
2022-06-28T06:00,27.4,88,1004.3,6.5,0.0
2022-06-28T07:00,28.4,82,1004.8,5.2,0.0
2022-06-28T08:00,29.7,71,1005.3,7.2,0.0
2022-06-28T09:00,31.1,60,1005.3,10.1,0.0
2022-06-28T10:00,32.3,54,1005.2,8.6,0.0
2022-06-28T11:00,33.1,52,1004.6,7.1,0.0
2022-06-28T12:00,33.2,51,1004.0,5.9,0.0
2022-06-28T13:00,31.8,61,1003.4,10.9,0.2
2022-06-28T14:00,31.2,66,1002.2,11.3,0.1
2022-06-28T15:00,31.4,63,1001.5,9.9,0.1
2022-06-28T16:00,30.8,67,1000.9,10.1,0.0
2022-06-28T17:00,30.2,69,1001.5,10.2,0.0
2022-06-28T18:00,29.1,73,1001.8,9.7,0.0
2022-06-28T19:00,28.8,77,1002.5,8.2,0.0
2022-06-28T20:00,28.6,79,1003.4,11.5,0.0
2022-06-28T21:00,28.5,79,1004.0,10.2,0.0
2022-06-28T22:00,28.3,83,1004.4,10.7,0.0
2022-06-28T23:00,28.2,85,1004.6,11.2,0.0
2022-06-29T00:00,28.2,84,1003.9,13.0,0.0
2022-06-29T01:00,28.1,85,1003.0,13.4,0.0
2022-06-29T02:00,27.8,87,1002.1,14.5,0.0
2022-06-29T03:00,27.5,86,1001.9,13.5,0.0
2022-06-29T04:00,27.2,83,1002.1,11.1,0.0
2022-06-29T05:00,27.4,83,1002.2,10.2,0.0
2022-06-29T06:00,27.8,80,1002.4,10.0,0.0
2022-06-29T07:00,29.1,72,1002.9,11.4,0.0
2022-06-29T08:00,30.6,63,1003.1,14.2,0.0
2022-06-29T09:00,32.1,57,1003.3,13.3,0.0
2022-06-29T10:00,33.3,53,1003.3,10.1,0.0
2022-06-29T11:00,34.2,51,1002.6,8.4,0.0
2022-06-29T12:00,34.7,49,1002.1,5.6,0.0
2022-06-29T13:00,34.8,50,1001.1,2.2,0.0
2022-06-29T14:00,32.7,63,1000.1,15.1,0.4
2022-06-29T15:00,30.8,68,999.7,13.1,0.2
2022-06-29T16:00,29.2,74,1000.4,16.1,2.2
2022-06-29T17:00,29.5,72,1000.0,15.1,0.1
2022-06-29T18:00,28.3,78,999.9,13.5,0.0
2022-06-29T19:00,28.1,80,1001.0,8.7,0.0
2022-06-29T20:00,28.3,79,1001.9,8.0,0.0
2022-06-29T21:00,28.0,80,1002.7,7.5,0.1
2022-06-29T22:00,28.1,80,1002.6,7.8,0.0
2022-06-29T23:00,28.3,86,1002.7,8.0,0.0
2022-06-30T00:00,28.1,90,1002.3,7.0,0.0
2022-06-30T01:00,27.7,90,1001.9,6.6,0.0
2022-06-30T02:00,27.5,88,1001.3,7.5,0.0
2022-06-30T03:00,27.2,86,1001.0,9.3,0.0
2022-06-30T04:00,27.5,78,1000.8,12.0,0.0
2022-06-30T05:00,27.3,85,1001.5,0.4,0.0
2022-06-30T06:00,27.4,86,1001.8,6.4,0.2
2022-06-30T07:00,28.3,81,1002.0,10.4,0.0
2022-06-30T08:00,30.0,69,1002.6,13.0,0.0
2022-06-30T09:00,31.5,60,1002.7,13.7,0.0
2022-06-30T10:00,32.5,56,1002.8,12.7,0.0
2022-06-30T11:00,33.5,54,1002.2,11.0,0.0
2022-06-30T12:00,34.5,50,1001.3,10.3,0.0
2022-06-30T13:00,35.1,49,1000.4,7.0,0.0
2022-06-30T14:00,34.5,49,999.4,2.9,0.0
2022-06-30T15:00,32.7,64,998.6,12.2,0.0
2022-06-30T16:00,31.0,68,998.4,16.4,0.1
2022-06-30T17:00,31.7,61,999.1,5.2,0.0
2022-06-30T18:00,30.5,69,999.6,8.3,0.0
2022-06-30T19:00,29.7,75,1000.3,9.7,0.0
2022-06-30T20:00,30.1,69,1001.8,12.8,0.0
2022-06-30T21:00,29.6,65,1002.4,14.7,0.0
2022-06-30T22:00,29.0,68,1002.9,11.4,0.0
2022-06-30T23:00,28.7,71,1002.8,8.6,0.0
2022-07-01T00:00,28.5,72,1002.5,10.3,0.0
2022-07-01T01:00,28.5,69,1002.0,12.0,0.0
2022-07-01T02:00,28.5,66,1001.4,11.5,0.0
2022-07-01T03:00,28.2,67,1001.2,11.9,0.0
2022-07-01T04:00,28.1,67,1001.3,13.0,0.0
2022-07-01T05:00,26.3,85,1001.3,7.4,0.0
2022-07-01T06:00,26.9,82,1001.4,9.0,0.0
2022-07-01T07:00,28.6,76,1001.8,9.7,0.0
2022-07-01T08:00,30.5,64,1002.0,15.5,0.0
2022-07-01T09:00,32.0,57,1002.3,17.1,0.0
2022-07-01T10:00,33.2,55,1002.3,14.2,0.0
2022-07-01T11:00,34.4,52,1001.7,12.2,0.0
2022-07-01T12:00,35.1,51,1001.0,12.1,0.0
2022-07-01T13:00,34.5,52,1000.6,7.0,0.0
2022-07-01T14:00,33.3,61,999.8,13.0,0.1
2022-07-01T15:00,29.5,74,1000.4,6.1,5.1
2022-07-01T16:00,29.8,73,999.0,12.2,0.1
2022-07-01T17:00,30.8,71,999.1,7.8,0.0
2022-07-01T18:00,29.7,77,999.9,9.8,0.0
2022-07-01T19:00,29.4,75,1000.7,9.0,0.0
2022-07-01T20:00,29.5,70,1002.1,18.4,0.0
2022-07-01T21:00,28.4,74,1003.2,13.7,0.0
2022-07-01T22:00,27.8,76,1003.2,13.3,0.0
2022-07-01T23:00,27.4,77,1002.4,12.6,0.0
2022-07-02T00:00,27.1,77,1001.8,11.2,0.0
2022-07-02T01:00,27.2,76,1001.2,11.4,0.0
2022-07-02T02:00,27.0,77,1000.4,11.4,0.0
2022-07-02T03:00,26.9,78,1000.2,11.7,0.0
2022-07-02T04:00,26.9,79,1000.2,12.2,0.0
2022-07-02T05:00,26.3,85,1001.0,9.3,0.0
2022-07-02T06:00,26.9,83,1001.4,12.0,0.0
2022-07-02T07:00,28.2,78,1001.9,12.4,0.0
2022-07-02T08:00,29.8,69,1001.8,14.1,0.0
2022-07-02T09:00,31.3,60,1001.9,16.2,0.0
2022-07-02T10:00,32.5,57,1001.8,13.7,0.0
2022-07-02T11:00,33.4,55,1001.1,14.6,0.0
2022-07-02T12:00,34.2,53,1000.6,16.8,0.0
2022-07-02T13:00,34.7,50,999.8,13.3,0.0
2022-07-02T14:00,34.9,49,998.5,8.6,0.0
2022-07-02T15:00,34.4,50,997.7,4.8,0.0
2022-07-02T16:00,32.4,67,997.7,12.7,0.0
2022-07-02T17:00,31.3,73,998.3,15.6,0.3
2022-07-02T18:00,29.8,79,998.5,16.6,0.0
2022-07-02T19:00,29.8,75,999.7,14.4,0.0
2022-07-02T20:00,29.4,75,1000.9,10.8,0.1
2022-07-02T21:00,29.0,76,1001.6,4.4,0.0
2022-07-02T22:00,28.7,77,1001.7,5.5,0.0
2022-07-02T23:00,27.7,82,1002.2,13.8,0.7
2022-07-03T00:00,27.0,82,1002.0,20.3,0.0
2022-07-03T01:00,25.8,85,1001.4,14.3,0.1
2022-07-03T02:00,25.3,91,1001.5,18.0,7.0
2022-07-03T03:00,25.2,93,1000.7,10.1,2.4
2022-07-03T04:00,25.8,91,1000.7,12.4,0.0
2022-07-03T05:00,26.4,87,1000.4,9.8,0.1
2022-07-03T06:00,26.8,85,1000.8,10.7,0.0
2022-07-03T07:00,27.6,83,1001.4,11.4,0.0
2022-07-03T08:00,29.2,77,1002.2,10.7,0.0
2022-07-03T09:00,31.1,66,1002.5,11.3,0.0
2022-07-03T10:00,32.3,59,1002.5,11.5,0.0
2022-07-03T11:00,33.0,56,1001.8,11.1,0.0
2022-07-03T12:00,33.7,53,1001.3,11.4,0.0
2022-07-03T13:00,34.2,52,1000.2,11.6,0.0
2022-07-03T14:00,34.4,52,999.4,10.5,0.0
2022-07-03T15:00,34.0,52,998.5,2.4,0.0
2022-07-03T16:00,32.2,68,998.2,11.4,0.0
2022-07-03T17:00,30.9,67,998.9,11.5,6.2
2022-07-03T18:00,30.3,68,999.2,8.7,0.0
2022-07-03T19:00,29.8,71,1000.0,8.8,0.0
2022-07-03T20:00,29.5,76,1001.0,11.8,0.0
2022-07-03T21:00,29.4,72,1001.9,11.0,0.0
2022-07-03T22:00,29.2,68,1002.2,11.2,0.0
2022-07-03T23:00,27.9,75,1002.8,16.3,0.3
2022-07-04T00:00,27.5,78,1002.0,8.4,0.0
2022-07-04T01:00,28.0,74,1001.6,13.2,0.0
2022-07-04T02:00,28.5,67,1001.1,16.0,0.0
2022-07-04T03:00,28.2,66,1000.7,15.6,0.0
2022-07-04T04:00,28.1,66,1000.9,15.3,0.0
2022-07-04T05:00,28.3,65,1001.5,15.3,0.0
2022-07-04T06:00,28.5,64,1001.4,16.6,0.0
2022-07-04T07:00,28.9,64,1002.2,17.7,0.0
2022-07-04T08:00,30.2,61,1002.6,17.6,0.0
2022-07-04T09:00,31.3,57,1002.5,17.8,0.0
2022-07-04T10:00,32.4,55,1002.1,16.5,0.0
2022-07-04T11:00,33.8,50,1001.9,21.5,0.0
2022-07-04T12:00,34.3,48,1001.0,21.3,0.0
2022-07-04T13:00,34.3,49,1000.0,20.8,0.0
2022-07-04T14:00,32.9,56,999.7,19.1,0.4
2022-07-04T15:00,33.0,54,998.8,18.3,0.0
2022-07-04T16:00,33.0,53,998.5,12.7,0.0
2022-07-04T17:00,31.9,59,998.8,9.4,0.0
2022-07-04T18:00,30.8,65,999.0,6.4,0.0
2022-07-04T19:00,30.6,61,1000.0,19.7,0.0
2022-07-04T20:00,30.4,60,1001.4,21.4,0.0
2022-07-04T21:00,28.9,68,1002.5,19.1,0.4
2022-07-04T22:00,27.0,80,1003.2,16.3,3.5
2022-07-04T23:00,27.4,78,1002.8,15.9,2.4
2022-07-05T00:00,28.1,71,1001.8,15.7,0.0
2022-07-05T01:00,27.8,70,1001.2,11.7,0.0
2022-07-05T02:00,27.6,71,1000.4,10.8,0.0
2022-07-05T03:00,27.9,67,999.7,13.8,0.0
2022-07-05T04:00,28.0,65,1000.1,14.6,0.0
2022-07-05T05:00,27.6,69,1000.5,10.9,0.0
2022-07-05T06:00,27.7,71,1001.0,12.7,0.0
2022-07-05T07:00,28.3,70,1001.7,11.8,0.0
2022-07-05T08:00,28.9,70,1002.0,10.3,0.4
2022-07-05T09:00,30.8,61,1002.0,16.6,0.0
2022-07-05T10:00,31.3,58,1002.0,18.0,0.0
2022-07-05T11:00,31.8,55,1002.1,19.4,0.0
2022-07-05T12:00,31.4,57,1001.3,16.8,0.0
2022-07-05T13:00,32.2,55,1000.6,19.1,0.0
2022-07-05T14:00,32.1,56,1000.1,18.0,0.0
2022-07-05T15:00,30.8,61,999.6,17.3,0.0
2022-07-05T16:00,30.2,64,999.0,15.8,0.0
2022-07-05T17:00,30.6,61,999.0,22.5,0.0
2022-07-05T18:00,27.8,73,1000.2,21.4,0.0
2022-07-05T19:00,27.1,80,1000.9,12.6,0.4
2022-07-05T20:00,26.4,91,1001.8,6.2,0.7
2022-07-05T21:00,26.4,91,1002.3,4.9,1.5
2022-07-05T22:00,26.5,89,1002.3,8.4,1.4
2022-07-05T23:00,26.6,87,1002.1,13.5,0.8
2022-07-06T00:00,26.1,87,1001.4,15.1,0.5
2022-07-06T01:00,25.8,87,1000.9,16.1,0.6
2022-07-06T02:00,25.7,87,1000.5,15.3,0.6
2022-07-06T03:00,26.1,83,1000.2,15.3,0.0
2022-07-06T04:00,26.3,80,1000.7,15.3,0.0
2022-07-06T05:00,26.7,75,1001.6,13.6,0.0
2022-07-06T06:00,26.8,77,1002.3,12.5,0.0
2022-07-06T07:00,27.0,77,1002.9,12.9,0.0
2022-07-06T08:00,27.7,75,1003.3,13.0,0.0
2022-07-06T09:00,28.8,71,1003.6,13.7,0.0
2022-07-06T10:00,29.6,68,1003.8,13.9,0.0
2022-07-06T11:00,30.6,63,1003.3,13.0,0.0
2022-07-06T12:00,30.8,62,1003.2,15.1,0.1
2022-07-06T13:00,30.7,64,1002.8,13.6,0.1
2022-07-06T14:00,30.3,67,1002.1,12.7,0.3
2022-07-06T15:00,29.6,71,1001.7,9.8,0.5
2022-07-06T16:00,29.1,74,1001.6,6.0,0.5
2022-07-06T17:00,27.3,84,1002.2,9.9,0.3
2022-07-06T18:00,26.4,90,1002.9,8.7,0.3
2022-07-06T19:00,26.6,89,1003.8,7.7,0.5
2022-07-06T20:00,26.6,92,1004.4,8.2,0.5
2022-07-06T21:00,26.5,90,1004.9,10.8,0.1
2022-07-06T22:00,26.2,90,1005.3,12.5,0.1
2022-07-06T23:00,26.0,90,1005.2,12.7,0.1
2022-07-07T00:00,25.8,90,1004.5,12.7,0.1
2022-07-07T01:00,25.7,90,1004.2,12.7,0.1
2022-07-07T02:00,25.5,91,1003.8,11.6,0.2
2022-07-07T03:00,25.4,91,1003.8,9.7,0.3
2022-07-07T04:00,25.3,91,1004.0,9.7,0.8
2022-07-07T05:00,25.8,86,1003.8,9.7,1.6
2022-07-07T06:00,26.2,87,1004.5,11.5,0.0
2022-07-07T07:00,27.2,84,1005.4,11.8,0.0
2022-07-07T08:00,28.3,77,1005.5,13.8,0.0
2022-07-07T09:00,30.0,66,1005.5,17.7,0.0
2022-07-07T10:00,31.1,62,1005.1,17.8,0.0
2022-07-07T11:00,32.3,59,1004.8,16.3,0.0
2022-07-07T12:00,33.0,56,1004.1,15.7,0.0
2022-07-07T13:00,33.0,56,1003.8,15.3,0.0
2022-07-07T14:00,31.2,63,1003.3,16.1,1.1
2022-07-07T15:00,30.0,71,1002.8,9.8,0.1
2022-07-07T16:00,29.4,71,1003.0,11.7,0.3
2022-07-07T17:00,30.1,67,1002.6,13.3,0.7
2022-07-07T18:00,29.4,68,1003.4,14.9,0.0
2022-07-07T19:00,28.9,70,1004.2,16.3,0.0
2022-07-07T20:00,28.2,72,1004.9,15.9,0.1
2022-07-07T21:00,27.7,76,1005.2,17.1,0.1
2022-07-07T22:00,27.2,79,1005.2,16.4,0.0
2022-07-07T23:00,27.1,79,1004.8,17.1,0.0
2022-07-08T00:00,26.9,78,1004.0,17.8,0.0
2022-07-08T01:00,26.7,77,1003.2,16.4,0.0
2022-07-08T02:00,26.7,74,1002.8,14.2,0.0
2022-07-08T03:00,26.8,73,1002.7,12.0,0.0
2022-07-08T04:00,26.8,72,1002.6,10.1,0.0
2022-07-08T05:00,27.2,67,1003.4,12.6,0.0
2022-07-08T06:00,27.3,68,1003.9,12.5,0.0
2022-07-08T07:00,27.6,70,1004.5,10.3,0.0
2022-07-08T08:00,28.0,69,1004.9,11.5,0.0
2022-07-08T09:00,28.8,66,1004.8,12.8,0.0
2022-07-08T10:00,29.8,63,1004.4,13.3,0.0
2022-07-08T11:00,31.0,60,1003.9,10.9,0.0
2022-07-08T12:00,32.2,55,1003.3,17.9,0.0
2022-07-08T13:00,32.9,51,1002.2,18.2,0.0
2022-07-08T14:00,32.8,51,1001.2,16.9,0.0
2022-07-08T15:00,33.1,49,1000.7,16.4,0.0
2022-07-08T16:00,31.9,57,1000.7,13.2,0.0
2022-07-08T17:00,29.1,71,1001.2,10.7,0.0
2022-07-08T18:00,28.4,75,1001.5,6.5,0.0
2022-07-08T19:00,28.1,77,1002.0,5.8,0.0
2022-07-08T20:00,28.1,78,1003.3,4.0,0.0
2022-07-08T21:00,28.0,78,1003.9,4.1,0.0
2022-07-08T22:00,28.2,75,1004.3,7.6,0.0
2022-07-08T23:00,27.8,76,1004.1,13.0,0.1
2022-07-09T00:00,27.2,74,1003.2,16.8,0.2
2022-07-09T01:00,27.1,72,1002.3,14.6,0.0
2022-07-09T02:00,27.3,70,1001.6,14.2,0.0
2022-07-09T03:00,27.1,71,1001.2,16.4,0.0
2022-07-09T04:00,26.8,72,1001.2,16.3,0.0
2022-07-09T05:00,25.9,80,1001.3,14.8,0.0
2022-07-09T06:00,26.5,78,1001.8,16.2,0.0
2022-07-09T07:00,27.3,76,1002.3,14.7,0.0
2022-07-09T08:00,28.5,71,1002.7,15.7,0.0
2022-07-09T09:00,28.6,70,1003.0,17.1,0.0
2022-07-09T10:00,29.0,68,1002.6,17.9,0.0
2022-07-09T11:00,30.3,63,1002.0,20.1,0.0
2022-07-09T12:00,30.6,61,1001.3,22.3,0.0
2022-07-09T13:00,30.5,61,1000.3,19.2,0.0
2022-07-09T14:00,30.0,64,999.4,17.4,0.0
2022-07-09T15:00,30.2,64,999.0,16.1,0.0
2022-07-09T16:00,28.9,74,998.8,14.0,0.5
2022-07-09T17:00,30.9,60,999.2,17.6,0.1
2022-07-09T18:00,29.6,63,999.8,21.1,0.0
2022-07-09T19:00,28.1,72,1000.8,16.8,0.3
2022-07-09T20:00,26.5,84,1001.7,16.3,0.7
2022-07-09T21:00,26.0,86,1002.2,18.2,0.7
2022-07-09T22:00,26.0,84,1002.6,19.1,0.2
2022-07-09T23:00,26.0,82,1002.3,18.2,0.0
2022-07-10T00:00,26.2,80,1001.9,17.9,0.0
2022-07-10T01:00,26.2,80,1001.4,16.9,0.0
2022-07-10T02:00,26.1,80,1001.0,16.1,0.0
2022-07-10T03:00,25.7,82,1000.8,15.6,0.0
2022-07-10T04:00,25.7,81,1000.7,17.2,0.0
2022-07-10T05:00,26.4,78,1001.1,13.8,0.0
2022-07-10T06:00,26.5,78,1001.6,14.3,0.0
2022-07-10T07:00,27.2,76,1002.1,13.0,0.0
2022-07-10T08:00,28.4,72,1002.4,15.0,0.0
2022-07-10T09:00,30.2,63,1002.4,18.5,0.0
2022-07-10T10:00,31.1,58,1002.2,19.9,0.0
2022-07-10T11:00,32.0,55,1001.9,17.9,0.0
2022-07-10T12:00,33.5,49,1001.1,24.5,0.0
2022-07-10T13:00,34.3,48,1000.3,21.6,0.0
2022-07-10T14:00,34.9,45,999.5,21.4,0.0
2022-07-10T15:00,32.8,49,999.4,24.3,0.1
2022-07-10T16:00,32.9,50,999.4,17.0,0.0
2022-07-10T17:00,29.5,68,1000.5,16.3,0.0
2022-07-10T18:00,28.5,73,1001.3,14.3,0.1
2022-07-10T19:00,28.5,73,1002.1,14.6,0.1
2022-07-10T20:00,28.4,73,1003.2,17.4,0.4
2022-07-10T21:00,27.7,77,1003.7,16.3,0.2
2022-07-10T22:00,27.4,80,1004.0,15.6,0.2
2022-07-10T23:00,27.2,79,1003.6,17.4,0.1
2022-07-11T00:00,27.4,75,1003.0,18.5,0.0
2022-07-11T01:00,27.4,73,1002.4,18.0,0.0
2022-07-11T02:00,27.2,73,1001.9,18.0,0.0
2022-07-11T03:00,27.4,71,1001.7,18.8,0.0
2022-07-11T04:00,27.5,70,1001.8,20.5,0.0
2022-07-11T05:00,28.1,65,1002.6,19.3,0.0
2022-07-11T06:00,28.2,64,1003.3,19.6,0.0
2022-07-11T07:00,28.8,63,1003.8,23.0,0.0
2022-07-11T08:00,29.8,61,1004.1,21.7,0.0
2022-07-11T09:00,30.8,57,1004.2,23.5,0.0
2022-07-11T10:00,31.2,55,1004.0,22.9,0.0
2022-07-11T11:00,32.8,50,1003.9,28.5,0.0
2022-07-11T12:00,32.5,52,1003.4,24.6,0.0
2022-07-11T13:00,33.0,51,1002.7,21.7,0.0
2022-07-11T14:00,32.7,52,1001.8,21.9,0.0
2022-07-11T15:00,32.0,54,1001.9,20.1,0.1
2022-07-11T16:00,31.3,59,1001.9,14.2,0.1
2022-07-11T17:00,28.4,73,1003.0,14.8,0.2
2022-07-11T18:00,28.1,76,1003.3,13.7,0.2
2022-07-11T19:00,28.4,71,1003.8,17.6,0.0
2022-07-11T20:00,28.4,69,1004.5,20.2,0.0
2022-07-11T21:00,28.4,67,1005.2,20.0,0.0
2022-07-11T22:00,28.2,67,1005.7,19.7,0.0
2022-07-11T23:00,27.8,69,1005.3,19.5,0.0
2022-07-12T00:00,27.7,68,1004.4,20.2,0.0
2022-07-12T01:00,27.7,66,1003.9,20.1,0.0
2022-07-12T02:00,27.6,66,1003.3,20.3,0.0
2022-07-12T03:00,27.4,66,1003.2,20.6,0.0
2022-07-12T04:00,26.7,71,1003.4,19.3,0.2
2022-07-12T05:00,26.9,72,1003.7,13.4,0.0
2022-07-12T06:00,26.9,73,1004.2,13.4,0.0
2022-07-12T07:00,27.6,71,1004.8,14.5,0.0
2022-07-12T08:00,28.2,70,1004.8,15.5,0.0
2022-07-12T09:00,30.3,60,1004.5,18.9,0.0
2022-07-12T10:00,32.0,51,1003.9,22.7,0.0
2022-07-12T11:00,33.0,49,1003.0,20.9,0.0
2022-07-12T12:00,33.9,47,1002.3,24.5,0.0
2022-07-12T13:00,34.5,46,1001.2,24.6,0.0
2022-07-12T14:00,35.1,43,1000.2,23.6,0.0
2022-07-12T15:00,35.1,42,999.6,21.2,0.0
2022-07-12T16:00,31.0,57,1000.0,18.1,0.2
2022-07-12T17:00,32.9,49,999.9,15.8,0.0
2022-07-12T18:00,31.9,52,1000.6,7.2,0.0
2022-07-12T19:00,30.9,54,1001.5,11.7,0.1
2022-07-12T20:00,29.9,59,1002.4,5.9,0.0
2022-07-12T21:00,30.6,54,1002.9,19.2,0.0
2022-07-12T22:00,30.8,51,1003.4,22.3,0.0
2022-07-12T23:00,30.2,53,1003.5,22.5,0.0
2022-07-13T00:00,29.5,56,1002.9,20.9,0.0
2022-07-13T01:00,29.0,57,1002.2,20.5,0.0
2022-07-13T02:00,28.7,58,1001.5,21.3,0.0
2022-07-13T03:00,28.4,59,1001.1,21.7,0.0
2022-07-13T04:00,28.1,60,1000.9,22.1,0.0
2022-07-13T05:00,28.0,62,1001.6,18.6,0.0
2022-07-13T06:00,28.0,63,1002.2,19.0,0.0
2022-07-13T07:00,28.2,63,1002.4,19.4,0.0
2022-07-13T08:00,29.4,61,1002.5,19.7,0.0
2022-07-13T09:00,30.9,55,1002.0,23.8,0.0
2022-07-13T10:00,32.4,50,1001.1,24.0,0.0
2022-07-13T11:00,33.5,47,1000.7,32.3,0.0
2022-07-13T12:00,34.6,43,999.7,28.1,0.0
2022-07-13T13:00,34.0,45,999.0,26.6,0.2
2022-07-13T14:00,35.7,39,997.4,20.5,0.0
2022-07-13T15:00,33.9,44,997.3,25.7,0.4
2022-07-13T16:00,34.2,44,996.9,21.6,0.0
2022-07-13T17:00,32.7,49,998.1,16.9,0.2
2022-07-13T18:00,32.3,48,999.0,22.6,0.0
2022-07-13T19:00,31.4,50,999.8,21.6,0.0
2022-07-13T20:00,31.0,52,1000.6,15.1,0.0
2022-07-13T21:00,29.9,57,1001.4,12.9,0.0
2022-07-13T22:00,29.7,57,1001.8,15.5,0.0
2022-07-13T23:00,29.7,54,1001.8,19.9,0.0
2022-07-14T00:00,29.3,56,1001.2,17.7,0.0
2022-07-14T01:00,28.7,58,1000.5,20.2,0.0
2022-07-14T02:00,28.5,59,999.6,21.1,0.0
2022-07-14T03:00,28.2,60,999.4,21.0,0.0
2022-07-14T04:00,28.2,59,999.3,21.5,0.0
2022-07-14T05:00,27.9,61,999.9,21.6,0.0
2022-07-14T06:00,28.0,60,1000.3,23.2,0.0
2022-07-14T07:00,28.8,57,1000.7,20.9,0.0
2022-07-14T08:00,30.1,53,1001.1,22.4,0.0
2022-07-14T09:00,31.3,51,1000.9,22.1,0.0
2022-07-14T10:00,32.8,47,1000.9,30.4,0.0
2022-07-14T11:00,33.3,45,1000.1,29.2,0.0
2022-07-14T12:00,34.4,42,999.4,29.7,0.0
2022-07-14T13:00,35.8,40,998.1,24.8,0.0
2022-07-14T14:00,35.9,40,996.9,26.2,0.0
2022-07-14T15:00,34.5,43,997.0,26.5,0.0
2022-07-14T16:00,34.2,43,996.9,23.3,0.0
2022-07-14T17:00,33.5,46,997.4,18.5,0.0
2022-07-14T18:00,32.6,47,998.0,12.0,0.0
2022-07-14T19:00,32.4,47,998.9,17.2,0.0
2022-07-14T20:00,31.8,49,999.8,17.5,0.0
2022-07-14T21:00,31.1,50,1000.6,17.8,0.0
2022-07-14T22:00,30.6,51,1001.2,23.2,0.0
2022-07-14T23:00,30.0,53,1001.2,20.4,0.0
2022-07-15T00:00,29.6,54,1000.8,21.1,0.0
2022-07-15T01:00,29.0,55,1000.4,20.1,0.0
2022-07-15T02:00,28.5,57,999.9,20.0,0.0
2022-07-15T03:00,28.2,57,999.7,19.7,0.0
2022-07-15T04:00,27.9,58,1000.0,17.9,0.0
2022-07-15T05:00,28.1,58,1000.8,16.1,0.0
2022-07-15T06:00,27.6,63,1001.3,13.5,0.0
2022-07-15T07:00,28.7,61,1002.2,13.2,0.0
2022-07-15T08:00,30.2,56,1002.5,15.3,0.0
2022-07-15T09:00,31.8,50,1002.8,19.3,0.0
2022-07-15T10:00,33.2,46,1002.9,23.5,0.0
2022-07-15T11:00,33.7,44,1002.6,25.0,0.0
2022-07-15T12:00,34.2,42,1001.5,22.1,0.0
2022-07-15T13:00,35.8,38,1000.1,20.6,0.0
2022-07-15T14:00,36.6,37,999.2,19.2,0.0
2022-07-15T15:00,36.2,38,998.3,11.0,0.0
2022-07-15T16:00,33.6,53,998.4,13.2,0.3
2022-07-15T17:00,33.1,50,999.7,10.5,0.0
2022-07-15T18:00,31.2,64,1000.1,6.9,0.0
2022-07-15T19:00,30.5,65,1000.5,6.4,0.0
2022-07-15T20:00,30.6,58,1001.3,9.4,0.0
2022-07-15T21:00,30.3,57,1001.8,11.2,0.0
2022-07-15T22:00,30.2,56,1002.4,13.7,0.0
2022-07-15T23:00,30.0,56,1002.5,15.4,0.0
2022-07-16T00:00,29.7,57,1002.3,15.3,0.0
2022-07-16T01:00,29.3,58,1002.0,15.8,0.0
2022-07-16T02:00,29.0,58,1001.8,16.8,0.0
2022-07-16T03:00,28.7,59,1001.7,15.8,0.0
2022-07-16T04:00,28.4,60,1002.1,13.5,0.0
2022-07-16T05:00,28.3,60,1002.2,13.4,0.0
2022-07-16T06:00,28.3,62,1002.6,13.6,0.0
2022-07-16T07:00,29.3,61,1003.2,11.5,0.0
2022-07-16T08:00,30.8,56,1003.6,14.7,0.0
2022-07-16T09:00,32.2,52,1003.7,17.2,0.0
2022-07-16T10:00,33.6,48,1003.6,23.5,0.0
2022-07-16T11:00,34.8,44,1002.5,20.5,0.0
2022-07-16T12:00,35.5,41,1001.6,19.1,0.0
2022-07-16T13:00,36.7,40,1001.0,14.3,0.0
2022-07-16T14:00,32.3,55,1001.0,16.3,0.1
2022-07-16T15:00,32.8,57,1000.2,13.7,0.0
2022-07-16T16:00,32.2,59,999.7,9.9,0.0
2022-07-16T17:00,32.2,55,1000.6,15.1,0.0
2022-07-16T18:00,30.3,63,1001.6,16.7,0.0
2022-07-16T19:00,28.5,73,1002.8,18.6,0.2
2022-07-16T20:00,28.1,74,1003.7,19.2,0.0
2022-07-16T21:00,27.6,76,1004.4,14.8,0.0
2022-07-16T22:00,27.2,79,1005.2,13.8,0.0
2022-07-16T23:00,27.1,80,1004.5,16.1,0.0
2022-07-17T00:00,27.2,77,1003.7,18.0,0.0
2022-07-17T01:00,26.9,80,1003.3,16.5,0.6
2022-07-17T02:00,26.4,86,1002.4,14.6,1.6
2022-07-17T03:00,26.4,86,1002.0,13.2,0.0
2022-07-17T04:00,26.4,85,1002.3,12.2,0.0
2022-07-17T05:00,26.3,81,1002.8,14.8,0.0
2022-07-17T06:00,26.4,83,1003.4,15.0,0.0
2022-07-17T07:00,27.1,79,1003.9,14.3,0.0
2022-07-17T08:00,28.4,72,1003.9,15.5,0.0
2022-07-17T09:00,29.9,64,1004.2,15.2,0.0
2022-07-17T10:00,31.2,59,1003.8,12.7,0.0
2022-07-17T11:00,32.1,56,1003.6,14.6,0.0
2022-07-17T12:00,33.7,49,1002.5,11.6,0.0
2022-07-17T13:00,34.3,46,1001.9,6.8,0.0
2022-07-17T14:00,33.4,54,1001.3,10.0,0.0
2022-07-17T15:00,32.6,64,1000.7,8.3,0.0
2022-07-17T16:00,31.1,72,1000.4,13.7,0.0
2022-07-17T17:00,30.3,74,1001.2,18.8,0.0
2022-07-17T18:00,29.8,73,1001.6,18.4,0.0
2022-07-17T19:00,29.4,75,1003.1,20.0,0.0
2022-07-17T20:00,28.5,76,1003.7,19.9,0.0
2022-07-17T21:00,27.5,78,1004.1,14.3,0.0
2022-07-17T22:00,27.0,80,1004.6,12.3,0.0
2022-07-17T23:00,26.8,81,1004.6,12.9,0.0
2022-07-18T00:00,26.8,80,1004.3,15.8,0.0
2022-07-18T01:00,26.9,79,1003.5,15.8,0.0
2022-07-18T02:00,26.7,80,1003.2,15.3,0.0
2022-07-18T03:00,26.6,79,1002.7,15.3,0.0
2022-07-18T04:00,26.5,80,1002.9,14.5,0.0
2022-07-18T05:00,25.8,87,1004.1,14.0,0.0
2022-07-18T06:00,26.1,88,1004.4,13.5,0.4
2022-07-18T07:00,26.2,89,1004.6,10.9,0.0
2022-07-18T08:00,27.0,85,1004.9,13.4,0.0
2022-07-18T09:00,28.2,78,1005.0,12.5,0.0
2022-07-18T10:00,29.7,71,1005.3,11.2,0.0
2022-07-18T11:00,30.5,66,1004.9,10.8,0.0
2022-07-18T12:00,31.5,61,1004.5,11.8,0.0
2022-07-18T13:00,31.8,59,1003.7,9.4,0.0
2022-07-18T14:00,31.4,62,1002.8,6.4,0.0
2022-07-18T15:00,30.7,70,1002.3,9.0,0.0
2022-07-18T16:00,29.2,73,1002.5,13.5,2.8
2022-07-18T17:00,28.0,80,1002.7,5.5,0.1
2022-07-18T18:00,28.0,81,1003.4,7.2,0.0
2022-07-18T19:00,27.5,82,1004.1,6.2,0.0
2022-07-18T20:00,27.2,84,1004.7,6.4,0.0
2022-07-18T21:00,27.1,85,1005.1,6.0,0.0
2022-07-18T22:00,27.0,86,1005.3,6.3,0.0
2022-07-18T23:00,26.8,87,1005.1,6.6,0.0
2022-07-19T00:00,26.6,88,1005.1,6.4,0.0
2022-07-19T01:00,26.5,88,1004.6,8.4,0.0
2022-07-19T02:00,26.5,84,1004.2,10.4,0.0
2022-07-19T03:00,26.6,79,1004.0,9.5,0.0
2022-07-19T04:00,26.4,78,1003.9,10.5,0.0
2022-07-19T05:00,26.2,86,1004.1,8.0,0.0
2022-07-19T06:00,26.7,82,1004.5,9.0,0.0
2022-07-19T07:00,27.6,78,1005.1,8.1,0.0
2022-07-19T08:00,29.0,70,1005.7,10.2,0.0
2022-07-19T09:00,30.5,65,1006.0,9.7,0.0
2022-07-19T10:00,31.8,60,1005.8,7.8,0.0
2022-07-19T11:00,32.8,56,1005.4,5.1,0.0
2022-07-19T12:00,33.4,54,1004.8,1.8,0.0
2022-07-19T13:00,32.8,58,1003.7,8.4,0.0
2022-07-19T14:00,31.9,65,1002.6,11.4,0.1
2022-07-19T15:00,31.0,68,1002.2,13.2,0.0
2022-07-19T16:00,30.3,70,1002.0,14.6,0.0
2022-07-19T17:00,30.0,74,1001.9,12.2,0.0
2022-07-19T18:00,29.2,80,1002.5,12.5,0.0
2022-07-19T19:00,28.6,81,1003.1,10.8,0.0
2022-07-19T20:00,28.3,85,1003.7,11.3,0.0
2022-07-19T21:00,28.2,85,1004.7,11.4,0.0
2022-07-19T22:00,28.2,83,1005.0,9.8,0.0
2022-07-19T23:00,28.0,85,1005.2,9.4,0.0
2022-07-20T00:00,27.6,87,1004.8,9.9,0.0
2022-07-20T01:00,27.2,85,1004.6,10.9,0.0
2022-07-20T02:00,27.2,83,1004.4,13.5,0.0
2022-07-20T03:00,27.1,82,1004.4,15.6,0.0
2022-07-20T04:00,26.6,83,1004.9,12.2,0.2
2022-07-20T05:00,25.9,90,1004.7,8.5,0.2
2022-07-20T06:00,26.3,89,1005.1,8.4,0.0
2022-07-20T07:00,27.4,85,1005.5,9.0,0.0
2022-07-20T08:00,28.9,78,1005.7,9.0,0.0
2022-07-20T09:00,30.5,69,1006.2,9.4,0.0
2022-07-20T10:00,31.8,64,1005.8,9.7,0.0
2022-07-20T11:00,32.2,63,1005.1,8.7,0.1
2022-07-20T12:00,32.1,67,1004.5,11.3,0.1
2022-07-20T13:00,31.0,74,1003.9,14.4,2.3
2022-07-20T14:00,30.4,76,1003.1,15.4,0.0
2022-07-20T15:00,31.0,71,1002.2,12.6,0.1
2022-07-20T16:00,30.0,76,1001.6,16.0,0.0
2022-07-20T17:00,29.5,77,1002.5,14.5,0.0
2022-07-20T18:00,28.9,80,1002.6,11.6,0.0
2022-07-20T19:00,28.4,84,1003.2,11.8,0.0
2022-07-20T20:00,28.4,83,1004.0,10.9,0.0
2022-07-20T21:00,28.2,84,1004.7,5.8,0.0
2022-07-20T22:00,27.7,86,1005.3,10.3,0.0
2022-07-20T23:00,25.9,90,1005.8,14.2,7.8
2022-07-21T00:00,25.4,91,1005.2,2.7,7.1
2022-07-21T01:00,25.3,93,1005.2,13.4,0.0
2022-07-21T02:00,25.1,91,1004.1,10.5,0.1
2022-07-21T03:00,24.7,94,1004.2,9.3,0.0
2022-07-21T04:00,24.7,93,1003.9,9.3,0.0
2022-07-21T05:00,26.3,88,1003.6,9.5,0.0
2022-07-21T06:00,26.7,85,1003.7,8.9,0.0
2022-07-21T07:00,27.9,80,1003.9,8.8,0.0
2022-07-21T08:00,29.5,73,1004.4,8.1,0.0
2022-07-21T09:00,31.2,66,1004.7,8.3,0.0
2022-07-21T10:00,32.1,64,1004.8,4.7,0.1
2022-07-21T11:00,32.6,64,1004.6,0.8,0.2
2022-07-21T12:00,32.5,67,1003.9,4.2,0.2
2022-07-21T13:00,32.2,71,1003.1,7.2,0.3
2022-07-21T14:00,31.4,73,1002.2,7.6,3.0
2022-07-21T15:00,31.4,75,1001.4,7.4,0.1
2022-07-21T16:00,30.6,77,1001.1,9.4,0.0
2022-07-21T17:00,30.7,76,1001.8,9.7,0.0
2022-07-21T18:00,29.8,80,1002.5,11.0,0.0
2022-07-21T19:00,29.0,85,1003.6,12.5,0.0
2022-07-21T20:00,28.7,86,1004.4,10.5,0.0
2022-07-21T21:00,28.3,88,1005.0,11.2,0.0
2022-07-21T22:00,27.3,90,1005.4,15.9,1.5
2022-07-21T23:00,25.8,94,1006.9,20.0,7.2
2022-07-22T00:00,25.1,94,1005.8,12.6,7.6
2022-07-22T01:00,25.2,94,1005.2,9.6,0.8
2022-07-22T02:00,25.3,93,1004.4,8.3,0.5
2022-07-22T03:00,25.4,93,1004.2,8.7,0.3
2022-07-22T04:00,25.5,92,1003.9,9.2,0.1
2022-07-22T05:00,25.2,90,1004.0,11.4,0.0
2022-07-22T06:00,25.5,89,1004.5,9.8,0.0
2022-07-22T07:00,26.3,86,1005.1,9.2,0.0
2022-07-22T08:00,27.3,82,1005.6,9.1,0.0
2022-07-22T09:00,28.3,78,1005.9,8.8,0.0
2022-07-22T10:00,29.2,74,1005.9,6.5,0.0
2022-07-22T11:00,29.8,72,1005.4,5.1,0.0
2022-07-22T12:00,30.1,71,1004.8,4.0,0.0
2022-07-22T13:00,30.5,71,1003.7,3.3,0.0
2022-07-22T14:00,30.8,70,1002.7,1.8,0.1
2022-07-22T15:00,30.6,73,1001.8,3.4,0.0
2022-07-22T16:00,29.8,80,1001.5,6.5,0.3
2022-07-22T17:00,30.3,71,1002.7,4.3,0.0
2022-07-22T18:00,29.2,85,1002.7,0.7,0.0
2022-07-22T19:00,28.1,88,1003.9,2.9,0.0
2022-07-22T20:00,28.1,89,1004.8,7.8,0.0
2022-07-22T21:00,27.8,89,1005.4,9.7,0.0
2022-07-22T22:00,27.7,89,1005.8,11.1,0.0
2022-07-22T23:00,27.6,89,1005.1,8.7,0.0
2022-07-23T00:00,27.1,91,1004.7,11.7,0.6
2022-07-23T01:00,26.0,95,1004.1,12.8,2.3
2022-07-23T02:00,25.0,94,1003.9,15.8,1.0
2022-07-23T03:00,24.9,94,1003.9,12.9,0.4
2022-07-23T04:00,24.8,92,1003.3,11.1,0.3
2022-07-23T05:00,25.5,91,1003.4,11.0,0.1
2022-07-23T06:00,25.6,90,1003.6,11.3,0.1
2022-07-23T07:00,26.3,88,1004.1,10.9,0.0
2022-07-23T08:00,27.6,82,1004.6,9.8,0.0
2022-07-23T09:00,29.2,75,1005.0,8.9,0.0
2022-07-23T10:00,30.7,67,1005.0,8.7,0.0
2022-07-23T11:00,31.7,63,1004.4,7.2,0.0
2022-07-23T12:00,32.2,62,1003.6,5.4,0.0
2022-07-23T13:00,32.0,64,1002.8,3.0,0.0
2022-07-23T14:00,30.7,71,1001.9,8.0,0.1
2022-07-23T15:00,28.7,81,1001.4,9.4,0.1
2022-07-23T16:00,28.6,80,1001.1,9.9,0.3
2022-07-23T17:00,28.1,79,1001.7,6.2,0.1
2022-07-23T18:00,27.2,84,1002.3,5.9,0.0
2022-07-23T19:00,27.0,87,1003.2,6.4,0.1
2022-07-23T20:00,26.9,90,1004.2,10.1,0.0
2022-07-23T21:00,26.5,91,1004.9,6.3,0.0
2022-07-23T22:00,26.4,90,1005.1,7.3,0.0
2022-07-23T23:00,26.1,89,1004.9,7.4,0.0
2022-07-24T00:00,25.6,92,1004.5,3.6,0.0
2022-07-24T01:00,26.3,87,1004.4,1.1,0.2
2022-07-24T02:00,25.6,93,1003.9,3.2,0.0
2022-07-24T03:00,25.8,92,1003.3,5.9,0.0
2022-07-24T04:00,25.6,92,1003.2,7.0,0.0
2022-07-24T05:00,25.0,93,1003.6,7.8,0.0
2022-07-24T06:00,25.5,92,1004.2,7.8,0.0
2022-07-24T07:00,26.5,88,1005.0,9.0,0.0
2022-07-24T08:00,27.7,81,1005.4,10.1,0.1
2022-07-24T09:00,28.9,72,1005.4,10.1,0.0
2022-07-24T10:00,30.1,66,1005.1,9.6,0.0
2022-07-24T11:00,30.9,63,1005.0,7.2,0.0
2022-07-24T12:00,31.4,62,1004.0,5.4,0.0
2022-07-24T13:00,31.4,63,1003.3,2.3,0.0
2022-07-24T14:00,31.3,64,1002.6,6.8,0.0
2022-07-24T15:00,29.9,75,1001.3,13.6,0.1
2022-07-24T16:00,29.2,79,1001.7,9.5,0.1
2022-07-24T17:00,28.6,75,1002.4,1.8,2.4
2022-07-24T18:00,28.1,84,1002.9,2.8,0.0
2022-07-24T19:00,27.3,85,1003.7,4.3,0.0
2022-07-24T20:00,26.9,85,1004.6,5.2,0.0
2022-07-24T21:00,26.3,89,1005.3,5.9,0.0
2022-07-24T22:00,26.7,87,1005.6,5.9,0.0
2022-07-24T23:00,26.3,88,1005.5,5.1,0.0
2022-07-25T00:00,26.2,87,1004.7,5.4,0.0
2022-07-25T01:00,26.1,87,1004.2,6.7,0.0
2022-07-25T02:00,26.0,87,1003.9,7.1,0.0
2022-07-25T03:00,25.8,88,1003.8,6.8,0.0
2022-07-25T04:00,25.7,89,1004.0,7.8,0.0
2022-07-25T05:00,25.6,94,1004.5,5.2,0.0
2022-07-25T06:00,26.4,90,1005.3,7.4,0.0
2022-07-25T07:00,27.6,84,1005.7,6.9,0.0
2022-07-25T08:00,29.2,75,1006.0,7.2,0.0
2022-07-25T09:00,30.6,66,1006.0,8.0,0.0
2022-07-25T10:00,31.7,60,1005.9,7.7,0.0
2022-07-25T11:00,32.4,56,1005.5,7.2,0.0
2022-07-25T12:00,32.3,57,1005.0,7.4,0.1
2022-07-25T13:00,31.0,69,1004.5,11.5,1.6
2022-07-25T14:00,30.2,71,1004.2,7.2,0.0
2022-07-25T15:00,29.7,70,1003.4,9.7,0.0
2022-07-25T16:00,29.9,70,1002.9,8.8,0.0
2022-07-25T17:00,30.1,71,1003.0,9.0,0.0
2022-07-25T18:00,29.1,78,1003.6,5.1,0.0
2022-07-25T19:00,28.1,88,1004.8,4.5,0.0
2022-07-25T20:00,28.1,85,1006.0,7.2,0.0
2022-07-25T21:00,27.6,86,1007.0,6.9,0.0
2022-07-25T22:00,27.4,85,1007.2,8.9,0.0
2022-07-25T23:00,26.8,87,1006.9,6.4,0.0
2022-07-26T00:00,26.3,89,1006.3,5.2,0.0
2022-07-26T01:00,26.1,90,1005.9,5.6,0.0
2022-07-26T02:00,26.1,90,1005.4,9.2,0.0
2022-07-26T03:00,26.0,89,1005.6,9.3,0.1
2022-07-26T04:00,25.1,95,1006.1,10.9,4.3
2022-07-26T05:00,25.2,91,1005.9,14.1,0.2
2022-07-26T06:00,25.3,89,1006.9,15.1,0.1
2022-07-26T07:00,25.7,87,1007.3,13.0,0.0
2022-07-26T08:00,26.6,84,1007.3,10.8,0.0
2022-07-26T09:00,27.9,79,1007.6,10.8,0.0
2022-07-26T10:00,29.4,72,1007.2,12.1,0.0
2022-07-26T11:00,30.1,67,1006.7,12.1,0.1
2022-07-26T12:00,30.6,66,1005.9,9.1,0.1
2022-07-26T13:00,30.9,67,1005.2,7.9,0.1
2022-07-26T14:00,30.4,70,1004.6,9.2,0.1
2022-07-26T15:00,28.6,78,1003.7,9.2,5.1
2022-07-26T16:00,28.9,78,1002.8,7.0,0.1
2022-07-26T17:00,29.8,68,1004.0,10.1,0.0
2022-07-26T18:00,28.8,74,1004.2,6.4,0.0
2022-07-26T19:00,28.0,77,1004.7,6.8,0.0
2022-07-26T20:00,27.4,81,1005.7,5.4,0.0
2022-07-26T21:00,27.0,82,1006.4,5.1,0.0
2022-07-26T22:00,26.2,89,1006.9,5.9,0.0
2022-07-26T23:00,26.2,87,1006.8,4.0,0.0
2022-07-27T00:00,25.9,89,1006.0,3.1,0.0
2022-07-27T01:00,25.6,93,1005.6,3.6,0.0
2022-07-27T02:00,25.8,89,1005.5,7.1,0.0
2022-07-27T03:00,25.3,91,1005.1,2.6,0.1
2022-07-27T04:00,25.7,87,1005.4,1.9,0.0
2022-07-27T05:00,25.2,92,1005.6,3.7,0.0
2022-07-27T06:00,25.4,92,1006.3,4.0,0.0
2022-07-27T07:00,26.4,88,1006.8,5.2,0.0
2022-07-27T08:00,27.6,80,1007.1,2.8,0.1
2022-07-27T09:00,28.6,74,1007.2,8.0,0.4
2022-07-27T10:00,29.5,69,1007.3,10.0,0.3
2022-07-27T11:00,29.9,70,1007.0,10.9,0.4
2022-07-27T12:00,30.2,71,1006.5,12.0,0.0
2022-07-27T13:00,30.1,72,1005.7,12.6,0.2
2022-07-27T14:00,29.6,74,1004.9,13.3,0.1
2022-07-27T15:00,29.2,75,1004.0,12.8,0.0
2022-07-27T16:00,28.9,76,1003.2,11.6,0.0
2022-07-27T17:00,28.9,76,1004.0,11.7,0.0
2022-07-27T18:00,28.2,79,1004.4,8.6,0.0
2022-07-27T19:00,27.7,83,1004.9,7.1,0.0
2022-07-27T20:00,27.6,84,1006.0,7.1,0.0
2022-07-27T21:00,27.5,85,1006.5,6.9,0.0
2022-07-27T22:00,27.2,87,1007.1,5.2,0.0
2022-07-27T23:00,26.9,90,1007.2,5.1,0.0
2022-07-28T00:00,26.5,92,1006.7,4.6,0.0
2022-07-28T01:00,26.2,94,1006.3,4.1,0.0
2022-07-28T02:00,25.8,96,1006.0,3.8,0.0
2022-07-28T03:00,25.6,97,1005.9,4.7,0.0
2022-07-28T04:00,25.4,96,1005.8,4.0,0.0
2022-07-28T05:00,25.9,95,1006.2,6.0,0.0
2022-07-28T06:00,26.5,92,1006.6,6.6,0.0
2022-07-28T07:00,27.7,86,1007.1,4.4,0.0
2022-07-28T08:00,28.8,78,1007.4,1.6,0.1
2022-07-28T09:00,29.6,75,1007.9,1.8,0.2
2022-07-28T10:00,30.4,73,1007.8,3.4,0.0
2022-07-28T11:00,31.1,69,1007.2,6.5,0.0
2022-07-28T12:00,31.0,68,1006.2,10.1,0.0
2022-07-28T13:00,30.5,70,1005.5,11.9,0.1
2022-07-28T14:00,30.4,71,1004.8,8.7,0.0
2022-07-28T15:00,30.1,72,1004.0,12.6,0.0
2022-07-28T16:00,29.6,75,1003.9,10.4,0.0
2022-07-28T17:00,29.7,72,1003.9,11.7,0.0
2022-07-28T18:00,29.1,74,1004.6,8.9,0.0
2022-07-28T19:00,28.7,76,1005.5,8.3,0.0
2022-07-28T20:00,28.4,77,1006.4,6.9,0.0
2022-07-28T21:00,27.7,81,1007.1,5.4,0.0
2022-07-28T22:00,27.3,84,1007.7,6.5,0.0
2022-07-28T23:00,27.7,83,1007.6,5.7,0.0
2022-07-29T00:00,27.7,84,1007.1,6.6,0.0
2022-07-29T01:00,27.2,88,1006.9,6.4,0.0
2022-07-29T02:00,26.4,91,1006.1,5.2,0.7
2022-07-29T03:00,26.1,92,1005.9,3.7,0.0
2022-07-29T04:00,24.9,94,1006.1,11.6,0.0
2022-07-29T05:00,26.1,95,1006.3,3.5,0.0
2022-07-29T06:00,26.8,91,1006.9,5.9,0.0
2022-07-29T07:00,27.3,88,1007.7,6.0,1.0
2022-07-29T08:00,28.3,83,1007.7,2.4,0.1
2022-07-29T09:00,29.1,80,1007.6,4.3,0.2
2022-07-29T10:00,29.6,78,1007.5,11.4,0.1
2022-07-29T11:00,29.5,76,1007.0,13.8,0.0
2022-07-29T12:00,29.4,76,1006.3,12.5,0.0
2022-07-29T13:00,29.5,77,1005.7,12.3,0.0
2022-07-29T14:00,29.3,78,1004.5,12.1,0.0
2022-07-29T15:00,29.1,78,1003.4,13.3,0.0
2022-07-29T16:00,28.7,80,1002.9,15.0,0.0
2022-07-29T17:00,28.9,77,1002.9,14.3,0.0
2022-07-29T18:00,28.3,81,1003.6,12.7,0.0
2022-07-29T19:00,27.9,85,1004.6,9.7,0.0
2022-07-29T20:00,27.8,86,1005.7,9.3,0.0
2022-07-29T21:00,27.7,87,1006.3,8.3,0.0
2022-07-29T22:00,27.6,87,1006.6,8.2,0.0
2022-07-29T23:00,27.5,88,1006.4,7.8,0.0
2022-07-30T00:00,27.2,90,1006.0,7.2,0.0
2022-07-30T01:00,27.0,92,1005.6,7.6,0.0
2022-07-30T02:00,26.8,93,1005.2,7.5,0.0
2022-07-30T03:00,26.7,92,1004.8,7.1,0.0
2022-07-30T04:00,26.5,93,1004.6,6.9,0.0
2022-07-30T05:00,26.4,91,1005.3,12.1,0.0
2022-07-30T06:00,26.3,87,1005.9,6.5,0.0
2022-07-30T07:00,27.2,83,1006.5,8.4,0.0
2022-07-30T08:00,28.3,78,1006.8,10.7,0.0
2022-07-30T09:00,29.3,73,1006.6,7.1,0.0
2022-07-30T10:00,30.5,68,1006.1,7.4,0.0
2022-07-30T11:00,31.5,63,1005.6,5.6,0.0
2022-07-30T12:00,31.8,63,1004.8,6.4,0.0
2022-07-30T13:00,31.2,69,1003.9,11.7,0.2
2022-07-30T14:00,30.2,78,1003.2,15.1,0.2
2022-07-30T15:00,30.0,75,1002.6,15.3,0.0
2022-07-30T16:00,29.6,76,1002.0,15.9,0.0
2022-07-30T17:00,29.3,77,1001.9,14.3,0.0
2022-07-30T18:00,28.6,79,1002.2,12.5,0.0
2022-07-30T19:00,28.3,82,1002.9,10.8,0.0
2022-07-30T20:00,28.1,84,1003.7,10.0,0.0
2022-07-30T21:00,28.0,85,1004.4,11.1,0.0
2022-07-30T22:00,28.0,86,1004.9,11.9,0.0
2022-07-30T23:00,27.8,87,1004.8,12.0,0.0
2022-07-31T00:00,27.5,89,1004.3,11.4,0.0
2022-07-31T01:00,27.2,89,1004.1,12.8,0.0
2022-07-31T02:00,26.5,90,1004.0,11.8,0.9
2022-07-31T03:00,26.1,91,1003.3,10.4,0.1
2022-07-31T04:00,25.6,93,1003.3,8.4,0.0
2022-07-31T05:00,26.4,91,1003.3,7.6,0.0
2022-07-31T06:00,26.7,87,1003.2,7.0,0.0
2022-07-31T07:00,27.6,82,1003.5,3.2,0.0
2022-07-31T08:00,28.9,76,1004.0,3.1,0.0
2022-07-31T09:00,30.1,72,1004.3,1.6,0.0
2022-07-31T10:00,30.9,70,1004.3,4.5,0.0
2022-07-31T11:00,31.2,69,1003.9,8.7,0.3
2022-07-31T12:00,31.0,72,1003.0,11.8,0.2
2022-07-31T13:00,30.8,72,1002.1,12.5,0.0
2022-07-31T14:00,30.8,70,1001.1,12.8,0.0
2022-07-31T15:00,30.5,71,1000.2,13.0,0.0
2022-07-31T16:00,30.1,73,999.7,13.9,0.0
2022-07-31T17:00,29.9,74,999.7,14.3,0.0
2022-07-31T18:00,29.1,79,1000.2,13.1,0.0
2022-07-31T19:00,28.8,81,1001.3,13.1,0.0
2022-07-31T20:00,28.6,82,1002.4,12.3,0.0
2022-07-31T21:00,28.3,85,1003.2,11.9,0.0
2022-07-31T22:00,28.1,86,1004.0,10.6,0.0
2022-07-31T23:00,27.9,86,1003.7,11.8,0.0
2022-08-01T00:00,27.3,88,1003.6,15.5,0.1
2022-08-01T01:00,26.2,89,1003.4,16.6,0.7
2022-08-01T02:00,25.9,88,1002.1,9.2,0.2
2022-08-01T03:00,25.3,92,1001.9,4.3,0.0
2022-08-01T04:00,25.1,90,1002.1,8.5,0.0
2022-08-01T05:00,27.1,88,1002.4,5.4,0.0
2022-08-01T06:00,27.2,86,1002.9,6.3,0.0
2022-08-01T07:00,28.2,81,1003.3,7.2,0.0
2022-08-01T08:00,29.5,76,1003.4,6.2,0.0
2022-08-01T09:00,30.7,71,1003.7,4.7,0.0
2022-08-01T10:00,31.8,65,1003.4,1.0,0.0
2022-08-01T11:00,32.4,61,1003.1,2.9,0.0
2022-08-01T12:00,32.4,63,1002.3,8.7,0.0
2022-08-01T13:00,31.5,70,1001.2,12.6,0.3
2022-08-01T14:00,31.0,73,1000.5,15.1,0.0
2022-08-01T15:00,30.7,71,999.9,15.2,0.0
2022-08-01T16:00,30.1,74,999.0,14.2,0.0
2022-08-01T17:00,30.2,75,999.1,13.8,0.0
2022-08-01T18:00,29.4,78,999.8,13.0,0.0
2022-08-01T19:00,29.1,82,1001.0,14.8,0.0
2022-08-01T20:00,29.1,81,1002.0,14.6,0.0
2022-08-01T21:00,28.8,83,1003.1,13.1,0.0
2022-08-01T22:00,25.6,90,1004.4,11.5,5.8
2022-08-01T23:00,25.8,88,1003.5,7.2,0.1
2022-08-02T00:00,25.6,92,1002.7,8.3,0.0
2022-08-02T01:00,25.7,93,1001.3,9.2,0.0
2022-08-02T02:00,25.6,93,1000.8,10.5,0.0
2022-08-02T03:00,25.3,93,1000.9,8.7,0.0
2022-08-02T04:00,25.1,93,1000.7,8.7,0.0
2022-08-02T05:00,26.0,87,1000.1,7.9,0.0
2022-08-02T06:00,26.5,85,1000.8,8.4,0.0
2022-08-02T07:00,27.9,80,1001.1,7.6,0.0
2022-08-02T08:00,29.2,77,1001.5,4.7,0.0
2022-08-02T09:00,30.1,73,1002.0,4.7,0.0
2022-08-02T10:00,31.4,66,1002.1,7.1,0.0
2022-08-02T11:00,31.9,63,1001.9,8.9,0.0
2022-08-02T12:00,31.9,63,1001.1,9.2,0.0
2022-08-02T13:00,31.6,67,1000.3,10.2,0.1
2022-08-02T14:00,30.3,75,999.4,12.7,1.9
2022-08-02T15:00,30.2,74,998.7,15.4,0.8
2022-08-02T16:00,29.4,77,998.4,14.0,0.2
2022-08-02T17:00,29.9,75,998.6,9.7,0.0
2022-08-02T18:00,29.3,77,999.3,9.4,0.0
2022-08-02T19:00,28.7,78,1000.4,2.9,0.3
2022-08-02T20:00,26.7,89,1001.5,5.6,4.5
2022-08-02T21:00,26.7,89,1002.0,1.9,0.0
2022-08-02T22:00,26.4,92,1002.1,6.9,0.4
2022-08-02T23:00,25.1,96,1002.2,8.4,10.8
2022-08-03T00:00,25.2,93,1001.7,3.1,0.9
2022-08-03T01:00,24.8,94,1001.2,1.6,4.4
2022-08-03T02:00,25.1,94,1000.2,3.3,0.7
2022-08-03T03:00,24.5,95,1000.1,5.6,2.7
2022-08-03T04:00,24.6,93,999.5,0.7,2.1
2022-08-03T05:00,25.5,94,1000.8,1.8,0.6
2022-08-03T06:00,25.8,90,1001.5,4.5,0.4
2022-08-03T07:00,25.8,89,1002.1,8.2,0.5
2022-08-03T08:00,26.1,86,1002.3,11.2,0.4
2022-08-03T09:00,26.1,85,1002.5,8.9,0.3
2022-08-03T10:00,25.8,89,1002.8,7.0,0.7
2022-08-03T11:00,26.1,87,1002.6,9.4,1.0
2022-08-03T12:00,26.7,85,1002.0,7.4,0.9
2022-08-03T13:00,27.6,79,1001.1,6.7,0.5
2022-08-03T14:00,28.0,78,999.8,5.8,0.3
2022-08-03T15:00,28.0,78,998.9,3.4,0.2
2022-08-03T16:00,28.2,77,998.7,2.2,0.1
2022-08-03T17:00,27.9,80,999.3,5.4,0.0
2022-08-03T18:00,27.1,86,999.9,3.4,0.0
2022-08-03T19:00,26.8,87,1000.8,6.3,0.1
2022-08-03T20:00,26.6,89,1001.4,4.7,0.1
2022-08-03T21:00,26.3,92,1002.3,4.8,0.0
2022-08-03T22:00,26.4,91,1002.7,6.1,0.0
2022-08-03T23:00,26.4,91,1002.5,5.7,0.0
2022-08-04T00:00,26.3,91,1001.7,8.5,0.1
2022-08-04T01:00,25.1,93,1001.5,10.8,1.9
2022-08-04T02:00,24.6,95,1001.1,8.4,1.2
2022-08-04T03:00,24.4,95,1000.5,11.8,1.1
2022-08-04T04:00,24.4,95,1000.7,10.8,1.4
2022-08-04T05:00,25.8,94,1000.7,4.2,0.5
2022-08-04T06:00,26.0,94,1001.1,7.1,0.1
2022-08-04T07:00,26.7,88,1001.9,8.7,0.0
2022-08-04T08:00,27.5,85,1002.3,10.0,0.0
2022-08-04T09:00,28.5,78,1002.7,7.9,0.0
2022-08-04T10:00,28.8,76,1002.4,7.1,0.0
2022-08-04T11:00,29.6,74,1002.1,4.7,0.1
2022-08-04T12:00,30.4,73,1001.4,2.6,0.3
2022-08-04T13:00,30.1,74,1000.3,3.2,0.3
2022-08-04T14:00,26.7,87,1000.4,15.5,6.0
2022-08-04T15:00,25.9,91,1000.4,11.3,2.8
2022-08-04T16:00,25.6,91,999.4,6.9,2.9
2022-08-04T17:00,27.9,83,999.5,1.8,1.3
2022-08-04T18:00,27.3,87,1000.0,4.5,0.0
2022-08-04T19:00,26.0,92,1001.3,14.3,0.7
2022-08-04T20:00,25.7,94,1002.3,10.2,0.4
2022-08-04T21:00,25.6,93,1002.5,10.2,0.1
2022-08-04T22:00,25.5,92,1002.6,11.3,0.0
2022-08-04T23:00,25.3,91,1002.5,10.5,0.0
2022-08-05T00:00,25.1,91,1002.0,10.8,0.0
2022-08-05T01:00,25.0,91,1001.4,10.6,0.0
2022-08-05T02:00,25.0,91,1000.5,13.5,0.0
2022-08-05T03:00,25.3,89,1000.3,15.8,0.0
2022-08-05T04:00,25.4,87,1000.5,14.1,0.0
2022-08-05T05:00,25.9,83,1001.0,14.2,0.0
2022-08-05T06:00,26.3,80,1001.4,16.3,0.0
2022-08-05T07:00,27.1,77,1002.3,14.6,0.0
2022-08-05T08:00,28.2,73,1002.7,14.0,0.0
2022-08-05T09:00,28.7,69,1003.1,16.5,0.0
2022-08-05T10:00,28.5,71,1003.0,15.2,0.0
2022-08-05T11:00,29.1,72,1002.3,15.0,0.0
2022-08-05T12:00,30.7,65,1002.0,18.2,0.0
2022-08-05T13:00,29.6,69,1001.6,15.3,0.0
2022-08-05T14:00,29.1,72,1000.7,15.6,0.0
2022-08-05T15:00,29.7,69,999.9,16.8,0.0
2022-08-05T16:00,29.4,70,999.7,20.2,0.0
2022-08-05T17:00,29.6,70,1000.2,14.6,0.0
2022-08-05T18:00,28.8,72,1001.3,15.3,0.0
2022-08-05T19:00,28.2,74,1001.9,15.3,0.0
2022-08-05T20:00,27.9,75,1002.6,14.8,0.0
2022-08-05T21:00,27.5,77,1003.2,13.3,0.0
2022-08-05T22:00,27.4,78,1003.3,14.3,0.0
2022-08-05T23:00,27.1,79,1002.8,14.3,0.0
2022-08-06T00:00,26.9,79,1002.0,14.3,0.0
2022-08-06T01:00,26.7,80,1001.3,14.3,0.0
2022-08-06T02:00,27.0,74,1000.7,18.2,0.0
2022-08-06T03:00,27.1,71,1000.4,18.2,0.0
2022-08-06T04:00,26.8,73,1000.7,16.6,0.0
2022-08-06T05:00,26.5,72,1001.1,19.0,0.0
2022-08-06T06:00,26.8,71,1001.5,19.3,0.0
2022-08-06T07:00,26.8,72,1002.1,20.2,0.0
2022-08-06T08:00,27.0,74,1002.6,17.0,0.0
2022-08-06T09:00,27.4,74,1003.3,15.5,0.0
2022-08-06T10:00,27.5,75,1003.5,17.7,0.4
2022-08-06T11:00,27.9,75,1002.8,16.0,0.7
2022-08-06T12:00,27.6,76,1001.7,15.4,0.2
2022-08-06T13:00,28.9,73,1000.8,17.4,0.2
2022-08-06T14:00,29.4,70,999.9,18.2,0.0
2022-08-06T15:00,29.1,74,999.3,12.5,0.5
2022-08-06T16:00,29.6,75,998.9,10.6,0.7
2022-08-06T17:00,29.8,69,999.5,14.4,0.1
2022-08-06T18:00,29.1,69,999.9,13.9,0.0
2022-08-06T19:00,28.9,68,1000.8,11.7,0.0
2022-08-06T20:00,28.7,68,1001.8,14.5,0.0
2022-08-06T21:00,28.7,68,1001.9,15.9,0.0
2022-08-06T22:00,28.3,69,1002.0,18.2,0.0
2022-08-06T23:00,27.9,70,1001.6,18.5,0.0
2022-08-07T00:00,27.6,70,1000.9,17.4,0.0
2022-08-07T01:00,27.2,72,1000.5,14.0,0.0
2022-08-07T02:00,26.7,75,1000.0,11.1,0.0
2022-08-07T03:00,26.4,77,999.9,13.5,0.0
2022-08-07T04:00,26.7,75,999.9,14.0,0.0
2022-08-07T05:00,26.6,73,999.8,15.1,0.0
2022-08-07T06:00,26.7,74,1000.2,15.5,0.0
2022-08-07T07:00,27.3,74,1000.8,15.0,0.0
2022-08-07T08:00,28.3,72,1001.4,15.5,0.0
2022-08-07T09:00,29.6,66,1001.8,19.1,0.0
2022-08-07T10:00,29.5,67,1001.4,17.9,0.0
2022-08-07T11:00,31.3,61,1000.7,18.4,0.0
2022-08-07T12:00,31.8,58,1000.4,21.1,0.0
2022-08-07T13:00,31.2,61,999.6,18.0,0.0
2022-08-07T14:00,31.3,61,998.5,19.4,0.0
2022-08-07T15:00,30.5,67,998.2,20.3,0.3
2022-08-07T16:00,29.0,73,997.6,13.1,0.1
2022-08-07T17:00,29.9,69,998.1,12.4,0.0
2022-08-07T18:00,29.5,69,998.7,12.7,0.0
2022-08-07T19:00,29.0,69,999.5,14.8,0.0
2022-08-07T20:00,28.7,69,1000.3,16.3,0.0
2022-08-07T21:00,28.9,67,1000.9,18.4,0.0
2022-08-07T22:00,28.8,66,1001.4,17.4,0.0
2022-08-07T23:00,28.5,67,1001.3,17.6,0.0
2022-08-08T00:00,28.1,68,1000.4,18.0,0.0
2022-08-08T01:00,27.8,68,1000.1,17.9,0.0
2022-08-08T02:00,27.7,68,999.3,18.4,0.0
2022-08-08T03:00,27.7,68,999.1,20.1,0.0
2022-08-08T04:00,27.3,69,999.3,16.6,0.0
2022-08-08T05:00,27.1,70,999.9,16.5,0.0
2022-08-08T06:00,27.1,71,1000.5,15.6,0.0
2022-08-08T07:00,27.4,71,1000.8,16.6,0.0
2022-08-08T08:00,28.3,66,1001.2,20.4,0.0
2022-08-08T09:00,28.6,67,1001.5,17.8,0.0
2022-08-08T10:00,29.3,66,1000.8,16.2,0.0
2022-08-08T11:00,31.1,59,1000.6,24.5,0.0
2022-08-08T12:00,31.7,58,1000.0,21.4,0.0
2022-08-08T13:00,32.8,54,998.7,20.9,0.0
2022-08-08T14:00,33.1,52,997.7,20.8,0.0
2022-08-08T15:00,33.1,53,997.3,20.0,0.0
2022-08-08T16:00,32.2,58,997.7,17.4,0.0
2022-08-08T17:00,31.6,60,997.7,14.5,0.0
2022-08-08T18:00,30.7,61,998.8,10.4,0.0
2022-08-08T19:00,29.6,66,999.3,8.7,0.0
2022-08-08T20:00,29.9,61,1000.1,13.2,0.0
2022-08-08T21:00,29.7,62,1000.6,15.1,0.0
2022-08-08T22:00,29.4,62,1001.0,16.0,0.0
2022-08-08T23:00,29.0,63,1000.8,14.6,0.0
2022-08-09T00:00,28.6,64,1000.5,14.6,0.0
2022-08-09T01:00,28.2,65,1000.0,15.1,0.0
2022-08-09T02:00,27.9,65,999.8,16.0,0.0
2022-08-09T03:00,27.7,66,999.7,16.5,0.0
2022-08-09T04:00,27.5,66,999.9,17.6,0.0
2022-08-09T05:00,27.4,64,1000.4,16.4,0.0
2022-08-09T06:00,27.2,67,1000.9,14.5,0.0
2022-08-09T07:00,27.6,69,1001.8,13.8,0.0
2022-08-09T08:00,28.7,65,1001.9,16.3,0.0
2022-08-09T09:00,30.0,61,1001.7,19.4,0.0
2022-08-09T10:00,31.3,56,1001.4,20.1,0.0
2022-08-09T11:00,32.3,52,1001.0,26.1,0.0
2022-08-09T12:00,33.4,47,1000.0,27.4,0.0
2022-08-09T13:00,33.8,45,998.7,22.9,0.0
2022-08-09T14:00,34.5,42,997.8,27.5,0.0
2022-08-09T15:00,34.4,44,997.1,21.0,0.0
2022-08-09T16:00,33.5,48,997.4,20.2,0.0
2022-08-09T17:00,32.2,52,998.3,17.4,0.0
2022-08-09T18:00,31.4,53,998.9,15.0,0.0
2022-08-09T19:00,30.7,56,999.6,14.2,0.0
2022-08-09T20:00,29.5,68,1000.3,14.7,0.0
2022-08-09T21:00,29.2,66,1001.1,13.3,0.0
2022-08-09T22:00,29.1,61,1001.4,13.9,0.0
2022-08-09T23:00,28.5,63,1001.3,14.0,0.0
2022-08-10T00:00,28.1,64,1000.7,15.6,0.0
2022-08-10T01:00,27.7,65,1000.3,16.1,0.0
2022-08-10T02:00,27.4,65,999.6,19.3,0.0
2022-08-10T03:00,27.3,64,999.7,19.9,0.0
2022-08-10T04:00,27.0,64,1000.1,18.5,0.0
2022-08-10T05:00,26.9,64,1000.7,16.1,0.0
2022-08-10T06:00,26.7,66,1001.1,15.7,0.0
2022-08-10T07:00,27.3,67,1001.6,13.7,0.0
2022-08-10T08:00,28.7,64,1002.3,14.6,0.0
2022-08-10T09:00,30.0,59,1002.6,17.3,0.0
2022-08-10T10:00,31.4,54,1002.2,19.9,0.0
2022-08-10T11:00,31.9,51,1001.6,25.8,0.0
2022-08-10T12:00,33.2,48,1000.5,24.2,0.0
2022-08-10T13:00,33.1,49,999.5,24.5,0.2
2022-08-10T14:00,33.6,48,998.5,24.7,0.0
2022-08-10T15:00,34.2,46,998.2,22.4,0.0
2022-08-10T16:00,34.0,47,997.8,19.1,0.0
2022-08-10T17:00,32.5,52,998.6,14.7,0.0
2022-08-10T18:00,31.2,55,998.7,14.3,0.0
2022-08-10T19:00,30.4,57,999.5,13.6,0.0
2022-08-10T20:00,30.0,57,1000.6,14.0,0.0
2022-08-10T21:00,29.6,57,1001.5,13.0,0.0
2022-08-10T22:00,29.4,57,1001.9,12.7,0.0
2022-08-10T23:00,28.9,58,1002.2,11.8,0.0
2022-08-11T00:00,28.6,59,1001.6,14.0,0.0
2022-08-11T01:00,28.5,58,1001.1,15.1,0.0
2022-08-11T02:00,28.0,60,1000.9,13.8,0.0
2022-08-11T03:00,27.6,63,1001.1,10.5,0.0
2022-08-11T04:00,27.1,66,1001.4,10.2,0.0
2022-08-11T05:00,26.2,71,1002.3,7.4,0.0
2022-08-11T06:00,26.6,70,1002.6,10.5,0.0
2022-08-11T07:00,27.7,67,1003.2,12.9,0.0
2022-08-11T08:00,29.1,62,1003.8,15.8,0.0
2022-08-11T09:00,30.4,56,1004.2,17.6,0.0
2022-08-11T10:00,31.3,53,1003.6,15.6,0.0
2022-08-11T11:00,32.9,48,1003.0,25.6,0.0
2022-08-11T12:00,33.8,45,1002.3,24.7,0.0
2022-08-11T13:00,34.2,44,1001.2,21.6,0.0
2022-08-11T14:00,35.6,40,999.7,19.0,0.0
2022-08-11T15:00,35.7,39,999.2,20.5,0.0
2022-08-11T16:00,33.5,54,999.2,14.4,0.0
2022-08-11T17:00,31.1,73,1000.5,13.7,0.0
2022-08-11T18:00,29.8,70,1001.0,18.0,0.0
2022-08-11T19:00,29.1,70,1001.9,18.4,0.0
2022-08-11T20:00,28.8,76,1002.8,17.7,0.0
2022-08-11T21:00,28.6,81,1003.4,16.0,0.0
2022-08-11T22:00,28.4,81,1004.1,15.3,0.0
2022-08-11T23:00,28.2,77,1004.0,13.9,0.0
2022-08-12T00:00,27.9,76,1003.8,12.1,0.0
2022-08-12T01:00,28.5,64,1003.4,15.1,0.0
2022-08-12T02:00,28.4,61,1003.0,15.8,0.0
2022-08-12T03:00,28.0,62,1003.1,13.8,0.0
2022-08-12T04:00,27.6,64,1003.3,12.4,0.0
2022-08-12T05:00,27.9,63,1003.7,14.0,0.0
2022-08-12T06:00,27.9,65,1003.7,12.9,0.0
2022-08-12T07:00,28.7,65,1004.5,11.8,0.0
2022-08-12T08:00,30.0,61,1004.9,12.8,0.0
2022-08-12T09:00,31.3,55,1004.9,15.2,0.0
2022-08-12T10:00,32.6,51,1004.8,16.9,0.0
2022-08-12T11:00,33.5,48,1004.3,19.3,0.0
2022-08-12T12:00,34.3,45,1003.0,18.4,0.0
2022-08-12T13:00,33.8,46,1002.0,16.2,0.0
2022-08-12T14:00,35.4,42,1001.1,15.1,0.0
2022-08-12T15:00,35.1,43,1000.4,16.9,0.1
2022-08-12T16:00,35.2,44,1000.3,14.8,0.0
2022-08-12T17:00,33.0,53,1001.6,6.9,0.0
2022-08-12T18:00,32.0,57,1002.7,3.1,0.0
2022-08-12T19:00,30.1,64,1003.0,10.2,0.0
2022-08-12T20:00,29.1,79,1003.7,15.7,0.0
2022-08-12T21:00,28.8,76,1004.8,14.3,0.0
2022-08-12T22:00,28.8,76,1005.0,14.1,0.0
2022-08-12T23:00,28.4,81,1004.8,13.7,0.0
2022-08-13T00:00,28.1,82,1004.4,12.3,0.0
2022-08-13T01:00,27.9,79,1004.2,12.0,0.0
2022-08-13T02:00,27.7,76,1003.9,11.3,0.0
2022-08-13T03:00,27.6,71,1003.6,11.1,0.0
2022-08-13T04:00,27.4,67,1003.9,11.3,0.0
2022-08-13T05:00,27.7,64,1003.7,12.0,0.0
2022-08-13T06:00,27.8,65,1004.1,12.5,0.0
2022-08-13T07:00,28.7,64,1004.4,12.1,0.0
2022-08-13T08:00,30.1,59,1004.8,14.0,0.0
2022-08-13T09:00,31.3,55,1004.6,14.8,0.0
2022-08-13T10:00,32.4,53,1003.9,14.8,0.0
2022-08-13T11:00,33.3,51,1003.6,12.8,0.0
2022-08-13T12:00,34.3,48,1002.8,12.0,0.0
2022-08-13T13:00,35.0,46,1001.8,11.9,0.0
2022-08-13T14:00,35.2,46,1001.4,11.9,0.0
2022-08-13T15:00,34.6,47,1000.8,5.3,0.0
2022-08-13T16:00,32.6,62,1000.5,10.9,0.0
2022-08-13T17:00,31.4,65,1002.0,1.8,0.0
2022-08-13T18:00,29.4,81,1002.1,12.6,0.2
2022-08-13T19:00,29.1,77,1002.5,12.3,0.0
2022-08-13T20:00,28.9,77,1003.2,12.0,0.0
2022-08-13T21:00,28.7,77,1003.7,14.5,0.0
2022-08-13T22:00,28.5,78,1004.5,12.9,0.0
2022-08-13T23:00,28.6,72,1004.5,11.8,0.0
2022-08-14T00:00,29.5,56,1004.2,14.4,0.0
2022-08-14T01:00,28.8,61,1003.4,6.3,0.0
2022-08-14T02:00,28.3,63,1003.2,8.4,0.0
2022-08-14T03:00,28.0,63,1003.1,8.4,0.0
2022-08-14T04:00,27.7,65,1003.7,7.2,0.0
2022-08-14T05:00,27.6,64,1003.6,11.3,0.0
2022-08-14T06:00,27.6,65,1004.3,11.2,0.0
2022-08-14T07:00,28.4,65,1005.0,10.9,0.0
2022-08-14T08:00,29.4,60,1005.7,12.7,0.0
2022-08-14T09:00,30.3,54,1005.9,13.4,0.0
2022-08-14T10:00,31.1,53,1005.8,11.0,0.0
2022-08-14T11:00,32.0,52,1005.3,9.4,0.0
2022-08-14T12:00,32.9,50,1004.6,9.9,0.0
2022-08-14T13:00,33.9,49,1003.8,7.6,0.0
2022-08-14T14:00,33.7,50,1003.0,1.8,0.0
2022-08-14T15:00,31.6,61,1002.6,13.4,0.0
2022-08-14T16:00,30.5,64,1002.6,15.3,0.0
2022-08-14T17:00,29.9,68,1003.6,11.3,0.0
2022-08-14T18:00,28.8,74,1004.5,12.6,0.0
2022-08-14T19:00,28.0,78,1005.3,8.0,0.0
2022-08-14T20:00,27.4,81,1005.7,2.6,0.0
2022-08-14T21:00,27.4,81,1005.9,0.8,0.0
2022-08-14T22:00,27.1,81,1006.1,4.4,0.0
2022-08-14T23:00,27.1,83,1005.8,6.9,0.0
2022-08-15T00:00,27.2,84,1005.0,11.1,0.0
2022-08-15T01:00,26.9,84,1004.4,10.7,0.0
2022-08-15T02:00,26.7,86,1003.8,11.0,0.0
2022-08-15T03:00,26.6,88,1004.0,10.4,0.0
2022-08-15T04:00,26.6,88,1004.7,10.0,0.0
2022-08-15T05:00,26.5,88,1005.2,10.9,0.0
2022-08-15T06:00,26.8,86,1005.6,11.0,0.0
2022-08-15T07:00,27.6,82,1006.2,9.2,0.0
2022-08-15T08:00,29.0,70,1006.8,11.4,0.0
2022-08-15T09:00,30.6,60,1006.7,12.4,0.0
2022-08-15T10:00,32.1,54,1006.6,9.6,0.0
2022-08-15T11:00,33.2,50,1006.4,7.5,0.0
2022-08-15T12:00,33.3,50,1005.7,8.1,0.0
2022-08-15T13:00,32.2,64,1004.9,14.8,0.3
2022-08-15T14:00,31.6,68,1004.4,19.2,0.0
2022-08-15T15:00,30.9,65,1003.8,20.6,0.0
2022-08-15T16:00,30.4,68,1003.6,18.2,0.0
2022-08-15T17:00,29.9,73,1004.5,15.3,0.0
2022-08-15T18:00,29.1,80,1005.1,14.5,0.0
2022-08-15T19:00,28.8,81,1005.8,14.6,0.0
2022-08-15T20:00,28.7,81,1006.4,13.0,0.0
2022-08-15T21:00,28.6,84,1007.3,11.5,0.0
2022-08-15T22:00,28.3,85,1007.6,11.5,0.0
2022-08-15T23:00,28.1,87,1007.4,9.3,0.0
2022-08-16T00:00,27.6,89,1006.8,6.4,0.0
2022-08-16T01:00,27.4,89,1006.3,7.6,0.0
2022-08-16T02:00,27.2,89,1005.8,9.7,0.0
2022-08-16T03:00,27.1,89,1005.5,10.0,0.0
2022-08-16T04:00,27.0,89,1005.8,10.4,0.0
2022-08-16T05:00,27.1,89,1006.4,8.4,0.0
2022-08-16T06:00,27.6,86,1006.8,10.1,0.0
2022-08-16T07:00,28.7,82,1007.2,11.0,0.0
2022-08-16T08:00,29.9,74,1007.3,12.1,0.1
2022-08-16T09:00,31.2,66,1007.3,12.8,0.1
2022-08-16T10:00,31.9,61,1006.9,13.1,0.2
2022-08-16T11:00,32.2,61,1006.3,14.4,0.2
2022-08-16T12:00,31.7,69,1005.4,18.1,0.2
2022-08-16T13:00,31.0,69,1004.9,16.9,3.1
2022-08-16T14:00,31.5,68,1003.9,18.1,0.1
2022-08-16T15:00,30.2,76,1003.6,17.1,1.2
2022-08-16T16:00,30.3,72,1003.4,17.9,0.0
2022-08-16T17:00,29.6,76,1003.8,17.4,0.0
2022-08-16T18:00,28.8,83,1004.3,17.4,0.0
2022-08-16T19:00,28.5,84,1005.1,18.0,0.0
2022-08-16T20:00,28.4,86,1006.2,16.5,0.0
2022-08-16T21:00,28.3,85,1007.3,16.2,0.0
2022-08-16T22:00,28.3,86,1007.6,14.8,0.0
2022-08-16T23:00,27.5,88,1007.7,13.0,0.5
2022-08-17T00:00,27.6,89,1007.3,10.9,0.0
2022-08-17T01:00,25.6,93,1007.2,12.4,6.2
2022-08-17T02:00,25.9,92,1006.5,12.9,0.2
2022-08-17T03:00,26.3,92,1006.0,11.9,0.0
2022-08-17T04:00,26.2,92,1006.5,8.0,0.2
2022-08-17T05:00,27.0,85,1006.8,14.1,0.3
2022-08-17T06:00,26.3,81,1007.3,20.3,0.0
2022-08-17T07:00,27.0,78,1008.3,17.6,0.0
2022-08-17T08:00,28.1,69,1008.3,15.0,0.0
2022-08-17T09:00,29.8,62,1007.9,14.1,0.0
2022-08-17T10:00,31.5,57,1007.3,12.3,0.0
2022-08-17T11:00,32.6,55,1006.5,9.1,0.0
2022-08-17T12:00,32.8,55,1005.6,10.0,0.0
2022-08-17T13:00,31.0,71,1004.4,15.9,3.1
2022-08-17T14:00,30.4,76,1003.4,17.6,0.0
2022-08-17T15:00,30.5,70,1002.9,17.8,0.0
2022-08-17T16:00,30.0,72,1002.7,17.7,0.0
2022-08-17T17:00,29.9,75,1003.1,14.8,0.0
2022-08-17T18:00,28.9,78,1003.6,13.0,0.0
2022-08-17T19:00,28.5,82,1004.4,14.1,0.0
2022-08-17T20:00,28.4,84,1005.5,13.0,0.0
2022-08-17T21:00,28.3,87,1006.1,13.0,0.0
2022-08-17T22:00,28.1,88,1006.3,11.1,0.0
2022-08-17T23:00,28.0,87,1005.7,10.7,0.0
2022-08-18T00:00,27.9,86,1005.0,12.6,0.0
2022-08-18T01:00,27.2,86,1004.5,23.1,0.0
2022-08-18T02:00,27.0,86,1004.2,14.1,0.0
2022-08-18T03:00,27.0,88,1004.2,13.3,0.0
2022-08-18T04:00,27.1,89,1004.5,13.7,0.0
2022-08-18T05:00,26.7,89,1005.0,7.9,0.0
2022-08-18T06:00,27.0,89,1005.7,10.5,0.0
2022-08-18T07:00,28.0,82,1006.2,10.7,0.0
2022-08-18T08:00,29.5,75,1006.6,8.3,0.0
2022-08-18T09:00,31.3,67,1006.3,7.2,0.0
2022-08-18T10:00,32.7,58,1006.2,9.0,0.0
2022-08-18T11:00,33.7,54,1005.2,8.3,0.0
2022-08-18T12:00,33.7,54,1004.3,6.6,0.0
2022-08-18T13:00,32.1,69,1003.5,13.3,1.6
2022-08-18T14:00,30.8,70,1002.8,13.1,0.0
2022-08-18T15:00,31.8,65,1002.2,8.4,0.0
2022-08-18T16:00,30.9,72,1001.8,13.2,0.0
2022-08-18T17:00,30.3,74,1002.1,10.2,0.0
2022-08-18T18:00,29.5,77,1002.8,11.2,0.0
2022-08-18T19:00,29.0,78,1003.6,10.1,0.0
2022-08-18T20:00,28.9,75,1004.5,10.7,0.0
2022-08-18T21:00,28.7,78,1005.0,10.4,0.0
2022-08-18T22:00,28.5,80,1005.2,12.7,0.0
2022-08-18T23:00,28.2,83,1004.9,14.7,0.0
2022-08-19T00:00,25.2,89,1005.6,22.3,1.2
2022-08-19T01:00,25.6,89,1004.1,12.5,0.1
2022-08-19T02:00,25.9,86,1003.7,16.1,0.0
2022-08-19T03:00,26.0,86,1003.4,13.0,0.0
2022-08-19T04:00,25.9,87,1003.9,10.8,0.0
2022-08-19T05:00,26.4,81,1004.1,12.5,0.0
2022-08-19T06:00,26.8,79,1004.6,13.8,0.0
2022-08-19T07:00,27.5,77,1005.1,13.8,0.0
2022-08-19T08:00,28.9,69,1005.6,14.0,0.0
2022-08-19T09:00,30.3,63,1005.9,12.3,0.0
2022-08-19T10:00,31.9,59,1005.5,10.4,0.0
2022-08-19T11:00,33.0,55,1005.0,9.1,0.0
2022-08-19T12:00,33.5,55,1004.4,4.7,0.0
2022-08-19T13:00,33.5,55,1003.4,4.0,0.0
2022-08-19T14:00,32.0,64,1002.1,10.3,0.0
2022-08-19T15:00,31.7,67,1001.6,8.7,0.0
2022-08-19T16:00,30.8,71,1001.3,10.8,0.0
2022-08-19T17:00,30.2,78,1002.4,11.5,0.0
2022-08-19T18:00,28.9,83,1002.6,10.9,0.0
2022-08-19T19:00,28.6,80,1003.7,8.9,0.0
2022-08-19T20:00,28.5,80,1004.7,10.4,0.0
2022-08-19T21:00,28.6,78,1005.4,11.6,0.0
2022-08-19T22:00,28.7,78,1005.8,13.2,0.0
2022-08-19T23:00,28.5,79,1005.3,16.4,0.0
2022-08-20T00:00,28.8,70,1004.5,14.3,0.0
2022-08-20T01:00,28.2,76,1004.2,15.0,0.0
2022-08-20T02:00,27.9,76,1003.8,14.6,0.0
2022-08-20T03:00,27.7,74,1003.6,14.3,0.0
2022-08-20T04:00,27.5,74,1004.0,14.2,0.0
2022-08-20T05:00,27.5,75,1004.8,12.2,0.0
2022-08-20T06:00,27.7,74,1005.4,12.6,0.0
2022-08-20T07:00,28.6,73,1006.1,11.6,0.0
2022-08-20T08:00,30.2,63,1006.5,14.0,0.0
2022-08-20T09:00,31.5,57,1006.5,14.8,0.0
2022-08-20T10:00,32.5,54,1005.9,12.3,0.0
2022-08-20T11:00,33.7,50,1005.1,10.1,0.0
2022-08-20T12:00,34.6,48,1004.0,8.6,0.0
2022-08-20T13:00,34.7,47,1002.8,6.7,0.0
2022-08-20T14:00,33.4,61,1001.9,11.0,0.0
2022-08-20T15:00,31.8,76,1001.1,14.2,0.0
2022-08-20T16:00,31.1,74,1000.6,16.8,0.0
2022-08-20T17:00,30.0,82,1001.1,15.8,0.0
2022-08-20T18:00,28.9,87,1001.5,15.3,0.0
2022-08-20T19:00,29.5,77,1002.4,17.1,0.0
2022-08-20T20:00,29.3,77,1003.1,17.0,0.0
2022-08-20T21:00,29.1,76,1003.4,15.2,0.0
2022-08-20T22:00,28.8,77,1004.1,13.1,0.0
2022-08-20T23:00,28.7,78,1004.1,9.4,0.0
2022-08-21T00:00,28.2,80,1003.9,8.0,0.0
2022-08-21T01:00,28.3,79,1003.3,14.0,0.0
2022-08-21T02:00,28.5,72,1003.0,12.8,0.0
2022-08-21T03:00,28.3,69,1003.3,12.3,0.1
2022-08-21T04:00,28.0,69,1003.9,7.9,0.0
2022-08-21T05:00,25.6,85,1004.4,14.6,0.0
2022-08-21T06:00,26.5,81,1004.8,7.7,0.7
2022-08-21T07:00,28.0,76,1005.4,12.9,0.0
2022-08-21T08:00,29.6,71,1005.8,13.0,0.0
2022-08-21T09:00,30.9,62,1005.9,12.3,0.0
2022-08-21T10:00,31.8,58,1005.5,9.5,0.0
2022-08-21T11:00,32.7,55,1004.5,7.9,0.0
2022-08-21T12:00,33.3,54,1003.1,7.1,0.0
2022-08-21T13:00,32.5,62,1002.1,11.6,0.0
2022-08-21T14:00,31.7,75,1001.0,15.6,0.0
2022-08-21T15:00,31.2,75,1000.5,21.0,0.0
2022-08-21T16:00,30.1,74,1001.3,16.1,0.1
2022-08-21T17:00,29.8,79,1001.4,8.4,0.0
2022-08-21T18:00,29.2,81,1001.7,7.9,0.0
2022-08-21T19:00,28.9,77,1002.9,14.5,0.0
2022-08-21T20:00,28.6,79,1004.3,7.8,0.2
2022-08-21T21:00,28.2,80,1004.8,8.3,0.0
2022-08-21T22:00,27.7,82,1005.0,9.3,0.0
2022-08-21T23:00,27.3,84,1004.4,10.9,0.0
2022-08-22T00:00,27.0,82,1003.7,11.4,0.0
2022-08-22T01:00,26.6,82,1003.1,12.0,0.0
2022-08-22T02:00,26.5,82,1002.5,14.5,0.0
2022-08-22T03:00,26.3,82,1002.2,14.1,0.0
2022-08-22T04:00,26.2,82,1002.7,13.3,0.0
2022-08-22T05:00,25.7,85,1003.0,12.3,0.0
2022-08-22T06:00,26.1,85,1003.5,11.3,0.0
2022-08-22T07:00,27.4,80,1003.9,12.2,0.0
2022-08-22T08:00,29.2,69,1004.2,14.9,0.0
2022-08-22T09:00,30.6,61,1004.2,13.7,0.0
2022-08-22T10:00,31.8,58,1003.8,11.5,0.0
2022-08-22T11:00,33.0,54,1003.3,13.4,0.0
2022-08-22T12:00,33.8,51,1002.1,14.8,0.0
2022-08-22T13:00,34.4,50,1001.2,12.5,0.0
2022-08-22T14:00,34.5,49,1000.3,6.2,0.0
2022-08-22T15:00,31.0,73,1000.7,16.0,0.9
2022-08-22T16:00,29.4,78,1000.8,19.1,3.7
2022-08-22T17:00,29.7,75,1001.4,13.8,0.0
2022-08-22T18:00,28.8,77,1002.6,13.6,0.1
2022-08-22T19:00,28.1,83,1003.5,15.5,0.0
2022-08-22T20:00,28.1,84,1004.4,13.6,0.0
2022-08-22T21:00,27.7,85,1005.1,11.6,0.0
2022-08-22T22:00,27.4,83,1005.4,11.3,0.2
2022-08-22T23:00,27.1,83,1004.6,14.3,0.0
2022-08-23T00:00,26.7,81,1003.8,14.2,0.0
2022-08-23T01:00,26.4,81,1002.9,12.0,0.0
2022-08-23T02:00,26.2,82,1002.6,10.5,0.0
2022-08-23T03:00,26.2,81,1002.5,11.4,0.0
2022-08-23T04:00,26.2,81,1002.9,11.7,0.0
2022-08-23T05:00,25.9,84,1003.4,12.7,0.0
2022-08-23T06:00,26.3,81,1003.5,14.3,0.0
2022-08-23T07:00,27.5,77,1004.0,14.0,0.0
2022-08-23T08:00,29.1,70,1004.2,15.9,0.0
2022-08-23T09:00,30.7,62,1004.2,15.5,0.0
2022-08-23T10:00,32.0,59,1004.0,12.5,0.0
2022-08-23T11:00,33.3,55,1003.5,9.7,0.0
2022-08-23T12:00,34.0,53,1002.5,6.4,0.0
2022-08-23T13:00,33.8,54,1001.7,5.1,0.0
2022-08-23T14:00,31.0,70,1001.2,15.5,1.7
2022-08-23T15:00,29.9,74,1001.0,14.0,0.2
2022-08-23T16:00,29.8,73,1001.1,17.7,0.0
2022-08-23T17:00,29.7,75,1001.9,14.0,0.0
2022-08-23T18:00,28.9,79,1002.8,17.4,0.0
2022-08-23T19:00,28.9,81,1003.8,16.2,0.0
2022-08-23T20:00,28.6,85,1005.1,16.6,0.0
2022-08-23T21:00,28.5,85,1005.9,17.8,0.0
2022-08-23T22:00,28.1,82,1006.2,12.5,0.0
2022-08-23T23:00,27.7,79,1005.9,11.0,0.0
2022-08-24T00:00,27.7,75,1005.5,14.8,0.0
2022-08-24T01:00,27.1,76,1005.0,11.4,0.0
2022-08-24T02:00,26.7,78,1004.6,11.4,0.0
2022-08-24T03:00,26.8,77,1004.5,11.4,0.0
2022-08-24T04:00,26.7,75,1005.0,10.1,0.0
2022-08-24T05:00,25.0,90,1006.7,4.6,0.0
2022-08-24T06:00,24.7,89,1006.7,12.3,3.8
2022-08-24T07:00,25.0,91,1007.2,8.4,0.3
2022-08-24T08:00,26.4,85,1007.7,8.1,0.1
2022-08-24T09:00,28.4,77,1007.3,11.6,0.0
2022-08-24T10:00,30.1,70,1007.1,10.3,0.0
2022-08-24T11:00,31.5,65,1006.2,9.7,0.0
2022-08-24T12:00,31.8,66,1005.7,8.0,0.4
2022-08-24T13:00,31.2,69,1004.7,4.2,0.7
2022-08-24T14:00,31.0,72,1003.5,1.5,0.8
2022-08-24T15:00,30.8,73,1002.4,4.0,0.4
2022-08-24T16:00,30.4,76,1002.1,8.2,0.0
2022-08-24T17:00,31.1,66,1002.8,1.5,0.0
2022-08-24T18:00,29.5,76,1003.4,4.1,0.0
2022-08-24T19:00,28.5,83,1004.6,5.2,0.0
2022-08-24T20:00,28.2,86,1005.2,5.5,0.0
2022-08-24T21:00,28.3,84,1005.8,7.8,0.4
2022-08-24T22:00,28.0,86,1006.0,10.2,0.0
2022-08-24T23:00,25.2,92,1006.6,13.7,6.0
2022-08-25T00:00,25.5,90,1005.0,8.6,0.4
2022-08-25T01:00,25.5,89,1004.4,7.2,0.2
2022-08-25T02:00,25.4,88,1004.1,9.3,0.0
2022-08-25T03:00,25.2,88,1003.9,9.2,0.0
2022-08-25T04:00,25.0,88,1004.2,7.7,0.0
2022-08-25T05:00,26.2,77,1004.2,7.7,0.0
2022-08-25T06:00,26.4,79,1004.8,5.9,0.0
2022-08-25T07:00,27.5,75,1005.4,5.8,0.0
2022-08-25T08:00,29.1,69,1005.8,8.7,0.0
2022-08-25T09:00,30.6,64,1005.7,9.6,0.0
2022-08-25T10:00,31.9,59,1005.6,9.0,0.0
2022-08-25T11:00,32.8,57,1005.2,8.1,0.0
2022-08-25T12:00,33.1,57,1004.3,7.9,0.0
2022-08-25T13:00,32.1,63,1003.2,10.9,0.0
2022-08-25T14:00,30.0,76,1002.4,10.5,0.6
2022-08-25T15:00,30.8,70,1001.7,7.3,0.1
2022-08-25T16:00,29.9,76,1001.6,7.4,0.0
2022-08-25T17:00,29.0,77,1002.6,9.3,0.2
2022-08-25T18:00,28.3,80,1003.4,6.7,0.0
2022-08-25T19:00,27.8,84,1003.8,6.8,0.0
2022-08-25T20:00,27.6,85,1004.8,9.4,0.0
2022-08-25T21:00,26.5,86,1005.6,11.9,0.0
2022-08-25T22:00,25.9,85,1005.6,8.8,0.0
2022-08-25T23:00,25.1,86,1005.7,14.1,1.0
2022-08-26T00:00,24.3,94,1005.0,12.4,5.9
2022-08-26T01:00,24.7,92,1003.8,9.5,0.1
2022-08-26T02:00,24.7,92,1003.7,11.1,0.0
2022-08-26T03:00,24.6,92,1003.7,10.1,0.0
2022-08-26T04:00,24.6,92,1003.7,10.5,0.0
2022-08-26T05:00,25.4,87,1003.9,10.5,0.0
2022-08-26T06:00,25.9,85,1004.1,11.8,0.1
2022-08-26T07:00,27.0,83,1004.6,13.5,0.0
2022-08-26T08:00,28.5,76,1005.1,10.0,0.0
2022-08-26T09:00,30.1,68,1005.2,8.8,0.0
2022-08-26T10:00,31.5,62,1004.8,7.9,0.0
2022-08-26T11:00,32.2,59,1004.6,6.7,0.0
2022-08-26T12:00,32.5,58,1003.6,6.0,0.0
2022-08-26T13:00,32.2,63,1002.7,9.0,0.0
2022-08-26T14:00,30.6,73,1001.5,10.5,1.2
2022-08-26T15:00,30.2,72,1000.8,11.3,0.0
2022-08-26T16:00,30.0,72,1001.0,9.8,0.0
2022-08-26T17:00,29.5,76,1002.1,7.9,0.0
2022-08-26T18:00,28.5,83,1003.2,2.2,0.0
2022-08-26T19:00,27.8,81,1004.3,4.3,0.7
2022-08-26T20:00,27.2,89,1004.7,5.5,0.2
2022-08-26T21:00,26.3,92,1005.8,11.8,0.0
2022-08-26T22:00,25.5,91,1006.2,9.7,0.0
2022-08-26T23:00,25.3,91,1006.0,11.5,0.0
2022-08-27T00:00,24.6,91,1005.4,15.0,0.1
2022-08-27T01:00,24.9,90,1004.3,13.4,0.0
2022-08-27T02:00,24.7,91,1003.7,13.5,0.0
2022-08-27T03:00,24.7,92,1003.5,11.6,0.0
2022-08-27T04:00,24.5,93,1003.4,9.9,0.0
2022-08-27T05:00,25.5,89,1003.3,12.3,0.0
2022-08-27T06:00,25.7,87,1003.6,13.5,0.0
2022-08-27T07:00,26.9,82,1004.3,11.6,0.0
2022-08-27T08:00,28.4,76,1005.1,9.8,0.0
2022-08-27T09:00,29.8,71,1005.4,7.2,0.0
2022-08-27T10:00,31.0,67,1005.2,3.5,0.0
2022-08-27T11:00,31.5,66,1004.6,4.0,0.0
2022-08-27T12:00,30.3,73,1004.0,9.6,1.3
2022-08-27T13:00,30.0,74,1003.0,4.8,0.0
2022-08-27T14:00,30.2,74,1002.1,9.2,0.0
2022-08-27T15:00,30.1,74,1000.9,11.7,0.0
2022-08-27T16:00,29.7,74,1000.6,12.0,0.0
2022-08-27T17:00,29.3,77,1001.4,12.3,0.0
2022-08-27T18:00,28.5,83,1002.6,11.1,0.1
2022-08-27T19:00,28.3,85,1003.4,8.0,0.0
2022-08-27T20:00,26.8,91,1004.6,7.2,1.1
2022-08-27T21:00,25.6,87,1006.2,19.4,4.8
2022-08-27T22:00,25.2,92,1006.3,1.9,4.9
2022-08-27T23:00,25.1,94,1006.6,10.0,2.7
2022-08-28T00:00,24.9,94,1005.1,9.3,3.0
2022-08-28T01:00,24.9,93,1004.4,9.4,1.2
2022-08-28T02:00,24.9,91,1003.2,5.8,0.1
2022-08-28T03:00,24.9,92,1003.2,6.9,0.0
2022-08-28T04:00,24.8,92,1003.5,6.1,0.0
2022-08-28T05:00,24.9,89,1003.3,10.6,0.0
2022-08-28T06:00,25.4,87,1004.0,9.6,0.0
2022-08-28T07:00,26.7,83,1004.6,9.5,0.0
2022-08-28T08:00,28.4,77,1004.8,9.7,0.0
2022-08-28T09:00,30.1,70,1004.9,7.9,0.0
2022-08-28T10:00,31.2,67,1004.7,4.7,0.1
2022-08-28T11:00,31.8,66,1004.3,6.1,0.1
2022-08-28T12:00,31.6,69,1003.6,9.7,0.2
2022-08-28T13:00,29.5,77,1002.7,11.7,6.0
2022-08-28T14:00,29.9,76,1001.4,8.0,0.3
2022-08-28T15:00,30.1,75,1000.8,9.8,0.0
2022-08-28T16:00,29.3,79,1001.1,4.5,0.0
2022-08-28T17:00,28.1,78,1001.9,1.8,0.1
2022-08-28T18:00,27.1,87,1002.3,3.1,0.0
2022-08-28T19:00,27.0,89,1002.9,3.5,0.0
2022-08-28T20:00,26.9,90,1003.9,3.9,0.0
2022-08-28T21:00,26.6,92,1004.9,4.6,0.0
2022-08-28T22:00,26.5,93,1005.2,7.1,0.0
2022-08-28T23:00,26.4,93,1005.0,8.9,0.0
2022-08-29T00:00,26.1,92,1004.3,10.1,0.0
2022-08-29T01:00,25.9,91,1003.6,9.8,0.0
2022-08-29T02:00,25.7,92,1003.2,9.6,0.0
2022-08-29T03:00,25.5,92,1003.4,8.2,0.0
2022-08-29T04:00,25.5,91,1004.3,4.8,0.0
2022-08-29T05:00,25.2,93,1004.7,5.8,0.5
2022-08-29T06:00,25.4,92,1005.5,7.7,0.4
2022-08-29T07:00,25.4,90,1006.5,8.7,0.5
2022-08-29T08:00,26.6,83,1007.0,9.3,0.2
2022-08-29T09:00,28.3,76,1006.9,7.7,0.0
2022-08-29T10:00,29.6,72,1007.0,4.1,0.0
2022-08-29T11:00,30.3,70,1006.5,6.6,0.2
2022-08-29T12:00,31.2,68,1005.4,6.3,0.1
2022-08-29T13:00,30.4,69,1004.3,10.4,0.5
2022-08-29T14:00,29.1,78,1003.1,11.7,0.1
2022-08-29T15:00,29.8,74,1002.5,12.2,0.2
2022-08-29T16:00,28.7,79,1002.6,13.0,0.1
2022-08-29T17:00,29.4,76,1002.6,10.8,0.1
2022-08-29T18:00,28.4,81,1003.6,8.4,0.0
2022-08-29T19:00,28.0,83,1004.3,8.3,0.0
2022-08-29T20:00,27.8,84,1005.3,6.6,0.0
2022-08-29T21:00,27.6,84,1005.9,6.4,0.0
2022-08-29T22:00,27.3,86,1006.1,5.4,0.0
2022-08-29T23:00,26.7,91,1006.2,5.3,0.0
2022-08-30T00:00,26.5,90,1006.2,4.3,0.4
2022-08-30T01:00,25.1,94,1006.2,11.0,2.5
2022-08-30T02:00,24.6,94,1005.0,2.3,1.9
2022-08-30T03:00,24.6,95,1004.4,3.3,0.0
2022-08-30T04:00,24.3,96,1004.5,2.9,0.0
2022-08-30T05:00,25.9,95,1005.2,7.3,0.0
2022-08-30T06:00,25.7,93,1006.0,8.5,0.1
2022-08-30T07:00,26.9,88,1006.4,4.7,0.1
2022-08-30T08:00,28.5,80,1007.4,3.6,0.0
2022-08-30T09:00,29.5,75,1007.8,4.1,0.0
2022-08-30T10:00,30.0,71,1007.4,10.2,0.1
2022-08-30T11:00,30.3,70,1007.2,12.0,0.0
2022-08-30T12:00,30.1,71,1006.3,13.7,0.0
2022-08-30T13:00,30.1,72,1005.4,13.8,0.1
2022-08-30T14:00,30.1,72,1004.5,13.5,0.1
2022-08-30T15:00,29.7,75,1003.5,14.1,0.0
2022-08-30T16:00,29.5,75,1003.1,12.7,0.0
2022-08-30T17:00,28.7,77,1003.7,12.1,0.0
2022-08-30T18:00,28.1,80,1004.7,9.4,0.0
2022-08-30T19:00,27.9,82,1005.3,8.5,0.0
2022-08-30T20:00,27.8,83,1006.3,9.4,0.0
2022-08-30T21:00,27.8,82,1006.9,9.4,0.0
2022-08-30T22:00,27.6,83,1007.4,6.2,0.0
2022-08-30T23:00,27.4,85,1007.0,6.5,0.0
2022-08-31T00:00,27.3,85,1006.2,6.5,0.0
2022-08-31T01:00,26.9,88,1005.4,4.7,0.0
2022-08-31T02:00,26.5,89,1004.9,4.2,0.1
2022-08-31T03:00,26.3,91,1004.2,4.3,0.0
2022-08-31T04:00,25.9,94,1003.8,5.2,0.1
2022-08-31T05:00,25.3,92,1005.2,8.4,0.1
2022-08-31T06:00,25.7,90,1005.7,6.1,0.0
2022-08-31T07:00,26.4,86,1006.7,1.1,0.0
2022-08-31T08:00,27.5,82,1007.1,2.6,0.0
2022-08-31T09:00,28.0,81,1007.9,10.5,0.2
2022-08-31T10:00,27.7,81,1007.6,10.5,1.1
2022-08-31T11:00,28.8,77,1007.1,13.0,0.1
2022-08-31T12:00,28.8,77,1005.9,11.8,0.2
2022-08-31T13:00,28.3,81,1005.1,10.5,0.3
2022-08-31T14:00,28.4,80,1003.8,12.4,0.4
2022-08-31T15:00,28.3,79,1002.9,9.8,0.1
2022-08-31T16:00,28.0,79,1002.4,9.2,0.0
2022-08-31T17:00,27.5,79,1003.9,11.5,0.0
2022-08-31T18:00,27.1,82,1004.1,7.0,0.1
2022-08-31T19:00,26.8,85,1004.8,5.5,0.0
2022-08-31T20:00,26.5,89,1005.6,5.1,0.0
2022-08-31T21:00,26.4,90,1006.5,6.4,0.0
2022-08-31T22:00,26.0,91,1006.7,5.4,0.0
2022-08-31T23:00,25.8,92,1006.7,3.3,0.6
2022-09-01T00:00,25.7,90,1006.1,4.0,0.4
2022-09-01T01:00,25.3,94,1005.5,3.0,0.1
2022-09-01T02:00,25.0,96,1005.0,3.1,0.0
2022-09-01T03:00,25.0,96,1004.5,4.3,0.0
2022-09-01T04:00,24.5,97,1004.9,3.2,0.0
2022-09-01T05:00,25.3,96,1004.9,4.1,0.1
2022-09-01T06:00,24.8,89,1005.9,1.8,2.5
2022-09-01T07:00,25.2,91,1006.9,3.6,0.2
2022-09-01T08:00,25.7,88,1007.3,6.0,0.2
2022-09-01T09:00,26.7,85,1007.3,2.8,0.1
2022-09-01T10:00,27.7,82,1007.1,4.5,0.2
2022-09-01T11:00,27.8,80,1007.2,12.4,5.4
2022-09-01T12:00,26.5,84,1006.2,11.3,6.5
2022-09-01T13:00,27.2,81,1004.8,9.3,0.1
2022-09-01T14:00,28.2,76,1004.2,9.2,0.1
2022-09-01T15:00,27.5,79,1004.0,9.7,0.3
2022-09-01T16:00,27.3,80,1003.5,5.4,0.1
2022-09-01T17:00,26.2,87,1003.5,7.7,0.0
2022-09-01T18:00,26.1,88,1004.2,3.9,0.0
2022-09-01T19:00,26.1,88,1005.1,3.8,0.0
2022-09-01T20:00,26.1,90,1005.6,4.3,0.0
2022-09-01T21:00,26.8,84,1006.2,2.5,0.0
2022-09-01T22:00,25.7,89,1006.8,4.1,0.2
2022-09-01T23:00,25.8,91,1006.6,4.7,0.3
2022-09-02T00:00,25.6,93,1005.8,4.0,0.3
2022-09-02T01:00,25.4,93,1005.4,5.5,0.8
2022-09-02T02:00,24.9,95,1005.2,7.7,0.3
2022-09-02T03:00,24.8,93,1005.0,6.4,0.5
2022-09-02T04:00,24.5,92,1005.3,4.0,0.3
2022-09-02T05:00,24.7,97,1006.4,5.0,0.2
2022-09-02T06:00,24.9,95,1006.7,5.9,0.0
2022-09-02T07:00,25.9,88,1007.2,5.4,0.0
2022-09-02T08:00,27.1,82,1007.8,3.9,0.0
2022-09-02T09:00,28.4,75,1007.6,4.0,0.0
2022-09-02T10:00,29.5,70,1007.5,6.5,0.0
2022-09-02T11:00,30.0,68,1007.0,10.4,0.1
2022-09-02T12:00,30.0,70,1006.3,13.3,0.2
2022-09-02T13:00,29.5,74,1005.3,15.8,0.1
2022-09-02T14:00,29.2,74,1004.7,15.9,0.0
2022-09-02T15:00,29.2,73,1004.0,16.3,0.0
2022-09-02T16:00,28.8,75,1003.9,16.0,0.0
2022-09-02T17:00,28.5,76,1004.9,14.5,0.0
2022-09-02T18:00,27.9,77,1005.0,11.6,0.0
2022-09-02T19:00,27.9,78,1005.6,12.1,0.0
2022-09-02T20:00,27.8,79,1006.1,12.7,0.0
2022-09-02T21:00,27.6,79,1006.8,11.2,0.0
2022-09-02T22:00,27.4,82,1007.0,9.0,0.0
2022-09-02T23:00,27.2,84,1007.0,7.6,0.0
2022-09-03T00:00,27.2,85,1006.3,9.4,0.0
2022-09-03T01:00,27.0,85,1005.8,9.4,0.0
2022-09-03T02:00,26.6,88,1005.5,7.8,0.0
2022-09-03T03:00,26.2,90,1005.7,6.2,0.0
2022-09-03T04:00,25.9,92,1006.0,4.8,0.0
2022-09-03T05:00,25.6,93,1006.2,4.1,0.1
2022-09-03T06:00,26.1,91,1006.8,4.1,0.0
2022-09-03T07:00,27.1,86,1007.1,4.5,0.0
2022-09-03T08:00,28.4,80,1007.4,5.1,0.0
2022-09-03T09:00,29.6,73,1007.1,4.3,0.0
2022-09-03T10:00,30.8,67,1006.7,4.7,0.0
2022-09-03T11:00,31.2,65,1006.2,6.5,0.0
2022-09-03T12:00,30.6,72,1005.5,9.9,0.2
2022-09-03T13:00,30.3,73,1004.6,12.4,0.6
2022-09-03T14:00,29.9,74,1003.8,14.9,0.1
2022-09-03T15:00,29.8,74,1003.3,14.6,0.0
2022-09-03T16:00,29.3,75,1003.1,15.3,0.0
2022-09-03T17:00,28.9,77,1003.2,14.5,0.0
2022-09-03T18:00,28.4,80,1003.8,15.0,0.0
2022-09-03T19:00,28.3,81,1004.7,14.7,0.0
2022-09-03T20:00,28.3,81,1005.9,14.2,0.0
2022-09-03T21:00,28.1,83,1007.0,13.8,0.0
2022-09-03T22:00,27.9,83,1006.8,9.2,0.0
2022-09-03T23:00,27.6,85,1006.0,6.8,0.0
2022-09-04T00:00,27.4,87,1005.9,8.6,0.0
2022-09-04T01:00,27.1,89,1005.2,6.7,0.0
2022-09-04T02:00,26.7,91,1005.1,9.2,0.0
2022-09-04T03:00,26.1,93,1004.7,6.4,0.0
2022-09-04T04:00,25.8,94,1004.7,7.2,0.0
2022-09-04T05:00,26.3,92,1005.2,10.1,0.0
2022-09-04T06:00,26.7,87,1005.4,11.0,0.0
2022-09-04T07:00,27.3,84,1005.7,7.3,0.0
2022-09-04T08:00,28.7,76,1006.3,10.8,0.0
2022-09-04T09:00,30.1,70,1006.2,10.7,0.0
2022-09-04T10:00,30.8,67,1006.2,7.9,0.2
2022-09-04T11:00,31.4,64,1005.6,4.2,0.2
2022-09-04T12:00,31.4,64,1004.9,5.7,0.4
2022-09-04T13:00,31.1,70,1004.0,9.2,0.3
2022-09-04T14:00,30.9,73,1003.3,12.3,0.4
2022-09-04T15:00,29.6,79,1002.8,13.8,2.6
2022-09-04T16:00,29.7,77,1002.0,12.0,0.0
2022-09-04T17:00,29.6,76,1002.2,12.2,0.0
2022-09-04T18:00,28.9,81,1003.0,10.7,0.0
2022-09-04T19:00,28.6,84,1003.9,9.7,0.0
2022-09-04T20:00,28.4,85,1005.2,9.7,0.0
2022-09-04T21:00,28.2,86,1006.4,9.4,0.0
2022-09-04T22:00,27.1,87,1006.6,11.9,0.4
2022-09-04T23:00,26.7,90,1006.4,10.7,0.0
2022-09-05T00:00,26.4,91,1005.8,12.0,0.0
2022-09-05T01:00,26.0,91,1005.6,13.1,0.0
2022-09-05T02:00,25.4,93,1004.7,10.2,0.0
2022-09-05T03:00,25.3,93,1004.8,11.2,0.0
2022-09-05T04:00,25.4,92,1005.1,10.9,0.0
2022-09-05T05:00,25.5,91,1005.6,11.1,0.0
2022-09-05T06:00,25.9,88,1005.8,11.6,0.0
2022-09-05T07:00,26.8,83,1006.5,9.4,0.0
2022-09-05T08:00,28.0,77,1007.0,4.7,0.0
2022-09-05T09:00,29.4,71,1007.1,4.1,0.0
2022-09-05T10:00,30.6,67,1006.6,2.3,0.0
2022-09-05T11:00,31.4,65,1005.6,2.6,0.0
2022-09-05T12:00,31.7,65,1004.5,7.9,0.0
2022-09-05T13:00,30.4,75,1003.4,13.2,0.1
2022-09-05T14:00,30.4,72,1002.2,12.0,0.0
2022-09-05T15:00,30.1,71,1001.3,14.1,0.0
2022-09-05T16:00,29.7,73,1001.4,14.2,0.0
2022-09-05T17:00,29.3,73,1001.8,15.8,0.0
2022-09-05T18:00,28.7,76,1002.6,15.5,0.0
2022-09-05T19:00,28.6,80,1003.8,15.0,0.0
2022-09-05T20:00,28.5,81,1005.1,17.5,0.0
2022-09-05T21:00,28.6,82,1005.7,17.7,0.0
2022-09-05T22:00,28.5,82,1005.6,17.5,0.0
2022-09-05T23:00,28.1,83,1005.4,14.6,0.0
2022-09-06T00:00,27.1,87,1004.6,12.9,0.3
2022-09-06T01:00,26.6,87,1004.3,11.9,0.0
2022-09-06T02:00,25.4,94,1004.2,9.5,1.7
2022-09-06T03:00,25.4,93,1003.9,9.4,0.2
2022-09-06T04:00,25.2,95,1003.9,6.6,0.1
2022-09-06T05:00,25.3,95,1003.7,3.4,2.6
2022-09-06T06:00,25.6,92,1004.6,6.2,0.0
2022-09-06T07:00,26.4,89,1005.3,4.2,0.0
2022-09-06T08:00,28.1,80,1005.8,6.6,0.0
2022-09-06T09:00,29.7,72,1006.0,4.6,0.0
2022-09-06T10:00,30.9,68,1005.6,1.1,0.0
2022-09-06T11:00,31.2,67,1005.3,8.0,0.1
2022-09-06T12:00,30.5,71,1004.3,10.5,0.3
2022-09-06T13:00,30.2,74,1003.1,8.9,0.8
2022-09-06T14:00,30.3,73,1002.2,10.9,0.2
2022-09-06T15:00,29.5,76,1001.4,9.4,0.0
2022-09-06T16:00,29.4,76,1001.3,10.2,0.0
2022-09-06T17:00,29.6,79,1002.1,13.7,0.0
2022-09-06T18:00,28.8,83,1003.2,12.1,0.0
2022-09-06T19:00,28.6,82,1004.4,14.0,0.0
2022-09-06T20:00,28.4,83,1005.1,13.4,0.0
2022-09-06T21:00,27.0,84,1005.9,12.1,0.0
2022-09-06T22:00,26.9,85,1005.6,9.2,0.0
2022-09-06T23:00,26.7,87,1004.8,8.0,0.0
2022-09-07T00:00,26.5,90,1004.3,8.1,0.0
2022-09-07T01:00,26.1,90,1003.9,1.5,3.9
2022-09-07T02:00,25.9,93,1003.3,1.1,0.5
2022-09-07T03:00,26.2,93,1003.3,1.0,0.4
2022-09-07T04:00,26.2,95,1003.3,1.6,0.2
2022-09-07T05:00,26.1,93,1004.2,6.1,0.0
2022-09-07T06:00,26.3,90,1004.4,2.5,0.1
2022-09-07T07:00,26.6,88,1004.9,3.9,0.2
2022-09-07T08:00,27.3,85,1005.9,3.6,0.2
2022-09-07T09:00,28.0,83,1006.3,2.7,0.1
2022-09-07T10:00,29.3,77,1006.0,1.8,0.0
2022-09-07T11:00,29.9,72,1005.0,1.8,0.0
2022-09-07T12:00,30.9,67,1003.5,2.2,0.0
2022-09-07T13:00,31.1,67,1002.7,3.0,0.0
2022-09-07T14:00,30.4,71,1001.7,8.6,0.1
2022-09-07T15:00,28.8,79,1001.6,11.9,0.2
2022-09-07T16:00,28.6,80,1001.6,9.3,0.1
2022-09-07T17:00,26.5,89,1003.1,2.3,0.1
2022-09-07T18:00,26.6,88,1004.1,4.7,0.3
2022-09-07T19:00,26.5,91,1005.2,6.8,0.0
2022-09-07T20:00,26.3,95,1005.7,5.7,0.5
2022-09-07T21:00,26.3,95,1006.2,5.4,1.7
2022-09-07T22:00,26.0,96,1006.3,6.9,1.6
2022-09-07T23:00,25.8,96,1005.9,7.8,1.2
2022-09-08T00:00,25.6,95,1004.8,10.1,0.9
2022-09-08T01:00,25.4,93,1004.3,8.9,1.1
2022-09-08T02:00,25.3,93,1003.8,5.7,0.5
2022-09-08T03:00,25.3,94,1003.7,5.1,0.4
2022-09-08T04:00,25.2,92,1003.6,8.0,0.4
2022-09-08T05:00,25.0,89,1003.5,11.4,0.7
2022-09-08T06:00,25.6,87,1004.0,13.9,0.0
2022-09-08T07:00,26.0,86,1005.0,12.7,0.1
2022-09-08T08:00,26.7,85,1005.5,11.4,0.1
2022-09-08T09:00,27.5,80,1006.0,11.2,0.1
2022-09-08T10:00,27.7,78,1005.5,11.2,0.0
2022-09-08T11:00,27.9,76,1004.7,10.8,0.0
2022-09-08T12:00,28.7,71,1003.6,10.8,0.0
2022-09-08T13:00,28.7,72,1002.8,9.8,0.0
2022-09-08T14:00,29.1,72,1002.4,8.6,0.0
2022-09-08T15:00,29.1,74,1001.9,8.3,0.1
2022-09-08T16:00,29.1,74,1001.8,9.8,0.2
2022-09-08T17:00,27.3,88,1002.8,6.0,0.1
2022-09-08T18:00,26.7,92,1003.3,4.7,0.4
2022-09-08T19:00,26.5,94,1004.1,3.4,0.3
2022-09-08T20:00,26.4,93,1004.5,6.0,0.1
2022-09-08T21:00,26.4,92,1005.3,6.0,0.0
2022-09-08T22:00,26.2,92,1005.0,6.9,0.0
2022-09-08T23:00,25.9,92,1004.5,6.0,0.0
2022-09-09T00:00,25.9,91,1003.7,9.4,0.0
2022-09-09T01:00,25.8,89,1002.9,11.0,0.0
2022-09-09T02:00,25.8,89,1002.3,11.0,0.0
2022-09-09T03:00,25.7,89,1002.2,10.9,0.0
2022-09-09T04:00,25.5,90,1002.3,11.8,0.0
2022-09-09T05:00,25.6,91,1003.1,8.2,0.0
2022-09-09T06:00,26.1,89,1004.1,9.4,0.0
2022-09-09T07:00,26.6,88,1004.8,9.5,0.0
2022-09-09T08:00,27.6,84,1005.3,9.1,0.0
2022-09-09T09:00,29.2,73,1005.4,14.3,0.0
2022-09-09T10:00,30.2,67,1005.3,13.8,0.0
2022-09-09T11:00,30.6,65,1004.8,12.0,0.0
2022-09-09T12:00,31.0,65,1003.7,10.6,0.0
2022-09-09T13:00,31.5,64,1002.1,10.4,0.0
2022-09-09T14:00,32.0,61,1000.7,10.5,0.0
2022-09-09T15:00,32.0,61,1000.2,10.7,0.0
2022-09-09T16:00,31.1,65,1000.4,11.5,0.0
2022-09-09T17:00,30.2,72,1000.8,5.0,1.2
2022-09-09T18:00,28.2,82,1002.3,1.3,3.1
2022-09-09T19:00,27.1,87,1002.8,9.3,0.2
2022-09-09T20:00,26.9,89,1003.5,6.2,0.0
2022-09-09T21:00,27.0,89,1004.2,6.5,0.1
2022-09-09T22:00,26.9,89,1004.5,5.2,0.5
2022-09-09T23:00,25.3,94,1004.3,12.0,10.1
2022-09-10T00:00,25.5,93,1003.9,6.8,1.9
2022-09-10T01:00,25.7,91,1003.0,3.2,0.0
2022-09-10T02:00,25.3,94,1002.4,3.3,0.0
2022-09-10T03:00,25.1,96,1002.5,5.4,0.0
2022-09-10T04:00,25.6,93,1002.7,5.6,0.0
2022-09-10T05:00,26.6,91,1002.8,9.4,0.0
2022-09-10T06:00,26.8,88,1003.3,12.8,0.0
2022-09-10T07:00,27.4,83,1004.0,14.4,0.0
2022-09-10T08:00,28.0,77,1005.0,15.8,0.0
2022-09-10T09:00,29.1,74,1005.3,13.8,0.0
2022-09-10T10:00,29.8,70,1005.1,13.8,0.0
2022-09-10T11:00,30.7,65,1004.5,16.1,0.0
2022-09-10T12:00,30.9,64,1003.5,16.9,0.1
2022-09-10T13:00,31.4,62,1002.2,15.5,0.0
2022-09-10T14:00,31.4,63,1001.0,15.5,0.0
2022-09-10T15:00,31.3,64,1000.5,14.5,0.0
2022-09-10T16:00,30.5,69,1000.5,12.4,0.1
2022-09-10T17:00,30.0,72,1000.8,7.0,0.0
2022-09-10T18:00,29.4,74,1001.2,11.9,0.0
2022-09-10T19:00,29.1,72,1002.0,12.4,0.0
2022-09-10T20:00,28.8,73,1003.0,11.6,0.0
2022-09-10T21:00,28.5,74,1003.9,10.0,0.0
2022-09-10T22:00,28.3,74,1004.3,12.0,0.0
2022-09-10T23:00,28.2,73,1004.0,13.8,0.0
2022-09-11T00:00,28.1,73,1003.2,14.3,0.0
2022-09-11T01:00,27.7,74,1002.7,14.1,0.0
2022-09-11T02:00,27.3,76,1002.3,14.0,0.0
2022-09-11T03:00,26.9,78,1002.2,14.1,0.0
2022-09-11T04:00,26.8,77,1002.1,14.8,0.0
2022-09-11T05:00,27.3,72,1002.6,15.0,0.0
2022-09-11T06:00,27.3,72,1002.8,14.8,0.0
2022-09-11T07:00,27.7,73,1003.4,15.5,0.0
2022-09-11T08:00,28.7,70,1004.7,15.1,0.0
2022-09-11T09:00,29.7,67,1005.0,14.5,0.0
2022-09-11T10:00,30.8,62,1004.6,16.1,0.0
2022-09-11T11:00,31.7,58,1004.0,18.2,0.0
2022-09-11T12:00,32.1,57,1003.1,22.7,0.0
2022-09-11T13:00,32.3,55,1002.0,23.8,0.0
2022-09-11T14:00,32.0,57,1001.1,19.4,0.0
2022-09-11T15:00,32.3,57,1000.3,12.1,0.0
2022-09-11T16:00,31.6,63,999.5,11.9,0.0
2022-09-11T17:00,30.8,67,1000.4,9.0,0.0
2022-09-11T18:00,30.1,67,1000.7,10.0,0.0
2022-09-11T19:00,29.9,68,1001.9,16.1,0.0
2022-09-11T20:00,29.2,72,1002.7,15.4,0.0
2022-09-11T21:00,28.5,81,1003.4,14.3,0.0
2022-09-11T22:00,28.1,87,1003.9,13.9,0.0
2022-09-11T23:00,27.9,88,1003.7,13.0,0.0
2022-09-12T00:00,27.7,83,1003.0,15.0,0.0
2022-09-12T01:00,27.4,78,1002.6,15.3,0.0
2022-09-12T02:00,26.9,78,1002.0,14.4,0.0
2022-09-12T03:00,26.4,78,1001.9,13.6,0.0
2022-09-12T04:00,26.0,79,1002.4,12.2,0.0
2022-09-12T05:00,26.1,79,1002.7,11.9,0.0
2022-09-12T06:00,26.1,79,1003.0,12.3,0.0
2022-09-12T07:00,26.9,77,1003.9,12.2,0.0
2022-09-12T08:00,28.5,72,1004.7,13.7,0.0
2022-09-12T09:00,29.9,67,1005.0,15.5,0.0
2022-09-12T10:00,31.1,61,1004.8,16.0,0.0
2022-09-12T11:00,31.8,60,1004.0,17.7,0.0
2022-09-12T12:00,32.6,56,1003.0,18.5,0.0
2022-09-12T13:00,32.7,55,1002.3,16.8,0.0
2022-09-12T14:00,32.7,56,1001.1,15.4,0.0
2022-09-12T15:00,31.8,66,1000.5,18.6,0.0
2022-09-12T16:00,30.1,76,1000.2,22.2,0.0
2022-09-12T17:00,28.9,79,1001.3,24.7,0.0
2022-09-12T18:00,28.7,83,1002.3,21.6,0.0
2022-09-12T19:00,28.6,84,1003.2,22.5,0.0
2022-09-12T20:00,28.5,84,1003.8,23.1,0.0
2022-09-12T21:00,28.6,82,1004.4,23.8,0.0
2022-09-12T22:00,28.4,83,1004.7,24.5,0.0
2022-09-12T23:00,28.0,87,1004.8,22.0,0.0
2022-09-13T00:00,27.9,82,1004.6,19.5,0.0
2022-09-13T01:00,27.5,79,1004.5,16.2,0.0
2022-09-13T02:00,27.0,79,1004.1,15.1,0.0
2022-09-13T03:00,26.6,81,1004.3,14.6,0.0
2022-09-13T04:00,26.3,83,1004.8,13.3,0.0
2022-09-13T05:00,26.2,84,1005.0,13.3,0.0
2022-09-13T06:00,26.2,84,1005.9,13.1,0.0
2022-09-13T07:00,27.3,81,1006.8,11.7,0.0
2022-09-13T08:00,28.9,74,1007.4,10.2,0.0
2022-09-13T09:00,30.4,64,1007.3,10.6,0.0
2022-09-13T10:00,31.5,59,1007.1,11.1,0.0
2022-09-13T11:00,32.4,56,1006.5,9.8,0.0
2022-09-13T12:00,33.0,53,1005.6,11.3,0.0
2022-09-13T13:00,32.3,60,1004.4,15.0,0.0
2022-09-13T14:00,31.0,75,1003.5,19.9,0.1
2022-09-13T15:00,30.8,72,1002.9,20.5,0.1
2022-09-13T16:00,30.1,72,1002.7,20.8,0.0
2022-09-13T17:00,29.2,74,1003.9,18.1,0.0
2022-09-13T18:00,28.9,76,1004.4,16.4,0.0
2022-09-13T19:00,28.5,79,1005.2,16.1,0.0
2022-09-13T20:00,28.3,86,1006.1,16.1,0.0
2022-09-13T21:00,28.3,86,1007.0,15.5,0.0
2022-09-13T22:00,28.1,88,1007.2,13.7,0.0
2022-09-13T23:00,28.1,88,1007.3,12.7,0.0
2022-09-14T00:00,27.8,88,1007.0,12.6,0.0
2022-09-14T01:00,27.5,88,1006.6,12.7,0.0
2022-09-14T02:00,27.3,86,1006.1,14.2,0.0
2022-09-14T03:00,27.0,82,1006.0,14.0,0.0
2022-09-14T04:00,26.7,80,1006.7,13.4,0.0
2022-09-14T05:00,26.6,81,1007.3,12.0,0.0
2022-09-14T06:00,26.7,82,1007.9,13.2,0.0
2022-09-14T07:00,27.5,81,1008.5,14.5,0.0
2022-09-14T08:00,28.8,77,1009.1,13.7,0.0
2022-09-14T09:00,30.4,72,1009.3,12.3,0.0
2022-09-14T10:00,31.7,65,1009.1,10.2,0.0
2022-09-14T11:00,32.6,61,1008.5,9.8,0.0
2022-09-14T12:00,32.7,62,1007.3,11.6,0.0
2022-09-14T13:00,30.8,71,1006.6,18.5,2.6
2022-09-14T14:00,30.2,76,1005.6,18.8,0.0
2022-09-14T15:00,30.7,73,1004.9,18.1,0.1
2022-09-14T16:00,29.9,78,1004.5,19.2,0.0
2022-09-14T17:00,29.6,76,1005.8,16.7,0.0
2022-09-14T18:00,28.8,81,1006.6,15.5,0.0
2022-09-14T19:00,28.6,83,1007.4,14.4,0.0
2022-09-14T20:00,28.3,85,1008.3,12.3,0.0
2022-09-14T21:00,28.1,85,1009.3,12.3,0.0
2022-09-14T22:00,28.0,86,1009.7,12.8,0.0
2022-09-14T23:00,27.9,88,1009.4,14.6,0.0
2022-09-15T00:00,27.7,88,1008.6,13.1,0.0
2022-09-15T01:00,25.3,93,1008.7,15.7,2.6
2022-09-15T02:00,25.4,91,1007.8,12.4,0.1
2022-09-15T03:00,25.5,90,1007.7,8.5,0.0
2022-09-15T04:00,25.6,90,1007.9,8.1,0.0
2022-09-15T05:00,26.0,85,1008.3,7.9,0.0
2022-09-15T06:00,26.4,84,1009.0,8.5,0.0
2022-09-15T07:00,27.2,81,1009.7,8.9,0.0
2022-09-15T08:00,28.5,78,1010.5,7.6,0.0
2022-09-15T09:00,29.9,71,1010.4,9.2,0.0
2022-09-15T10:00,30.9,64,1009.8,10.4,0.0
2022-09-15T11:00,31.8,59,1008.9,9.7,0.0
2022-09-15T12:00,32.6,56,1008.1,8.8,0.0
2022-09-15T13:00,32.8,54,1006.9,7.9,0.0
2022-09-15T14:00,32.7,57,1006.0,9.7,0.0
2022-09-15T15:00,31.6,71,1005.4,12.1,0.0
2022-09-15T16:00,30.8,75,1005.0,14.9,0.0
2022-09-15T17:00,29.6,80,1006.2,14.8,0.0
2022-09-15T18:00,28.4,84,1006.4,15.3,0.0
2022-09-15T19:00,28.3,83,1007.1,13.7,0.0
2022-09-15T20:00,28.3,83,1007.8,11.5,0.0
2022-09-15T21:00,28.0,85,1008.4,12.4,0.0
2022-09-15T22:00,27.7,88,1008.2,12.5,0.0
2022-09-15T23:00,27.5,90,1007.9,10.8,0.0
2022-09-16T00:00,27.0,92,1007.4,9.3,0.0
2022-09-16T01:00,26.7,93,1006.9,8.3,0.0
2022-09-16T02:00,26.5,93,1006.1,9.2,0.0
2022-09-16T03:00,26.5,93,1006.1,10.2,0.0
2022-09-16T04:00,26.3,94,1006.1,9.9,0.0
2022-09-16T05:00,26.5,94,1006.9,8.6,0.0
2022-09-16T06:00,26.8,92,1007.4,9.6,0.0
2022-09-16T07:00,27.6,86,1008.0,9.9,0.0
2022-09-16T08:00,29.1,75,1008.3,10.7,0.0
2022-09-16T09:00,30.8,64,1008.1,9.8,0.0
2022-09-16T10:00,32.0,59,1007.8,7.8,0.0
2022-09-16T11:00,33.0,54,1007.0,7.0,0.0
2022-09-16T12:00,33.5,51,1005.6,5.9,0.0
2022-09-16T13:00,33.4,52,1004.4,7.9,0.0
2022-09-16T14:00,32.1,68,1003.3,11.6,0.1
2022-09-16T15:00,31.2,76,1002.5,15.0,1.1
2022-09-16T16:00,30.5,70,1002.2,18.0,0.0
2022-09-16T17:00,29.4,76,1003.0,16.6,0.0
2022-09-16T18:00,28.7,79,1003.8,17.2,0.0
2022-09-16T19:00,28.8,82,1004.6,14.6,0.0
2022-09-16T20:00,28.6,83,1005.5,13.5,0.0
2022-09-16T21:00,28.4,87,1005.9,13.7,0.0
2022-09-16T22:00,28.0,91,1006.1,10.4,0.0
2022-09-16T23:00,27.8,90,1006.0,8.9,0.0
2022-09-17T00:00,27.6,88,1005.5,10.2,0.0
2022-09-17T01:00,27.3,89,1005.1,10.3,0.0
2022-09-17T02:00,27.0,89,1004.6,11.2,0.0
2022-09-17T03:00,26.8,88,1004.4,13.2,0.0
2022-09-17T04:00,26.7,86,1005.0,14.6,0.0
2022-09-17T05:00,26.9,83,1005.7,13.6,0.0
2022-09-17T06:00,27.1,80,1006.2,14.1,0.0
2022-09-17T07:00,28.0,77,1007.0,12.3,0.0
2022-09-17T08:00,29.7,71,1007.8,11.5,0.0
2022-09-17T09:00,31.1,64,1007.7,11.3,0.0
2022-09-17T10:00,32.3,58,1007.3,10.7,0.0
2022-09-17T11:00,33.1,54,1006.6,8.7,0.0
2022-09-17T12:00,33.5,54,1005.4,7.4,0.0
2022-09-17T13:00,33.9,51,1004.4,6.6,0.0
2022-09-17T14:00,33.1,57,1003.4,9.4,0.1
2022-09-17T15:00,32.1,70,1002.8,12.5,0.1
2022-09-17T16:00,30.9,77,1002.9,14.4,0.0
2022-09-17T17:00,30.2,71,1003.5,7.8,0.0
2022-09-17T18:00,29.7,75,1004.1,11.2,0.0
2022-09-17T19:00,29.4,75,1004.9,10.4,0.0
2022-09-17T20:00,29.1,78,1005.5,11.2,0.0
2022-09-17T21:00,28.7,81,1006.3,10.5,0.0
2022-09-17T22:00,28.5,81,1006.5,10.9,0.0
2022-09-17T23:00,28.2,81,1006.3,11.4,0.0
2022-09-18T00:00,27.9,83,1005.5,11.8,0.0
2022-09-18T01:00,27.6,84,1005.0,9.7,0.0
2022-09-18T02:00,27.6,85,1004.8,8.7,0.0
2022-09-18T03:00,27.1,86,1004.9,8.1,0.0
2022-09-18T04:00,27.1,85,1005.5,10.1,0.0
2022-09-18T05:00,27.2,83,1006.1,13.0,0.0
2022-09-18T06:00,27.4,80,1006.7,13.2,0.0
2022-09-18T07:00,28.4,76,1007.5,10.0,0.0
2022-09-18T08:00,29.5,67,1008.3,10.0,0.0
2022-09-18T09:00,30.9,59,1008.0,11.2,0.0
2022-09-18T10:00,32.3,54,1007.6,10.1,0.0
2022-09-18T11:00,33.4,52,1006.8,9.9,0.0
2022-09-18T12:00,33.8,52,1005.4,7.7,0.0
2022-09-18T13:00,33.7,52,1004.5,2.4,0.0
2022-09-18T14:00,33.2,55,1003.7,7.7,0.0
2022-09-18T15:00,31.4,72,1003.2,14.3,0.0
2022-09-18T16:00,30.1,75,1003.3,16.6,0.0
2022-09-18T17:00,29.8,74,1004.3,11.0,0.0
2022-09-18T18:00,29.3,78,1004.8,12.3,0.0
2022-09-18T19:00,28.9,81,1005.7,11.6,0.0
2022-09-18T20:00,28.7,84,1006.3,13.1,0.0
2022-09-18T21:00,28.5,86,1006.9,13.0,0.0
2022-09-18T22:00,28.1,89,1006.8,13.6,0.0
2022-09-18T23:00,27.8,89,1006.4,11.7,0.0
2022-09-19T00:00,27.5,89,1006.2,10.2,0.0
2022-09-19T01:00,27.7,87,1005.8,11.0,0.0
2022-09-19T02:00,27.6,83,1005.0,10.5,0.0
2022-09-19T03:00,27.3,80,1004.5,11.5,0.0
2022-09-19T04:00,27.1,79,1004.7,11.2,0.0
2022-09-19T05:00,26.6,80,1005.7,8.4,0.0
2022-09-19T06:00,26.8,79,1006.2,11.2,0.0
2022-09-19T07:00,27.9,75,1006.6,13.0,0.0
2022-09-19T08:00,29.7,66,1006.9,14.3,0.0
2022-09-19T09:00,30.9,59,1007.2,14.1,0.0
2022-09-19T10:00,32.0,55,1006.8,11.5,0.0
2022-09-19T11:00,32.9,51,1006.2,10.5,0.0
2022-09-19T12:00,33.4,49,1005.3,9.5,0.1
2022-09-19T13:00,33.8,47,1004.1,9.7,0.0
2022-09-19T14:00,34.0,47,1003.2,7.2,0.0
2022-09-19T15:00,33.5,48,1003.0,5.4,0.0
2022-09-19T16:00,30.2,66,1003.7,6.9,0.3
2022-09-19T17:00,29.0,73,1003.8,14.6,0.2
2022-09-19T18:00,28.6,75,1004.3,10.3,0.0
2022-09-19T19:00,28.7,76,1005.1,9.1,0.0
2022-09-19T20:00,28.8,81,1006.1,10.9,0.0
2022-09-19T21:00,28.7,83,1007.2,12.5,0.0
2022-09-19T22:00,28.4,86,1007.0,10.8,0.1
2022-09-19T23:00,28.2,89,1006.6,10.5,0.0
2022-09-20T00:00,27.9,90,1006.0,13.5,0.0
2022-09-20T01:00,27.7,83,1005.2,9.1,0.0
2022-09-20T02:00,27.4,86,1004.6,9.4,0.0
2022-09-20T03:00,27.0,90,1004.4,8.9,0.0
2022-09-20T04:00,26.8,84,1004.7,10.0,0.0
2022-09-20T05:00,27.1,77,1005.0,12.4,0.0
2022-09-20T06:00,27.3,70,1005.6,14.9,0.0
2022-09-20T07:00,28.2,67,1006.6,14.3,0.0
2022-09-20T08:00,29.5,58,1007.2,16.9,0.0
2022-09-20T09:00,30.9,52,1006.9,17.4,0.0
2022-09-20T10:00,32.2,48,1006.5,14.9,0.0
2022-09-20T11:00,33.4,45,1005.8,12.3,0.0
2022-09-20T12:00,34.3,41,1004.4,10.9,0.0
2022-09-20T13:00,34.7,40,1003.2,9.5,0.0
2022-09-20T14:00,34.8,40,1002.3,6.8,0.0
2022-09-20T15:00,33.8,40,1001.8,2.9,0.0
2022-09-20T16:00,31.3,63,1001.4,14.3,0.0
2022-09-20T17:00,31.2,59,1002.6,9.2,0.0
2022-09-20T18:00,29.2,73,1003.2,13.5,0.0
2022-09-20T19:00,28.7,73,1004.1,11.0,0.0
2022-09-20T20:00,28.4,72,1005.2,9.0,0.0
2022-09-20T21:00,27.9,75,1005.7,9.6,0.0
2022-09-20T22:00,27.6,80,1006.3,10.8,0.0
2022-09-20T23:00,27.3,81,1006.3,10.2,0.0
2022-09-21T00:00,26.7,83,1006.0,9.2,0.0
2022-09-21T01:00,26.3,84,1005.1,7.9,0.0
2022-09-21T02:00,25.9,87,1004.8,7.3,0.0
2022-09-21T03:00,25.8,86,1004.2,8.3,0.0
2022-09-21T04:00,25.8,73,1004.6,9.9,0.0
2022-09-21T05:00,26.3,71,1005.3,11.6,0.0
2022-09-21T06:00,26.7,66,1005.9,13.0,0.0
2022-09-21T07:00,28.1,64,1006.7,14.0,0.0
2022-09-21T08:00,29.9,58,1007.3,15.9,0.0
2022-09-21T09:00,31.3,53,1007.2,15.4,0.0
2022-09-21T10:00,32.6,48,1006.8,13.0,0.0
2022-09-21T11:00,33.9,43,1006.2,11.7,0.0
2022-09-21T12:00,34.7,39,1004.8,10.8,0.0
2022-09-21T13:00,34.8,38,1003.6,4.0,0.0
2022-09-21T14:00,34.2,39,1002.6,4.5,0.0
2022-09-21T15:00,32.5,56,1002.2,13.6,0.0
2022-09-21T16:00,30.7,66,1002.0,19.3,0.0
2022-09-21T17:00,30.0,67,1002.7,14.8,0.0
2022-09-21T18:00,29.5,69,1003.5,11.1,0.0
2022-09-21T19:00,29.2,74,1004.1,11.5,0.0
2022-09-21T20:00,28.9,80,1005.2,14.4,0.0
2022-09-21T21:00,28.8,81,1006.0,16.2,0.0
2022-09-21T22:00,28.6,81,1006.2,16.1,0.0
2022-09-21T23:00,28.5,80,1006.2,14.8,0.0
2022-09-22T00:00,28.2,85,1005.8,12.8,0.0
2022-09-22T01:00,27.8,89,1005.3,12.9,0.0
2022-09-22T02:00,27.5,90,1004.9,12.4,0.0
2022-09-22T03:00,27.1,87,1004.7,13.5,0.0
2022-09-22T04:00,27.1,78,1004.7,14.8,0.0
2022-09-22T05:00,27.2,75,1005.4,16.8,0.0
2022-09-22T06:00,27.5,72,1005.8,15.3,0.0
2022-09-22T07:00,28.4,69,1006.3,14.2,0.0
2022-09-22T08:00,30.3,59,1006.9,16.2,0.0
2022-09-22T09:00,31.7,52,1007.0,15.2,0.0
2022-09-22T10:00,33.3,46,1006.9,14.3,0.0
2022-09-22T11:00,34.4,41,1006.1,15.4,0.0
2022-09-22T12:00,35.3,37,1004.8,14.5,0.0
2022-09-22T13:00,35.5,36,1003.8,7.8,0.0
2022-09-22T14:00,34.9,37,1002.9,3.7,0.0
2022-09-22T15:00,32.9,54,1002.4,14.1,0.0
2022-09-22T16:00,31.1,67,1002.3,19.0,0.0
2022-09-22T17:00,30.3,63,1003.8,12.9,0.0
2022-09-22T18:00,30.1,67,1004.4,13.8,0.0
2022-09-22T19:00,29.6,70,1005.5,13.5,0.0
2022-09-22T20:00,29.3,77,1006.5,13.4,0.0
2022-09-22T21:00,29.1,80,1007.4,11.4,0.0
2022-09-22T22:00,28.9,79,1007.5,10.5,0.0
2022-09-22T23:00,29.0,79,1007.4,10.4,0.0
2022-09-23T00:00,28.7,81,1006.5,10.9,0.0
2022-09-23T01:00,28.0,85,1005.7,9.1,0.0
2022-09-23T02:00,27.5,88,1005.4,7.6,0.0
2022-09-23T03:00,27.0,90,1005.5,7.4,0.0
2022-09-23T04:00,26.4,92,1005.8,7.1,0.0
2022-09-23T05:00,26.7,97,1006.2,7.4,0.0
2022-09-23T06:00,26.8,90,1006.9,9.9,0.0
2022-09-23T07:00,28.0,81,1007.7,10.0,0.0
2022-09-23T08:00,30.1,66,1008.2,11.9,0.0
2022-09-23T09:00,31.8,53,1008.2,11.2,0.0
2022-09-23T10:00,33.0,47,1007.7,8.4,0.0
2022-09-23T11:00,34.0,42,1007.0,7.4,0.0
2022-09-23T12:00,34.3,41,1005.9,5.9,0.0
2022-09-23T13:00,34.2,41,1004.7,2.6,0.1
2022-09-23T14:00,33.2,49,1003.6,10.6,0.1
2022-09-23T15:00,31.9,59,1002.9,16.4,0.1
2022-09-23T16:00,31.0,62,1002.6,18.3,0.1
2022-09-23T17:00,29.9,57,1004.1,13.0,0.0
2022-09-23T18:00,29.6,66,1005.0,11.8,0.0
2022-09-23T19:00,29.4,68,1005.6,11.7,0.0
2022-09-23T20:00,29.1,69,1006.4,11.8,0.0
2022-09-23T21:00,28.4,75,1007.0,6.0,0.0
2022-09-23T22:00,28.2,81,1007.4,6.4,0.0
2022-09-23T23:00,27.9,83,1007.3,10.7,0.0
2022-09-24T00:00,27.6,80,1006.7,10.6,0.0
2022-09-24T01:00,27.4,77,1005.9,11.1,0.0
2022-09-24T02:00,27.4,74,1005.5,11.6,0.0
2022-09-24T03:00,27.1,74,1005.5,11.8,0.0
2022-09-24T04:00,27.0,70,1005.5,11.2,0.0
2022-09-24T05:00,27.2,67,1006.0,9.8,0.0
2022-09-24T06:00,27.6,63,1006.9,11.1,0.0
2022-09-24T07:00,29.0,61,1007.6,11.8,0.0
2022-09-24T08:00,30.8,56,1008.0,13.5,0.0
2022-09-24T09:00,32.4,50,1008.0,11.2,0.0
2022-09-24T10:00,33.5,45,1007.5,8.6,0.0
2022-09-24T11:00,34.2,43,1006.5,6.2,0.1
2022-09-24T12:00,34.3,43,1005.2,5.4,0.1
2022-09-24T13:00,34.0,45,1004.3,7.4,0.2
2022-09-24T14:00,32.6,53,1003.2,13.0,0.4
2022-09-24T15:00,31.1,59,1003.0,14.0,0.3
2022-09-24T16:00,31.0,57,1002.6,12.0,0.0
2022-09-24T17:00,30.9,61,1003.5,8.3,0.0
2022-09-24T18:00,29.7,73,1004.4,8.0,0.0
2022-09-24T19:00,29.3,75,1005.1,8.5,0.0
2022-09-24T20:00,28.9,77,1005.8,5.4,0.0
2022-09-24T21:00,28.5,82,1006.5,4.7,0.0
2022-09-24T22:00,27.8,87,1006.8,4.0,0.0
2022-09-24T23:00,27.9,86,1006.8,7.6,0.0
2022-09-25T00:00,27.5,86,1006.1,9.7,0.0
2022-09-25T01:00,27.3,84,1005.4,11.7,0.0
2022-09-25T02:00,26.9,83,1004.6,10.5,0.0
2022-09-25T03:00,26.5,83,1004.3,10.5,0.0
2022-09-25T04:00,26.3,83,1004.5,10.3,0.0
2022-09-25T05:00,26.4,87,1004.9,8.7,0.0
2022-09-25T06:00,26.9,83,1005.5,8.6,0.0
2022-09-25T07:00,28.4,77,1006.3,9.1,0.0
2022-09-25T08:00,30.4,64,1006.9,9.4,0.0
2022-09-25T09:00,32.5,50,1006.8,10.2,0.0
2022-09-25T10:00,33.7,45,1006.4,9.5,0.0
2022-09-25T11:00,34.1,45,1005.5,9.2,0.1
2022-09-25T12:00,32.9,55,1004.3,14.0,0.2
2022-09-25T13:00,31.2,64,1003.6,12.7,0.5
2022-09-25T14:00,31.4,62,1002.9,9.2,0.5
2022-09-25T15:00,31.5,60,1002.1,11.3,0.1
2022-09-25T16:00,30.8,62,1002.1,9.1,0.0
2022-09-25T17:00,30.6,65,1003.1,7.6,0.0
2022-09-25T18:00,29.6,72,1003.8,3.4,0.0
2022-09-25T19:00,28.8,80,1004.8,3.9,0.0
2022-09-25T20:00,28.6,81,1005.6,3.5,0.0
2022-09-25T21:00,28.2,84,1006.2,4.0,0.0
2022-09-25T22:00,27.9,87,1006.4,5.0,0.0
2022-09-25T23:00,27.8,87,1006.6,4.3,0.0
2022-09-26T00:00,27.2,92,1005.7,5.1,0.0
2022-09-26T01:00,26.9,94,1005.2,3.8,0.0
2022-09-26T02:00,26.8,92,1004.7,3.6,0.0
2022-09-26T03:00,26.7,89,1004.5,6.3,0.0
2022-09-26T04:00,26.7,86,1005.2,7.3,0.0
2022-09-26T05:00,26.7,87,1006.1,6.3,0.0
2022-09-26T06:00,26.3,89,1006.7,5.8,1.1
2022-09-26T07:00,26.7,82,1007.8,14.9,0.1
2022-09-26T08:00,28.6,68,1008.4,9.9,0.0
2022-09-26T09:00,30.2,63,1008.5,10.7,0.0
2022-09-26T10:00,31.1,61,1008.1,10.4,0.0
2022-09-26T11:00,32.1,57,1007.1,7.6,0.0
2022-09-26T12:00,32.9,54,1005.9,5.2,0.1
2022-09-26T13:00,33.1,54,1004.5,4.3,0.1
2022-09-26T14:00,33.5,52,1003.1,6.2,0.1
2022-09-26T15:00,32.5,55,1002.6,4.8,0.2
2022-09-26T16:00,30.7,66,1002.6,5.8,0.9
2022-09-26T17:00,26.8,84,1004.0,7.4,0.1
2022-09-26T18:00,27.3,84,1004.7,7.5,0.0
2022-09-26T19:00,27.2,87,1005.6,6.9,0.0
2022-09-26T20:00,27.1,89,1006.6,6.4,0.0
2022-09-26T21:00,27.1,88,1007.3,6.7,0.0
2022-09-26T22:00,27.2,87,1007.3,7.7,0.0
2022-09-26T23:00,26.6,87,1007.0,9.3,0.8
2022-09-27T00:00,26.3,89,1006.3,11.8,0.0
2022-09-27T01:00,25.8,92,1005.0,5.1,0.1
2022-09-27T02:00,25.5,92,1004.7,8.0,0.1
2022-09-27T03:00,25.4,92,1004.9,5.8,0.1
2022-09-27T04:00,25.3,92,1005.2,6.5,1.2
2022-09-27T05:00,27.0,82,1005.2,6.9,0.1
2022-09-27T06:00,27.3,81,1005.6,6.0,0.0
2022-09-27T07:00,27.9,80,1006.5,7.3,0.0
2022-09-27T08:00,28.7,74,1006.9,5.8,0.0
2022-09-27T09:00,30.4,66,1006.7,4.9,0.0
2022-09-27T10:00,32.0,57,1005.9,5.1,0.1
2022-09-27T11:00,32.7,54,1005.1,7.7,0.1
2022-09-27T12:00,31.9,61,1004.0,11.8,0.3
2022-09-27T13:00,31.0,67,1003.1,13.0,1.0
2022-09-27T14:00,31.2,64,1002.2,12.7,0.0
2022-09-27T15:00,31.0,65,1001.9,11.7,0.0
2022-09-27T16:00,29.9,72,1002.0,10.9,0.0
2022-09-27T17:00,29.6,72,1002.5,9.9,0.0
2022-09-27T18:00,28.9,78,1003.0,8.7,0.0
2022-09-27T19:00,28.8,79,1004.1,8.4,0.0
2022-09-27T20:00,28.6,80,1005.2,6.0,0.0
2022-09-27T21:00,28.5,81,1005.6,7.3,0.0
2022-09-27T22:00,28.3,82,1005.7,9.3,0.2
2022-09-27T23:00,27.0,89,1005.7,1.1,0.5
2022-09-28T00:00,26.5,90,1005.2,8.9,0.1
2022-09-28T01:00,26.2,91,1004.4,3.0,0.6
2022-09-28T02:00,26.3,92,1004.1,5.9,0.2
2022-09-28T03:00,25.7,93,1003.6,13.5,0.4
2022-09-28T04:00,25.0,93,1003.7,7.9,0.1
2022-09-28T05:00,25.5,91,1004.3,6.3,8.9
2022-09-28T06:00,25.9,90,1005.2,12.2,1.6
2022-09-28T07:00,25.8,89,1005.7,7.6,0.3
2022-09-28T08:00,27.1,84,1006.1,7.8,0.1
2022-09-28T09:00,28.7,78,1005.7,7.2,0.0
2022-09-28T10:00,30.3,72,1005.3,4.0,0.0
2022-09-28T11:00,31.3,68,1004.4,4.9,0.1
2022-09-28T12:00,31.5,66,1002.9,2.2,0.1
2022-09-28T13:00,31.9,65,1001.7,1.3,0.1
2022-09-28T14:00,32.1,63,1001.0,4.6,0.0
2022-09-28T15:00,30.9,70,1000.4,7.9,0.4
2022-09-28T16:00,29.4,80,1000.8,10.8,0.7
2022-09-28T17:00,29.0,79,1001.9,6.6,0.1
2022-09-28T18:00,28.4,83,1002.5,8.2,0.0
2022-09-28T19:00,28.1,84,1003.1,9.7,0.0
2022-09-28T20:00,27.6,83,1004.1,7.6,0.0
2022-09-28T21:00,27.2,83,1004.8,10.2,0.0
2022-09-28T22:00,26.2,87,1005.3,10.9,4.6
2022-09-28T23:00,25.5,90,1005.4,3.9,7.2
2022-09-29T00:00,25.3,93,1004.6,9.0,0.3
2022-09-29T01:00,24.6,94,1004.5,13.4,4.7
2022-09-29T02:00,24.8,91,1003.8,12.6,1.4
2022-09-29T03:00,24.3,94,1003.4,11.4,0.2
2022-09-29T04:00,24.1,94,1004.1,10.9,1.4
2022-09-29T05:00,26.8,83,1002.9,13.4,1.4
2022-09-29T06:00,26.9,82,1003.6,13.0,0.0
2022-09-29T07:00,27.3,81,1004.6,9.3,0.0
2022-09-29T08:00,27.4,81,1005.3,10.9,0.0
2022-09-29T09:00,28.1,78,1005.6,10.0,0.1
2022-09-29T10:00,28.8,76,1004.9,8.7,0.1
2022-09-29T11:00,29.4,73,1003.8,8.1,0.0
2022-09-29T12:00,30.6,66,1002.4,12.5,0.0
2022-09-29T13:00,31.2,62,1001.2,13.1,0.0
2022-09-29T14:00,31.8,59,1000.4,10.2,0.0
2022-09-29T15:00,32.0,59,1000.3,6.3,0.0
2022-09-29T16:00,31.9,58,1000.9,2.2,0.0
2022-09-29T17:00,28.8,73,1001.9,7.3,0.3
2022-09-29T18:00,28.2,78,1002.7,3.1,0.0
2022-09-29T19:00,27.5,84,1003.6,4.5,0.0
2022-09-29T20:00,27.7,80,1004.7,4.9,0.0
2022-09-29T21:00,27.6,80,1005.3,7.6,0.4
2022-09-29T22:00,26.4,87,1005.5,5.4,0.6
2022-09-29T23:00,25.4,92,1005.4,11.0,0.9
2022-09-30T00:00,25.5,87,1004.8,7.1,0.2
2022-09-30T01:00,25.1,89,1004.4,11.5,0.6
2022-09-30T02:00,25.0,89,1003.8,11.8,0.0
2022-09-30T03:00,25.2,89,1003.9,8.7,0.2
2022-09-30T04:00,25.2,90,1004.0,8.7,0.0
2022-09-30T05:00,25.3,86,1003.9,6.4,0.0
2022-09-30T06:00,25.5,85,1004.4,6.2,0.0
2022-09-30T07:00,26.3,78,1005.1,8.3,0.0
2022-09-30T08:00,26.7,75,1005.5,10.8,0.1
2022-09-30T09:00,27.5,73,1005.9,12.2,0.1
2022-09-30T10:00,28.5,70,1005.7,13.7,0.1
2022-09-30T11:00,28.8,68,1005.3,14.3,0.1
2022-09-30T12:00,29.3,66,1004.3,11.7,0.0
2022-09-30T13:00,29.0,69,1003.4,12.1,0.0
2022-09-30T14:00,29.9,65,1002.2,10.6,0.1
2022-09-30T15:00,30.1,63,1001.7,10.5,0.1
2022-09-30T16:00,29.4,67,1001.7,9.7,0.0
2022-09-30T17:00,28.2,75,1002.5,9.2,0.0
2022-09-30T18:00,27.7,77,1003.2,7.9,0.0
2022-09-30T19:00,27.3,81,1003.9,6.3,0.0
2022-09-30T20:00,27.1,83,1005.0,7.6,0.0
2022-09-30T21:00,27.1,84,1005.4,7.0,0.0
2022-09-30T22:00,26.6,86,1005.3,3.9,0.0
2022-09-30T23:00,26.1,89,1005.1,4.9,0.0
2023-06-01T00:00,29.0,90,1005.3,16.2,0.0
2023-06-01T01:00,29.1,89,1004.6,18.0,0.0
2023-06-01T02:00,28.8,91,1003.9,15.8,0.0
2023-06-01T03:00,28.7,88,1004.0,14.8,0.0
2023-06-01T04:00,28.5,84,1004.3,13.5,0.0
2023-06-01T05:00,28.7,84,1004.7,14.8,0.0
2023-06-01T06:00,29.1,81,1005.1,13.4,0.0
2023-06-01T07:00,30.4,75,1005.7,14.9,0.0
2023-06-01T08:00,32.0,67,1005.7,15.2,0.0
2023-06-01T09:00,33.9,58,1005.8,15.4,0.0
2023-06-01T10:00,35.7,49,1005.4,13.8,0.0
2023-06-01T11:00,36.7,44,1004.8,13.2,0.0
2023-06-01T12:00,36.1,57,1004.2,15.9,0.0
2023-06-01T13:00,35.6,63,1003.1,19.2,0.0
2023-06-01T14:00,34.9,63,1002.2,22.4,0.0
2023-06-01T15:00,33.9,66,1001.9,22.5,0.0
2023-06-01T16:00,32.9,68,1001.6,20.4,0.0
2023-06-01T17:00,33.3,70,1002.5,7.8,0.0
2023-06-01T18:00,32.4,59,1002.6,16.1,0.0
2023-06-01T19:00,31.8,54,1003.4,11.7,0.0
2023-06-01T20:00,31.7,51,1004.4,13.5,0.0
2023-06-01T21:00,31.7,51,1005.1,11.6,0.0
2023-06-01T22:00,31.1,54,1005.2,9.5,0.0
2023-06-01T23:00,30.7,57,1005.0,11.6,0.0
2023-06-02T00:00,30.3,60,1004.4,10.8,0.0
2023-06-02T01:00,30.0,60,1003.5,11.8,0.0
2023-06-02T02:00,29.9,58,1003.1,13.2,0.0
2023-06-02T03:00,29.6,60,1003.1,12.7,0.0
2023-06-02T04:00,29.3,63,1003.3,13.2,0.0
2023-06-02T05:00,29.4,66,1003.9,12.3,0.0
2023-06-02T06:00,30.1,63,1004.5,12.3,0.0
2023-06-02T07:00,31.7,59,1005.2,11.0,0.0
2023-06-02T08:00,33.6,53,1005.7,14.1,0.0
2023-06-02T09:00,35.5,47,1005.9,13.0,0.0
2023-06-02T10:00,37.2,41,1005.4,12.1,0.0
2023-06-02T11:00,38.7,36,1004.9,9.5,0.0
2023-06-02T12:00,38.5,37,1004.1,5.2,0.0
2023-06-02T13:00,36.1,54,1003.2,16.0,0.0
2023-06-02T14:00,34.9,57,1002.5,13.7,0.0
2023-06-02T15:00,34.9,54,1001.8,16.6,0.0
2023-06-02T16:00,33.5,64,1002.0,15.8,0.0
2023-06-02T17:00,32.4,71,1002.4,14.5,0.0
2023-06-02T18:00,31.5,70,1002.9,12.8,0.0
2023-06-02T19:00,30.8,79,1003.5,14.5,0.0
2023-06-02T20:00,30.6,80,1004.7,15.1,0.0
2023-06-02T21:00,30.4,81,1005.0,16.3,0.0
2023-06-02T22:00,29.9,87,1005.1,15.9,0.0
2023-06-02T23:00,29.9,87,1004.8,15.1,0.0
2023-06-03T00:00,29.8,86,1004.0,16.6,0.0
2023-06-03T01:00,29.6,87,1003.2,18.2,0.0
2023-06-03T02:00,29.6,79,1002.8,14.5,0.0
2023-06-03T03:00,29.5,70,1002.6,13.4,0.0
2023-06-03T04:00,29.3,65,1003.1,12.7,0.0
2023-06-03T05:00,29.4,73,1003.9,15.3,0.0
2023-06-03T06:00,29.9,69,1004.5,14.5,0.0
2023-06-03T07:00,31.2,63,1005.7,13.9,0.0
2023-06-03T08:00,32.9,56,1005.6,14.5,0.0
2023-06-03T09:00,35.3,48,1005.5,14.8,0.0
2023-06-03T10:00,37.0,44,1005.3,13.8,0.0
2023-06-03T11:00,38.6,40,1004.7,9.4,0.0
2023-06-03T12:00,39.1,36,1003.8,1.8,0.0
2023-06-03T13:00,37.7,50,1002.9,9.2,0.0
2023-06-03T14:00,35.9,63,1002.3,11.2,0.0
2023-06-03T15:00,35.1,62,1001.6,14.9,0.0
2023-06-03T16:00,33.9,68,1001.4,12.5,0.0
2023-06-03T17:00,29.9,74,1003.0,11.3,0.0
2023-06-03T18:00,32.2,59,1001.5,17.1,0.0
2023-06-03T19:00,32.2,55,1002.5,12.8,0.0
2023-06-03T20:00,30.9,58,1003.7,9.5,0.0
2023-06-03T21:00,30.1,66,1004.2,7.3,0.0
2023-06-03T22:00,31.4,55,1004.5,5.2,0.0
2023-06-03T23:00,29.8,72,1004.6,8.6,0.0
2023-06-04T00:00,29.4,76,1003.7,9.3,0.0
2023-06-04T01:00,29.3,74,1003.1,12.8,0.0
2023-06-04T02:00,29.2,73,1002.7,13.1,0.0
2023-06-04T03:00,29.2,68,1002.9,14.3,0.0
2023-06-04T04:00,29.4,63,1003.5,13.1,0.0
2023-06-04T05:00,29.5,81,1003.5,15.5,0.0
2023-06-04T06:00,30.0,77,1004.1,14.3,0.0
2023-06-04T07:00,31.4,70,1005.1,13.8,0.0
2023-06-04T08:00,33.7,53,1005.7,15.5,0.0
2023-06-04T09:00,35.3,43,1005.7,15.2,0.0
2023-06-04T10:00,36.0,42,1005.8,12.3,0.0
2023-06-04T11:00,36.4,42,1005.4,12.0,0.0
2023-06-04T12:00,37.9,40,1004.6,9.9,0.0
2023-06-04T13:00,36.1,45,1004.5,13.8,0.6
2023-06-04T14:00,37.1,41,1003.0,7.3,0.0
2023-06-04T15:00,37.5,37,1002.1,7.2,0.0
2023-06-04T16:00,36.9,38,1001.4,3.4,0.0
2023-06-04T17:00,31.6,65,1002.2,14.8,0.0
2023-06-04T18:00,29.8,66,1002.8,22.1,0.0
2023-06-04T19:00,30.6,63,1003.2,13.0,0.0
2023-06-04T20:00,30.5,64,1004.2,13.3,0.0
2023-06-04T21:00,30.6,61,1004.5,11.5,0.0
2023-06-04T22:00,30.3,62,1004.6,5.8,0.0
2023-06-04T23:00,29.7,64,1004.7,6.6,0.0
2023-06-05T00:00,29.8,62,1004.5,10.8,0.0
2023-06-05T01:00,29.4,64,1004.0,9.9,0.0
2023-06-05T02:00,29.2,65,1003.0,11.5,0.0
2023-06-05T03:00,28.9,66,1002.6,9.4,0.0
2023-06-05T04:00,28.7,69,1003.2,8.7,0.0
2023-06-05T05:00,29.0,68,1003.5,8.4,0.0
2023-06-05T06:00,29.6,66,1004.1,10.9,0.0
2023-06-05T07:00,31.1,62,1004.4,10.8,0.0
2023-06-05T08:00,33.1,55,1004.5,12.2,0.0
2023-06-05T09:00,35.3,47,1004.4,12.0,0.0
2023-06-05T10:00,37.1,41,1004.3,9.1,0.0
2023-06-05T11:00,37.9,38,1003.9,5.1,0.0
2023-06-05T12:00,37.5,44,1003.2,8.7,0.0
2023-06-05T13:00,35.1,62,1002.6,17.6,0.2
2023-06-05T14:00,34.7,53,1002.1,16.3,0.0
2023-06-05T15:00,34.5,60,1001.3,16.4,0.0
2023-06-05T16:00,34.0,66,1001.8,13.4,0.0
2023-06-05T17:00,33.4,63,1002.8,8.4,0.0
2023-06-05T18:00,32.3,59,1002.5,14.0,0.0
2023-06-05T19:00,31.1,60,1002.8,10.9,0.0
2023-06-05T20:00,30.5,61,1003.7,13.0,0.0
2023-06-05T21:00,30.1,63,1004.1,12.5,0.0
2023-06-05T22:00,29.9,66,1004.7,14.8,0.0
2023-06-05T23:00,29.4,71,1004.7,19.4,0.0
2023-06-06T00:00,29.0,70,1004.4,17.3,0.0
2023-06-06T01:00,28.4,72,1003.8,16.3,0.0
2023-06-06T02:00,28.4,72,1003.1,15.3,0.0
2023-06-06T03:00,28.5,71,1003.1,16.3,0.0
2023-06-06T04:00,28.4,71,1003.3,15.5,0.0
2023-06-06T05:00,29.6,64,1003.2,20.3,0.0
2023-06-06T06:00,30.0,63,1003.3,20.4,0.0
2023-06-06T07:00,31.5,59,1003.8,16.2,0.0
2023-06-06T08:00,33.7,52,1004.1,20.5,0.0
2023-06-06T09:00,35.4,47,1004.1,17.9,0.0
2023-06-06T10:00,37.2,42,1003.8,16.9,0.0
2023-06-06T11:00,38.8,36,1003.1,17.1,0.0
2023-06-06T12:00,39.8,32,1002.2,15.3,0.0
2023-06-06T13:00,39.5,32,1001.2,7.9,0.0
2023-06-06T14:00,36.1,52,1000.8,14.8,0.1
2023-06-06T15:00,34.2,60,1000.2,20.6,0.0
2023-06-06T16:00,33.8,61,999.9,17.5,0.0
2023-06-06T17:00,33.3,68,1000.3,14.9,0.0
2023-06-06T18:00,31.6,74,1000.6,14.9,0.0
2023-06-06T19:00,31.1,79,1001.7,15.5,0.0
2023-06-06T20:00,31.9,67,1002.5,13.4,0.0
2023-06-06T21:00,31.7,67,1003.0,15.0,0.0
2023-06-06T22:00,31.2,70,1003.5,16.7,0.0
2023-06-06T23:00,30.9,72,1003.4,17.2,0.0
2023-06-07T00:00,31.6,61,1002.8,18.6,0.0
2023-06-07T01:00,31.5,56,1002.4,19.7,0.0
2023-06-07T02:00,31.1,56,1001.8,19.9,0.0
2023-06-07T03:00,30.7,56,1001.7,17.7,0.0
2023-06-07T04:00,30.2,57,1001.9,15.1,0.0
2023-06-07T05:00,29.9,71,1003.0,6.4,0.0
2023-06-07T06:00,28.1,87,1004.0,12.7,9.7
2023-06-07T07:00,27.5,87,1005.6,3.1,6.6
2023-06-07T08:00,27.9,86,1006.3,5.1,0.2
2023-06-07T09:00,28.5,81,1006.3,8.4,0.2
2023-06-07T10:00,29.5,77,1005.8,11.6,0.1
2023-06-07T11:00,30.7,71,1005.2,12.0,0.0
2023-06-07T12:00,32.5,63,1003.8,10.9,0.0
2023-06-07T13:00,34.2,57,1002.6,11.7,0.0
2023-06-07T14:00,34.9,54,1001.5,9.4,0.0
2023-06-07T15:00,35.1,53,1000.7,9.7,0.0
2023-06-07T16:00,34.5,57,1000.6,10.5,0.0
2023-06-07T17:00,34.5,49,1000.6,12.4,0.0
2023-06-07T18:00,33.8,54,1001.0,16.0,0.0
2023-06-07T19:00,33.2,55,1002.1,13.9,0.0
2023-06-07T20:00,32.6,56,1003.0,16.3,0.0
2023-06-07T21:00,31.9,58,1004.0,14.7,0.0
2023-06-07T22:00,31.5,60,1004.1,15.0,0.0
2023-06-07T23:00,31.1,61,1004.3,16.0,0.0
2023-06-08T00:00,30.8,61,1003.9,18.7,0.0
2023-06-08T01:00,30.6,58,1003.0,19.0,0.0
2023-06-08T02:00,30.5,59,1002.2,17.9,0.0
2023-06-08T03:00,30.3,58,1002.5,17.6,0.0
2023-06-08T04:00,30.2,58,1002.7,17.4,0.0
2023-06-08T05:00,30.6,55,1003.3,18.4,0.0
2023-06-08T06:00,30.6,56,1003.6,17.1,0.0
2023-06-08T07:00,31.6,56,1004.1,14.6,0.0
2023-06-08T08:00,32.6,53,1004.6,17.2,0.0
2023-06-08T09:00,33.9,50,1004.5,14.8,0.0
2023-06-08T10:00,35.0,48,1004.7,10.1,0.0
2023-06-08T11:00,36.6,44,1003.8,6.7,0.0
2023-06-08T12:00,37.1,43,1003.0,4.7,0.0
2023-06-08T13:00,35.3,56,1002.2,15.5,0.0
2023-06-08T14:00,33.2,60,1001.7,19.5,0.0
2023-06-08T15:00,33.1,61,1001.1,14.8,0.0
2023-06-08T16:00,31.9,73,1001.0,15.8,0.0
2023-06-08T17:00,31.1,76,1001.2,14.3,0.0
2023-06-08T18:00,31.1,77,1001.6,13.6,0.0
2023-06-08T19:00,32.1,63,1002.6,15.5,0.0
2023-06-08T20:00,32.1,61,1003.3,14.8,0.0
2023-06-08T21:00,31.5,58,1003.6,17.9,0.0
2023-06-08T22:00,31.2,53,1004.0,19.6,0.0
2023-06-08T23:00,30.7,56,1003.9,20.4,0.0
2023-06-09T00:00,30.0,59,1003.4,15.9,0.0
2023-06-09T01:00,29.7,61,1002.6,17.0,0.0
2023-06-09T02:00,29.2,64,1002.1,16.0,0.0
2023-06-09T03:00,28.9,66,1001.5,15.9,0.0
2023-06-09T04:00,28.9,66,1001.8,16.9,0.0
2023-06-09T05:00,29.0,65,1002.1,14.9,0.0
2023-06-09T06:00,30.8,62,1002.4,16.3,0.0
2023-06-09T07:00,32.0,59,1003.1,13.0,0.0
2023-06-09T08:00,33.5,53,1003.3,15.1,0.0
2023-06-09T09:00,35.1,48,1003.2,15.2,0.0
2023-06-09T10:00,36.7,43,1002.8,13.8,0.0
2023-06-09T11:00,38.1,40,1001.6,9.8,0.0
2023-06-09T12:00,38.5,39,1001.0,1.1,0.0
2023-06-09T13:00,36.5,53,1000.4,14.8,0.1
2023-06-09T14:00,34.3,65,999.5,15.9,0.0
2023-06-09T15:00,33.8,66,999.4,15.9,0.0
2023-06-09T16:00,33.5,58,999.6,17.0,0.0
2023-06-09T17:00,30.9,61,1001.0,31.7,0.0
2023-06-09T18:00,30.4,72,1000.6,12.6,0.1
2023-06-09T19:00,30.6,70,1001.1,13.5,0.0
2023-06-09T20:00,30.9,65,1001.8,13.0,0.0
2023-06-09T21:00,30.8,63,1002.2,8.4,0.0
2023-06-09T22:00,29.8,68,1003.0,10.5,0.0
2023-06-09T23:00,28.7,77,1002.7,10.0,1.2
2023-06-10T00:00,28.6,76,1001.9,17.1,0.0
2023-06-10T01:00,28.6,76,1001.3,16.2,0.0
2023-06-10T02:00,28.6,75,1001.3,14.3,0.0
2023-06-10T03:00,29.3,69,1001.0,17.0,0.0
2023-06-10T04:00,29.8,61,1001.1,18.3,0.0
2023-06-10T05:00,30.4,59,1001.5,15.0,0.0
2023-06-10T06:00,30.4,60,1002.4,14.5,0.0
2023-06-10T07:00,31.3,58,1003.3,16.0,0.0
2023-06-10T08:00,32.3,54,1003.5,21.7,0.0
2023-06-10T09:00,34.0,50,1002.9,22.0,0.0
2023-06-10T10:00,35.7,47,1002.3,18.7,0.0
2023-06-10T11:00,37.3,43,1001.9,15.2,0.0
2023-06-10T12:00,38.7,38,1001.2,12.2,0.0
2023-06-10T13:00,38.6,38,1000.3,6.2,0.0
2023-06-10T14:00,37.3,45,999.3,7.5,0.0
2023-06-10T15:00,34.6,64,999.3,5.9,0.6
2023-06-10T16:00,35.6,51,999.3,14.0,0.0
2023-06-10T17:00,29.2,82,1001.4,19.1,0.0
2023-06-10T18:00,29.9,78,1000.5,11.6,0.2
2023-06-10T19:00,29.9,82,1001.3,14.3,0.0
2023-06-10T20:00,29.8,81,1002.3,12.6,0.0
2023-06-10T21:00,29.6,78,1003.0,12.8,0.0
2023-06-10T22:00,29.5,73,1003.3,12.0,0.0
2023-06-10T23:00,29.2,73,1003.0,10.6,0.0
2023-06-11T00:00,29.4,66,1002.0,14.1,0.0
2023-06-11T01:00,29.6,61,1001.2,13.9,0.0
2023-06-11T02:00,29.6,59,1000.8,13.9,0.0
2023-06-11T03:00,29.6,59,1001.0,14.3,0.0
2023-06-11T04:00,29.4,60,1001.5,13.6,0.0
2023-06-11T05:00,29.8,59,1002.5,12.8,0.0
2023-06-11T06:00,30.3,57,1003.3,12.1,0.0
2023-06-11T07:00,31.1,56,1004.0,12.2,0.0
2023-06-11T08:00,33.0,50,1004.3,17.2,0.0
2023-06-11T09:00,34.1,47,1004.3,17.0,0.0
2023-06-11T10:00,35.3,45,1003.5,15.5,0.0
2023-06-11T11:00,36.4,43,1002.4,13.7,0.0
2023-06-11T12:00,37.6,41,1001.3,11.9,0.0
2023-06-11T13:00,38.3,39,1000.2,8.1,0.0
2023-06-11T14:00,37.1,46,999.4,9.7,0.0
2023-06-11T15:00,32.0,77,1000.2,13.6,3.8
2023-06-11T16:00,31.0,65,999.7,2.2,1.7
2023-06-11T17:00,31.6,71,1000.4,3.6,0.0
2023-06-11T18:00,31.8,68,1000.5,7.9,0.0
2023-06-11T19:00,30.9,69,1002.2,12.1,0.0
2023-06-11T20:00,29.2,71,1002.7,24.3,0.2
2023-06-11T21:00,28.9,70,1004.0,21.3,0.1
2023-06-11T22:00,28.8,70,1004.1,14.4,0.0
2023-06-11T23:00,28.6,70,1003.2,13.4,0.0
2023-06-12T00:00,28.5,72,1002.5,12.9,0.0
2023-06-12T01:00,28.8,71,1001.9,13.3,0.0
2023-06-12T02:00,28.8,70,1001.3,12.7,0.0
2023-06-12T03:00,28.5,72,1001.4,12.9,0.0
2023-06-12T04:00,28.4,73,1001.7,12.9,0.0
2023-06-12T05:00,29.8,62,1001.8,12.6,0.0
2023-06-12T06:00,30.2,62,1002.3,13.4,0.0
2023-06-12T07:00,31.4,59,1002.8,14.2,0.0
2023-06-12T08:00,33.0,53,1003.1,17.0,0.0
2023-06-12T09:00,34.4,49,1003.1,15.6,0.0
2023-06-12T10:00,35.9,44,1002.8,16.6,0.0
2023-06-12T11:00,37.4,40,1002.3,15.6,0.0
2023-06-12T12:00,38.4,36,1001.4,12.0,0.0
2023-06-12T13:00,38.8,35,1000.6,10.5,0.0
2023-06-12T14:00,38.4,35,999.9,16.6,0.0
2023-06-12T15:00,37.0,38,999.8,17.1,0.0
2023-06-12T16:00,37.0,38,999.1,10.7,0.0
2023-06-12T17:00,34.2,53,999.7,11.8,0.0
2023-06-12T18:00,31.9,58,1001.1,20.1,0.0
2023-06-12T19:00,30.5,67,1001.8,13.0,0.0
2023-06-12T20:00,30.1,70,1002.8,16.1,0.0
2023-06-12T21:00,29.5,71,1003.7,10.3,0.1
2023-06-12T22:00,29.3,73,1004.1,16.0,0.2
2023-06-12T23:00,29.4,71,1003.4,18.6,0.0
2023-06-13T00:00,29.7,68,1002.3,18.3,0.0
2023-06-13T01:00,29.5,68,1001.7,17.0,0.0
2023-06-13T02:00,29.3,68,1001.4,18.0,0.0
2023-06-13T03:00,29.5,66,1001.3,18.3,0.0
2023-06-13T04:00,29.5,66,1001.7,18.6,0.0
2023-06-13T05:00,28.7,74,1001.9,12.6,0.0
2023-06-13T06:00,29.2,72,1002.7,11.6,0.0
2023-06-13T07:00,30.7,67,1004.1,10.0,0.0
2023-06-13T08:00,32.3,58,1004.0,15.0,0.0
2023-06-13T09:00,33.9,52,1004.1,15.5,0.0
2023-06-13T10:00,35.3,47,1003.6,13.7,0.0
2023-06-13T11:00,36.8,42,1002.9,13.0,0.0
2023-06-13T12:00,38.0,38,1002.4,10.7,0.0
2023-06-13T13:00,37.9,38,1001.4,7.2,0.0
2023-06-13T14:00,35.9,58,1000.6,17.1,0.0
2023-06-13T15:00,34.7,65,1000.1,18.8,0.0
2023-06-13T16:00,34.0,64,999.9,18.4,0.0
2023-06-13T17:00,33.7,65,1000.5,6.1,0.0
2023-06-13T18:00,33.0,57,1001.1,11.6,0.0
2023-06-13T19:00,31.9,55,1002.5,9.5,0.0
2023-06-13T20:00,31.4,57,1003.3,13.3,0.0
2023-06-13T21:00,31.3,57,1003.7,18.3,0.0
2023-06-13T22:00,30.7,61,1004.0,14.8,0.0
2023-06-13T23:00,30.0,64,1003.9,15.1,0.0
2023-06-14T00:00,29.7,65,1003.5,14.5,0.0
2023-06-14T01:00,29.6,64,1003.1,16.7,0.0
2023-06-14T02:00,29.7,61,1002.8,18.9,0.0
2023-06-14T03:00,29.7,61,1002.9,18.4,0.0
2023-06-14T04:00,29.7,61,1002.8,17.2,0.0
2023-06-14T05:00,30.0,60,1002.6,14.4,0.0
2023-06-14T06:00,30.3,59,1003.1,15.5,0.0
2023-06-14T07:00,31.8,55,1004.2,13.9,0.0
2023-06-14T08:00,33.4,47,1004.9,18.4,0.0
2023-06-14T09:00,35.0,42,1005.4,16.6,0.0
2023-06-14T10:00,36.4,39,1005.0,15.1,0.0
2023-06-14T11:00,38.0,35,1004.4,14.8,0.0
2023-06-14T12:00,39.2,31,1003.9,13.4,0.0
2023-06-14T13:00,39.4,30,1002.9,9.0,0.0
2023-06-14T14:00,38.6,32,1002.2,0.8,0.0
2023-06-14T15:00,35.8,57,1001.6,12.3,0.0
2023-06-14T16:00,33.6,69,1001.5,19.1,0.0
2023-06-14T17:00,32.9,73,1002.8,10.7,0.0
2023-06-14T18:00,32.7,69,1003.1,5.6,0.0
2023-06-14T19:00,32.7,56,1003.4,4.7,0.0
2023-06-14T20:00,32.4,53,1004.3,6.9,0.0
2023-06-14T21:00,32.1,54,1004.6,9.2,0.0
2023-06-14T22:00,31.7,55,1004.5,11.0,0.0
2023-06-14T23:00,31.3,56,1004.4,10.7,0.0
2023-06-15T00:00,31.0,56,1003.8,12.0,0.0
2023-06-15T01:00,30.8,55,1003.2,13.7,0.0
2023-06-15T02:00,30.6,53,1003.0,14.8,0.0
2023-06-15T03:00,30.5,53,1003.2,16.2,0.0
2023-06-15T04:00,30.3,53,1003.5,17.0,0.0
2023-06-15T05:00,30.2,50,1003.6,15.5,0.0
2023-06-15T06:00,30.9,50,1004.2,17.0,0.0
2023-06-15T07:00,32.1,50,1005.0,16.2,0.0
2023-06-15T08:00,33.6,46,1005.5,19.0,0.0
2023-06-15T09:00,35.2,43,1005.8,16.6,0.0
2023-06-15T10:00,36.7,40,1005.2,14.2,0.0
2023-06-15T11:00,38.1,36,1004.4,12.6,0.0
2023-06-15T12:00,38.7,33,1003.4,7.8,0.0
2023-06-15T13:00,38.1,34,1002.6,3.6,0.0
2023-06-15T14:00,36.1,50,1002.2,13.6,0.0
2023-06-15T15:00,34.6,53,1001.4,18.1,0.0
2023-06-15T16:00,33.5,58,1001.4,16.6,0.0
2023-06-15T17:00,32.2,68,1002.2,17.3,0.0
2023-06-15T18:00,31.0,74,1002.7,15.9,0.0
2023-06-15T19:00,30.9,77,1003.7,14.0,0.0
2023-06-15T20:00,30.5,81,1004.2,15.0,0.0
2023-06-15T21:00,30.7,77,1004.3,17.5,0.0
2023-06-15T22:00,30.6,75,1004.4,18.4,0.0
2023-06-15T23:00,30.5,75,1004.2,16.6,0.0
2023-06-16T00:00,30.5,71,1003.4,15.0,0.0
2023-06-16T01:00,30.3,70,1002.6,14.4,0.0
2023-06-16T02:00,29.9,72,1002.2,14.3,0.0
2023-06-16T03:00,29.8,70,1002.1,15.5,0.0
2023-06-16T04:00,29.6,66,1002.3,14.1,0.0
2023-06-16T05:00,29.9,69,1003.1,12.0,0.0
2023-06-16T06:00,30.3,65,1003.6,13.7,0.0
2023-06-16T07:00,32.0,58,1004.3,13.2,0.0
2023-06-16T08:00,34.2,47,1004.7,19.5,0.0
2023-06-16T09:00,35.5,44,1004.5,17.8,0.0
2023-06-16T10:00,37.1,40,1003.9,15.8,0.0
2023-06-16T11:00,38.6,34,1003.0,13.7,0.0
2023-06-16T12:00,39.6,31,1001.9,9.2,0.0
2023-06-16T13:00,39.1,31,1001.1,3.7,0.0
2023-06-16T14:00,36.7,47,1000.7,14.5,0.0
2023-06-16T15:00,35.2,55,1000.2,16.3,0.0
2023-06-16T16:00,34.3,55,1000.1,18.0,0.1
2023-06-16T17:00,35.6,65,1000.4,8.7,0.0
2023-06-16T18:00,33.0,75,1000.9,9.0,1.1
2023-06-16T19:00,33.2,65,1002.3,10.8,0.0
2023-06-16T20:00,34.7,44,1003.0,13.9,0.0
2023-06-16T21:00,34.0,46,1003.4,16.1,0.0
2023-06-16T22:00,33.4,45,1003.5,16.1,0.0
2023-06-16T23:00,33.4,43,1003.1,18.7,0.0
2023-06-17T00:00,32.9,46,1002.4,17.3,0.0
2023-06-17T01:00,32.5,46,1001.9,15.9,0.0
2023-06-17T02:00,32.3,46,1001.8,19.3,0.0
2023-06-17T03:00,32.2,44,1001.7,20.7,0.0
2023-06-17T04:00,31.9,45,1002.0,19.1,0.0
2023-06-17T05:00,32.5,50,1002.1,17.7,0.0
2023-06-17T06:00,32.4,50,1002.8,19.1,0.0
2023-06-17T07:00,33.2,48,1003.5,18.4,0.0
2023-06-17T08:00,33.9,45,1003.7,18.0,0.0
2023-06-17T09:00,35.1,43,1003.9,15.8,0.0
2023-06-17T10:00,35.6,42,1004.2,12.3,0.0
2023-06-17T11:00,36.3,40,1003.5,10.0,0.0
2023-06-17T12:00,37.5,37,1002.9,2.9,0.0
2023-06-17T13:00,36.0,47,1002.4,17.1,0.0
2023-06-17T14:00,32.1,63,1001.7,20.9,0.0
2023-06-17T15:00,32.7,65,1000.8,19.5,0.0
2023-06-17T16:00,31.9,68,1001.1,20.5,0.0
2023-06-17T17:00,30.6,70,1002.9,14.8,0.0
2023-06-17T18:00,30.8,69,1002.7,12.8,0.0
2023-06-17T19:00,30.6,65,1003.4,15.3,0.0
2023-06-17T20:00,30.2,66,1004.4,9.2,0.0
2023-06-17T21:00,30.0,67,1005.1,14.4,0.0
2023-06-17T22:00,29.8,67,1005.5,16.9,0.0
2023-06-17T23:00,29.2,68,1005.4,17.7,0.0
2023-06-18T00:00,29.4,67,1004.3,17.1,0.0
2023-06-18T01:00,27.8,82,1004.3,8.9,1.0
2023-06-18T02:00,27.1,89,1003.7,12.6,0.5
2023-06-18T03:00,27.2,87,1003.3,16.9,0.1
2023-06-18T04:00,27.0,87,1003.8,18.7,0.0
2023-06-18T05:00,28.7,83,1002.9,5.4,0.1
2023-06-18T06:00,28.8,82,1003.4,12.9,0.0
2023-06-18T07:00,28.1,80,1004.9,14.0,0.3
2023-06-18T08:00,28.0,80,1005.1,11.8,0.0
2023-06-18T09:00,29.2,76,1005.8,8.7,0.0
2023-06-18T10:00,30.9,68,1005.6,5.6,0.1
2023-06-18T11:00,31.7,63,1004.9,4.1,0.3
2023-06-18T12:00,32.6,60,1004.3,5.8,0.1
2023-06-18T13:00,34.3,54,1003.2,5.9,0.0
2023-06-18T14:00,33.9,56,1002.2,8.9,0.2
2023-06-18T15:00,34.1,53,1001.5,9.0,0.0
2023-06-18T16:00,34.2,51,1001.3,13.3,0.0
2023-06-18T17:00,31.6,66,1001.2,18.8,0.0
2023-06-18T18:00,29.8,73,1002.1,15.6,0.3
2023-06-18T19:00,29.0,74,1002.0,22.8,0.0
2023-06-18T20:00,28.4,74,1002.7,22.4,0.0
2023-06-18T21:00,28.5,72,1002.9,21.0,0.0
2023-06-18T22:00,28.6,72,1003.5,19.8,0.0
2023-06-18T23:00,28.8,71,1003.5,17.1,0.0
2023-06-19T00:00,28.5,72,1002.9,22.1,0.0
2023-06-19T01:00,28.0,74,1002.9,18.0,0.0
2023-06-19T02:00,26.8,86,1002.9,12.1,0.8
2023-06-19T03:00,26.3,90,1002.8,13.6,0.9
2023-06-19T04:00,26.3,89,1002.7,16.7,0.0
2023-06-19T05:00,25.9,91,1003.1,20.9,4.5
2023-06-19T06:00,25.8,92,1004.0,18.4,2.7
2023-06-19T07:00,25.8,91,1005.2,14.8,4.4
2023-06-19T08:00,26.0,91,1005.2,18.3,1.7
2023-06-19T09:00,26.0,92,1005.8,17.1,1.5
2023-06-19T10:00,26.5,87,1004.9,18.5,0.3
2023-06-19T11:00,28.6,76,1004.2,20.9,0.0
2023-06-19T12:00,29.0,72,1003.3,21.6,0.0
2023-06-19T13:00,30.9,66,1002.3,21.4,0.0
2023-06-19T14:00,31.5,64,1001.2,19.6,0.0
2023-06-19T15:00,32.0,63,1000.7,18.7,0.0
2023-06-19T16:00,31.8,64,1000.3,16.3,0.0
2023-06-19T17:00,28.4,82,1001.6,11.2,0.0
2023-06-19T18:00,28.6,80,1001.4,13.2,0.0
2023-06-19T19:00,27.9,82,1002.1,17.0,0.0
2023-06-19T20:00,27.3,86,1002.6,17.0,0.0
2023-06-19T21:00,27.3,85,1003.0,19.2,0.0
2023-06-19T22:00,27.2,83,1003.0,18.9,0.0
2023-06-19T23:00,27.0,83,1002.8,18.7,0.0
2023-06-20T00:00,26.9,83,1002.2,21.9,0.0
2023-06-20T01:00,26.6,84,1002.1,25.3,0.0
2023-06-20T02:00,26.1,85,1001.8,26.6,0.1
2023-06-20T03:00,25.9,86,1001.8,18.2,0.0
2023-06-20T04:00,25.7,88,1002.2,16.5,1.9
2023-06-20T05:00,26.3,88,1002.1,16.5,0.0
2023-06-20T06:00,26.5,86,1003.1,20.0,0.0
2023-06-20T07:00,27.1,82,1003.8,16.7,0.1
2023-06-20T08:00,28.6,77,1004.0,15.3,0.0
2023-06-20T09:00,30.8,69,1004.2,16.7,0.0
2023-06-20T10:00,32.1,62,1003.8,19.8,0.0
2023-06-20T11:00,33.3,59,1003.1,17.8,0.0
2023-06-20T12:00,34.0,57,1002.0,16.8,0.0
2023-06-20T13:00,34.2,56,1001.1,16.9,0.0
2023-06-20T14:00,34.3,57,1000.4,14.7,0.0
2023-06-20T15:00,34.2,57,999.4,12.8,0.0
2023-06-20T16:00,33.9,57,999.0,9.6,0.0
2023-06-20T17:00,32.7,64,999.8,8.2,0.0
2023-06-20T18:00,31.9,64,1000.4,11.6,0.0
2023-06-20T19:00,31.0,67,1001.2,14.5,0.0
2023-06-20T20:00,30.4,69,1002.3,16.9,0.0
2023-06-20T21:00,28.8,69,1003.3,23.3,0.0
2023-06-20T22:00,27.4,77,1004.2,28.2,0.0
2023-06-20T23:00,27.1,79,1003.7,21.3,0.0
2023-06-21T00:00,27.1,82,1003.3,16.0,0.0
2023-06-21T01:00,27.0,84,1003.0,15.0,0.0
2023-06-21T02:00,27.0,85,1002.8,13.8,0.0
2023-06-21T03:00,27.0,86,1002.4,11.5,0.0
2023-06-21T04:00,26.9,88,1002.4,15.1,0.0
2023-06-21T05:00,26.2,91,1002.7,11.2,0.0
2023-06-21T06:00,26.5,89,1003.5,11.8,0.0
2023-06-21T07:00,27.6,84,1004.2,9.0,0.0
2023-06-21T08:00,29.1,79,1004.4,10.0,0.0
2023-06-21T09:00,30.2,73,1004.7,9.3,0.0
2023-06-21T10:00,31.7,68,1004.3,11.4,0.0
2023-06-21T11:00,32.5,65,1003.9,7.7,0.0
2023-06-21T12:00,32.9,65,1003.2,9.9,0.3
2023-06-21T13:00,32.9,67,1002.2,10.9,0.3
2023-06-21T14:00,33.0,69,1001.6,11.2,0.4
2023-06-21T15:00,31.7,75,1001.3,17.7,0.2
2023-06-21T16:00,30.9,71,1001.2,13.1,0.0
2023-06-21T17:00,31.0,74,1001.9,17.3,0.0
2023-06-21T18:00,30.2,76,1002.4,15.2,0.0
2023-06-21T19:00,29.7,79,1003.4,10.8,0.0
2023-06-21T20:00,29.5,79,1004.5,10.9,0.0
2023-06-21T21:00,29.2,79,1005.1,12.7,0.0
2023-06-21T22:00,28.8,80,1004.9,12.0,0.0
2023-06-21T23:00,28.6,81,1004.4,12.3,0.0
2023-06-22T00:00,28.3,82,1004.1,12.0,0.0
2023-06-22T01:00,27.9,85,1003.6,12.5,0.2
2023-06-22T02:00,27.6,87,1002.9,14.1,0.1
2023-06-22T03:00,27.5,85,1002.5,11.6,0.0
2023-06-22T04:00,27.3,84,1003.2,10.0,0.0
2023-06-22T05:00,27.2,90,1003.8,11.5,0.0
2023-06-22T06:00,27.9,83,1004.4,13.4,0.0
2023-06-22T07:00,28.2,75,1003.9,6.8,0.0
2023-06-22T08:00,28.9,74,1004.2,10.3,0.0
2023-06-22T09:00,30.7,67,1004.4,10.7,0.0
2023-06-22T10:00,32.4,60,1004.6,7.0,0.0
2023-06-22T11:00,33.0,58,1004.3,2.1,0.0
2023-06-22T12:00,33.2,58,1003.4,4.8,0.0
2023-06-22T13:00,32.6,70,1002.7,10.7,0.2
2023-06-22T14:00,32.5,71,1002.3,11.2,0.0
2023-06-22T15:00,31.9,72,1001.9,12.1,0.0
2023-06-22T16:00,31.3,69,1001.7,13.0,0.0
2023-06-22T17:00,31.2,71,1002.0,12.6,0.0
2023-06-22T18:00,30.2,72,1002.1,10.7,0.0
2023-06-22T19:00,29.6,74,1003.1,7.6,0.0
2023-06-22T20:00,29.4,79,1004.3,10.0,0.0
2023-06-22T21:00,29.1,80,1004.5,12.2,0.0
2023-06-22T22:00,28.8,83,1004.9,12.2,0.0
2023-06-22T23:00,28.6,85,1004.7,11.7,0.0
2023-06-23T00:00,28.4,86,1004.2,13.0,0.0
2023-06-23T01:00,28.2,86,1004.1,13.3,0.1
2023-06-23T02:00,27.8,85,1003.5,12.8,0.2
2023-06-23T03:00,27.1,83,1003.1,13.6,0.0
2023-06-23T04:00,26.8,84,1003.2,13.0,0.0
2023-06-23T05:00,27.9,88,1004.1,14.8,0.0
2023-06-23T06:00,28.2,83,1004.6,13.1,0.0
2023-06-23T07:00,28.8,78,1005.0,10.0,0.0
2023-06-23T08:00,29.7,73,1005.2,10.1,0.0
2023-06-23T09:00,31.2,66,1005.0,10.4,0.0
2023-06-23T10:00,32.8,59,1004.8,10.0,0.0
2023-06-23T11:00,34.0,54,1004.2,8.9,0.0
2023-06-23T12:00,34.4,53,1003.6,6.1,0.0
2023-06-23T13:00,34.2,54,1002.6,5.1,0.0
2023-06-23T14:00,33.1,67,1002.0,8.2,0.0
2023-06-23T15:00,32.5,76,1001.4,10.3,0.0
2023-06-23T16:00,31.5,78,1001.2,15.5,0.0
2023-06-23T17:00,30.9,82,1002.3,7.0,0.0
2023-06-23T18:00,29.7,85,1002.5,9.0,0.0
2023-06-23T19:00,29.5,87,1002.9,6.3,0.0
2023-06-23T20:00,29.4,82,1003.5,6.4,0.0
2023-06-23T21:00,29.1,78,1004.3,9.7,0.0
2023-06-23T22:00,28.7,76,1005.0,10.4,0.0
2023-06-23T23:00,28.3,78,1004.6,8.7,0.0
2023-06-24T00:00,28.0,79,1004.2,6.9,0.0
2023-06-24T01:00,27.9,80,1003.4,9.5,0.0
2023-06-24T02:00,27.9,81,1003.0,11.2,0.0
2023-06-24T03:00,27.9,80,1002.9,13.0,0.0
2023-06-24T04:00,27.7,78,1002.7,14.1,0.0
2023-06-24T05:00,28.4,78,1002.8,14.3,0.0
2023-06-24T06:00,28.6,76,1003.5,13.1,0.0
2023-06-24T07:00,29.0,76,1004.0,11.1,0.0
2023-06-24T08:00,30.4,70,1004.4,11.5,0.0
2023-06-24T09:00,32.0,59,1004.5,14.8,0.0
2023-06-24T10:00,33.1,54,1004.2,13.8,0.0
2023-06-24T11:00,33.9,52,1003.9,11.9,0.0
2023-06-24T12:00,34.0,52,1003.4,11.5,0.0
2023-06-24T13:00,33.8,54,1002.6,9.6,0.2
2023-06-24T14:00,34.0,53,1001.6,9.4,0.0
2023-06-24T15:00,33.6,55,1000.8,8.9,0.0
2023-06-24T16:00,32.9,59,1000.5,11.2,0.0
2023-06-24T17:00,31.6,65,1001.7,7.4,0.0
2023-06-24T18:00,31.1,68,1002.0,8.6,0.0
2023-06-24T19:00,30.3,71,1002.8,8.7,0.0
2023-06-24T20:00,29.7,75,1003.6,8.4,0.0
2023-06-24T21:00,29.6,76,1003.9,7.9,0.0
2023-06-24T22:00,29.2,75,1004.2,7.2,0.0
2023-06-24T23:00,28.8,76,1003.8,7.2,0.0
2023-06-25T00:00,28.7,75,1003.5,8.6,0.0
2023-06-25T01:00,28.5,75,1003.0,9.3,0.0
2023-06-25T02:00,28.4,75,1002.5,11.9,0.0
2023-06-25T03:00,28.3,73,1002.2,13.4,0.0
2023-06-25T04:00,28.4,67,1002.2,14.8,0.0
2023-06-25T05:00,28.7,66,1002.9,11.3,0.0
2023-06-25T06:00,29.0,64,1003.1,14.8,0.0
2023-06-25T07:00,30.0,62,1003.6,14.0,0.0
2023-06-25T08:00,30.9,58,1004.4,15.5,0.0
2023-06-25T09:00,31.7,55,1004.4,15.6,0.0
2023-06-25T10:00,32.2,54,1004.5,13.5,0.0
2023-06-25T11:00,33.2,51,1003.7,11.1,0.0
2023-06-25T12:00,33.9,50,1002.9,10.2,0.0
2023-06-25T13:00,34.1,50,1002.4,11.0,0.0
2023-06-25T14:00,33.6,57,1001.4,13.0,0.0
2023-06-25T15:00,32.7,67,1000.9,15.2,0.0
2023-06-25T16:00,32.5,69,1000.6,16.6,0.0
2023-06-25T17:00,31.3,74,1001.8,15.5,0.0
2023-06-25T18:00,30.4,77,1002.3,15.3,0.0
2023-06-25T19:00,29.8,80,1003.2,15.1,0.0
2023-06-25T20:00,29.5,83,1003.8,17.3,0.0
2023-06-25T21:00,29.4,86,1004.2,18.4,0.0
2023-06-25T22:00,29.3,85,1004.6,19.2,0.0
2023-06-25T23:00,29.2,83,1004.4,18.0,0.0
2023-06-26T00:00,29.2,77,1004.0,14.9,0.0
2023-06-26T01:00,28.9,75,1003.4,12.5,0.0
2023-06-26T02:00,28.5,75,1003.0,11.4,0.0
2023-06-26T03:00,28.2,75,1002.8,10.4,0.0
2023-06-26T04:00,27.9,77,1003.1,10.2,0.0
2023-06-26T05:00,28.2,75,1003.9,9.4,0.0
2023-06-26T06:00,28.6,74,1004.3,11.3,0.0
2023-06-26T07:00,29.8,64,1005.0,14.5,0.0
2023-06-26T08:00,30.3,61,1005.1,18.2,0.0
2023-06-26T09:00,31.4,58,1005.1,16.9,0.0
2023-06-26T10:00,32.5,55,1005.1,15.5,0.0
2023-06-26T11:00,33.8,52,1004.5,13.5,0.0
2023-06-26T12:00,34.5,51,1003.8,11.4,0.0
2023-06-26T13:00,34.9,50,1003.2,8.4,0.0
2023-06-26T14:00,34.8,51,1002.1,3.5,0.0
2023-06-26T15:00,33.8,56,1001.6,7.9,0.0
2023-06-26T16:00,31.3,67,1001.5,16.3,0.1
2023-06-26T17:00,33.0,56,1002.3,5.9,0.1
2023-06-26T18:00,29.3,74,1002.8,11.4,0.3
2023-06-26T19:00,27.9,87,1003.5,10.7,0.4
2023-06-26T20:00,28.0,85,1004.4,10.4,0.0
2023-06-26T21:00,28.2,86,1004.9,12.0,0.0
2023-06-26T22:00,28.5,83,1005.2,16.1,0.0
2023-06-26T23:00,28.6,86,1004.6,15.5,0.0
2023-06-27T00:00,28.6,88,1004.1,14.8,0.0
2023-06-27T01:00,28.5,90,1003.5,13.9,0.0
2023-06-27T02:00,28.2,88,1002.9,14.0,0.0
2023-06-27T03:00,28.0,83,1002.8,13.6,0.0
2023-06-27T04:00,27.7,79,1003.1,13.3,0.0
2023-06-27T05:00,28.4,76,1003.1,13.3,0.0
2023-06-27T06:00,28.8,74,1004.2,13.2,0.0
2023-06-27T07:00,30.0,69,1004.7,12.5,0.0
2023-06-27T08:00,31.2,58,1004.9,15.4,0.0
2023-06-27T09:00,32.3,53,1005.3,16.0,0.0
2023-06-27T10:00,33.6,48,1004.8,13.3,0.0
2023-06-27T11:00,34.6,46,1004.5,11.2,0.0
2023-06-27T12:00,35.7,41,1003.9,10.8,0.0
2023-06-27T13:00,36.0,40,1003.1,8.2,0.0
2023-06-27T14:00,36.0,40,1002.1,9.8,0.0
2023-06-27T15:00,34.7,52,1001.5,14.1,0.0
2023-06-27T16:00,33.2,68,1001.3,17.6,0.0
2023-06-27T17:00,33.0,58,1002.5,7.0,0.0
2023-06-27T18:00,31.3,71,1002.8,13.1,0.0
2023-06-27T19:00,30.4,71,1003.8,17.7,0.0
2023-06-27T20:00,29.8,76,1004.7,22.3,0.0
2023-06-27T21:00,29.7,78,1005.5,19.2,0.0
2023-06-27T22:00,29.5,75,1005.6,15.0,0.0
2023-06-27T23:00,29.2,70,1005.4,12.2,0.0
2023-06-28T00:00,28.8,68,1005.0,12.4,0.0
2023-06-28T01:00,28.4,66,1004.7,13.2,0.0
2023-06-28T02:00,28.0,67,1004.1,14.3,0.0
2023-06-28T03:00,27.9,68,1004.1,15.1,0.0
2023-06-28T04:00,27.7,71,1004.2,14.7,0.0
2023-06-28T05:00,28.9,65,1004.5,13.7,0.0
2023-06-28T06:00,28.8,67,1005.3,14.7,0.0
2023-06-28T07:00,29.8,65,1005.7,13.0,0.0
2023-06-28T08:00,31.3,59,1006.1,15.4,0.0
2023-06-28T09:00,32.7,55,1006.1,14.2,0.0
2023-06-28T10:00,33.9,52,1005.8,12.6,0.0
2023-06-28T11:00,35.2,46,1005.3,13.3,0.0
2023-06-28T12:00,35.7,44,1004.6,15.5,0.1
2023-06-28T13:00,35.7,45,1004.0,15.2,0.1
2023-06-28T14:00,35.1,48,1003.5,12.8,0.3
2023-06-28T15:00,34.0,58,1002.8,13.2,0.2
2023-06-28T16:00,31.6,70,1002.6,16.6,1.8
2023-06-28T17:00,30.7,77,1002.9,20.4,0.0
2023-06-28T18:00,30.3,73,1003.8,19.1,0.1
2023-06-28T19:00,29.5,76,1005.1,18.6,0.2
2023-06-28T20:00,29.2,79,1005.8,15.6,0.0
2023-06-28T21:00,29.2,78,1006.5,16.9,0.0
2023-06-28T22:00,29.2,79,1007.0,20.2,0.0
2023-06-28T23:00,29.0,80,1007.1,17.7,0.0
2023-06-29T00:00,28.8,80,1006.7,12.8,0.1
2023-06-29T01:00,28.4,80,1006.0,7.1,0.2
2023-06-29T02:00,28.1,78,1005.3,10.3,0.0
2023-06-29T03:00,27.8,76,1004.9,12.5,0.0
2023-06-29T04:00,27.5,76,1005.0,12.5,0.0
2023-06-29T05:00,28.3,75,1005.3,10.9,0.0
2023-06-29T06:00,28.8,72,1005.8,12.9,0.0
2023-06-29T07:00,30.2,66,1006.4,12.5,0.0
2023-06-29T08:00,31.9,57,1006.5,15.3,0.0
2023-06-29T09:00,33.2,52,1006.6,17.3,0.0
2023-06-29T10:00,34.3,49,1006.2,15.9,0.0
2023-06-29T11:00,35.5,45,1005.7,14.1,0.0
2023-06-29T12:00,36.1,43,1005.0,15.5,0.0
2023-06-29T13:00,36.0,45,1004.2,13.8,0.4
2023-06-29T14:00,36.2,45,1003.3,10.9,0.0
2023-06-29T15:00,34.9,49,1002.3,13.7,0.1
2023-06-29T16:00,34.0,52,1002.6,15.4,0.1
2023-06-29T17:00,29.8,74,1003.7,4.3,0.0
2023-06-29T18:00,29.1,77,1004.0,2.9,0.0
2023-06-29T19:00,28.9,79,1005.0,9.7,0.0
2023-06-29T20:00,29.1,77,1006.0,10.8,0.0
2023-06-29T21:00,29.0,73,1006.3,8.4,0.0
2023-06-29T22:00,28.9,73,1006.6,9.3,0.0
2023-06-29T23:00,29.1,72,1006.5,12.5,0.0
2023-06-30T00:00,29.0,72,1006.1,12.7,0.0
2023-06-30T01:00,28.7,70,1005.6,12.6,0.0
2023-06-30T02:00,28.9,65,1005.2,13.0,0.0
2023-06-30T03:00,28.7,63,1005.0,12.3,0.0
2023-06-30T04:00,28.5,63,1005.1,12.0,0.0
2023-06-30T05:00,26.8,75,1005.8,8.9,0.0
2023-06-30T06:00,27.3,71,1006.7,11.3,0.0
2023-06-30T07:00,28.8,67,1007.0,10.3,0.0
2023-06-30T08:00,30.6,60,1007.1,12.6,0.0
2023-06-30T09:00,32.0,55,1007.1,13.4,0.0
2023-06-30T10:00,33.3,51,1007.1,13.8,0.0
2023-06-30T11:00,34.6,48,1006.5,13.0,0.0
2023-06-30T12:00,35.5,46,1005.5,11.5,0.0
2023-06-30T13:00,36.0,45,1004.3,10.7,0.0
2023-06-30T14:00,36.3,44,1003.0,10.3,0.0
2023-06-30T15:00,36.0,45,1001.8,11.2,0.0
2023-06-30T16:00,35.1,49,1001.3,11.9,0.0
2023-06-30T17:00,32.8,63,1002.2,14.8,0.0
2023-06-30T18:00,30.8,73,1002.6,17.8,0.0
2023-06-30T19:00,30.6,69,1003.8,12.6,0.0
2023-06-30T20:00,30.0,71,1004.6,14.3,0.0
2023-06-30T21:00,29.5,76,1004.9,15.2,0.0
2023-06-30T22:00,29.6,75,1005.4,16.8,0.0
2023-06-30T23:00,29.1,78,1005.9,11.2,0.0
2023-07-01T00:00,28.7,78,1005.4,11.0,0.0
2023-07-01T01:00,28.6,76,1004.5,12.5,0.0
2023-07-01T02:00,28.5,72,1004.4,11.0,0.0
2023-07-01T03:00,28.6,67,1004.3,11.6,0.0
2023-07-01T04:00,28.6,64,1004.4,11.0,0.0
2023-07-01T05:00,28.5,70,1004.8,13.7,0.0
2023-07-01T06:00,28.3,73,1005.4,14.3,0.0
2023-07-01T07:00,30.1,70,1006.2,14.9,0.0
2023-07-01T08:00,31.4,62,1006.7,18.5,0.0
2023-07-01T09:00,32.4,56,1007.2,23.7,0.0
2023-07-01T10:00,32.3,56,1007.2,18.0,0.0
2023-07-01T11:00,33.8,52,1006.4,16.5,0.0
2023-07-01T12:00,34.6,49,1005.5,14.6,0.0
2023-07-01T13:00,34.8,49,1004.6,14.7,0.0
2023-07-01T14:00,34.9,51,1003.5,15.8,0.0
2023-07-01T15:00,34.8,53,1002.9,12.6,0.0
2023-07-01T16:00,34.1,55,1002.7,11.4,0.6
2023-07-01T17:00,29.4,69,1003.6,8.8,0.0
2023-07-01T18:00,29.9,69,1004.5,9.8,0.0
2023-07-01T19:00,29.5,67,1004.8,10.2,0.0
2023-07-01T20:00,28.8,68,1005.3,13.8,0.0
2023-07-01T21:00,28.5,69,1005.6,14.8,0.0
2023-07-01T22:00,28.8,67,1006.0,11.7,0.0
2023-07-01T23:00,28.9,66,1005.9,15.1,0.0
2023-07-02T00:00,28.8,66,1005.9,10.5,0.0
2023-07-02T01:00,27.6,77,1005.6,10.6,1.0
2023-07-02T02:00,27.3,80,1005.2,9.4,0.4
2023-07-02T03:00,26.6,84,1004.6,1.6,1.7
2023-07-02T04:00,26.5,88,1004.3,3.6,0.1
2023-07-02T05:00,27.5,80,1003.7,10.7,0.3
2023-07-02T06:00,28.2,77,1004.3,12.1,0.0
2023-07-02T07:00,28.5,77,1005.4,7.8,0.1
2023-07-02T08:00,29.0,77,1006.0,4.1,0.0
2023-07-02T09:00,29.7,74,1006.0,4.7,0.1
2023-07-02T10:00,30.5,71,1005.9,8.9,0.1
2023-07-02T11:00,31.6,65,1004.7,11.3,0.0
2023-07-02T12:00,33.3,57,1003.9,14.6,0.0
2023-07-02T13:00,33.5,55,1003.1,13.0,0.0
2023-07-02T14:00,32.9,57,1002.5,11.4,0.0
2023-07-02T15:00,32.0,61,1002.1,9.6,0.0
2023-07-02T16:00,31.3,68,1001.8,12.3,0.0
2023-07-02T17:00,27.7,86,1002.7,9.7,0.0
2023-07-02T18:00,27.9,88,1003.1,15.5,0.0
2023-07-02T19:00,27.6,90,1003.6,15.0,0.0
2023-07-02T20:00,27.4,90,1004.2,13.5,0.0
2023-07-02T21:00,27.4,89,1004.9,12.1,0.0
2023-07-02T22:00,27.3,91,1005.4,11.2,0.1
2023-07-02T23:00,27.2,90,1005.4,10.2,0.0
2023-07-03T00:00,27.2,86,1004.6,8.7,0.0
2023-07-03T01:00,26.7,87,1004.0,9.3,0.1
2023-07-03T02:00,26.0,92,1003.8,9.4,1.9
2023-07-03T03:00,25.4,94,1004.0,13.3,5.3
2023-07-03T04:00,25.6,94,1003.8,9.7,0.6
2023-07-03T05:00,26.3,87,1003.9,10.2,0.9
2023-07-03T06:00,26.2,92,1004.4,10.5,6.1
2023-07-03T07:00,26.6,94,1004.8,5.9,0.6
2023-07-03T08:00,26.8,93,1005.0,10.3,1.2
2023-07-03T09:00,28.2,89,1004.6,10.5,0.6
2023-07-03T10:00,30.7,73,1003.9,13.6,0.1
2023-07-03T11:00,32.1,64,1004.0,18.9,0.0
2023-07-03T12:00,32.9,58,1003.3,15.7,0.0
2023-07-03T13:00,33.2,55,1002.4,14.6,0.0
2023-07-03T14:00,33.0,57,1001.6,9.7,0.0
2023-07-03T15:00,32.8,57,1001.0,7.1,0.0
2023-07-03T16:00,30.3,68,1000.9,12.4,0.1
2023-07-03T17:00,28.4,80,1000.9,15.5,0.0
2023-07-03T18:00,27.7,83,1001.6,14.0,0.2
2023-07-03T19:00,27.6,83,1002.0,20.3,0.0
2023-07-03T20:00,27.4,79,1003.0,21.4,0.0
2023-07-03T21:00,26.9,78,1003.4,18.6,0.0
2023-07-03T22:00,26.9,78,1003.7,15.7,0.0
2023-07-03T23:00,26.7,79,1003.4,15.6,0.0
2023-07-04T00:00,26.7,79,1003.2,12.6,0.0
2023-07-04T01:00,26.9,79,1002.7,11.1,0.0
2023-07-04T02:00,27.0,78,1001.6,14.8,0.0
2023-07-04T03:00,27.0,77,1001.2,12.8,0.0
2023-07-04T04:00,27.0,75,1001.2,12.3,0.0
2023-07-04T05:00,27.3,78,1001.9,7.4,0.0
2023-07-04T06:00,27.0,82,1002.5,5.0,0.0
2023-07-04T07:00,27.4,82,1002.5,10.5,0.0
2023-07-04T08:00,27.9,77,1002.9,9.7,0.0
2023-07-04T09:00,28.9,72,1003.1,9.9,0.0
2023-07-04T10:00,30.3,69,1003.0,10.2,0.0
2023-07-04T11:00,31.5,62,1002.5,11.0,0.0
2023-07-04T12:00,32.2,59,1002.1,11.2,0.0
2023-07-04T13:00,30.9,68,1001.2,11.8,1.3
2023-07-04T14:00,31.4,67,1000.1,11.5,0.0
2023-07-04T15:00,30.8,73,999.2,17.6,0.3
2023-07-04T16:00,30.1,74,999.5,16.3,0.2
2023-07-04T17:00,27.9,87,999.8,11.6,1.5
2023-07-04T18:00,27.2,92,1000.8,7.9,3.2
2023-07-04T19:00,26.9,92,1001.0,3.6,2.0
2023-07-04T20:00,26.7,92,1001.7,4.7,1.6
2023-07-04T21:00,26.5,92,1001.8,6.6,1.6
2023-07-04T22:00,26.4,92,1002.3,7.4,0.8
2023-07-04T23:00,26.2,93,1001.9,10.0,0.7
2023-07-05T00:00,26.3,91,1001.2,11.2,0.1
2023-07-05T01:00,26.3,90,1000.6,12.0,0.0
2023-07-05T02:00,26.0,89,1000.3,14.5,0.1
2023-07-05T03:00,25.8,88,999.7,16.1,0.1
2023-07-05T04:00,25.8,86,999.7,14.4,0.0
2023-07-05T05:00,26.2,84,999.7,14.3,0.0
2023-07-05T06:00,26.5,84,1000.3,12.6,0.1
2023-07-05T07:00,27.4,82,1000.9,11.4,0.0
2023-07-05T08:00,28.6,76,1001.0,14.8,0.0
2023-07-05T09:00,30.0,69,1000.9,15.3,0.0
2023-07-05T10:00,31.9,60,1001.1,18.0,0.0
2023-07-05T11:00,33.4,54,1000.5,20.9,0.0
2023-07-05T12:00,33.2,56,1000.1,19.5,0.6
2023-07-05T13:00,34.2,52,999.1,16.2,0.0
2023-07-05T14:00,31.2,64,998.9,11.6,1.4
2023-07-05T15:00,30.7,70,998.1,7.3,0.0
2023-07-05T16:00,29.7,79,998.7,7.7,0.7
2023-07-05T17:00,30.4,69,998.6,10.5,0.7
2023-07-05T18:00,27.0,91,999.8,10.6,12.7
2023-07-05T19:00,26.8,91,1000.0,12.5,1.4
2023-07-05T20:00,26.6,86,1001.0,13.8,0.5
2023-07-05T21:00,26.7,85,1002.1,12.5,0.0
2023-07-05T22:00,26.9,85,1002.6,13.5,0.0
2023-07-05T23:00,27.0,84,1002.5,14.0,0.0
2023-07-06T00:00,27.1,79,1002.0,15.5,0.0
2023-07-06T01:00,27.1,76,1001.8,16.3,0.0
2023-07-06T02:00,27.2,73,1001.7,16.3,0.0
2023-07-06T03:00,27.3,72,1001.6,17.1,0.0
2023-07-06T04:00,27.3,72,1001.7,20.2,0.0
2023-07-06T05:00,28.2,71,1002.1,13.6,0.0
2023-07-06T06:00,27.8,74,1002.7,15.0,0.1
2023-07-06T07:00,28.0,75,1003.4,15.3,0.0
2023-07-06T08:00,28.6,75,1004.1,13.8,0.0
2023-07-06T09:00,29.0,73,1004.5,15.5,0.0
2023-07-06T10:00,29.5,72,1004.6,13.5,0.0
2023-07-06T11:00,30.0,70,1004.3,14.8,0.0
2023-07-06T12:00,30.8,65,1003.9,18.2,0.0
2023-07-06T13:00,31.5,62,1002.9,21.4,0.0
2023-07-06T14:00,31.9,61,1002.0,21.9,0.0
2023-07-06T15:00,31.8,60,1001.3,20.5,0.0
2023-07-06T16:00,31.3,60,1001.2,20.0,0.0
2023-07-06T17:00,30.3,78,1001.6,1.4,0.0
2023-07-06T18:00,29.5,83,1002.0,2.1,0.0
2023-07-06T19:00,29.3,80,1003.3,6.9,0.0
2023-07-06T20:00,29.1,74,1004.3,10.2,0.0
2023-07-06T21:00,28.5,77,1005.2,5.8,0.0
2023-07-06T22:00,28.0,79,1005.5,6.6,0.0
2023-07-06T23:00,28.0,77,1005.1,10.3,0.0
2023-07-07T00:00,27.9,73,1004.6,12.6,0.0
2023-07-07T01:00,27.8,68,1004.4,12.7,0.0
2023-07-07T02:00,27.7,67,1004.4,11.1,0.0
2023-07-07T03:00,27.6,69,1004.3,12.3,0.0
2023-07-07T04:00,27.4,70,1004.1,12.1,0.0
2023-07-07T05:00,27.1,74,1005.4,6.9,0.0
2023-07-07T06:00,27.4,76,1006.1,7.0,0.0
2023-07-07T07:00,27.9,77,1006.7,10.3,0.0
2023-07-07T08:00,29.3,71,1007.1,11.1,0.0
2023-07-07T09:00,31.1,62,1006.9,15.5,0.0
2023-07-07T10:00,32.1,58,1006.4,15.8,0.0
2023-07-07T11:00,33.1,54,1006.2,19.0,0.0
2023-07-07T12:00,33.8,52,1005.4,17.6,0.0
2023-07-07T13:00,34.1,52,1004.5,13.8,0.0
2023-07-07T14:00,33.6,52,1003.5,15.1,0.0
2023-07-07T15:00,32.6,57,1003.0,14.7,0.4
2023-07-07T16:00,32.4,58,1002.5,14.9,0.0
2023-07-07T17:00,32.6,60,1003.0,9.3,0.0
2023-07-07T18:00,31.2,62,1003.8,19.3,0.0
2023-07-07T19:00,29.8,66,1004.8,16.2,0.0
2023-07-07T20:00,29.1,70,1005.6,14.0,0.0
2023-07-07T21:00,28.7,72,1006.5,12.9,0.0
2023-07-07T22:00,28.7,71,1006.9,14.0,0.0
2023-07-07T23:00,28.4,71,1006.7,13.1,0.0
2023-07-08T00:00,28.2,71,1006.1,12.5,0.0
2023-07-08T01:00,28.0,72,1005.6,10.5,0.0
2023-07-08T02:00,27.3,74,1005.2,9.3,0.0
2023-07-08T03:00,27.2,75,1005.2,8.9,0.0
2023-07-08T04:00,27.5,74,1005.6,10.8,0.0
2023-07-08T05:00,28.1,74,1006.1,8.5,0.0
2023-07-08T06:00,28.4,73,1007.1,11.7,0.0
2023-07-08T07:00,29.1,73,1007.7,12.0,0.0
2023-07-08T08:00,30.3,69,1008.0,12.0,0.0
2023-07-08T09:00,31.7,61,1007.5,14.8,0.0
2023-07-08T10:00,32.6,58,1007.1,16.6,0.0
2023-07-08T11:00,33.5,55,1006.5,16.7,0.0
2023-07-08T12:00,34.0,55,1006.0,18.1,0.0
2023-07-08T13:00,34.2,55,1005.2,15.8,0.0
2023-07-08T14:00,34.3,55,1004.3,13.8,0.0
2023-07-08T15:00,32.7,59,1004.1,13.8,0.3
2023-07-08T16:00,32.9,60,1003.7,11.4,0.0
2023-07-08T17:00,31.9,63,1004.4,12.3,0.0
2023-07-08T18:00,30.0,68,1005.0,13.0,0.0
2023-07-08T19:00,30.0,65,1005.7,14.1,0.0
2023-07-08T20:00,29.6,66,1006.5,12.9,0.0
2023-07-08T21:00,29.1,68,1006.5,11.6,0.0
2023-07-08T22:00,28.5,70,1006.7,9.3,0.0
2023-07-08T23:00,27.9,73,1006.4,7.7,0.0
2023-07-09T00:00,27.6,75,1005.9,7.6,0.0
2023-07-09T01:00,27.3,77,1005.3,8.0,0.0
2023-07-09T02:00,27.2,78,1005.0,10.0,0.0
2023-07-09T03:00,27.3,76,1005.1,10.8,0.0
2023-07-09T04:00,27.4,73,1005.2,11.0,0.0
2023-07-09T05:00,28.6,70,1005.9,11.1,0.0
2023-07-09T06:00,28.7,70,1006.1,12.0,0.0
2023-07-09T07:00,29.6,70,1006.5,11.4,0.0
2023-07-09T08:00,31.3,61,1006.9,13.4,0.0
2023-07-09T09:00,32.4,56,1006.7,13.4,0.0
2023-07-09T10:00,33.2,54,1006.3,12.4,0.0
2023-07-09T11:00,34.2,51,1005.8,12.4,0.0
2023-07-09T12:00,35.0,49,1004.8,13.5,0.0
2023-07-09T13:00,35.3,48,1004.1,15.5,0.0
2023-07-09T14:00,33.8,54,1003.8,15.4,0.3
2023-07-09T15:00,33.4,57,1003.1,10.9,0.0
2023-07-09T16:00,33.9,54,1002.4,8.8,0.0
2023-07-09T17:00,28.9,80,1003.6,13.9,0.0
2023-07-09T18:00,28.2,81,1004.4,6.1,3.4
2023-07-09T19:00,27.6,86,1004.9,12.6,5.7
2023-07-09T20:00,26.9,87,1005.1,12.6,0.0
2023-07-09T21:00,26.9,84,1005.8,16.2,0.1
2023-07-09T22:00,26.5,88,1006.1,11.4,0.2
2023-07-09T23:00,26.4,89,1006.5,8.4,0.0
2023-07-10T00:00,26.3,88,1005.6,8.9,0.0
2023-07-10T01:00,26.3,85,1005.0,11.0,0.0
2023-07-10T02:00,26.0,86,1005.0,4.2,0.1
2023-07-10T03:00,25.1,92,1005.2,17.3,9.1
2023-07-10T04:00,25.4,89,1004.9,12.7,0.0
2023-07-10T05:00,26.2,89,1004.9,4.5,0.0
2023-07-10T06:00,26.9,86,1005.3,7.9,0.1
2023-07-10T07:00,27.9,84,1005.7,7.3,0.1
2023-07-10T08:00,29.1,80,1006.2,8.0,0.0
2023-07-10T09:00,29.0,80,1006.8,1.6,3.2
2023-07-10T10:00,28.7,82,1007.0,13.7,6.5
2023-07-10T11:00,28.4,84,1006.3,7.2,0.0
2023-07-10T12:00,29.6,78,1005.5,5.2,0.2
2023-07-10T13:00,30.8,71,1004.8,6.1,0.2
2023-07-10T14:00,31.3,65,1003.9,5.3,0.0
2023-07-10T15:00,31.3,64,1003.1,6.4,0.1
2023-07-10T16:00,31.1,66,1002.5,5.5,0.0
2023-07-10T17:00,26.7,93,1004.1,7.9,0.0
2023-07-10T18:00,27.1,93,1004.1,9.1,0.1
2023-07-10T19:00,27.0,95,1005.0,9.2,0.0
2023-07-10T20:00,27.3,94,1005.8,11.9,0.1
2023-07-10T21:00,27.0,95,1005.7,10.8,0.0
2023-07-10T22:00,26.8,94,1006.0,10.0,0.0
2023-07-10T23:00,26.3,95,1006.2,8.7,2.6
2023-07-11T00:00,25.9,96,1005.5,10.0,4.1
2023-07-11T01:00,26.1,94,1004.6,13.4,1.5
2023-07-11T02:00,25.9,94,1004.3,10.0,1.1
2023-07-11T03:00,25.7,94,1004.1,9.5,0.9
2023-07-11T04:00,25.7,94,1003.7,12.8,1.0
2023-07-11T05:00,26.0,88,1003.8,15.4,1.5
2023-07-11T06:00,26.5,86,1004.3,16.7,0.1
2023-07-11T07:00,26.8,86,1005.3,17.6,0.4
2023-07-11T08:00,26.9,85,1005.2,17.5,0.2
2023-07-11T09:00,28.0,82,1005.2,12.5,0.0
2023-07-11T10:00,28.8,77,1005.8,13.5,0.0
2023-07-11T11:00,30.2,69,1005.2,14.6,0.0
2023-07-11T12:00,31.2,65,1004.7,14.1,0.0
2023-07-11T13:00,31.8,63,1004.0,12.6,0.0
2023-07-11T14:00,31.3,66,1003.3,13.3,0.0
2023-07-11T15:00,31.1,68,1002.3,11.7,0.0
2023-07-11T16:00,31.1,68,1002.1,10.3,0.0
2023-07-11T17:00,30.8,72,1002.2,7.2,0.0
2023-07-11T18:00,29.8,73,1002.8,12.2,0.0
2023-07-11T19:00,29.3,75,1004.0,12.4,0.0
2023-07-11T20:00,28.9,76,1004.4,14.3,0.0
2023-07-11T21:00,28.7,77,1005.0,14.0,0.0
2023-07-11T22:00,28.3,80,1005.2,13.0,0.0
2023-07-11T23:00,27.8,83,1005.4,7.1,0.0
2023-07-12T00:00,27.0,86,1004.8,2.6,0.5
2023-07-12T01:00,25.3,92,1005.0,12.3,4.0
2023-07-12T02:00,25.4,91,1004.6,12.0,0.7
2023-07-12T03:00,24.8,93,1004.8,8.7,2.6
2023-07-12T04:00,24.5,93,1004.4,12.2,1.3
2023-07-12T05:00,25.7,88,1004.5,9.1,0.7
2023-07-12T06:00,24.8,92,1005.6,15.1,1.7
2023-07-12T07:00,25.1,89,1005.5,9.3,0.4
2023-07-12T08:00,26.1,88,1005.6,10.5,0.0
2023-07-12T09:00,27.6,83,1006.0,8.7,0.0
2023-07-12T10:00,29.5,75,1005.7,6.9,0.0
2023-07-12T11:00,31.2,68,1005.2,9.3,0.0
2023-07-12T12:00,32.0,63,1004.3,7.7,0.0
2023-07-12T13:00,32.5,61,1003.4,3.4,0.0
2023-07-12T14:00,32.4,64,1002.8,6.8,0.0
2023-07-12T15:00,30.4,82,1002.0,14.8,1.6
2023-07-12T16:00,29.7,83,1002.3,10.6,1.3
2023-07-12T17:00,28.2,84,1003.0,9.5,1.3
2023-07-12T18:00,27.7,85,1003.4,7.9,0.0
2023-07-12T19:00,27.0,85,1004.2,7.6,0.1
2023-07-12T20:00,26.6,87,1004.9,4.1,0.0
2023-07-12T21:00,26.4,92,1005.7,6.1,0.0
2023-07-12T22:00,26.9,88,1006.2,5.5,0.0
2023-07-12T23:00,27.1,88,1005.5,9.2,0.0
2023-07-13T00:00,26.8,86,1005.0,11.0,0.0
2023-07-13T01:00,26.4,86,1004.5,8.1,0.1
2023-07-13T02:00,26.1,88,1004.0,9.9,0.0
2023-07-13T03:00,26.1,89,1003.7,10.0,0.0
2023-07-13T04:00,26.3,89,1004.2,7.4,0.0
2023-07-13T05:00,26.3,86,1004.6,11.3,0.0
2023-07-13T06:00,26.4,88,1005.2,11.9,0.0
2023-07-13T07:00,27.1,87,1005.8,11.0,0.0
2023-07-13T08:00,28.5,81,1006.0,13.2,0.0
2023-07-13T09:00,30.1,73,1006.0,14.3,0.0
2023-07-13T10:00,31.3,64,1005.8,13.9,0.0
2023-07-13T11:00,31.9,62,1005.1,14.0,0.0
2023-07-13T12:00,32.3,60,1004.6,14.3,0.0
2023-07-13T13:00,32.5,59,1003.8,12.7,0.0
2023-07-13T14:00,32.6,59,1003.0,10.7,0.0
2023-07-13T15:00,32.7,59,1002.4,9.4,0.0
2023-07-13T16:00,31.7,65,1002.3,13.0,0.0
2023-07-13T17:00,30.1,82,1002.9,11.9,0.1
2023-07-13T18:00,29.5,82,1003.4,8.1,0.4
2023-07-13T19:00,28.4,89,1004.3,5.5,0.0
2023-07-13T20:00,28.5,85,1005.1,9.3,0.0
2023-07-13T21:00,28.2,85,1005.7,13.5,0.0
2023-07-13T22:00,27.9,86,1006.0,14.2,0.0
2023-07-13T23:00,27.8,84,1005.8,14.1,0.0
2023-07-14T00:00,27.7,81,1005.2,14.3,0.0
2023-07-14T01:00,27.5,79,1004.9,14.3,0.0
2023-07-14T02:00,27.2,77,1004.9,14.0,0.0
2023-07-14T03:00,27.1,76,1004.6,14.9,0.0
2023-07-14T04:00,26.9,76,1004.9,13.5,0.0
2023-07-14T05:00,27.2,76,1005.8,11.5,0.0
2023-07-14T06:00,27.4,77,1006.1,12.5,0.0
2023-07-14T07:00,28.1,77,1006.7,11.2,0.0
2023-07-14T08:00,29.2,74,1006.9,11.5,0.0
2023-07-14T09:00,30.4,69,1007.1,12.4,0.0
2023-07-14T10:00,31.5,63,1006.6,13.0,0.0
2023-07-14T11:00,32.5,59,1005.9,12.6,0.0
2023-07-14T12:00,33.1,57,1005.1,17.0,0.2
2023-07-14T13:00,33.7,58,1004.2,14.0,0.0
2023-07-14T14:00,33.9,56,1003.2,13.0,0.0
2023-07-14T15:00,33.9,55,1002.3,11.0,0.0
2023-07-14T16:00,32.2,64,1002.3,8.4,0.1
2023-07-14T17:00,33.1,58,1003.0,8.9,0.0
2023-07-14T18:00,31.1,68,1003.2,12.6,0.0
2023-07-14T19:00,29.4,79,1004.1,16.8,0.0
2023-07-14T20:00,29.3,75,1005.2,15.5,0.0
2023-07-14T21:00,29.2,76,1006.0,16.5,0.0
2023-07-14T22:00,29.2,77,1006.7,15.5,0.0
2023-07-14T23:00,28.8,77,1006.6,12.8,0.0
2023-07-15T00:00,28.6,74,1006.1,13.7,0.0
2023-07-15T01:00,28.2,75,1005.3,12.7,0.0
2023-07-15T02:00,28.0,72,1004.6,13.0,0.0
2023-07-15T03:00,27.7,71,1004.8,11.5,0.0
2023-07-15T04:00,27.3,71,1005.0,11.3,0.0
2023-07-15T05:00,27.9,72,1005.1,12.8,0.0
2023-07-15T06:00,28.2,70,1005.5,14.1,0.0
2023-07-15T07:00,29.3,70,1005.7,13.1,0.0
2023-07-15T08:00,30.8,62,1006.3,15.9,0.0
2023-07-15T09:00,31.7,58,1006.7,18.2,0.0
2023-07-15T10:00,32.7,57,1006.7,17.1,0.0
2023-07-15T11:00,33.6,55,1006.1,15.4,0.0
2023-07-15T12:00,34.3,54,1005.0,16.3,0.0
2023-07-15T13:00,34.8,51,1003.6,14.8,0.0
2023-07-15T14:00,35.2,49,1002.6,12.5,0.0
2023-07-15T15:00,35.1,48,1001.9,10.0,0.0
2023-07-15T16:00,34.8,49,1001.5,6.9,0.0
2023-07-15T17:00,34.2,51,1002.2,2.3,0.0
2023-07-15T18:00,31.8,71,1002.7,5.4,0.0
2023-07-15T19:00,30.8,67,1003.5,6.2,0.0
2023-07-15T20:00,30.6,68,1004.3,8.8,0.0
2023-07-15T21:00,30.0,69,1004.9,12.0,0.0
2023-07-15T22:00,29.7,69,1005.4,10.8,0.0
2023-07-15T23:00,29.2,70,1005.7,16.1,0.0
2023-07-16T00:00,28.5,74,1005.2,14.8,0.0
2023-07-16T01:00,28.1,76,1004.7,9.3,0.0
2023-07-16T02:00,27.7,79,1004.4,8.3,0.0
2023-07-16T03:00,27.5,80,1003.9,8.9,0.0
2023-07-16T04:00,27.5,78,1004.1,9.7,0.0
2023-07-16T05:00,28.4,74,1004.5,10.8,0.0
2023-07-16T06:00,28.8,72,1005.0,9.2,0.0
2023-07-16T07:00,28.9,74,1005.3,7.8,0.0
2023-07-16T08:00,29.9,70,1005.6,7.3,0.0
2023-07-16T09:00,31.7,59,1005.5,15.0,0.0
2023-07-16T10:00,31.9,58,1005.6,14.8,0.0
2023-07-16T11:00,32.4,58,1005.2,13.1,0.0
2023-07-16T12:00,33.4,56,1004.2,13.7,0.0
2023-07-16T13:00,33.7,55,1003.4,13.7,0.0
2023-07-16T14:00,34.1,55,1002.8,11.9,0.0
2023-07-16T15:00,34.0,55,1002.2,7.4,0.0
2023-07-16T16:00,33.6,56,1001.7,8.8,0.0
2023-07-16T17:00,32.4,57,1002.7,11.5,1.0
2023-07-16T18:00,30.8,65,1003.1,4.0,0.0
2023-07-16T19:00,30.1,67,1003.7,7.6,0.0
2023-07-16T20:00,29.9,70,1004.2,8.0,0.0
2023-07-16T21:00,29.5,72,1004.6,9.8,0.0
2023-07-16T22:00,29.1,72,1005.1,12.6,0.0
2023-07-16T23:00,29.0,71,1005.1,14.8,0.0
2023-07-17T00:00,28.6,72,1004.8,12.7,0.0
2023-07-17T01:00,28.2,70,1004.2,11.5,0.0
2023-07-17T02:00,28.1,67,1003.5,12.9,0.0
2023-07-17T03:00,27.9,67,1003.2,12.2,0.0
2023-07-17T04:00,27.7,67,1003.4,11.1,0.0
2023-07-17T05:00,28.1,68,1003.8,9.8,0.0
2023-07-17T06:00,28.5,68,1004.3,11.1,0.0
2023-07-17T07:00,29.6,67,1005.1,11.5,0.0
2023-07-17T08:00,31.0,62,1005.2,14.5,0.0
2023-07-17T09:00,32.3,56,1005.1,15.9,0.0
2023-07-17T10:00,33.3,54,1004.7,14.1,0.0
2023-07-17T11:00,34.0,53,1004.2,13.7,0.0
2023-07-17T12:00,34.6,52,1003.5,14.5,0.0
2023-07-17T13:00,35.3,51,1002.2,15.1,0.0
2023-07-17T14:00,35.7,49,1001.2,12.6,0.0
2023-07-17T15:00,34.7,51,1000.3,6.1,0.0
2023-07-17T16:00,31.7,70,1000.3,12.4,1.1
2023-07-17T17:00,29.0,74,1001.7,10.8,0.0
2023-07-17T18:00,28.7,79,1002.1,15.9,0.0
2023-07-17T19:00,29.2,73,1002.8,11.2,0.0
2023-07-17T20:00,28.8,80,1003.7,8.8,0.0
2023-07-17T21:00,28.6,84,1004.6,3.2,0.0
2023-07-17T22:00,28.6,81,1004.8,6.0,0.0
2023-07-17T23:00,29.0,75,1004.2,10.7,0.0
2023-07-18T00:00,28.6,75,1003.8,11.9,0.0
2023-07-18T01:00,28.6,73,1003.2,11.0,0.0
2023-07-18T02:00,28.0,74,1002.5,10.2,0.0
2023-07-18T03:00,27.7,76,1002.4,12.0,0.0
2023-07-18T04:00,28.0,70,1002.8,13.3,0.0
2023-07-18T05:00,28.4,63,1003.1,13.4,0.0
2023-07-18T06:00,29.0,61,1003.3,18.2,0.0
2023-07-18T07:00,30.0,60,1004.1,17.4,0.0
2023-07-18T08:00,30.8,58,1004.4,17.3,0.0
2023-07-18T09:00,31.8,56,1004.6,18.1,0.0
2023-07-18T10:00,32.8,54,1004.5,17.4,0.0
2023-07-18T11:00,33.5,53,1004.0,19.4,0.0
2023-07-18T12:00,33.9,50,1003.0,23.9,0.1
2023-07-18T13:00,35.1,48,1001.8,19.7,0.0
2023-07-18T14:00,35.6,44,1000.6,19.8,0.0
2023-07-18T15:00,36.1,41,999.6,18.3,0.0
2023-07-18T16:00,35.6,44,999.2,12.3,0.0
2023-07-18T17:00,33.7,51,999.8,11.9,0.0
2023-07-18T18:00,31.8,59,1000.2,7.3,0.0
2023-07-18T19:00,31.7,57,1001.3,4.7,0.0
2023-07-18T20:00,29.7,67,1002.3,3.7,0.0
2023-07-18T21:00,29.0,77,1002.9,4.6,0.0
2023-07-18T22:00,28.8,82,1003.2,1.1,0.0
2023-07-18T23:00,29.0,73,1003.3,8.9,0.0
2023-07-19T00:00,30.1,55,1002.7,17.0,0.0
2023-07-19T01:00,30.0,54,1002.2,17.2,0.0
2023-07-19T02:00,29.9,55,1001.8,17.1,0.0
2023-07-19T03:00,29.2,57,1001.6,16.2,0.0
2023-07-19T04:00,28.9,58,1001.6,14.7,0.0
2023-07-19T05:00,29.5,55,1001.5,16.6,0.0
2023-07-19T06:00,29.4,57,1002.2,15.3,0.0
2023-07-19T07:00,29.4,60,1002.8,12.4,0.0
2023-07-19T08:00,29.4,62,1003.3,12.5,0.0
2023-07-19T09:00,30.7,58,1003.4,13.6,0.0
2023-07-19T10:00,33.1,50,1003.4,19.3,0.0
2023-07-19T11:00,34.4,44,1002.4,22.9,0.0
2023-07-19T12:00,35.3,42,1001.4,27.8,0.0
2023-07-19T13:00,35.5,41,1000.4,26.1,0.0
2023-07-19T14:00,35.9,39,999.3,24.9,0.0
2023-07-19T15:00,36.3,38,998.5,21.8,0.0
2023-07-19T16:00,34.7,41,998.7,25.9,0.1
2023-07-19T17:00,31.6,61,999.6,9.8,0.0
2023-07-19T18:00,29.7,59,1000.9,16.9,0.2
2023-07-19T19:00,28.5,63,1001.7,18.9,0.1
2023-07-19T20:00,29.0,65,1001.8,14.0,0.0
2023-07-19T21:00,28.3,68,1002.7,12.6,0.0
2023-07-19T22:00,28.4,65,1002.8,12.5,0.0
2023-07-19T23:00,29.3,59,1002.5,14.3,0.0
2023-07-20T00:00,29.8,55,1001.8,19.1,0.0
2023-07-20T01:00,29.4,55,1001.5,21.4,0.0
2023-07-20T02:00,28.8,57,1001.2,19.1,0.0
2023-07-20T03:00,28.5,58,1001.1,19.3,0.0
2023-07-20T04:00,28.3,59,1001.2,18.0,0.0
2023-07-20T05:00,28.4,60,1001.1,15.1,0.0
2023-07-20T06:00,28.7,60,1001.6,17.3,0.0
2023-07-20T07:00,29.0,62,1002.4,15.9,0.0
2023-07-20T08:00,29.5,61,1003.2,15.3,0.0
2023-07-20T09:00,30.3,60,1003.0,13.5,0.0
2023-07-20T10:00,31.7,55,1002.4,15.9,0.0
2023-07-20T11:00,33.5,50,1002.0,22.4,0.0
2023-07-20T12:00,34.1,45,1001.4,24.6,0.0
2023-07-20T13:00,35.6,39,1000.0,24.1,0.0
2023-07-20T14:00,36.2,37,998.8,29.2,0.0
2023-07-20T15:00,36.0,38,998.3,28.7,0.0
2023-07-20T16:00,35.4,43,998.3,19.1,0.0
2023-07-20T17:00,34.1,48,998.5,14.5,0.0
2023-07-20T18:00,33.0,48,999.4,16.8,0.0
2023-07-20T19:00,33.2,45,1000.6,15.9,0.0
2023-07-20T20:00,33.1,44,1001.7,17.7,0.0
2023-07-20T21:00,32.4,48,1003.0,16.8,0.0
2023-07-20T22:00,31.5,50,1003.3,19.4,0.0
2023-07-20T23:00,30.6,54,1002.9,17.6,0.0
2023-07-21T00:00,30.1,56,1002.5,14.8,0.0
2023-07-21T01:00,29.6,58,1002.3,14.3,0.0
2023-07-21T02:00,29.9,54,1001.9,21.7,0.0
2023-07-21T03:00,29.5,55,1001.4,18.9,0.0
2023-07-21T04:00,29.1,56,1001.7,17.1,0.0
2023-07-21T05:00,29.4,56,1001.3,17.6,0.0
2023-07-21T06:00,29.5,57,1001.9,15.1,0.0
2023-07-21T07:00,30.1,57,1003.0,14.7,0.0
2023-07-21T08:00,31.2,54,1003.0,15.8,0.0
2023-07-21T09:00,31.7,52,1003.2,19.3,0.0
2023-07-21T10:00,33.1,49,1003.2,21.7,0.0
2023-07-21T11:00,33.7,46,1002.9,24.9,0.0
2023-07-21T12:00,35.5,41,1002.2,24.9,0.0
2023-07-21T13:00,36.0,41,1001.3,24.0,0.0
2023-07-21T14:00,35.8,40,1000.4,24.4,0.0
2023-07-21T15:00,35.5,41,1000.0,24.4,0.0
2023-07-21T16:00,34.6,44,1000.3,23.0,0.0
2023-07-21T17:00,34.5,47,1000.5,16.6,0.0
2023-07-21T18:00,33.3,46,1001.3,27.0,0.0
2023-07-21T19:00,32.3,47,1002.1,24.8,0.0
2023-07-21T20:00,31.5,51,1003.2,20.9,0.0
2023-07-21T21:00,30.8,55,1004.2,16.2,0.0
2023-07-21T22:00,30.2,59,1004.4,14.7,0.0
2023-07-21T23:00,29.8,62,1004.6,12.6,0.0
2023-07-22T00:00,29.5,63,1004.1,13.4,0.0
2023-07-22T01:00,29.2,64,1003.8,14.4,0.0
2023-07-22T02:00,28.8,65,1003.4,17.7,0.0
2023-07-22T03:00,27.9,67,1003.2,18.8,0.0
2023-07-22T04:00,27.8,68,1003.5,18.4,0.0
2023-07-22T05:00,29.5,58,1003.4,14.8,0.0
2023-07-22T06:00,30.0,56,1003.8,19.2,0.0
2023-07-22T07:00,30.2,57,1004.4,19.7,0.0
2023-07-22T08:00,30.3,58,1004.7,16.2,0.0
2023-07-22T09:00,31.4,55,1004.8,15.1,0.0
2023-07-22T10:00,32.4,52,1004.9,13.4,0.0
2023-07-22T11:00,33.0,50,1005.0,17.3,0.0
2023-07-22T12:00,34.4,45,1004.2,22.4,0.0
2023-07-22T13:00,33.6,49,1003.4,17.1,1.0
2023-07-22T14:00,34.6,44,1002.6,23.9,0.0
2023-07-22T15:00,33.7,48,1002.3,19.1,0.0
2023-07-22T16:00,33.4,48,1002.0,17.1,0.0
2023-07-22T17:00,31.9,62,1003.0,4.3,0.0
2023-07-22T18:00,30.3,67,1003.6,4.4,0.1
2023-07-22T19:00,30.3,64,1004.3,11.9,0.0
2023-07-22T20:00,30.2,60,1005.3,21.5,0.0
2023-07-22T21:00,30.2,58,1006.1,22.8,0.0
2023-07-22T22:00,29.9,59,1005.8,18.3,0.0
2023-07-22T23:00,29.3,62,1005.9,15.7,0.0
2023-07-23T00:00,29.2,62,1005.4,17.7,0.0
2023-07-23T01:00,28.0,69,1004.7,19.1,0.2
2023-07-23T02:00,26.1,85,1004.2,17.4,1.0
2023-07-23T03:00,25.9,86,1004.3,15.9,1.0
2023-07-23T04:00,25.7,87,1004.7,14.7,0.9
2023-07-23T05:00,26.1,88,1004.8,11.9,1.5
2023-07-23T06:00,26.2,89,1005.0,14.7,0.6
2023-07-23T07:00,26.7,85,1005.5,16.7,0.3
2023-07-23T08:00,27.2,83,1005.7,15.9,0.5
2023-07-23T09:00,28.0,80,1006.1,14.8,0.2
2023-07-23T10:00,28.4,79,1006.3,15.2,0.5
2023-07-23T11:00,28.4,77,1005.8,14.1,0.6
2023-07-23T12:00,28.7,79,1004.8,16.0,0.4
2023-07-23T13:00,28.8,80,1004.2,13.6,0.2
2023-07-23T14:00,28.6,82,1003.2,11.1,0.3
2023-07-23T15:00,29.0,81,1002.5,10.2,0.4
2023-07-23T16:00,28.8,79,1002.4,16.4,0.3
2023-07-23T17:00,28.3,86,1003.8,7.9,0.1
2023-07-23T18:00,25.8,92,1004.7,19.6,0.3
2023-07-23T19:00,25.9,91,1004.7,14.6,1.8
2023-07-23T20:00,26.0,90,1005.2,14.2,0.0
2023-07-23T21:00,26.3,90,1006.0,15.0,0.0
2023-07-23T22:00,26.4,90,1006.0,12.7,0.0
2023-07-23T23:00,26.3,91,1005.4,10.0,0.0
2023-07-24T00:00,26.4,90,1004.6,12.7,0.4
2023-07-24T01:00,26.2,90,1004.1,13.9,0.1
2023-07-24T02:00,25.7,92,1003.6,12.2,0.4
2023-07-24T03:00,25.6,92,1003.4,10.3,0.3
2023-07-24T04:00,25.5,92,1004.0,10.2,0.3
2023-07-24T05:00,25.8,90,1003.8,11.4,0.8
2023-07-24T06:00,26.1,90,1004.1,12.4,0.0
2023-07-24T07:00,26.8,85,1004.7,13.8,0.0
2023-07-24T08:00,27.4,82,1005.1,11.1,0.0
2023-07-24T09:00,27.8,76,1005.3,15.2,0.0
2023-07-24T10:00,28.5,73,1005.4,14.2,0.0
2023-07-24T11:00,29.5,69,1005.0,10.0,0.0
2023-07-24T12:00,29.4,70,1004.8,7.7,0.0
2023-07-24T13:00,29.2,73,1004.1,9.0,0.2
2023-07-24T14:00,29.1,74,1002.9,11.6,0.2
2023-07-24T15:00,28.6,77,1002.2,9.9,0.2
2023-07-24T16:00,28.8,77,1001.7,11.1,0.1
2023-07-24T17:00,27.1,89,1003.0,15.0,0.0
2023-07-24T18:00,26.2,91,1003.9,13.0,2.7
2023-07-24T19:00,26.2,92,1004.4,9.2,1.7
2023-07-24T20:00,25.9,93,1004.9,10.2,1.1
2023-07-24T21:00,26.0,91,1005.2,13.6,0.8
2023-07-24T22:00,25.7,91,1005.3,15.6,0.4
2023-07-24T23:00,25.5,91,1005.2,15.5,0.6
2023-07-25T00:00,25.5,88,1004.4,16.6,0.3
2023-07-25T01:00,25.4,87,1003.6,17.5,0.1
2023-07-25T02:00,24.9,90,1003.2,14.7,0.8
2023-07-25T03:00,24.7,91,1003.4,15.1,1.3
2023-07-25T04:00,24.7,90,1003.2,14.1,2.0
2023-07-25T05:00,25.1,87,1003.3,14.7,2.7
2023-07-25T06:00,25.3,87,1003.6,13.9,0.3
2023-07-25T07:00,25.8,86,1004.0,13.3,0.1
2023-07-25T08:00,26.6,84,1004.9,10.8,0.0
2023-07-25T09:00,27.4,82,1005.3,8.8,0.0
2023-07-25T10:00,28.1,78,1005.4,9.6,0.2
2023-07-25T11:00,28.4,77,1005.3,11.4,0.6
2023-07-25T12:00,28.2,79,1004.8,12.3,0.7
2023-07-25T13:00,28.2,80,1004.1,11.6,0.4
2023-07-25T14:00,28.5,79,1003.3,12.5,0.3
2023-07-25T15:00,28.6,79,1002.6,14.5,0.4
2023-07-25T16:00,28.3,81,1002.5,14.0,0.4
2023-07-25T17:00,26.8,90,1003.8,12.9,0.3
2023-07-25T18:00,26.4,93,1004.2,11.0,1.0
2023-07-25T19:00,26.1,94,1004.9,10.2,1.2
2023-07-25T20:00,25.9,94,1005.1,13.5,1.2
2023-07-25T21:00,25.8,93,1005.4,16.5,0.8
2023-07-25T22:00,25.7,92,1005.6,15.7,0.4
2023-07-25T23:00,25.6,91,1005.5,16.1,0.3
2023-07-26T00:00,25.4,91,1004.6,17.5,0.3
2023-07-26T01:00,25.2,91,1003.9,16.1,0.3
2023-07-26T02:00,25.1,91,1003.4,16.6,0.2
2023-07-26T03:00,25.0,90,1003.5,16.7,0.4
2023-07-26T04:00,25.1,87,1003.9,17.1,0.4
2023-07-26T05:00,25.6,83,1004.4,12.4,0.2
2023-07-26T06:00,25.6,83,1005.2,13.7,0.1
2023-07-26T07:00,26.1,82,1005.8,14.7,0.2
2023-07-26T08:00,26.5,83,1006.1,13.2,0.3
2023-07-26T09:00,26.5,86,1006.3,13.8,0.5
2023-07-26T10:00,26.9,85,1006.5,15.7,0.4
2023-07-26T11:00,26.7,87,1006.3,17.9,0.7
2023-07-26T12:00,27.2,86,1005.6,15.2,0.4
2023-07-26T13:00,28.0,82,1004.8,15.2,0.1
2023-07-26T14:00,28.6,78,1004.1,17.0,0.0
2023-07-26T15:00,28.4,79,1003.6,16.3,0.1
2023-07-26T16:00,28.7,76,1003.3,15.2,0.0
2023-07-26T17:00,28.8,75,1003.9,15.0,0.0
2023-07-26T18:00,28.3,75,1004.4,17.1,0.0
2023-07-26T19:00,27.8,76,1005.2,17.5,0.1
2023-07-26T20:00,27.3,77,1005.7,20.5,0.1
2023-07-26T21:00,26.6,81,1006.2,19.3,0.3
2023-07-26T22:00,26.0,85,1006.2,18.5,0.2
2023-07-26T23:00,25.8,86,1005.6,16.4,0.0
2023-07-27T00:00,25.8,85,1005.0,17.1,0.0
2023-07-27T01:00,25.7,84,1004.7,16.1,0.0
2023-07-27T02:00,25.5,83,1004.7,16.6,0.0
2023-07-27T03:00,25.7,81,1004.2,19.9,0.0
2023-07-27T04:00,25.9,79,1004.2,19.5,0.0
2023-07-27T05:00,26.4,76,1005.3,15.4,0.0
2023-07-27T06:00,26.6,75,1006.1,15.0,0.0
2023-07-27T07:00,27.5,74,1006.6,15.4,0.0
2023-07-27T08:00,29.2,69,1006.9,17.7,0.0
2023-07-27T09:00,30.6,61,1006.9,23.4,0.0
2023-07-27T10:00,31.4,59,1006.6,23.7,0.0
2023-07-27T11:00,32.2,56,1006.2,24.7,0.0
2023-07-27T12:00,33.3,51,1005.0,24.4,0.0
2023-07-27T13:00,34.1,50,1003.9,22.7,0.0
2023-07-27T14:00,34.5,49,1003.0,21.6,0.0
2023-07-27T15:00,34.6,49,1002.4,19.6,0.0
2023-07-27T16:00,33.8,52,1002.3,15.7,0.0
2023-07-27T17:00,32.1,58,1003.3,11.3,0.0
2023-07-27T18:00,30.7,61,1003.7,10.4,0.0
2023-07-27T19:00,29.8,64,1004.6,8.4,0.0
2023-07-27T20:00,29.1,68,1005.5,8.7,0.0
2023-07-27T21:00,29.7,61,1006.1,15.5,0.0
2023-07-27T22:00,29.0,63,1006.5,13.2,0.0
2023-07-27T23:00,28.8,64,1006.5,15.1,0.0
2023-07-28T00:00,28.3,64,1005.8,14.6,0.0
2023-07-28T01:00,28.1,64,1005.3,16.4,0.0
2023-07-28T02:00,28.0,63,1005.0,17.7,0.0
2023-07-28T03:00,27.6,65,1004.9,15.7,0.0
2023-07-28T04:00,27.0,67,1005.1,13.9,0.0
2023-07-28T05:00,27.1,67,1005.3,12.1,0.0
2023-07-28T06:00,27.3,68,1005.9,13.5,0.0
2023-07-28T07:00,28.3,67,1006.3,13.9,0.0
2023-07-28T08:00,29.7,61,1006.3,16.8,0.0
2023-07-28T09:00,30.9,56,1006.2,18.5,0.0
2023-07-28T10:00,32.0,55,1005.6,17.5,0.0
2023-07-28T11:00,33.1,53,1005.4,22.0,0.0
2023-07-28T12:00,34.5,48,1004.4,24.3,0.0
2023-07-28T13:00,35.0,48,1003.3,22.4,0.0
2023-07-28T14:00,35.3,46,1002.0,21.0,0.0
2023-07-28T15:00,35.1,45,1001.2,21.2,0.0
2023-07-28T16:00,34.7,48,1000.9,18.9,0.0
2023-07-28T17:00,33.4,56,1002.2,9.8,0.0
2023-07-28T18:00,31.9,59,1002.8,7.0,0.2
2023-07-28T19:00,30.2,69,1003.5,5.9,0.3
2023-07-28T20:00,30.2,63,1004.5,11.6,0.0
2023-07-28T21:00,29.4,66,1005.1,8.4,0.0
2023-07-28T22:00,29.8,63,1005.4,16.9,0.0
2023-07-28T23:00,30.1,59,1005.3,15.5,0.0
2023-07-29T00:00,29.1,63,1004.7,12.4,0.0
2023-07-29T01:00,28.4,65,1004.3,12.3,0.0
2023-07-29T02:00,28.0,67,1003.9,12.6,0.0
2023-07-29T03:00,27.8,66,1003.8,13.7,0.0
2023-07-29T04:00,27.5,66,1004.1,13.9,0.0
2023-07-29T05:00,28.0,64,1004.6,15.9,0.0
2023-07-29T06:00,28.1,65,1005.0,16.3,0.0
2023-07-29T07:00,28.8,66,1006.1,15.1,0.0
2023-07-29T08:00,30.0,61,1006.0,18.9,0.0
2023-07-29T09:00,31.1,59,1006.0,19.7,0.0
2023-07-29T10:00,32.4,56,1005.8,19.8,0.0
2023-07-29T11:00,33.5,52,1005.3,26.3,0.0
2023-07-29T12:00,34.3,49,1004.5,22.5,0.0
2023-07-29T13:00,35.0,46,1003.1,22.8,0.0
2023-07-29T14:00,35.4,46,1002.0,21.1,0.0
2023-07-29T15:00,35.5,43,1001.4,20.9,0.0
2023-07-29T16:00,34.8,47,1000.8,16.6,0.0
2023-07-29T17:00,33.7,51,1002.6,12.9,0.0
2023-07-29T18:00,31.5,62,1002.9,6.4,0.0
2023-07-29T19:00,30.3,63,1003.8,6.5,0.0
2023-07-29T20:00,31.2,54,1004.4,14.7,0.0
2023-07-29T21:00,31.6,50,1005.4,18.6,0.0
2023-07-29T22:00,30.2,56,1006.0,12.6,0.0
2023-07-29T23:00,29.6,59,1005.9,15.1,0.0
2023-07-30T00:00,29.5,59,1005.0,16.2,0.0
2023-07-30T01:00,28.9,61,1004.7,14.8,0.0
2023-07-30T02:00,28.7,62,1004.3,14.2,0.0
2023-07-30T03:00,28.3,63,1003.9,13.8,0.0
2023-07-30T04:00,28.2,63,1003.8,13.9,0.0
2023-07-30T05:00,28.7,61,1004.4,16.2,0.0
2023-07-30T06:00,28.7,61,1004.6,16.7,0.0
2023-07-30T07:00,29.3,62,1005.3,17.6,0.0
2023-07-30T08:00,30.4,58,1005.4,21.9,0.0
2023-07-30T09:00,31.5,56,1005.7,22.0,0.0
2023-07-30T10:00,32.5,55,1005.3,21.7,0.0
2023-07-30T11:00,33.5,52,1004.5,21.6,0.0
2023-07-30T12:00,34.1,52,1004.0,22.7,0.0
2023-07-30T13:00,34.7,50,1003.1,21.0,0.0
2023-07-30T14:00,35.2,48,1002.1,17.1,0.0
2023-07-30T15:00,35.5,46,1001.3,13.8,0.0
2023-07-30T16:00,34.6,46,1001.2,15.7,0.0
2023-07-30T17:00,32.4,60,1001.7,1.8,0.0
2023-07-30T18:00,31.8,67,1002.3,4.0,0.0
2023-07-30T19:00,30.2,72,1003.3,5.1,0.0
2023-07-30T20:00,29.3,76,1004.5,7.1,0.0
2023-07-30T21:00,29.6,68,1004.4,10.8,0.0
2023-07-30T22:00,29.1,70,1004.8,8.2,0.0
2023-07-30T23:00,28.8,72,1004.7,7.9,0.0
2023-07-31T00:00,28.5,71,1004.2,9.2,0.0
2023-07-31T01:00,28.4,69,1003.4,10.9,0.0
2023-07-31T02:00,28.6,65,1003.2,13.0,0.0
2023-07-31T03:00,28.4,65,1002.9,13.3,0.0
2023-07-31T04:00,28.1,66,1003.5,14.2,0.0
2023-07-31T05:00,29.0,62,1003.6,14.5,0.0
2023-07-31T06:00,29.0,62,1004.4,15.3,0.0
2023-07-31T07:00,29.6,63,1005.2,15.4,0.0
2023-07-31T08:00,30.6,60,1005.6,18.4,0.0
2023-07-31T09:00,31.4,58,1005.6,18.3,0.0
2023-07-31T10:00,32.6,56,1005.3,16.6,0.0
2023-07-31T11:00,33.9,53,1004.9,15.5,0.0
2023-07-31T12:00,34.6,52,1004.2,17.3,0.0
2023-07-31T13:00,34.8,52,1003.4,16.7,0.0
2023-07-31T14:00,34.6,52,1002.5,15.5,0.0
2023-07-31T15:00,33.4,56,1002.0,6.5,0.4
2023-07-31T16:00,34.0,54,1001.4,4.7,0.0
2023-07-31T17:00,29.8,78,1002.7,11.8,0.0
2023-07-31T18:00,29.6,77,1002.7,5.0,0.3
2023-07-31T19:00,29.3,78,1003.4,12.7,0.0
2023-07-31T20:00,28.8,79,1004.3,8.8,0.0
2023-07-31T21:00,28.1,81,1004.8,6.4,0.0
2023-07-31T22:00,27.9,80,1005.0,9.4,0.0
2023-07-31T23:00,27.8,78,1004.8,11.6,0.0
2023-08-01T00:00,27.7,77,1004.4,11.3,0.0
2023-08-01T01:00,27.4,78,1003.8,10.0,0.0
2023-08-01T02:00,27.4,77,1003.3,11.8,0.0
2023-08-01T03:00,27.9,69,1003.2,13.3,0.0
2023-08-01T04:00,28.1,64,1003.5,13.9,0.0
2023-08-01T05:00,29.0,62,1004.0,15.5,0.0
2023-08-01T06:00,29.1,62,1004.4,17.1,0.0
2023-08-01T07:00,29.5,63,1005.2,15.6,0.0
2023-08-01T08:00,30.5,61,1005.3,16.0,0.0
2023-08-01T09:00,31.8,57,1005.3,17.3,0.0
2023-08-01T10:00,32.8,55,1004.9,18.6,0.0
2023-08-01T11:00,33.8,51,1004.6,22.4,0.0
2023-08-01T12:00,34.7,49,1003.6,20.1,0.0
2023-08-01T13:00,35.1,47,1002.8,19.8,0.0
2023-08-01T14:00,35.2,46,1002.2,17.8,0.0
2023-08-01T15:00,33.9,52,1002.3,20.3,1.2
2023-08-01T16:00,30.9,67,1002.1,8.3,0.1
2023-08-01T17:00,33.5,54,1002.3,2.5,0.0
2023-08-01T18:00,30.6,73,1002.8,4.6,0.0
2023-08-01T19:00,29.7,74,1003.6,7.1,0.0
2023-08-01T20:00,30.1,61,1004.0,7.6,0.0
2023-08-01T21:00,30.9,52,1004.7,12.9,0.0
2023-08-01T22:00,30.1,56,1005.0,11.8,0.0
2023-08-01T23:00,29.5,58,1004.9,11.3,0.0
2023-08-02T00:00,29.2,58,1004.8,11.8,0.0
2023-08-02T01:00,29.2,56,1005.0,13.7,0.0
2023-08-02T02:00,29.1,56,1004.4,15.3,0.0
2023-08-02T03:00,28.9,56,1004.4,16.3,0.0
2023-08-02T04:00,28.4,59,1004.9,16.1,0.0
2023-08-02T05:00,28.8,58,1004.9,16.0,0.0
2023-08-02T06:00,28.7,59,1005.3,17.1,0.0
2023-08-02T07:00,29.4,60,1006.1,17.2,0.0
2023-08-02T08:00,30.5,56,1006.6,19.4,0.0
2023-08-02T09:00,31.6,52,1006.5,18.0,0.0
2023-08-02T10:00,32.6,50,1006.1,18.4,0.0
2023-08-02T11:00,33.8,46,1005.6,21.3,0.0
2023-08-02T12:00,34.7,43,1004.8,21.3,0.0
2023-08-02T13:00,35.5,41,1003.8,22.8,0.0
2023-08-02T14:00,36.0,38,1002.9,20.0,0.0
2023-08-02T15:00,36.0,39,1002.5,18.9,0.0
2023-08-02T16:00,35.9,38,1002.2,16.6,0.0
2023-08-02T17:00,34.7,44,1002.9,7.8,0.0
2023-08-02T18:00,32.7,49,1003.5,6.2,0.0
2023-08-02T19:00,32.3,46,1004.1,9.0,0.0
2023-08-02T20:00,31.4,48,1004.5,8.3,0.0
2023-08-02T21:00,30.7,49,1005.1,6.9,0.0
2023-08-02T22:00,30.3,48,1005.5,11.1,0.0
2023-08-02T23:00,30.0,47,1005.0,13.1,0.0
2023-08-03T00:00,30.1,46,1004.7,16.6,0.0
2023-08-03T01:00,30.0,48,1004.4,18.5,0.0
2023-08-03T02:00,29.6,52,1004.0,20.3,0.0
2023-08-03T03:00,29.2,55,1004.0,20.4,0.0
2023-08-03T04:00,28.5,57,1004.2,18.8,0.0
2023-08-03T05:00,28.7,58,1004.4,16.8,0.0
2023-08-03T06:00,28.8,60,1004.9,17.3,0.0
2023-08-03T07:00,29.6,59,1005.6,16.2,0.0
2023-08-03T08:00,31.0,55,1005.7,19.9,0.0
2023-08-03T09:00,32.3,52,1005.9,18.7,0.0
2023-08-03T10:00,33.6,49,1005.4,18.4,0.0
2023-08-03T11:00,34.6,47,1005.1,20.9,0.2
2023-08-03T12:00,35.8,44,1004.1,17.6,0.0
2023-08-03T13:00,36.7,41,1002.9,17.9,0.0
2023-08-03T14:00,37.0,39,1001.9,18.4,0.0
2023-08-03T15:00,36.8,37,1001.4,20.6,0.1
2023-08-03T16:00,35.3,41,1001.6,10.0,0.1
2023-08-03T17:00,31.8,63,1003.0,8.4,0.0
2023-08-03T18:00,30.4,67,1003.6,15.0,0.1
2023-08-03T19:00,29.5,66,1004.4,17.9,0.0
2023-08-03T20:00,29.5,79,1005.5,15.6,0.1
2023-08-03T21:00,29.3,80,1006.4,13.0,0.0
2023-08-03T22:00,29.2,80,1006.8,15.5,0.0
2023-08-03T23:00,29.0,76,1006.8,16.9,0.1
2023-08-04T00:00,28.5,81,1006.5,16.6,0.0
2023-08-04T01:00,28.1,86,1006.0,11.5,0.0
2023-08-04T02:00,27.7,87,1005.9,8.4,0.0
2023-08-04T03:00,27.6,83,1005.9,9.7,0.0
2023-08-04T04:00,28.3,62,1006.1,10.9,0.0
2023-08-04T05:00,28.2,61,1006.3,8.6,0.0
2023-08-04T06:00,28.0,66,1006.9,9.0,0.0
2023-08-04T07:00,29.1,64,1007.4,8.9,0.0
2023-08-04T08:00,30.7,54,1007.8,12.7,0.0
2023-08-04T09:00,31.9,51,1008.1,12.3,0.0
2023-08-04T10:00,33.2,48,1008.1,11.6,0.0
2023-08-04T11:00,34.9,44,1007.7,15.5,0.0
2023-08-04T12:00,35.9,43,1006.6,15.5,0.0
2023-08-04T13:00,36.8,41,1005.6,13.7,0.0
2023-08-04T14:00,35.4,43,1004.9,6.8,0.0
2023-08-04T15:00,31.4,64,1004.8,15.3,0.4
2023-08-04T16:00,31.2,63,1004.8,19.5,0.4
2023-08-04T17:00,31.9,63,1004.9,10.0,0.1
2023-08-04T18:00,31.0,66,1005.2,6.0,0.0
2023-08-04T19:00,30.4,67,1005.9,13.6,0.0
2023-08-04T20:00,30.0,69,1007.1,13.7,0.0
2023-08-04T21:00,29.9,68,1007.9,17.3,0.0
2023-08-04T22:00,29.7,67,1008.2,16.9,0.0
2023-08-04T23:00,29.4,65,1008.2,16.3,0.0
2023-08-05T00:00,29.3,64,1007.6,12.9,0.0
2023-08-05T01:00,29.1,65,1007.2,9.7,0.0
2023-08-05T02:00,28.9,65,1006.8,11.5,0.0
2023-08-05T03:00,28.7,65,1006.8,11.3,0.0
2023-08-05T04:00,28.3,65,1007.0,11.4,0.0
2023-08-05T05:00,29.3,64,1007.4,10.8,0.0
2023-08-05T06:00,29.2,65,1008.2,12.4,0.0
2023-08-05T07:00,30.5,62,1008.9,13.4,0.0
2023-08-05T08:00,31.9,54,1009.3,17.2,0.0
2023-08-05T09:00,33.0,50,1009.3,15.5,0.0
2023-08-05T10:00,34.3,47,1009.0,13.9,0.0
2023-08-05T11:00,35.2,44,1008.5,12.0,0.0
2023-08-05T12:00,36.1,41,1007.3,11.8,0.0
2023-08-05T13:00,36.4,40,1006.5,7.0,0.0
2023-08-05T14:00,35.4,42,1006.0,8.1,0.1
2023-08-05T15:00,32.9,56,1005.5,16.3,0.2
2023-08-05T16:00,31.7,61,1005.0,18.7,0.2
2023-08-05T17:00,31.5,64,1005.8,16.2,0.1
2023-08-05T18:00,30.5,74,1006.4,14.4,0.0
2023-08-05T19:00,29.8,78,1007.2,11.8,0.0
2023-08-05T20:00,29.6,79,1008.2,12.7,0.0
2023-08-05T21:00,29.4,78,1008.7,13.4,0.0
2023-08-05T22:00,29.2,78,1009.1,13.4,0.0
2023-08-05T23:00,29.1,76,1008.8,14.8,0.0
2023-08-06T00:00,28.9,76,1008.6,14.5,0.0
2023-08-06T01:00,27.2,84,1008.9,16.1,1.3
2023-08-06T02:00,25.9,89,1008.4,15.9,0.3
2023-08-06T03:00,25.0,89,1008.4,10.5,1.2
2023-08-06T04:00,24.3,93,1008.4,13.8,8.6
2023-08-06T05:00,27.2,85,1008.1,10.2,0.1
2023-08-06T06:00,26.0,90,1008.5,13.5,1.8
2023-08-06T07:00,27.0,85,1008.8,9.8,0.1
2023-08-06T08:00,29.5,75,1008.9,9.2,0.0
2023-08-06T09:00,32.0,62,1008.8,11.4,0.0
2023-08-06T10:00,33.7,53,1008.3,12.5,0.0
2023-08-06T11:00,35.1,48,1007.4,10.9,0.0
2023-08-06T12:00,35.8,45,1006.3,8.9,0.0
2023-08-06T13:00,36.0,44,1004.9,7.3,0.0
2023-08-06T14:00,35.2,53,1004.1,9.5,0.0
2023-08-06T15:00,33.6,62,1003.5,15.5,0.1
2023-08-06T16:00,33.2,59,1003.0,18.1,0.0
2023-08-06T17:00,32.7,57,1004.1,13.3,0.0
2023-08-06T18:00,31.5,63,1004.6,9.0,0.0
2023-08-06T19:00,30.9,67,1005.5,7.7,0.0
2023-08-06T20:00,30.4,68,1005.7,8.7,0.0
2023-08-06T21:00,30.1,71,1006.6,9.4,0.0
2023-08-06T22:00,29.1,75,1008.1,7.0,1.1
2023-08-06T23:00,28.4,79,1007.3,7.8,0.8
2023-08-07T00:00,28.1,79,1006.7,12.7,0.0
2023-08-07T01:00,27.5,81,1006.2,14.3,0.0
2023-08-07T02:00,27.1,80,1005.6,12.7,0.1
2023-08-07T03:00,26.2,83,1005.5,16.7,0.7
2023-08-07T04:00,26.4,82,1005.5,13.9,0.0
2023-08-07T05:00,26.8,83,1005.7,6.5,0.0
2023-08-07T06:00,27.2,85,1006.1,14.2,0.0
2023-08-07T07:00,27.4,84,1006.9,13.5,0.0
2023-08-07T08:00,29.3,77,1006.9,12.7,0.0
2023-08-07T09:00,31.4,64,1006.7,11.4,0.0
2023-08-07T10:00,33.7,51,1006.3,11.6,0.0
2023-08-07T11:00,35.1,45,1005.4,11.1,0.0
2023-08-07T12:00,35.6,43,1004.5,10.4,0.0
2023-08-07T13:00,35.6,43,1003.3,5.4,0.0
2023-08-07T14:00,35.3,44,1002.3,6.2,0.0
2023-08-07T15:00,33.1,64,1001.8,14.0,0.0
2023-08-07T16:00,32.0,67,1001.6,18.7,0.0
2023-08-07T17:00,30.3,74,1003.2,16.1,0.0
2023-08-07T18:00,30.2,74,1003.4,12.9,0.0
2023-08-07T19:00,29.6,81,1004.0,15.6,0.0
2023-08-07T20:00,29.3,81,1004.8,13.6,0.0
2023-08-07T21:00,29.1,82,1005.6,8.9,0.0
2023-08-07T22:00,28.8,85,1006.0,11.9,0.0
2023-08-07T23:00,28.7,85,1005.8,13.6,0.0
2023-08-08T00:00,28.6,83,1005.3,14.2,0.0
2023-08-08T01:00,28.7,79,1004.7,16.8,0.0
2023-08-08T02:00,28.7,76,1004.2,17.1,0.0
2023-08-08T03:00,28.1,78,1004.2,12.4,0.0
2023-08-08T04:00,27.9,77,1004.8,13.1,0.0
2023-08-08T05:00,24.4,93,1006.0,14.3,0.0
2023-08-08T06:00,25.3,88,1005.6,9.3,1.1
2023-08-08T07:00,26.7,86,1006.1,8.9,0.6
2023-08-08T08:00,28.5,82,1006.5,7.1,0.0
2023-08-08T09:00,30.9,68,1006.8,8.8,0.0
2023-08-08T10:00,32.8,57,1006.6,8.6,0.0
2023-08-08T11:00,34.0,51,1006.1,7.2,0.0
2023-08-08T12:00,34.9,47,1005.1,4.0,0.0
2023-08-08T13:00,35.1,45,1004.1,1.0,0.0
2023-08-08T14:00,34.1,52,1003.5,8.9,0.0
2023-08-08T15:00,32.6,64,1003.1,15.5,0.0
2023-08-08T16:00,31.3,68,1003.0,18.7,0.0
2023-08-08T17:00,31.6,65,1004.3,9.9,0.0
2023-08-08T18:00,30.5,74,1004.9,11.2,0.0
2023-08-08T19:00,29.7,79,1005.8,9.5,0.0
2023-08-08T20:00,29.4,80,1006.9,8.8,0.0
2023-08-08T21:00,29.1,82,1007.6,8.7,0.0
2023-08-08T22:00,28.9,81,1007.8,11.6,0.0
2023-08-08T23:00,28.7,81,1007.4,13.8,0.0
2023-08-09T00:00,28.6,80,1007.0,15.0,0.0
2023-08-09T01:00,28.2,77,1006.5,14.8,0.0
2023-08-09T02:00,27.5,78,1006.0,11.2,0.0
2023-08-09T03:00,27.2,80,1006.0,9.2,0.0
2023-08-09T04:00,27.1,81,1006.1,7.7,0.0
2023-08-09T05:00,26.7,87,1007.2,8.1,0.0
2023-08-09T06:00,27.2,83,1007.3,8.0,0.0
2023-08-09T07:00,28.4,79,1008.5,5.8,0.0
2023-08-09T08:00,29.0,72,1009.1,12.2,0.0
2023-08-09T09:00,30.7,63,1009.2,11.6,0.0
2023-08-09T10:00,32.4,56,1008.7,7.8,0.0
2023-08-09T11:00,33.6,52,1008.2,5.0,0.0
2023-08-09T12:00,34.4,51,1007.4,1.1,0.0
2023-08-09T13:00,34.3,53,1006.7,8.6,0.0
2023-08-09T14:00,32.7,64,1006.0,11.1,1.9
2023-08-09T15:00,31.9,65,1005.2,12.2,0.0
2023-08-09T16:00,31.9,63,1005.0,9.4,0.0
2023-08-09T17:00,31.8,63,1005.3,4.3,0.0
2023-08-09T18:00,30.7,69,1005.8,6.0,0.0
2023-08-09T19:00,29.9,78,1006.7,9.0,0.0
2023-08-09T20:00,29.5,78,1007.5,7.7,0.0
2023-08-09T21:00,29.2,78,1008.0,8.7,0.0
2023-08-09T22:00,28.9,82,1008.4,8.6,0.0
2023-08-09T23:00,28.7,84,1008.1,9.5,0.0
2023-08-10T00:00,28.5,83,1007.4,11.2,0.0
2023-08-10T01:00,28.4,81,1007.0,11.7,0.0
2023-08-10T02:00,28.2,80,1006.5,12.3,0.0
2023-08-10T03:00,28.0,78,1006.6,14.3,0.0
2023-08-10T04:00,27.8,75,1007.2,14.6,0.0
2023-08-10T05:00,25.3,87,1008.1,8.0,0.0
2023-08-10T06:00,25.9,87,1008.6,10.5,0.1
2023-08-10T07:00,27.0,84,1009.1,9.1,0.0
2023-08-10T08:00,29.1,75,1009.2,9.7,0.0
2023-08-10T09:00,31.5,63,1009.0,11.0,0.0
2023-08-10T10:00,33.2,55,1008.8,12.0,0.0
2023-08-10T11:00,34.3,49,1008.1,12.1,0.0
2023-08-10T12:00,35.0,47,1007.1,9.4,0.0
2023-08-10T13:00,34.7,49,1006.3,8.7,0.0
2023-08-10T14:00,32.9,63,1005.8,13.3,0.4
2023-08-10T15:00,31.5,68,1005.4,12.3,0.1
2023-08-10T16:00,30.9,70,1005.3,11.3,0.1
2023-08-10T17:00,29.5,79,1006.4,13.0,0.0
2023-08-10T18:00,29.5,78,1006.8,11.9,0.0
2023-08-10T19:00,29.1,79,1007.0,9.5,0.0
2023-08-10T20:00,28.9,80,1007.8,9.0,0.0
2023-08-10T21:00,28.3,82,1008.4,12.4,0.0
2023-08-10T22:00,27.6,78,1008.8,13.5,0.0
2023-08-10T23:00,27.3,78,1008.4,13.6,0.0
2023-08-11T00:00,27.2,78,1007.6,14.0,0.0
2023-08-11T01:00,27.2,77,1007.0,14.2,0.0
2023-08-11T02:00,27.1,75,1006.3,12.6,0.0
2023-08-11T03:00,26.9,74,1006.1,11.8,0.0
2023-08-11T04:00,26.6,74,1006.2,10.9,0.0
2023-08-11T05:00,26.7,78,1006.7,14.2,0.0
2023-08-11T06:00,26.6,80,1007.3,15.0,0.0
2023-08-11T07:00,26.9,82,1007.9,17.0,0.0
2023-08-11T08:00,29.7,73,1007.9,14.5,0.0
2023-08-11T09:00,32.1,60,1008.0,15.5,0.0
2023-08-11T10:00,33.3,54,1008.0,12.7,0.0
2023-08-11T11:00,33.7,54,1007.4,9.3,0.0
2023-08-11T12:00,33.9,55,1006.6,2.9,0.0
2023-08-11T13:00,31.3,69,1005.9,10.6,1.6
2023-08-11T14:00,31.4,69,1004.8,7.7,0.2
2023-08-11T15:00,32.1,65,1004.3,6.0,0.0
2023-08-11T16:00,31.5,68,1004.3,6.8,0.0
2023-08-11T17:00,28.6,82,1005.4,12.0,0.1
2023-08-11T18:00,28.0,84,1006.0,10.3,0.1
2023-08-11T19:00,27.6,88,1006.7,9.5,0.2
2023-08-11T20:00,27.3,90,1007.2,5.0,0.1
2023-08-11T21:00,27.1,91,1007.6,7.3,0.0
2023-08-11T22:00,27.0,90,1008.0,8.7,0.0
2023-08-11T23:00,26.9,91,1007.9,9.5,0.0
2023-08-12T00:00,26.9,89,1007.6,12.5,0.0
2023-08-12T01:00,26.5,90,1006.9,16.2,1.8
2023-08-12T02:00,25.9,92,1007.1,14.8,0.0
2023-08-12T03:00,25.5,91,1006.4,10.0,1.0
2023-08-12T04:00,25.3,93,1007.0,10.5,1.2
2023-08-12T05:00,25.2,91,1006.6,10.5,1.1
2023-08-12T06:00,25.9,88,1006.7,11.9,0.2
2023-08-12T07:00,27.0,87,1007.3,14.1,0.0
2023-08-12T08:00,29.3,78,1007.6,12.3,0.0
2023-08-12T09:00,31.4,66,1007.4,12.6,0.0
2023-08-12T10:00,33.4,57,1007.2,13.8,0.0
2023-08-12T11:00,34.5,51,1006.4,12.2,0.0
2023-08-12T12:00,35.2,49,1005.5,9.2,0.0
2023-08-12T13:00,35.3,51,1004.5,4.1,0.0
2023-08-12T14:00,35.0,52,1003.5,3.6,0.0
2023-08-12T15:00,33.1,61,1002.9,12.8,0.1
2023-08-12T16:00,31.8,67,1002.9,17.7,0.0
2023-08-12T17:00,27.5,83,1004.8,8.2,4.2
2023-08-12T18:00,27.7,87,1005.1,10.4,0.3
2023-08-12T19:00,26.1,93,1006.2,11.2,6.2
2023-08-12T20:00,26.4,94,1007.2,11.6,0.7
2023-08-12T21:00,26.5,93,1007.4,8.4,1.1
2023-08-12T22:00,26.3,93,1007.6,6.2,0.4
2023-08-12T23:00,26.0,93,1007.3,5.9,0.0
2023-08-13T00:00,25.8,94,1006.6,8.9,0.0
2023-08-13T01:00,25.6,94,1005.7,9.2,0.0
2023-08-13T02:00,25.5,93,1005.2,11.6,0.0
2023-08-13T03:00,25.5,93,1005.3,13.0,0.0
2023-08-13T04:00,25.6,93,1005.5,11.6,0.0
2023-08-13T05:00,26.3,88,1005.9,11.7,0.0
2023-08-13T06:00,25.2,92,1006.4,4.6,7.2
2023-08-13T07:00,26.5,90,1006.8,6.4,0.7
2023-08-13T08:00,27.8,85,1007.2,5.3,0.1
2023-08-13T09:00,29.8,77,1007.4,7.4,0.0
2023-08-13T10:00,32.0,65,1007.0,9.1,0.0
2023-08-13T11:00,33.5,57,1006.3,7.8,0.0
2023-08-13T12:00,34.1,55,1005.3,7.3,0.0
2023-08-13T13:00,34.5,52,1004.2,5.1,0.0
2023-08-13T14:00,34.5,52,1003.2,5.0,0.0
2023-08-13T15:00,34.1,54,1002.5,5.9,0.0
2023-08-13T16:00,32.4,71,1002.6,10.2,0.1
2023-08-13T17:00,30.7,74,1003.7,0.5,0.0
2023-08-13T18:00,29.9,78,1004.3,3.7,0.0
2023-08-13T19:00,29.1,82,1005.6,5.5,0.0
2023-08-13T20:00,28.4,83,1006.3,9.4,0.0
2023-08-13T21:00,28.3,79,1006.9,12.7,0.0
2023-08-13T22:00,27.9,81,1007.1,13.0,0.0
2023-08-13T23:00,27.8,80,1006.9,14.8,0.0
2023-08-14T00:00,27.6,79,1006.4,18.8,0.0
2023-08-14T01:00,27.0,85,1006.0,14.5,0.0
2023-08-14T02:00,26.5,86,1006.2,16.6,1.1
2023-08-14T03:00,26.3,91,1005.7,16.9,0.7
2023-08-14T04:00,26.6,90,1005.9,15.1,0.0
2023-08-14T05:00,26.1,91,1005.9,13.1,0.0
2023-08-14T06:00,26.1,92,1006.6,12.6,0.1
2023-08-14T07:00,26.8,90,1007.4,14.0,0.2
2023-08-14T08:00,28.1,81,1007.8,16.3,0.2
2023-08-14T09:00,29.5,74,1008.0,13.2,0.0
2023-08-14T10:00,31.3,68,1007.7,10.7,0.0
2023-08-14T11:00,32.5,64,1006.9,8.1,0.0
2023-08-14T12:00,33.4,59,1006.3,4.0,0.0
2023-08-14T13:00,33.5,60,1005.3,3.1,0.0
2023-08-14T14:00,32.6,67,1004.5,10.8,0.7
2023-08-14T15:00,31.0,77,1004.0,11.2,1.9
2023-08-14T16:00,30.8,76,1003.6,9.2,0.1
2023-08-14T17:00,26.2,91,1005.2,11.6,0.0
2023-08-14T18:00,25.8,95,1005.9,13.8,6.0
2023-08-14T19:00,26.7,87,1006.1,11.6,0.2
2023-08-14T20:00,26.8,85,1006.9,8.3,0.1
2023-08-14T21:00,26.7,87,1007.8,8.8,0.1
2023-08-14T22:00,26.7,89,1007.8,9.8,0.0
2023-08-14T23:00,26.9,90,1007.4,11.9,0.0
2023-08-15T00:00,27.2,90,1006.8,11.6,0.0
2023-08-15T01:00,27.3,90,1006.0,12.7,0.0
2023-08-15T02:00,27.1,90,1005.6,12.0,0.0
2023-08-15T03:00,26.8,90,1005.5,10.7,0.0
2023-08-15T04:00,26.6,91,1005.6,10.7,0.0
2023-08-15T05:00,25.4,90,1007.2,7.6,0.0
2023-08-15T06:00,26.0,90,1007.1,11.0,1.1
2023-08-15T07:00,26.9,89,1007.8,10.2,0.1
2023-08-15T08:00,27.3,85,1008.3,11.2,0.1
2023-08-15T09:00,29.0,81,1008.5,7.6,0.3
2023-08-15T10:00,30.4,77,1008.0,5.2,0.1
2023-08-15T11:00,31.9,67,1007.5,7.0,0.1
2023-08-15T12:00,33.1,61,1006.7,4.1,0.0
2023-08-15T13:00,33.5,59,1005.5,3.3,0.0
2023-08-15T14:00,33.5,59,1004.4,4.7,0.0
2023-08-15T15:00,33.0,65,1003.9,9.7,0.0
2023-08-15T16:00,31.4,80,1003.9,14.0,0.8
2023-08-15T17:00,28.9,76,1004.5,17.3,0.0
2023-08-15T18:00,29.5,79,1004.8,5.8,0.1
2023-08-15T19:00,28.8,80,1005.5,6.6,0.0
2023-08-15T20:00,29.0,79,1006.8,13.3,0.0
2023-08-15T21:00,28.7,85,1007.5,15.2,0.0
2023-08-15T22:00,28.5,85,1007.7,16.0,0.0
2023-08-15T23:00,28.3,83,1007.5,16.7,0.0
2023-08-16T00:00,28.0,85,1007.0,17.2,0.0
2023-08-16T01:00,27.7,85,1006.7,17.2,0.0
2023-08-16T02:00,27.4,82,1006.3,14.8,0.0
2023-08-16T03:00,27.1,81,1006.3,15.3,0.0
2023-08-16T04:00,26.9,81,1006.9,12.0,0.0
2023-08-16T05:00,26.5,89,1007.2,9.3,0.0
2023-08-16T06:00,26.6,90,1007.7,6.1,0.0
2023-08-16T07:00,27.9,83,1008.0,8.7,0.0
2023-08-16T08:00,29.3,77,1008.2,10.2,0.0
2023-08-16T09:00,31.0,71,1008.3,10.8,0.0
2023-08-16T10:00,32.5,64,1007.8,10.8,0.0
2023-08-16T11:00,33.5,58,1007.0,11.4,0.0
2023-08-16T12:00,34.2,56,1006.0,9.4,0.0
2023-08-16T13:00,34.3,55,1004.9,3.3,0.0
2023-08-16T14:00,34.2,54,1004.0,5.4,0.0
2023-08-16T15:00,32.5,67,1003.7,12.9,0.4
2023-08-16T16:00,31.5,70,1003.5,15.1,0.0
2023-08-16T17:00,30.3,75,1004.1,10.5,0.0
2023-08-16T18:00,29.3,79,1005.1,16.2,0.1
2023-08-16T19:00,28.6,78,1005.6,13.8,0.0
2023-08-16T20:00,28.2,80,1006.6,13.2,0.0
2023-08-16T21:00,28.4,79,1007.3,11.7,0.0
2023-08-16T22:00,28.5,82,1007.6,10.9,0.0
2023-08-16T23:00,28.3,87,1007.3,7.0,0.0
2023-08-17T00:00,28.2,87,1006.7,9.7,0.0
2023-08-17T01:00,27.7,85,1006.0,10.6,0.0
2023-08-17T02:00,27.5,81,1005.9,13.9,0.0
2023-08-17T03:00,27.1,76,1005.8,14.0,0.0
2023-08-17T04:00,26.7,74,1005.9,11.8,0.0
2023-08-17T05:00,27.4,89,1006.0,9.8,0.0
2023-08-17T06:00,27.6,85,1006.4,12.2,0.0
2023-08-17T07:00,28.2,78,1006.7,10.9,0.0
2023-08-17T08:00,29.4,73,1007.3,10.7,0.0
2023-08-17T09:00,31.1,68,1007.4,10.2,0.0
2023-08-17T10:00,32.4,64,1007.0,11.3,0.0
2023-08-17T11:00,33.7,58,1006.9,11.4,0.1
2023-08-17T12:00,34.5,53,1005.7,11.6,0.0
2023-08-17T13:00,35.1,51,1004.3,12.3,0.0
2023-08-17T14:00,35.4,48,1003.5,12.8,0.0
2023-08-17T15:00,35.2,48,1002.7,3.3,0.0
2023-08-17T16:00,32.6,59,1003.3,3.5,0.1
2023-08-17T17:00,31.2,64,1003.7,12.8,0.0
2023-08-17T18:00,29.5,76,1004.9,2.6,0.2
2023-08-17T19:00,27.7,70,1005.9,21.3,0.4
2023-08-17T20:00,26.1,79,1006.8,20.7,6.6
2023-08-17T21:00,25.4,85,1006.6,16.6,0.6
2023-08-17T22:00,25.8,85,1007.2,15.6,0.2
2023-08-17T23:00,24.9,87,1007.1,19.7,0.3
2023-08-18T00:00,24.4,85,1006.3,22.6,0.0
2023-08-18T01:00,24.9,82,1005.7,15.9,0.0
2023-08-18T02:00,25.1,84,1005.3,13.3,0.0
2023-08-18T03:00,25.0,84,1004.6,10.7,0.0
2023-08-18T04:00,24.9,86,1004.6,10.8,0.0
2023-08-18T05:00,26.7,93,1004.8,5.0,0.0
2023-08-18T06:00,27.4,87,1004.9,6.5,0.0
2023-08-18T07:00,28.1,84,1005.7,2.6,0.0
2023-08-18T08:00,29.2,78,1006.0,5.2,0.0
2023-08-18T09:00,30.7,66,1006.0,12.4,0.0
2023-08-18T10:00,32.1,57,1005.9,14.8,0.0
2023-08-18T11:00,33.1,54,1005.5,15.1,0.0
2023-08-18T12:00,34.0,51,1004.1,15.9,0.0
2023-08-18T13:00,34.6,47,1003.0,15.5,0.0
2023-08-18T14:00,35.4,44,1002.0,14.0,0.0
2023-08-18T15:00,35.1,44,1001.3,13.6,0.0
2023-08-18T16:00,33.3,54,1001.2,11.0,0.0
2023-08-18T17:00,29.7,73,1002.7,7.3,0.1
2023-08-18T18:00,27.9,81,1003.3,9.3,0.7
2023-08-18T19:00,28.0,80,1003.7,13.8,0.0
2023-08-18T20:00,27.8,85,1004.1,16.6,0.0
2023-08-18T21:00,28.0,80,1004.8,16.2,0.0
2023-08-18T22:00,28.2,85,1005.0,18.4,0.0
2023-08-18T23:00,28.1,85,1005.1,10.2,0.0
2023-08-19T00:00,27.4,88,1005.2,8.2,0.0
2023-08-19T01:00,27.4,83,1004.5,10.0,0.0
2023-08-19T02:00,27.6,76,1004.1,12.0,0.0
2023-08-19T03:00,27.4,72,1003.8,11.5,0.0
2023-08-19T04:00,27.4,69,1004.1,11.2,0.0
2023-08-19T05:00,28.2,60,1003.8,15.5,0.0
2023-08-19T06:00,28.0,61,1004.3,14.3,0.0
2023-08-19T07:00,28.8,64,1005.1,12.3,0.0
2023-08-19T08:00,30.2,60,1005.5,13.3,0.0
2023-08-19T09:00,31.5,55,1005.3,14.9,0.0
2023-08-19T10:00,32.6,54,1005.4,14.8,0.0
2023-08-19T11:00,33.7,51,1004.8,13.4,0.0
2023-08-19T12:00,34.7,48,1003.8,12.6,0.0
2023-08-19T13:00,35.6,46,1002.4,11.7,0.0
2023-08-19T14:00,35.0,46,1001.3,8.7,0.0
2023-08-19T15:00,33.0,63,1000.7,14.1,0.2
2023-08-19T16:00,31.4,69,1000.7,16.5,0.2
2023-08-19T17:00,31.3,72,1001.8,9.2,0.1
2023-08-19T18:00,30.0,76,1002.5,5.4,0.0
2023-08-19T19:00,29.6,70,1003.7,10.0,0.0
2023-08-19T20:00,28.5,69,1004.9,3.6,0.0
2023-08-19T21:00,27.8,75,1005.3,3.9,0.0
2023-08-19T22:00,27.5,80,1005.5,3.6,0.0
2023-08-19T23:00,27.1,80,1005.4,4.4,0.0
2023-08-20T00:00,26.9,81,1004.9,5.1,0.0
2023-08-20T01:00,26.9,80,1004.9,6.9,0.0
2023-08-20T02:00,26.6,81,1004.6,8.7,0.0
2023-08-20T03:00,26.7,76,1004.7,9.3,0.0
2023-08-20T04:00,26.8,72,1004.9,9.6,0.0
2023-08-20T05:00,26.9,79,1005.1,10.7,0.0
2023-08-20T06:00,27.3,76,1005.5,12.0,0.0
2023-08-20T07:00,28.2,76,1006.2,11.3,0.0
2023-08-20T08:00,30.0,66,1006.6,10.7,0.0
2023-08-20T09:00,31.2,58,1006.4,12.6,0.0
2023-08-20T10:00,32.1,56,1006.0,10.9,0.0
2023-08-20T11:00,33.1,54,1005.3,8.7,0.0
2023-08-20T12:00,34.0,50,1004.5,6.6,0.0
2023-08-20T13:00,34.1,48,1003.7,1.1,0.2
2023-08-20T14:00,33.7,51,1002.7,6.6,0.3
2023-08-20T15:00,31.9,66,1001.9,15.8,0.1
2023-08-20T16:00,30.8,68,1001.3,17.6,0.1
2023-08-20T17:00,30.2,70,1002.1,17.1,0.0
2023-08-20T18:00,29.7,74,1002.3,16.5,0.0
2023-08-20T19:00,29.2,77,1002.8,16.8,0.0
2023-08-20T20:00,29.0,79,1003.6,15.8,0.0
2023-08-20T21:00,28.8,80,1004.4,12.5,0.0
2023-08-20T22:00,28.6,80,1005.2,11.5,0.0
2023-08-20T23:00,28.4,82,1005.1,14.1,0.0
2023-08-21T00:00,28.3,80,1004.8,13.3,0.0
2023-08-21T01:00,28.5,76,1004.2,12.2,0.0
2023-08-21T02:00,27.9,84,1003.9,13.4,0.0
2023-08-21T03:00,27.7,84,1003.6,12.7,0.0
2023-08-21T04:00,27.5,81,1003.9,11.2,0.0
2023-08-21T05:00,27.7,86,1004.4,8.9,0.0
2023-08-21T06:00,27.9,82,1004.5,12.1,0.0
2023-08-21T07:00,28.9,78,1005.4,10.7,0.0
2023-08-21T08:00,30.6,71,1006.2,9.5,0.0
2023-08-21T09:00,32.3,61,1006.0,8.8,0.0
2023-08-21T10:00,33.3,56,1006.0,8.1,0.0
2023-08-21T11:00,33.9,55,1005.3,6.0,0.0
2023-08-21T12:00,34.3,54,1004.6,3.2,0.0
2023-08-21T13:00,33.6,58,1003.7,8.9,0.5
2023-08-21T14:00,31.7,68,1002.8,11.4,1.3
2023-08-21T15:00,32.2,66,1002.0,11.2,0.0
2023-08-21T16:00,31.6,66,1001.5,13.2,0.0
2023-08-21T17:00,31.1,70,1002.4,12.8,0.0
2023-08-21T18:00,29.8,77,1003.0,10.7,0.0
2023-08-21T19:00,29.2,82,1003.8,8.6,0.0
2023-08-21T20:00,29.0,85,1004.5,8.1,0.0
2023-08-21T21:00,28.8,86,1004.9,9.1,0.0
2023-08-21T22:00,28.6,87,1005.2,10.3,0.0
2023-08-21T23:00,28.5,89,1005.3,9.0,0.0
2023-08-22T00:00,28.2,91,1005.1,8.8,0.0
2023-08-22T01:00,27.8,91,1004.7,6.9,0.0
2023-08-22T02:00,27.5,90,1004.4,7.7,0.0
2023-08-22T03:00,27.3,89,1004.1,9.4,0.1
2023-08-22T04:00,27.3,88,1004.4,6.4,0.1
2023-08-22T05:00,27.4,88,1004.4,7.6,0.2
2023-08-22T06:00,25.5,94,1005.7,13.4,6.3
2023-08-22T07:00,27.2,90,1005.9,14.8,0.4
2023-08-22T08:00,28.6,82,1006.6,14.0,0.1
2023-08-22T09:00,30.1,76,1006.4,15.6,0.0
2023-08-22T10:00,31.4,67,1005.9,16.4,0.2
2023-08-22T11:00,32.2,64,1005.3,16.9,0.0
2023-08-22T12:00,32.8,64,1004.5,16.6,0.0
2023-08-22T13:00,32.9,66,1003.4,16.7,0.1
2023-08-22T14:00,32.0,69,1002.7,14.4,0.8
2023-08-22T15:00,32.4,69,1002.3,15.8,0.0
2023-08-22T16:00,31.7,73,1002.0,14.8,0.0
2023-08-22T17:00,31.0,74,1002.8,14.0,0.0
2023-08-22T18:00,29.6,80,1003.6,13.7,0.0
2023-08-22T19:00,29.1,79,1004.5,14.5,0.0
2023-08-22T20:00,29.1,79,1005.5,13.1,0.0
2023-08-22T21:00,28.8,80,1006.0,13.6,0.0
2023-08-22T22:00,28.5,84,1006.4,11.7,0.0
2023-08-22T23:00,28.0,86,1006.4,12.6,0.5
2023-08-23T00:00,27.5,90,1005.7,13.8,0.1
2023-08-23T01:00,26.4,94,1005.8,15.7,3.2
2023-08-23T02:00,26.4,93,1005.2,15.5,0.3
2023-08-23T03:00,26.2,93,1005.3,14.2,1.1
2023-08-23T04:00,26.2,93,1005.7,12.9,0.1
2023-08-23T05:00,26.3,90,1005.8,12.6,0.0
2023-08-23T06:00,26.3,92,1006.3,12.5,0.3
2023-08-23T07:00,27.0,90,1006.8,10.5,0.2
2023-08-23T08:00,28.6,84,1007.2,10.8,0.0
2023-08-23T09:00,30.3,75,1006.9,12.9,0.0
2023-08-23T10:00,31.9,66,1006.4,12.4,0.1
2023-08-23T11:00,33.0,61,1005.9,10.7,0.1
2023-08-23T12:00,33.5,60,1004.9,9.1,0.0
2023-08-23T13:00,33.2,67,1003.7,10.7,0.0
2023-08-23T14:00,32.4,78,1002.7,14.0,0.1
2023-08-23T15:00,31.7,77,1002.2,17.9,0.0
2023-08-23T16:00,31.0,75,1001.7,17.9,0.0
2023-08-23T17:00,30.7,84,1002.0,15.3,0.0
2023-08-23T18:00,28.9,83,1002.8,16.1,0.0
2023-08-23T19:00,28.9,84,1003.7,15.9,0.0
2023-08-23T20:00,28.8,85,1004.6,13.3,0.0
2023-08-23T21:00,28.5,86,1005.3,11.5,0.0
2023-08-23T22:00,28.4,85,1005.5,10.0,0.0
2023-08-23T23:00,28.3,85,1005.1,11.5,0.0
2023-08-24T00:00,28.1,89,1004.4,12.7,0.0
2023-08-24T01:00,28.0,89,1004.0,14.5,0.0
2023-08-24T02:00,28.1,86,1003.7,18.0,0.0
2023-08-24T03:00,28.1,86,1003.7,18.9,0.0
2023-08-24T04:00,27.8,85,1004.2,16.2,0.0
2023-08-24T05:00,26.5,91,1005.3,14.1,0.0
2023-08-24T06:00,26.6,91,1005.4,15.1,0.0
2023-08-24T07:00,27.3,88,1006.2,15.1,0.0
2023-08-24T08:00,28.5,84,1006.6,15.6,0.0
2023-08-24T09:00,29.8,79,1006.3,14.8,0.0
2023-08-24T10:00,31.0,73,1006.1,14.5,0.0
2023-08-24T11:00,32.2,69,1005.3,12.5,0.0
2023-08-24T12:00,33.3,63,1004.2,9.2,0.0
2023-08-24T13:00,33.7,61,1003.3,6.5,0.0
2023-08-24T14:00,33.6,62,1002.3,7.4,0.0
2023-08-24T15:00,33.0,71,1002.0,9.6,0.1
2023-08-24T16:00,31.5,81,1001.9,13.0,1.1
2023-08-24T17:00,30.6,87,1002.5,14.6,0.0
2023-08-24T18:00,28.9,87,1003.2,15.8,0.0
2023-08-24T19:00,28.8,86,1004.0,16.5,0.0
2023-08-24T20:00,28.8,87,1004.8,16.4,0.0
2023-08-24T21:00,28.7,89,1005.4,18.5,0.0
2023-08-24T22:00,28.4,92,1005.6,18.8,0.0
2023-08-24T23:00,28.2,87,1005.2,19.2,0.0
2023-08-25T00:00,27.9,81,1004.5,18.1,0.0
2023-08-25T01:00,27.6,83,1004.1,19.5,0.0
2023-08-25T02:00,27.5,85,1003.7,20.1,0.0
2023-08-25T03:00,27.4,83,1003.8,18.4,0.0
2023-08-25T04:00,26.9,83,1004.5,10.1,0.0
2023-08-25T05:00,27.3,84,1004.6,7.4,0.0
2023-08-25T06:00,27.6,82,1005.4,7.1,0.0
2023-08-25T07:00,28.7,78,1005.9,8.6,0.0
2023-08-25T08:00,30.0,73,1006.2,10.8,0.0
2023-08-25T09:00,31.5,67,1006.0,11.1,0.0
2023-08-25T10:00,33.1,59,1005.8,9.9,0.0
2023-08-25T11:00,34.5,49,1005.1,5.8,0.0
2023-08-25T12:00,35.1,45,1004.2,3.1,0.0
2023-08-25T13:00,34.8,47,1003.3,7.8,0.0
2023-08-25T14:00,33.3,68,1002.7,14.2,0.1
2023-08-25T15:00,32.5,66,1002.4,18.6,0.0
2023-08-25T16:00,31.4,66,1002.4,18.2,0.0
2023-08-25T17:00,30.2,76,1003.4,14.3,0.0
2023-08-25T18:00,29.5,80,1003.9,14.2,0.0
2023-08-25T19:00,29.2,82,1004.6,13.5,0.0
2023-08-25T20:00,29.0,87,1005.4,15.3,0.0
2023-08-25T21:00,28.8,86,1006.1,16.3,0.0
2023-08-25T22:00,28.6,90,1006.4,18.0,0.0
2023-08-25T23:00,28.5,87,1006.0,18.0,0.0
2023-08-26T00:00,28.4,82,1005.4,16.8,0.0
2023-08-26T01:00,28.3,79,1005.0,17.8,0.0
2023-08-26T02:00,28.0,81,1004.8,20.2,0.0
2023-08-26T03:00,27.7,81,1005.1,17.4,0.0
2023-08-26T04:00,27.6,78,1005.8,11.6,0.0
2023-08-26T05:00,28.3,79,1005.6,15.5,0.0
2023-08-26T06:00,28.0,79,1006.1,14.5,0.0
2023-08-26T07:00,28.8,76,1006.8,10.0,0.0
2023-08-26T08:00,30.1,71,1007.3,9.6,0.0
2023-08-26T09:00,31.5,65,1007.0,8.7,0.0
2023-08-26T10:00,32.9,59,1006.9,6.8,0.0
2023-08-26T11:00,33.8,54,1006.5,5.6,0.1
2023-08-26T12:00,34.3,54,1005.7,0.5,0.0
2023-08-26T13:00,34.1,56,1004.7,8.8,0.0
2023-08-26T14:00,32.2,68,1003.8,15.3,0.4
2023-08-26T15:00,32.0,68,1003.4,14.9,0.0
2023-08-26T16:00,31.7,68,1003.1,16.1,0.0
2023-08-26T17:00,31.0,75,1004.0,12.2,0.0
2023-08-26T18:00,29.5,84,1005.2,3.3,0.0
2023-08-26T19:00,27.4,92,1006.7,11.8,6.5
2023-08-26T20:00,27.6,88,1007.2,6.6,0.1
2023-08-26T21:00,27.7,89,1008.0,6.6,0.0
2023-08-26T22:00,27.5,92,1008.5,4.3,0.0
2023-08-26T23:00,27.7,92,1008.3,3.7,0.1
2023-08-27T00:00,26.4,92,1008.3,16.3,7.7
2023-08-27T01:00,26.0,94,1007.3,8.5,1.9
2023-08-27T02:00,25.7,95,1007.3,4.9,1.0
2023-08-27T03:00,25.9,95,1006.6,5.2,0.5
2023-08-27T04:00,26.0,90,1006.8,6.0,0.1
2023-08-27T05:00,26.1,92,1007.1,10.1,0.0
2023-08-27T06:00,26.1,90,1007.7,11.7,0.1
2023-08-27T07:00,26.7,90,1008.2,9.0,0.2
2023-08-27T08:00,27.3,88,1009.0,9.3,0.1
2023-08-27T09:00,29.3,77,1008.6,9.1,0.0
2023-08-27T10:00,31.3,69,1008.1,10.0,0.0
2023-08-27T11:00,32.3,64,1007.5,9.0,0.4
2023-08-27T12:00,32.7,61,1006.6,8.8,0.2
2023-08-27T13:00,32.9,58,1005.3,7.8,0.1
2023-08-27T14:00,32.9,58,1004.5,3.7,0.1
2023-08-27T15:00,33.0,58,1003.8,3.6,0.0
2023-08-27T16:00,31.9,67,1003.7,10.2,0.0
2023-08-27T17:00,31.5,68,1004.2,8.4,0.0
2023-08-27T18:00,29.7,82,1004.8,11.0,0.0
2023-08-27T19:00,29.2,82,1005.7,9.7,0.0
2023-08-27T20:00,29.1,85,1006.3,10.2,0.0
2023-08-27T21:00,29.0,87,1007.0,13.3,0.0
2023-08-27T22:00,28.8,85,1007.1,16.7,0.0
2023-08-27T23:00,28.6,84,1006.9,16.2,0.0
2023-08-28T00:00,28.5,83,1006.2,13.9,0.0
2023-08-28T01:00,28.4,80,1005.7,13.9,0.0
2023-08-28T02:00,28.3,78,1005.2,15.3,0.0
2023-08-28T03:00,28.0,80,1005.1,16.3,0.0
2023-08-28T04:00,27.7,80,1005.7,15.9,0.0
2023-08-28T05:00,28.1,78,1005.5,16.1,0.0
2023-08-28T06:00,27.9,78,1006.1,17.6,0.0
2023-08-28T07:00,28.5,76,1006.6,16.4,0.0
2023-08-28T08:00,30.2,71,1007.5,16.4,0.0
2023-08-28T09:00,32.0,62,1007.2,16.6,0.0
2023-08-28T10:00,33.1,57,1006.9,16.9,0.0
2023-08-28T11:00,33.8,54,1006.3,14.4,0.0
2023-08-28T12:00,34.3,52,1005.5,10.9,0.0
2023-08-28T13:00,34.5,51,1004.3,8.6,0.0
2023-08-28T14:00,34.9,51,1003.2,7.9,0.0
2023-08-28T15:00,34.0,53,1002.9,9.1,0.0
2023-08-28T16:00,33.2,59,1002.6,10.5,0.0
2023-08-28T17:00,31.7,66,1003.5,11.2,0.0
2023-08-28T18:00,30.1,71,1004.4,9.4,0.0
2023-08-28T19:00,26.9,90,1006.5,18.9,18.3
2023-08-28T20:00,26.8,90,1006.2,7.1,0.4
2023-08-28T21:00,27.1,89,1006.7,15.3,0.0
2023-08-28T22:00,27.2,88,1006.7,16.2,0.0
2023-08-28T23:00,26.7,91,1006.1,17.3,0.0
2023-08-29T00:00,26.7,87,1005.5,16.6,0.0
2023-08-29T01:00,26.9,88,1005.0,17.0,0.0
2023-08-29T02:00,26.7,86,1004.8,15.1,0.0
2023-08-29T03:00,26.5,85,1004.7,14.5,0.0
2023-08-29T04:00,26.4,85,1005.1,10.6,0.0
2023-08-29T05:00,25.5,90,1005.4,1.8,0.0
2023-08-29T06:00,26.0,91,1005.8,5.1,0.0
2023-08-29T07:00,26.8,90,1006.6,0.7,0.0
2023-08-29T08:00,28.6,81,1007.0,10.6,0.0
2023-08-29T09:00,30.5,69,1006.8,9.6,0.0
2023-08-29T10:00,31.9,62,1006.5,9.4,0.0
2023-08-29T11:00,33.6,56,1005.7,9.0,0.0
2023-08-29T12:00,34.2,55,1004.6,7.8,0.0
2023-08-29T13:00,33.6,59,1003.7,5.4,0.0
2023-08-29T14:00,30.7,75,1003.0,12.2,6.8
2023-08-29T15:00,29.8,75,1002.4,8.4,1.8
2023-08-29T16:00,30.5,73,1002.5,9.2,0.0
2023-08-29T17:00,32.6,60,1002.5,6.6,0.0
2023-08-29T18:00,30.6,68,1003.4,8.7,0.0
2023-08-29T19:00,29.6,77,1004.7,9.4,0.0
2023-08-29T20:00,29.0,79,1005.5,9.6,0.0
2023-08-29T21:00,28.6,79,1006.3,9.3,0.0
2023-08-29T22:00,28.2,83,1006.9,10.4,0.0
2023-08-29T23:00,27.7,84,1006.8,15.2,0.0
2023-08-30T00:00,25.1,89,1007.2,19.4,1.0
2023-08-30T01:00,25.4,90,1006.0,15.7,0.1
2023-08-30T02:00,25.2,91,1005.4,8.8,0.0
2023-08-30T03:00,25.3,90,1004.8,11.0,0.0
2023-08-30T04:00,25.4,89,1004.8,10.5,0.0
2023-08-30T05:00,26.6,83,1005.2,9.5,0.0
2023-08-30T06:00,26.7,84,1005.6,9.2,0.0
2023-08-30T07:00,28.0,81,1006.2,9.0,0.0
2023-08-30T08:00,30.1,71,1006.9,9.3,0.0
2023-08-30T09:00,31.9,63,1006.5,9.0,0.0
2023-08-30T10:00,33.7,54,1006.2,10.8,0.0
2023-08-30T11:00,33.7,51,1005.8,12.4,0.2
2023-08-30T12:00,34.3,49,1004.9,11.6,0.0
2023-08-30T13:00,34.1,51,1004.1,10.1,0.1
2023-08-30T14:00,33.0,57,1003.9,8.5,0.3
2023-08-30T15:00,32.7,58,1003.5,8.7,0.0
2023-08-30T16:00,32.5,61,1003.2,9.4,0.0
2023-08-30T17:00,31.3,67,1003.5,6.4,0.0
2023-08-30T18:00,29.7,76,1004.4,4.2,0.0
2023-08-30T19:00,28.9,83,1005.2,3.9,0.0
2023-08-30T20:00,28.3,89,1005.8,3.9,0.0
2023-08-30T21:00,26.0,91,1007.8,21.0,5.8
2023-08-30T22:00,26.1,92,1007.5,5.7,0.8
2023-08-30T23:00,25.8,94,1007.4,8.2,0.0
2023-08-31T00:00,25.9,92,1006.7,8.9,0.0
2023-08-31T01:00,24.7,93,1006.4,16.9,3.2
2023-08-31T02:00,24.8,93,1005.5,12.1,0.0
2023-08-31T03:00,24.8,93,1005.3,10.8,0.0
2023-08-31T04:00,24.7,94,1005.4,7.5,0.0
2023-08-31T05:00,25.7,90,1005.0,8.8,0.0
2023-08-31T06:00,26.1,88,1005.3,10.9,0.0
2023-08-31T07:00,27.6,84,1006.2,12.8,0.0
2023-08-31T08:00,29.7,76,1006.7,12.4,0.0
2023-08-31T09:00,31.7,66,1006.5,13.7,0.0
2023-08-31T10:00,32.4,59,1006.7,16.2,0.0
2023-08-31T11:00,33.2,56,1006.2,13.8,0.0
2023-08-31T12:00,34.1,54,1005.4,9.7,0.0
2023-08-31T13:00,34.7,52,1004.1,7.1,0.0
2023-08-31T14:00,34.7,51,1002.9,2.3,0.0
2023-08-31T15:00,32.8,61,1003.0,10.5,0.3
2023-08-31T16:00,31.6,71,1003.2,5.8,0.1
2023-08-31T17:00,31.2,67,1003.4,1.1,0.0
2023-08-31T18:00,29.9,77,1004.1,4.3,0.0
2023-08-31T19:00,29.3,82,1005.3,6.8,0.0
2023-08-31T20:00,28.9,84,1006.3,9.2,0.0
2023-08-31T21:00,28.2,83,1007.1,8.3,0.0
2023-08-31T22:00,27.8,83,1007.3,8.4,0.0
2023-08-31T23:00,27.4,84,1006.7,9.7,0.0
2023-09-01T00:00,26.8,84,1006.8,21.4,0.2
2023-09-01T01:00,25.8,87,1005.9,16.2,0.0
2023-09-01T02:00,25.5,88,1005.2,12.6,0.0
2023-09-01T03:00,25.5,88,1004.8,12.7,0.0
2023-09-01T04:00,25.5,88,1004.7,9.4,0.0
2023-09-01T05:00,27.0,79,1005.0,14.2,0.0
2023-09-01T06:00,27.1,78,1005.7,12.9,0.0
2023-09-01T07:00,28.2,76,1006.5,10.4,0.0
2023-09-01T08:00,29.8,72,1006.9,8.6,0.0
2023-09-01T09:00,31.6,67,1007.0,6.5,0.0
2023-09-01T10:00,32.9,62,1006.7,2.6,0.0
2023-09-01T11:00,33.4,60,1006.2,6.1,0.0
2023-09-01T12:00,32.4,69,1005.5,12.7,1.9
2023-09-01T13:00,31.5,75,1004.5,12.3,1.4
2023-09-01T14:00,31.7,72,1003.3,13.1,0.0
2023-09-01T15:00,31.2,73,1003.0,13.1,0.0
2023-09-01T16:00,31.1,71,1003.2,13.6,0.0
2023-09-01T17:00,30.6,75,1003.5,12.5,0.0
2023-09-01T18:00,29.3,83,1004.1,13.4,0.0
2023-09-01T19:00,28.8,88,1005.3,12.6,0.0
2023-09-01T20:00,28.7,88,1006.0,13.8,0.0
2023-09-01T21:00,28.5,88,1006.9,15.5,0.0
2023-09-01T22:00,28.4,89,1007.0,15.1,0.0
2023-09-01T23:00,28.5,88,1006.8,15.2,0.0
2023-09-02T00:00,28.2,87,1006.3,17.2,0.0
2023-09-02T01:00,27.9,84,1005.5,15.3,0.0
2023-09-02T02:00,27.4,82,1005.0,15.4,0.0
2023-09-02T03:00,27.1,82,1004.3,14.9,0.0
2023-09-02T04:00,26.8,83,1004.4,11.7,0.0
2023-09-02T05:00,27.4,83,1004.8,12.5,0.0
2023-09-02T06:00,27.6,83,1005.0,11.7,0.0
2023-09-02T07:00,28.6,80,1005.5,11.5,0.0
2023-09-02T08:00,30.3,73,1006.3,11.0,0.0
2023-09-02T09:00,31.9,67,1006.5,10.0,0.0
2023-09-02T10:00,33.1,63,1006.7,10.0,0.0
2023-09-02T11:00,33.5,62,1006.1,9.9,0.2
2023-09-02T12:00,34.0,61,1004.8,11.8,0.1
2023-09-02T13:00,34.1,63,1003.4,12.6,0.1
2023-09-02T14:00,33.6,67,1001.8,14.6,0.1
2023-09-02T15:00,33.0,72,1001.3,16.7,0.0
2023-09-02T16:00,31.6,74,1001.7,18.0,0.0
2023-09-02T17:00,31.8,71,1002.4,9.3,1.6
2023-09-02T18:00,30.3,76,1003.3,14.1,0.0
2023-09-02T19:00,28.8,81,1004.4,9.4,0.0
2023-09-02T20:00,28.8,81,1005.0,11.6,0.1
2023-09-02T21:00,28.5,83,1005.6,11.2,0.1
2023-09-02T22:00,28.0,85,1006.0,9.8,0.0
2023-09-02T23:00,27.7,88,1006.3,9.0,0.0
2023-09-03T00:00,27.2,86,1005.9,13.5,1.1
2023-09-03T01:00,26.7,85,1004.4,9.1,0.3
2023-09-03T02:00,26.4,85,1003.8,10.1,0.0
2023-09-03T03:00,26.1,84,1003.5,9.8,0.0
2023-09-03T04:00,25.9,85,1003.8,7.9,0.0
2023-09-03T05:00,26.0,88,1004.4,7.0,0.0
2023-09-03T06:00,26.4,87,1004.8,8.6,0.0
2023-09-03T07:00,27.7,83,1005.6,8.3,0.0
2023-09-03T08:00,29.2,76,1005.6,11.9,0.0
2023-09-03T09:00,30.8,67,1005.2,14.5,0.0
2023-09-03T10:00,31.8,62,1005.1,14.4,0.0
2023-09-03T11:00,32.5,59,1004.5,14.0,0.0
2023-09-03T12:00,33.5,56,1003.1,13.3,0.0
2023-09-03T13:00,34.0,55,1002.4,13.4,0.0
2023-09-03T14:00,33.8,54,1001.5,14.2,0.0
2023-09-03T15:00,33.7,53,1000.9,14.4,0.0
2023-09-03T16:00,32.9,55,1000.4,14.5,0.0
2023-09-03T17:00,27.4,82,1000.8,6.1,0.1
2023-09-03T18:00,27.3,85,1002.1,8.1,0.0
2023-09-03T19:00,27.3,84,1002.8,14.8,0.0
2023-09-03T20:00,27.0,81,1003.7,11.1,0.0
2023-09-03T21:00,26.8,81,1004.1,14.6,0.0
2023-09-03T22:00,26.4,79,1004.1,16.6,0.0
2023-09-03T23:00,26.1,79,1003.6,17.7,0.0
2023-09-04T00:00,26.2,79,1002.8,17.2,0.0
2023-09-04T01:00,26.1,79,1002.1,15.1,0.0
2023-09-04T02:00,26.1,79,1001.5,16.1,0.0
2023-09-04T03:00,26.0,80,1001.0,14.0,0.0
2023-09-04T04:00,26.2,79,1001.4,11.6,0.0
2023-09-04T05:00,26.6,85,1001.4,9.4,0.0
2023-09-04T06:00,27.2,81,1001.8,12.4,0.0
2023-09-04T07:00,28.2,78,1002.7,10.7,0.0
2023-09-04T08:00,29.4,72,1003.0,13.2,0.0
2023-09-04T09:00,30.6,65,1002.9,15.5,0.0
2023-09-04T10:00,31.7,60,1002.9,17.3,0.0
2023-09-04T11:00,31.4,61,1002.6,19.1,0.0
2023-09-04T12:00,31.3,59,1001.9,23.5,0.0
2023-09-04T13:00,32.0,57,1000.5,24.6,0.0
2023-09-04T14:00,32.2,57,999.2,21.1,0.0
2023-09-04T15:00,32.2,57,998.8,20.6,0.0
2023-09-04T16:00,30.9,63,999.2,19.5,0.4
2023-09-04T17:00,30.5,65,1000.3,15.2,0.5
2023-09-04T18:00,29.2,71,1000.7,9.8,0.0
2023-09-04T19:00,29.2,69,1002.1,13.3,0.0
2023-09-04T20:00,28.3,71,1002.8,16.6,0.1
2023-09-04T21:00,26.9,79,1003.6,15.9,0.5
2023-09-04T22:00,25.4,90,1003.8,19.6,3.4
2023-09-04T23:00,25.5,86,1002.9,19.9,0.6
2023-09-05T00:00,25.7,84,1002.3,17.5,0.0
2023-09-05T01:00,25.9,82,1001.7,16.4,0.0
2023-09-05T02:00,26.1,80,1001.5,15.4,0.0
2023-09-05T03:00,26.3,77,1001.1,15.3,0.0
2023-09-05T04:00,26.1,74,1001.3,14.9,0.0
2023-09-05T05:00,27.5,70,1001.8,18.1,0.0
2023-09-05T06:00,26.8,72,1002.1,17.0,0.1
2023-09-05T07:00,27.0,71,1002.8,14.1,0.0
2023-09-05T08:00,27.8,68,1003.4,14.6,0.0
2023-09-05T09:00,29.4,63,1003.5,15.3,0.0
2023-09-05T10:00,30.8,52,1003.3,24.0,0.0
2023-09-05T11:00,29.7,56,1003.0,26.5,0.0
2023-09-05T12:00,29.8,59,1002.0,15.1,0.0
2023-09-05T13:00,31.2,53,1001.2,19.9,0.0
2023-09-05T14:00,31.3,54,1000.3,20.5,0.0
2023-09-05T15:00,32.0,53,999.5,17.3,0.0
2023-09-05T16:00,32.3,54,999.5,15.0,0.0
2023-09-05T17:00,26.1,88,1001.5,2.2,0.0
2023-09-05T18:00,26.3,89,1001.8,4.8,0.0
2023-09-05T19:00,26.5,87,1002.3,7.1,0.0
2023-09-05T20:00,26.6,84,1003.0,14.3,0.0
2023-09-05T21:00,26.4,83,1003.5,11.2,0.0
2023-09-05T22:00,26.5,81,1003.4,11.7,0.0
2023-09-05T23:00,26.4,81,1003.1,13.2,0.0
2023-09-06T00:00,26.0,83,1002.6,13.8,0.0
2023-09-06T01:00,26.1,81,1001.9,14.8,0.0
2023-09-06T02:00,26.1,80,1001.4,14.6,0.0
2023-09-06T03:00,26.2,79,1001.1,14.7,0.0
2023-09-06T04:00,26.4,78,1001.4,14.7,0.0
2023-09-06T05:00,27.7,70,1002.1,16.1,0.0
2023-09-06T06:00,27.7,71,1002.7,15.9,0.0
2023-09-06T07:00,28.2,72,1003.5,13.3,0.0
2023-09-06T08:00,29.4,69,1004.7,15.6,0.0
2023-09-06T09:00,30.7,65,1004.7,16.1,0.0
2023-09-06T10:00,31.8,62,1004.7,16.2,0.0
2023-09-06T11:00,32.3,60,1004.3,16.1,0.0
2023-09-06T12:00,32.8,59,1003.4,15.1,0.0
2023-09-06T13:00,33.0,59,1002.2,14.2,0.0
2023-09-06T14:00,31.1,65,1001.4,19.3,0.1
2023-09-06T15:00,29.6,75,1000.8,14.2,0.3
2023-09-06T16:00,28.9,79,1001.5,15.0,3.4
2023-09-06T17:00,31.2,68,1001.3,6.8,2.6
2023-09-06T18:00,29.9,70,1001.9,14.8,0.0
2023-09-06T19:00,29.4,68,1002.9,16.4,0.0
2023-09-06T20:00,29.1,70,1003.6,13.5,0.0
2023-09-06T21:00,28.6,73,1004.6,13.7,0.0
2023-09-06T22:00,28.4,75,1004.6,15.5,0.0
2023-09-06T23:00,28.2,75,1004.4,16.1,0.0
2023-09-07T00:00,27.7,74,1003.7,15.8,0.0
2023-09-07T01:00,27.4,74,1003.2,16.0,0.0
2023-09-07T02:00,27.3,74,1002.8,15.0,0.0
2023-09-07T03:00,27.1,75,1002.7,14.0,0.0
2023-09-07T04:00,26.9,76,1003.1,14.5,0.0
2023-09-07T05:00,27.1,75,1003.4,13.2,0.0
2023-09-07T06:00,27.2,76,1003.8,14.3,0.0
2023-09-07T07:00,28.3,75,1004.6,13.0,0.0
2023-09-07T08:00,29.8,70,1005.2,15.1,0.0
2023-09-07T09:00,31.2,63,1005.0,17.7,0.0
2023-09-07T10:00,32.3,58,1005.1,18.0,0.0
2023-09-07T11:00,33.1,56,1004.8,16.3,0.0
2023-09-07T12:00,33.7,52,1004.2,15.2,0.0
2023-09-07T13:00,33.3,52,1002.9,15.6,0.2
2023-09-07T14:00,32.4,63,1001.9,14.3,0.2
2023-09-07T15:00,31.6,69,1001.3,15.1,0.0
2023-09-07T16:00,30.3,73,1001.8,16.2,1.8
2023-09-07T17:00,29.1,83,1002.0,10.2,0.1
2023-09-07T18:00,28.9,85,1002.6,9.3,0.2
2023-09-07T19:00,28.1,88,1004.1,15.8,0.4
2023-09-07T20:00,26.1,94,1005.6,13.2,8.3
2023-09-07T21:00,26.4,92,1006.5,10.2,6.7
2023-09-07T22:00,26.5,89,1006.6,11.6,0.5
2023-09-07T23:00,26.0,93,1006.3,13.1,0.3
2023-09-08T00:00,25.9,94,1005.7,10.9,1.1
2023-09-08T01:00,26.0,91,1004.9,10.5,0.4
2023-09-08T02:00,26.0,92,1004.0,8.4,0.2
2023-09-08T03:00,26.3,90,1003.9,11.0,0.0
2023-09-08T04:00,26.4,87,1004.1,12.0,0.0
2023-09-08T05:00,26.4,85,1004.7,13.5,0.0
2023-09-08T06:00,26.6,81,1004.9,13.5,0.0
2023-09-08T07:00,27.8,79,1006.0,11.6,0.0
2023-09-08T08:00,29.5,71,1007.0,12.5,0.0
2023-09-08T09:00,31.0,63,1006.7,16.0,0.0
2023-09-08T10:00,32.1,59,1006.7,16.3,0.0
2023-09-08T11:00,33.1,55,1006.1,16.1,0.0
2023-09-08T12:00,33.6,55,1004.8,15.3,0.0
2023-09-08T13:00,33.8,56,1003.6,15.6,0.1
2023-09-08T14:00,33.2,60,1002.8,14.2,0.4
2023-09-08T15:00,32.7,63,1002.0,13.4,0.0
2023-09-08T16:00,31.6,70,1002.0,17.7,0.0
2023-09-08T17:00,31.4,70,1002.8,8.5,0.0
2023-09-08T18:00,29.5,83,1003.3,13.8,0.1
2023-09-08T19:00,29.3,80,1004.2,19.8,0.0
2023-09-08T20:00,28.8,83,1005.0,21.0,0.0
2023-09-08T21:00,28.9,83,1005.8,18.4,0.0
2023-09-08T22:00,28.7,79,1006.3,19.7,0.0
2023-09-08T23:00,28.1,80,1005.6,23.5,0.0
2023-09-09T00:00,27.9,75,1004.7,18.6,0.0
2023-09-09T01:00,27.4,76,1004.4,16.2,0.0
2023-09-09T02:00,27.0,77,1004.0,14.3,0.0
2023-09-09T03:00,26.6,80,1004.2,11.8,0.0
2023-09-09T04:00,26.4,81,1004.6,12.0,0.0
2023-09-09T05:00,27.7,73,1005.0,13.7,0.0
2023-09-09T06:00,27.6,75,1005.3,9.2,0.0
2023-09-09T07:00,28.4,74,1005.8,6.4,0.0
2023-09-09T08:00,29.8,69,1006.2,10.7,0.0
2023-09-09T09:00,31.5,62,1006.2,14.3,0.0
2023-09-09T10:00,32.6,57,1005.5,15.0,0.0
2023-09-09T11:00,33.7,54,1004.7,13.7,0.0
2023-09-09T12:00,34.2,53,1003.8,11.1,0.0
2023-09-09T13:00,34.1,54,1003.0,7.6,0.0
2023-09-09T14:00,33.7,56,1001.9,11.2,0.0
2023-09-09T15:00,32.0,72,1001.4,14.1,0.3
2023-09-09T16:00,31.7,71,1001.0,16.8,0.0
2023-09-09T17:00,30.5,76,1001.8,14.5,0.0
2023-09-09T18:00,30.0,77,1002.8,17.8,0.1
2023-09-09T19:00,29.5,77,1003.5,18.4,0.0
2023-09-09T20:00,29.0,80,1004.0,16.2,0.0
2023-09-09T21:00,28.8,82,1004.9,15.9,0.0
2023-09-09T22:00,28.7,80,1005.1,17.6,0.0
2023-09-09T23:00,28.9,74,1004.7,16.2,0.0
2023-09-10T00:00,28.5,72,1004.1,13.6,0.0
2023-09-10T01:00,28.2,73,1003.5,13.9,0.0
2023-09-10T02:00,27.9,74,1003.1,14.8,0.0
2023-09-10T03:00,27.6,73,1002.6,15.2,0.0
2023-09-10T04:00,27.3,74,1003.1,14.0,0.0
2023-09-10T05:00,28.4,70,1003.2,14.0,0.0
2023-09-10T06:00,28.6,69,1003.6,15.1,0.0
2023-09-10T07:00,29.4,68,1004.6,13.2,0.0
2023-09-10T08:00,30.3,64,1005.5,13.1,0.0
2023-09-10T09:00,30.5,62,1005.6,12.7,0.0
2023-09-10T10:00,31.2,60,1005.1,11.7,0.0
2023-09-10T11:00,32.0,57,1004.7,12.0,0.0
2023-09-10T12:00,32.4,56,1003.7,12.9,0.0
2023-09-10T13:00,33.2,53,1002.5,14.8,0.0
2023-09-10T14:00,33.5,52,1001.4,15.2,0.0
2023-09-10T15:00,34.1,49,1000.8,11.8,0.0
2023-09-10T16:00,33.6,49,1000.7,8.2,0.0
2023-09-10T17:00,31.3,65,1001.9,1.1,0.0
2023-09-10T18:00,30.1,75,1002.5,6.6,0.0
2023-09-10T19:00,29.4,80,1003.4,8.0,0.0
2023-09-10T20:00,29.3,78,1004.2,13.1,0.0
2023-09-10T21:00,29.0,82,1004.7,14.1,0.0
2023-09-10T22:00,28.8,84,1004.5,14.8,0.0
2023-09-10T23:00,28.6,79,1004.2,13.7,0.0
2023-09-11T00:00,28.4,75,1003.7,10.4,0.0
2023-09-11T01:00,28.0,75,1003.4,12.5,0.0
2023-09-11T02:00,27.7,77,1002.7,15.9,0.0
2023-09-11T03:00,27.4,78,1002.5,12.6,0.0
2023-09-11T04:00,27.2,80,1003.0,11.8,0.0
2023-09-11T05:00,27.9,75,1002.8,9.5,0.0
2023-09-11T06:00,28.3,71,1003.5,12.3,0.0
2023-09-11T07:00,28.7,70,1004.7,14.1,0.0
2023-09-11T08:00,30.0,68,1005.2,13.4,0.0
2023-09-11T09:00,31.5,60,1005.4,16.2,0.0
2023-09-11T10:00,32.7,56,1005.1,16.2,0.0
2023-09-11T11:00,34.0,51,1004.5,17.3,0.0
2023-09-11T12:00,34.7,48,1003.6,15.5,0.0
2023-09-11T13:00,34.9,47,1002.5,12.1,0.0
2023-09-11T14:00,34.6,46,1001.6,8.2,0.0
2023-09-11T15:00,34.1,47,1001.1,7.3,0.0
2023-09-11T16:00,32.3,62,1001.6,8.7,0.0
2023-09-11T17:00,30.4,73,1002.5,6.4,0.0
2023-09-11T18:00,29.4,77,1003.3,7.8,0.0
2023-09-11T19:00,27.9,80,1004.2,19.1,0.0
2023-09-11T20:00,28.0,79,1004.8,13.4,0.0
2023-09-11T21:00,27.8,83,1005.4,9.7,0.0
2023-09-11T22:00,27.6,84,1006.2,13.2,0.0
2023-09-11T23:00,27.2,84,1005.6,14.6,0.0
2023-09-12T00:00,27.0,85,1004.6,14.9,0.0
2023-09-12T01:00,26.9,84,1004.1,14.2,0.0
2023-09-12T02:00,26.8,82,1003.1,15.2,0.0
2023-09-12T03:00,26.9,81,1002.9,15.0,0.0
2023-09-12T04:00,27.0,79,1003.2,13.7,0.0
2023-09-12T05:00,29.3,61,1003.3,15.4,0.0
2023-09-12T06:00,29.3,60,1003.8,17.7,0.0
2023-09-12T07:00,29.6,61,1005.2,15.1,0.0
2023-09-12T08:00,30.0,59,1005.7,15.1,0.0
2023-09-12T09:00,31.4,52,1005.6,18.9,0.0
2023-09-12T10:00,33.2,48,1005.4,18.1,0.0
2023-09-12T11:00,34.1,47,1005.2,17.3,0.0
2023-09-12T12:00,34.9,46,1004.0,14.5,0.0
2023-09-12T13:00,35.3,45,1003.1,12.8,0.0
2023-09-12T14:00,35.0,47,1002.4,6.8,0.0
2023-09-12T15:00,28.4,77,1003.2,1.1,5.6
2023-09-12T16:00,28.9,75,1002.1,2.1,0.0
2023-09-12T17:00,28.6,74,1002.6,8.3,0.0
2023-09-12T18:00,28.0,78,1003.5,7.4,0.0
2023-09-12T19:00,27.6,81,1004.4,11.5,0.0
2023-09-12T20:00,27.7,80,1005.3,13.6,0.0
2023-09-12T21:00,27.4,80,1006.0,12.9,0.0
2023-09-12T22:00,27.3,81,1006.4,13.7,0.0
2023-09-12T23:00,27.6,80,1006.3,16.1,0.0
2023-09-13T00:00,27.7,77,1005.5,18.1,0.0
2023-09-13T01:00,27.3,76,1004.7,16.4,0.0
2023-09-13T02:00,26.9,78,1004.2,14.5,0.0
2023-09-13T03:00,26.7,80,1004.1,12.5,0.0
2023-09-13T04:00,26.5,81,1004.1,12.4,0.0
2023-09-13T05:00,27.0,80,1004.2,15.1,0.1
2023-09-13T06:00,27.6,76,1004.7,17.6,0.0
2023-09-13T07:00,28.5,75,1005.5,13.8,0.0
2023-09-13T08:00,30.1,69,1006.0,14.1,0.0
2023-09-13T09:00,31.6,62,1006.1,15.9,0.0
2023-09-13T10:00,32.9,55,1005.7,13.6,0.0
2023-09-13T11:00,34.1,50,1005.1,11.5,0.0
2023-09-13T12:00,34.8,48,1003.9,11.4,0.0
2023-09-13T13:00,35.1,47,1002.3,10.2,0.0
2023-09-13T14:00,35.2,46,1001.4,8.5,0.0
2023-09-13T15:00,34.5,52,1000.9,12.2,0.0
2023-09-13T16:00,31.8,71,1001.2,11.0,0.3
2023-09-13T17:00,32.6,60,1001.9,8.2,0.1
2023-09-13T18:00,30.2,77,1002.4,20.9,0.0
2023-09-13T19:00,29.1,72,1003.2,17.3,0.1
2023-09-13T20:00,28.4,79,1005.0,16.0,0.0
2023-09-13T21:00,28.4,76,1005.8,18.9,0.0
2023-09-13T22:00,28.4,78,1005.8,17.3,0.0
2023-09-13T23:00,28.2,77,1005.5,14.8,0.0
2023-09-14T00:00,28.1,75,1004.8,13.4,0.0
2023-09-14T01:00,27.7,74,1004.5,14.5,0.0
2023-09-14T02:00,27.4,74,1003.9,14.3,0.0
2023-09-14T03:00,27.2,75,1003.7,15.3,0.0
2023-09-14T04:00,27.1,75,1004.3,14.0,0.0
2023-09-14T05:00,28.1,76,1004.2,14.4,0.0
2023-09-14T06:00,28.2,74,1004.6,16.1,0.0
2023-09-14T07:00,29.0,71,1005.6,12.3,0.0
2023-09-14T08:00,30.5,63,1006.1,14.3,0.0
2023-09-14T09:00,32.0,54,1006.4,15.5,0.0
2023-09-14T10:00,32.9,50,1006.1,12.6,0.0
2023-09-14T11:00,33.8,47,1005.3,11.4,0.0
2023-09-14T12:00,35.0,43,1004.3,12.0,0.0
2023-09-14T13:00,35.9,41,1003.1,11.7,0.0
2023-09-14T14:00,36.1,41,1001.7,9.2,0.0
2023-09-14T15:00,35.0,45,1001.0,11.2,0.0
2023-09-14T16:00,32.5,63,1000.8,20.4,0.0
2023-09-14T17:00,29.3,72,1002.9,23.0,0.2
2023-09-14T18:00,27.8,79,1003.8,21.2,0.1
2023-09-14T19:00,26.1,91,1004.6,19.0,1.5
2023-09-14T20:00,26.1,87,1005.7,15.4,0.7
2023-09-14T21:00,26.5,85,1006.6,16.7,0.0
2023-09-14T22:00,26.5,84,1006.8,16.3,0.0
2023-09-14T23:00,26.0,85,1006.0,13.5,0.0
2023-09-15T00:00,26.0,85,1005.1,10.9,0.0
2023-09-15T01:00,25.9,85,1004.5,14.1,0.0
2023-09-15T02:00,25.8,85,1003.9,14.5,0.0
2023-09-15T03:00,25.8,86,1003.9,15.1,0.0
2023-09-15T04:00,25.7,86,1004.3,13.8,0.0
2023-09-15T05:00,26.9,81,1004.3,14.1,0.0
2023-09-15T06:00,27.1,81,1005.2,14.9,0.0
2023-09-15T07:00,28.3,78,1006.0,13.9,0.0
2023-09-15T08:00,30.2,68,1006.6,16.2,0.0
2023-09-15T09:00,31.7,59,1006.9,19.1,0.0
2023-09-15T10:00,32.7,56,1006.6,18.1,0.0
2023-09-15T11:00,33.8,53,1006.1,17.4,0.0
2023-09-15T12:00,34.5,51,1005.2,17.3,0.0
2023-09-15T13:00,34.8,51,1004.2,15.8,0.1
2023-09-15T14:00,34.1,52,1002.9,17.1,0.0
2023-09-15T15:00,32.7,59,1002.5,13.0,0.6
2023-09-15T16:00,32.2,63,1002.3,17.2,0.0
2023-09-15T17:00,28.9,81,1003.7,5.2,0.0
2023-09-15T18:00,28.8,85,1003.9,6.6,0.0
2023-09-15T19:00,28.7,85,1005.2,4.2,0.0
2023-09-15T20:00,28.1,90,1006.3,3.5,0.1
2023-09-15T21:00,27.5,89,1007.0,7.9,0.1
2023-09-15T22:00,27.0,89,1007.1,3.8,0.0
2023-09-15T23:00,27.2,85,1006.5,10.6,0.0
2023-09-16T00:00,27.2,83,1005.9,10.5,0.0
2023-09-16T01:00,26.7,85,1005.7,8.6,0.0
2023-09-16T02:00,26.3,85,1005.2,9.2,0.0
2023-09-16T03:00,26.1,85,1004.8,10.7,0.0
2023-09-16T04:00,26.0,84,1004.5,12.1,0.0
2023-09-16T05:00,26.9,81,1005.2,10.8,0.0
2023-09-16T06:00,27.3,81,1005.7,12.5,0.0
2023-09-16T07:00,28.5,78,1006.0,12.3,0.0
2023-09-16T08:00,30.5,69,1006.7,13.0,0.0
2023-09-16T09:00,32.0,60,1006.9,15.3,0.0
2023-09-16T10:00,33.0,57,1006.8,13.8,0.0
2023-09-16T11:00,33.8,55,1005.9,10.7,0.0
2023-09-16T12:00,33.9,56,1005.0,10.2,0.0
2023-09-16T13:00,33.0,61,1004.0,8.8,0.1
2023-09-16T14:00,29.2,80,1003.7,11.0,7.4
2023-09-16T15:00,29.5,77,1003.4,11.1,2.6
2023-09-16T16:00,29.0,77,1003.4,12.4,0.2
2023-09-16T17:00,27.8,90,1003.8,11.2,0.2
2023-09-16T18:00,27.9,92,1004.6,8.9,0.7
2023-09-16T19:00,27.8,93,1005.3,7.5,1.0
2023-09-16T20:00,27.8,94,1006.2,6.1,2.1
2023-09-16T21:00,27.6,95,1006.7,9.4,1.1
2023-09-16T22:00,27.4,92,1006.6,11.9,0.1
2023-09-16T23:00,26.6,92,1006.9,23.2,1.2
2023-09-17T00:00,25.6,91,1006.2,14.7,1.2
2023-09-17T01:00,25.8,93,1005.9,9.1,0.5
2023-09-17T02:00,25.8,94,1004.7,7.5,1.1
2023-09-17T03:00,25.8,95,1004.8,8.7,0.9
2023-09-17T04:00,25.8,94,1005.2,8.9,0.1
2023-09-17T05:00,25.6,92,1005.2,13.1,0.0
2023-09-17T06:00,25.8,91,1005.9,13.1,0.0
2023-09-17T07:00,26.3,90,1006.4,11.2,0.0
2023-09-17T08:00,27.5,86,1006.9,10.0,0.0
2023-09-17T09:00,28.1,84,1006.7,8.9,0.0
2023-09-17T10:00,29.7,77,1006.3,11.6,0.0
2023-09-17T11:00,31.1,70,1005.8,12.5,0.0
2023-09-17T12:00,32.0,66,1004.7,11.2,0.0
2023-09-17T13:00,32.5,65,1003.6,10.1,0.1
2023-09-17T14:00,32.6,64,1002.1,7.9,0.0
2023-09-17T15:00,32.3,65,1001.5,10.0,0.0
2023-09-17T16:00,31.5,69,1001.5,11.8,0.0
2023-09-17T17:00,25.7,89,1003.5,21.6,0.1
2023-09-17T18:00,26.5,87,1003.3,9.7,0.2
2023-09-17T19:00,26.4,91,1004.1,6.4,0.5
2023-09-17T20:00,26.5,91,1004.7,6.5,0.1
2023-09-17T21:00,25.9,93,1005.3,6.7,0.0
2023-09-17T22:00,25.9,91,1005.9,10.2,0.0
2023-09-17T23:00,25.8,91,1005.9,17.5,0.1
2023-09-18T00:00,26.0,91,1005.2,12.9,0.1
2023-09-18T01:00,25.9,92,1004.8,16.4,0.0
2023-09-18T02:00,25.8,89,1004.4,14.5,0.0
2023-09-18T03:00,25.3,90,1004.3,10.5,0.1
2023-09-18T04:00,25.0,89,1004.1,13.7,0.2
2023-09-18T05:00,26.2,88,1003.7,13.2,0.1
2023-09-18T06:00,26.6,84,1003.9,9.4,0.0
2023-09-18T07:00,26.7,87,1005.8,18.4,0.0
2023-09-18T08:00,27.9,82,1006.2,13.7,0.0
2023-09-18T09:00,29.8,76,1006.4,14.1,0.0
2023-09-18T10:00,31.0,72,1005.9,15.1,0.0
2023-09-18T11:00,32.3,68,1005.5,13.8,0.0
2023-09-18T12:00,32.9,66,1004.3,12.0,0.0
2023-09-18T13:00,33.1,65,1003.2,11.5,0.0
2023-09-18T14:00,32.4,69,1002.3,9.6,0.1
2023-09-18T15:00,30.1,83,1002.2,7.3,1.5
2023-09-18T16:00,29.6,85,1002.2,13.8,0.0
2023-09-18T17:00,26.2,95,1004.1,5.7,0.8
2023-09-18T18:00,26.3,95,1004.0,2.9,0.4
2023-09-18T19:00,26.8,94,1004.2,9.1,0.5
2023-09-18T20:00,27.2,93,1005.8,15.7,0.1
2023-09-18T21:00,25.5,89,1007.1,15.6,0.3
2023-09-18T22:00,25.6,87,1006.8,15.8,0.0
2023-09-18T23:00,25.6,88,1006.6,17.1,0.0
2023-09-19T00:00,25.6,89,1006.2,15.3,0.0
2023-09-19T01:00,25.5,89,1005.7,13.0,0.0
2023-09-19T02:00,25.3,90,1005.0,13.6,0.0
2023-09-19T03:00,25.2,88,1004.7,13.9,0.0
2023-09-19T04:00,25.4,84,1004.8,10.8,0.0
2023-09-19T05:00,26.2,84,1005.1,15.5,0.0
2023-09-19T06:00,26.4,83,1005.8,12.1,0.3
2023-09-19T07:00,27.6,81,1006.5,12.2,0.0
2023-09-19T08:00,29.0,75,1007.4,13.6,0.0
2023-09-19T09:00,30.5,69,1007.4,14.9,0.0
2023-09-19T10:00,31.4,64,1007.2,15.3,0.0
2023-09-19T11:00,32.4,61,1006.4,12.7,0.0
2023-09-19T12:00,33.1,58,1005.3,10.3,0.0
2023-09-19T13:00,33.7,56,1004.5,7.6,0.0
2023-09-19T14:00,33.6,55,1004.1,4.3,0.0
2023-09-19T15:00,32.6,57,1003.9,4.0,0.0
2023-09-19T16:00,31.5,74,1003.3,9.8,0.0
2023-09-19T17:00,30.4,83,1003.8,12.0,0.0
2023-09-19T18:00,28.9,80,1004.2,13.8,0.0
2023-09-19T19:00,28.5,78,1005.3,13.0,0.0
2023-09-19T20:00,28.3,82,1006.2,13.3,0.0
2023-09-19T21:00,28.4,83,1007.0,14.8,0.0
2023-09-19T22:00,28.2,84,1007.4,15.7,0.0
2023-09-19T23:00,27.9,86,1007.5,15.5,0.0
2023-09-20T00:00,27.5,83,1006.9,15.1,0.0
2023-09-20T01:00,27.2,82,1006.4,12.0,0.0
2023-09-20T02:00,26.8,81,1005.9,11.8,0.0
2023-09-20T03:00,26.3,83,1005.8,10.4,0.0
2023-09-20T04:00,26.0,84,1005.6,8.9,0.0
2023-09-20T05:00,26.8,82,1006.5,4.3,0.0
2023-09-20T06:00,26.5,85,1006.9,10.5,0.2
2023-09-20T07:00,27.1,82,1007.5,10.5,0.0
2023-09-20T08:00,28.3,77,1007.8,8.4,0.0
2023-09-20T09:00,30.0,72,1008.2,9.2,0.0
2023-09-20T10:00,31.3,68,1007.9,10.2,0.0
2023-09-20T11:00,32.8,60,1006.9,10.8,0.0
2023-09-20T12:00,33.7,55,1005.9,8.9,0.0
2023-09-20T13:00,34.0,53,1004.5,5.2,0.0
2023-09-20T14:00,33.8,54,1003.5,4.4,0.0
2023-09-20T15:00,32.7,65,1002.9,7.4,0.0
2023-09-20T16:00,31.0,82,1002.6,13.6,0.0
2023-09-20T17:00,30.0,76,1004.0,5.5,0.0
2023-09-20T18:00,29.5,77,1004.8,5.5,0.0
2023-09-20T19:00,28.7,76,1005.9,6.3,0.0
2023-09-20T20:00,27.9,79,1006.5,4.1,0.0
2023-09-20T21:00,27.6,80,1007.0,5.4,0.0
2023-09-20T22:00,27.8,83,1007.2,7.4,0.0
2023-09-20T23:00,27.7,86,1007.0,9.0,0.0
2023-09-21T00:00,27.5,85,1006.6,9.8,0.0
2023-09-21T01:00,27.6,83,1006.1,14.8,0.0
2023-09-21T02:00,27.6,80,1005.7,16.1,0.1
2023-09-21T03:00,26.7,85,1006.2,1.8,0.0
2023-09-21T04:00,27.0,84,1006.1,5.7,0.0
2023-09-21T05:00,26.1,85,1007.4,10.7,0.0
2023-09-21T06:00,25.7,89,1008.3,10.0,3.1
2023-09-21T07:00,25.6,92,1008.5,9.7,0.3
2023-09-21T08:00,26.1,91,1008.9,7.8,0.4
2023-09-21T09:00,27.7,86,1009.2,6.6,0.2
2023-09-21T10:00,29.4,79,1008.7,7.1,0.1
2023-09-21T11:00,31.1,73,1007.7,7.1,0.0
2023-09-21T12:00,31.7,70,1006.7,8.4,0.2
2023-09-21T13:00,32.0,68,1005.4,8.6,0.2
2023-09-21T14:00,32.0,68,1004.4,7.9,0.0
2023-09-21T15:00,30.9,76,1003.9,10.7,0.5
2023-09-21T16:00,30.0,85,1003.6,14.2,0.0
2023-09-21T17:00,30.2,83,1004.3,10.5,0.0
2023-09-21T18:00,28.9,83,1005.0,12.7,0.0
2023-09-21T19:00,28.6,86,1006.0,13.5,0.0
2023-09-21T20:00,28.5,89,1006.8,14.4,0.0
2023-09-21T21:00,28.3,88,1007.6,15.5,0.0
2023-09-21T22:00,28.1,88,1007.4,14.9,0.0
2023-09-21T23:00,28.0,86,1007.5,14.0,0.0
2023-09-22T00:00,27.6,87,1007.1,11.2,0.0
2023-09-22T01:00,26.8,88,1006.2,12.7,0.3
2023-09-22T02:00,26.3,90,1006.0,15.8,0.0
2023-09-22T03:00,26.1,91,1006.0,16.1,0.0
2023-09-22T04:00,25.5,90,1006.5,9.8,0.3
2023-09-22T05:00,27.0,86,1007.1,15.1,0.0
2023-09-22T06:00,27.0,83,1007.4,12.3,0.0
2023-09-22T07:00,27.6,81,1008.0,10.8,0.0
2023-09-22T08:00,29.0,77,1008.9,10.2,0.0
2023-09-22T09:00,30.6,71,1008.8,9.9,0.0
2023-09-22T10:00,32.1,64,1008.3,10.7,0.0
2023-09-22T11:00,32.8,63,1007.4,8.4,0.0
2023-09-22T12:00,32.8,64,1006.5,8.0,0.0
2023-09-22T13:00,31.4,74,1005.6,13.2,1.7
2023-09-22T14:00,30.3,80,1004.5,13.2,0.2
2023-09-22T15:00,30.9,75,1003.7,15.1,0.1
2023-09-22T16:00,30.1,77,1004.1,15.0,0.0
2023-09-22T17:00,30.0,82,1004.6,10.5,0.0
2023-09-22T18:00,28.9,84,1004.9,13.7,0.0
2023-09-22T19:00,28.6,85,1005.7,14.0,0.0
2023-09-22T20:00,28.3,88,1006.5,15.9,0.0
2023-09-22T21:00,28.2,86,1007.3,15.2,0.0
2023-09-22T22:00,28.1,87,1007.2,15.5,0.0
2023-09-22T23:00,27.9,89,1007.0,17.3,0.0
2023-09-23T00:00,27.0,86,1007.4,14.8,0.0
2023-09-23T01:00,26.1,88,1006.8,11.6,0.0
2023-09-23T02:00,25.8,88,1006.1,5.0,0.0
2023-09-23T03:00,25.5,91,1006.2,7.2,0.0
2023-09-23T04:00,25.4,91,1006.5,4.2,0.0
2023-09-23T05:00,27.0,86,1006.3,7.8,0.0
2023-09-23T06:00,27.6,85,1007.3,11.1,0.0
2023-09-23T07:00,28.7,81,1008.0,13.0,0.0
2023-09-23T08:00,29.9,76,1008.4,14.3,0.1
2023-09-23T09:00,31.0,73,1008.3,11.6,0.1
2023-09-23T10:00,31.8,70,1007.9,8.7,0.1
2023-09-23T11:00,32.1,69,1007.4,5.2,0.2
2023-09-23T12:00,32.0,71,1006.1,7.9,0.2
2023-09-23T13:00,31.0,75,1005.2,12.8,0.7
2023-09-23T14:00,31.2,76,1004.3,11.6,0.1
2023-09-23T15:00,31.4,74,1003.6,11.1,0.0
2023-09-23T16:00,30.6,79,1003.6,14.8,0.0
2023-09-23T17:00,30.3,81,1004.3,11.5,0.0
2023-09-23T18:00,29.4,83,1005.1,13.4,0.0
2023-09-23T19:00,28.8,86,1006.5,12.3,0.0
2023-09-23T20:00,28.6,89,1007.1,13.7,0.0
2023-09-23T21:00,28.3,88,1007.6,14.1,0.8
2023-09-23T22:00,25.9,93,1009.0,18.5,14.7
2023-09-23T23:00,26.1,92,1007.9,7.5,0.3
2023-09-24T00:00,25.6,95,1007.7,14.7,0.1
2023-09-24T01:00,25.3,95,1007.2,11.5,0.1
2023-09-24T02:00,24.6,95,1007.6,13.8,3.9
2023-09-24T03:00,24.7,94,1007.1,10.6,0.1
2023-09-24T04:00,24.8,92,1006.7,10.6,0.0
2023-09-24T05:00,25.1,93,1007.8,14.1,0.0
2023-09-24T06:00,25.5,93,1007.7,13.7,1.7
2023-09-24T07:00,26.4,90,1008.4,9.0,3.2
2023-09-24T08:00,27.5,86,1007.9,13.0,0.1
2023-09-24T09:00,29.9,76,1007.8,15.1,0.1
2023-09-24T10:00,31.6,69,1007.3,13.8,0.0
2023-09-24T11:00,32.8,65,1006.2,12.4,0.0
2023-09-24T12:00,33.7,59,1005.2,12.2,0.1
2023-09-24T13:00,33.8,58,1004.1,6.3,0.0
2023-09-24T14:00,33.1,59,1003.3,3.6,0.0
2023-09-24T15:00,31.4,75,1003.0,8.0,1.0
2023-09-24T16:00,30.0,86,1003.0,11.8,0.0
2023-09-24T17:00,30.6,72,1003.2,5.0,0.0
2023-09-24T18:00,28.7,84,1003.9,4.7,0.0
2023-09-24T19:00,28.3,85,1005.5,3.6,1.7
2023-09-24T20:00,27.4,88,1006.1,9.0,2.3
2023-09-24T21:00,26.5,92,1007.7,17.1,2.7
2023-09-24T22:00,25.7,90,1007.7,15.8,1.0
2023-09-24T23:00,25.4,90,1006.9,4.3,0.5
2023-09-25T00:00,25.3,90,1006.6,14.2,0.2
2023-09-25T01:00,25.0,93,1006.0,8.1,1.6
2023-09-25T02:00,25.3,92,1005.3,11.6,0.0
2023-09-25T03:00,25.2,91,1005.1,10.9,0.0
2023-09-25T04:00,25.2,89,1005.1,10.8,0.0
2023-09-25T05:00,25.5,87,1005.8,13.0,0.0
2023-09-25T06:00,25.8,86,1006.1,11.6,0.0
2023-09-25T07:00,26.9,86,1006.7,10.8,0.0
2023-09-25T08:00,28.4,80,1007.0,13.4,0.0
2023-09-25T09:00,30.0,74,1006.8,14.1,0.0
2023-09-25T10:00,31.5,69,1006.6,11.2,0.0
2023-09-25T11:00,32.7,64,1005.6,10.4,0.0
2023-09-25T12:00,33.2,62,1004.6,7.1,0.0
2023-09-25T13:00,32.9,65,1003.2,3.3,0.1
2023-09-25T14:00,32.4,69,1002.7,5.4,0.1
2023-09-25T15:00,31.0,76,1002.1,7.4,0.4
2023-09-25T16:00,30.4,80,1002.0,10.3,0.0
2023-09-25T17:00,30.8,79,1002.4,2.3,0.0
2023-09-25T18:00,29.1,89,1003.1,4.7,0.0
2023-09-25T19:00,28.4,92,1004.2,6.3,0.0
2023-09-25T20:00,28.5,89,1005.0,5.4,0.0
2023-09-25T21:00,28.0,92,1005.2,5.6,0.0
2023-09-25T22:00,28.1,87,1005.6,10.5,0.0
2023-09-25T23:00,26.3,87,1006.2,13.7,6.8
2023-09-26T00:00,26.1,87,1005.7,13.0,0.7
2023-09-26T01:00,25.6,87,1004.8,10.6,0.0
2023-09-26T02:00,25.4,88,1004.6,11.3,0.0
2023-09-26T03:00,25.4,88,1003.9,10.4,0.0
2023-09-26T04:00,25.4,87,1004.2,10.7,0.0
2023-09-26T05:00,24.8,90,1005.2,14.7,0.0
2023-09-26T06:00,25.2,91,1006.6,11.1,2.5
2023-09-26T07:00,25.9,86,1006.9,11.6,0.1
2023-09-26T08:00,27.3,84,1007.4,9.0,0.0
2023-09-26T09:00,29.0,80,1007.3,10.7,0.0
2023-09-26T10:00,30.6,73,1006.5,11.6,0.0
2023-09-26T11:00,31.7,67,1005.1,12.2,0.0
2023-09-26T12:00,32.3,64,1004.2,10.6,0.0
2023-09-26T13:00,32.8,63,1003.4,6.6,0.0
2023-09-26T14:00,32.5,64,1002.5,3.3,0.0
2023-09-26T15:00,31.3,73,1002.3,8.9,0.9
2023-09-26T16:00,30.0,84,1002.4,14.5,0.0
2023-09-26T17:00,28.9,85,1003.1,10.1,0.0
2023-09-26T18:00,28.2,87,1003.7,5.6,0.0
2023-09-26T19:00,27.5,90,1004.9,2.9,0.0
2023-09-26T20:00,25.7,92,1006.3,14.1,7.7
2023-09-26T21:00,25.4,91,1007.0,18.1,5.1
2023-09-26T22:00,25.5,91,1007.1,12.5,3.2
2023-09-26T23:00,25.1,93,1006.7,18.4,1.5
2023-09-27T00:00,25.2,93,1006.1,13.0,0.6
2023-09-27T01:00,25.1,92,1005.4,12.0,0.3
2023-09-27T02:00,25.2,90,1004.8,12.7,0.1
2023-09-27T03:00,25.0,91,1004.7,11.6,0.0
2023-09-27T04:00,25.2,90,1004.3,9.5,0.0
2023-09-27T05:00,25.8,92,1005.6,8.8,0.0
2023-09-27T06:00,26.1,90,1005.4,10.5,0.0
2023-09-27T07:00,27.3,86,1006.0,9.4,0.0
2023-09-27T08:00,28.9,79,1006.3,8.6,0.0
2023-09-27T09:00,30.6,71,1006.4,9.7,0.0
2023-09-27T10:00,31.8,66,1006.0,8.4,0.0
2023-09-27T11:00,32.8,61,1005.2,6.6,0.0
2023-09-27T12:00,33.1,61,1004.2,1.8,0.0
2023-09-27T13:00,32.1,67,1003.5,6.8,0.0
2023-09-27T14:00,30.2,78,1002.6,11.1,3.7
2023-09-27T15:00,30.5,75,1001.8,11.2,0.1
2023-09-27T16:00,30.2,76,1001.9,11.4,0.0
2023-09-27T17:00,27.9,86,1003.8,2.3,0.0
2023-09-27T18:00,27.6,89,1004.6,2.3,0.4
2023-09-27T19:00,27.0,95,1005.3,2.7,0.1
2023-09-27T20:00,26.5,95,1005.7,4.0,0.0
2023-09-27T21:00,26.5,94,1006.3,4.2,0.0
2023-09-27T22:00,26.6,91,1006.5,6.4,0.0
2023-09-27T23:00,26.5,90,1006.5,11.0,0.0
2023-09-28T00:00,26.6,90,1005.7,12.3,0.0
2023-09-28T01:00,26.2,90,1004.6,11.0,0.0
2023-09-28T02:00,26.0,90,1003.8,9.3,0.0
2023-09-28T03:00,25.8,90,1003.7,10.4,0.0
2023-09-28T04:00,25.7,88,1003.6,12.3,0.0
2023-09-28T05:00,26.5,84,1004.4,10.5,0.0
2023-09-28T06:00,26.6,83,1004.5,12.6,0.0
2023-09-28T07:00,27.8,81,1005.3,12.9,0.0
2023-09-28T08:00,29.5,72,1006.2,14.0,0.0
2023-09-28T09:00,30.9,64,1006.7,16.7,0.0
2023-09-28T10:00,31.9,61,1006.3,16.2,0.0
2023-09-28T11:00,32.9,58,1006.0,13.1,0.0
2023-09-28T12:00,33.5,56,1004.7,11.2,0.0
2023-09-28T13:00,33.7,56,1002.8,8.6,0.0
2023-09-28T14:00,31.8,66,1002.1,10.5,0.8
2023-09-28T15:00,32.1,64,1001.8,12.3,0.0
2023-09-28T16:00,31.4,67,1001.9,11.2,0.6
2023-09-28T17:00,30.7,80,1002.5,2.6,0.0
2023-09-28T18:00,27.9,90,1003.5,6.5,4.1
2023-09-28T19:00,27.5,94,1004.4,3.3,0.1
2023-09-28T20:00,27.9,88,1005.2,4.9,0.0
2023-09-28T21:00,26.5,89,1006.3,4.3,2.6
2023-09-28T22:00,26.3,89,1006.1,4.7,0.0
2023-09-28T23:00,26.7,86,1005.5,5.5,0.0
2023-09-29T00:00,26.6,88,1005.1,7.0,0.0
2023-09-29T01:00,26.5,88,1004.3,8.7,0.0
2023-09-29T02:00,26.5,87,1003.9,11.4,0.0
2023-09-29T03:00,26.6,83,1003.9,13.9,0.0
2023-09-29T04:00,26.5,80,1003.7,13.5,0.0
2023-09-29T05:00,26.3,85,1004.1,8.9,0.0
2023-09-29T06:00,26.7,85,1004.8,10.7,0.0
2023-09-29T07:00,28.1,81,1006.2,11.0,0.0
2023-09-29T08:00,29.8,71,1006.4,16.1,0.0
2023-09-29T09:00,30.9,65,1006.9,18.5,0.0
2023-09-29T10:00,31.8,62,1007.2,18.0,0.0
2023-09-29T11:00,32.5,61,1006.3,16.6,0.0
2023-09-29T12:00,32.8,61,1005.1,13.9,0.0
2023-09-29T13:00,33.0,63,1004.0,9.8,0.0
2023-09-29T14:00,32.0,69,1002.7,9.1,0.1
2023-09-29T15:00,29.2,78,1001.9,13.0,4.7
2023-09-29T16:00,29.2,78,1002.9,10.6,2.4
2023-09-29T17:00,27.9,88,1003.2,7.5,0.4
2023-09-29T18:00,27.4,93,1004.5,6.2,1.4
2023-09-29T19:00,27.2,95,1005.6,6.4,0.6
2023-09-29T20:00,27.1,94,1006.2,5.2,0.2
2023-09-29T21:00,26.6,92,1006.5,5.5,0.0
2023-09-29T22:00,26.6,91,1007.0,4.8,0.0
2023-09-29T23:00,26.6,91,1006.7,6.0,0.0
2023-09-30T00:00,26.7,90,1006.1,7.1,0.0
2023-09-30T01:00,26.6,90,1005.4,9.2,0.0
2023-09-30T02:00,26.3,90,1005.0,9.7,0.0
2023-09-30T03:00,25.9,89,1004.9,10.4,0.0
2023-09-30T04:00,25.7,89,1004.9,10.7,0.0
2023-09-30T05:00,27.0,88,1005.0,9.6,0.0
2023-09-30T06:00,27.2,84,1005.8,9.8,0.0
2023-09-30T07:00,27.8,83,1007.0,9.7,0.0
2023-09-30T08:00,29.3,77,1007.6,10.8,0.0
2023-09-30T09:00,30.6,69,1007.9,13.0,0.0
2023-09-30T10:00,31.3,66,1007.4,11.8,0.0
2023-09-30T11:00,31.9,64,1006.9,11.8,0.0
2023-09-30T12:00,32.3,62,1005.8,12.3,0.0
2023-09-30T13:00,32.4,63,1004.7,14.8,0.0
2023-09-30T14:00,31.9,69,1003.7,13.7,0.0
2023-09-30T15:00,30.3,79,1002.9,16.0,2.6
2023-09-30T16:00,29.9,77,1003.2,18.6,0.0
2023-09-30T17:00,29.5,80,1003.7,9.2,0.0
2023-09-30T18:00,28.5,83,1004.5,5.6,0.1
2023-09-30T19:00,28.1,82,1005.5,7.8,0.0
2023-09-30T20:00,27.4,86,1006.3,4.2,0.0
2023-09-30T21:00,27.5,85,1006.9,5.8,0.0
2023-09-30T22:00,27.7,86,1006.6,10.0,0.0
2023-09-30T23:00,27.8,83,1006.4,14.8,0.0
2024-06-01T00:00,31.6,77,1001.3,21.3,0.0
2024-06-01T01:00,31.4,77,1000.8,16.4,0.0
2024-06-01T02:00,31.2,77,1000.9,15.3,0.0
2024-06-01T03:00,31.5,71,1000.5,9.9,0.0
2024-06-01T04:00,30.9,69,1000.9,10.6,0.0
2024-06-01T05:00,30.4,64,1001.9,10.2,0.0
2024-06-01T06:00,31.4,78,1002.3,8.6,0.0
2024-06-01T07:00,33.0,75,1002.9,11.5,0.0
2024-06-01T08:00,34.1,71,1003.6,15.6,0.0
2024-06-01T09:00,35.2,66,1003.5,18.1,0.0
2024-06-01T10:00,36.0,65,1003.3,21.3,0.0
2024-06-01T11:00,36.8,61,1002.7,20.8,0.0
2024-06-01T12:00,36.7,61,1001.7,22.9,0.0
2024-06-01T13:00,35.9,60,1000.8,27.0,0.0
2024-06-01T14:00,35.4,60,1000.1,24.0,0.0
2024-06-01T15:00,35.1,60,999.1,22.7,0.0
2024-06-01T16:00,34.1,64,999.4,23.9,0.0
2024-06-01T17:00,32.7,72,1000.1,22.7,0.0
2024-06-01T18:00,32.2,82,1001.0,15.3,0.0
2024-06-01T19:00,32.0,81,1002.0,13.9,0.1
2024-06-01T20:00,31.6,81,1003.2,7.6,0.3
2024-06-01T21:00,30.6,84,1003.9,20.6,0.2
2024-06-01T22:00,27.8,82,1004.7,18.7,0.4
2024-06-01T23:00,28.4,82,1004.2,11.4,0.0
2024-06-02T00:00,29.0,78,1004.4,17.5,0.1
2024-06-02T01:00,27.1,86,1003.1,17.8,1.1
2024-06-02T02:00,27.5,83,1001.8,13.5,0.2
2024-06-02T03:00,27.9,82,1001.9,8.8,0.0
2024-06-02T04:00,27.7,85,1002.1,9.1,0.0
2024-06-02T05:00,27.7,87,1002.8,5.9,0.0
2024-06-02T06:00,27.8,82,1005.2,18.7,0.4
2024-06-02T07:00,28.5,79,1005.4,6.6,0.2
2024-06-02T08:00,29.8,72,1006.3,2.9,0.0
2024-06-02T09:00,31.2,69,1005.6,7.9,0.0
2024-06-02T10:00,32.0,67,1005.9,4.2,0.0
2024-06-02T11:00,33.0,64,1005.7,7.6,0.0
2024-06-02T12:00,33.4,65,1004.3,10.9,0.0
2024-06-02T13:00,33.5,63,1003.3,13.4,0.0
2024-06-02T14:00,33.2,63,1002.1,16.0,0.0
2024-06-02T15:00,32.5,66,1002.1,15.0,0.0
2024-06-02T16:00,31.8,72,1002.4,14.5,0.0
2024-06-02T17:00,30.9,75,1003.1,16.8,0.0
2024-06-02T18:00,27.5,92,1005.0,13.8,17.4
2024-06-02T19:00,27.7,93,1004.3,9.0,1.1
2024-06-02T20:00,28.2,89,1005.6,14.5,0.5
2024-06-02T21:00,28.2,93,1005.9,15.6,0.6
2024-06-02T22:00,28.1,93,1006.1,12.6,0.4
2024-06-02T23:00,28.1,94,1005.7,10.8,0.0
2024-06-03T00:00,27.9,94,1005.0,8.4,0.0
2024-06-03T01:00,27.5,94,1004.2,8.2,0.0
2024-06-03T02:00,27.3,94,1004.4,12.2,0.0
2024-06-03T03:00,27.1,95,1003.5,3.6,0.2
2024-06-03T04:00,27.4,93,1003.1,6.2,0.0
2024-06-03T05:00,27.1,95,1003.4,2.9,0.0
2024-06-03T06:00,28.4,89,1005.0,4.3,0.0
2024-06-03T07:00,28.9,80,1005.7,11.9,1.1
2024-06-03T08:00,29.0,76,1006.3,9.3,0.0
2024-06-03T09:00,29.7,72,1006.3,11.2,0.0
2024-06-03T10:00,29.2,75,1007.6,14.2,2.8
2024-06-03T11:00,29.6,75,1007.1,8.4,3.8
2024-06-03T12:00,29.6,75,1006.4,14.4,0.5
2024-06-03T13:00,30.2,72,1005.1,12.4,0.4
2024-06-03T14:00,30.5,71,1004.2,8.3,0.4
2024-06-03T15:00,30.6,70,1003.6,5.2,0.2
2024-06-03T16:00,30.6,70,1003.1,1.6,0.0
2024-06-03T17:00,30.2,72,1003.1,6.3,0.0
2024-06-03T18:00,30.7,75,1003.3,9.2,0.0
2024-06-03T19:00,30.1,78,1003.9,7.2,0.0
2024-06-03T20:00,29.6,82,1004.8,6.7,0.0
2024-06-03T21:00,29.5,83,1005.6,7.1,0.0
2024-06-03T22:00,29.4,84,1006.4,8.8,0.0
2024-06-03T23:00,28.9,85,1006.1,9.8,0.0
2024-06-04T00:00,27.9,90,1005.7,3.6,3.9
2024-06-04T01:00,28.0,92,1005.0,4.0,0.0
2024-06-04T02:00,28.2,91,1004.4,7.2,0.0
2024-06-04T03:00,28.0,91,1004.4,9.4,0.0
2024-06-04T04:00,27.6,89,1004.7,8.7,0.0
2024-06-04T05:00,27.5,89,1005.1,7.9,0.0
2024-06-04T06:00,26.9,93,1006.1,7.0,0.5
2024-06-04T07:00,27.2,88,1006.1,3.4,1.0
2024-06-04T08:00,28.0,86,1007.0,5.0,0.0
2024-06-04T09:00,30.1,78,1007.1,9.0,0.7
2024-06-04T10:00,32.4,68,1006.9,11.0,0.0
2024-06-04T11:00,34.5,60,1006.3,6.4,0.0
2024-06-04T12:00,32.4,68,1005.8,5.8,3.3
2024-06-04T13:00,32.1,69,1005.2,10.9,0.2
2024-06-04T14:00,32.5,70,1003.9,9.7,0.0
2024-06-04T15:00,32.8,71,1003.0,10.8,0.0
2024-06-04T16:00,33.0,69,1003.0,11.2,0.0
2024-06-04T17:00,32.5,71,1003.4,10.5,0.0
2024-06-04T18:00,31.0,77,1004.2,11.2,0.0
2024-06-04T19:00,30.3,78,1004.8,7.5,0.0
2024-06-04T20:00,30.1,79,1005.2,6.2,0.0
2024-06-04T21:00,29.9,82,1005.3,8.9,0.0
2024-06-04T22:00,29.7,83,1006.2,9.6,0.0
2024-06-04T23:00,29.4,81,1006.0,9.4,0.0
2024-06-05T00:00,29.2,81,1005.5,9.2,0.0
2024-06-05T01:00,28.9,82,1005.2,7.9,0.0
2024-06-05T02:00,28.7,84,1004.7,7.9,0.0
2024-06-05T03:00,26.9,90,1005.0,9.2,2.6
2024-06-05T04:00,26.4,92,1005.6,7.7,0.9
2024-06-05T05:00,26.3,91,1006.5,6.1,1.0
2024-06-05T06:00,26.5,95,1006.1,1.4,23.5
2024-06-05T07:00,27.4,89,1007.4,10.9,4.3
2024-06-05T08:00,27.9,88,1006.9,9.4,0.3
2024-06-05T09:00,28.6,86,1008.0,12.0,0.1
2024-06-05T10:00,29.1,85,1006.7,8.7,0.1
2024-06-05T11:00,30.5,81,1006.8,8.7,0.0
2024-06-05T12:00,31.3,78,1006.0,9.8,0.0
2024-06-05T13:00,31.9,77,1004.7,13.8,0.0
2024-06-05T14:00,32.5,75,1003.9,13.0,0.0
2024-06-05T15:00,32.1,75,1003.9,17.6,0.7
2024-06-05T16:00,30.1,77,1004.1,14.8,0.0
2024-06-05T17:00,29.5,81,1004.8,10.8,0.1
2024-06-05T18:00,28.8,89,1004.6,11.8,1.5
2024-06-05T19:00,26.7,89,1006.2,24.6,0.4
2024-06-05T20:00,26.9,85,1005.6,10.4,0.0
2024-06-05T21:00,27.5,83,1006.1,9.4,0.0
2024-06-05T22:00,28.0,83,1007.0,13.6,0.0
2024-06-05T23:00,28.1,86,1007.3,18.3,0.0
2024-06-06T00:00,27.3,87,1006.4,16.3,0.0
2024-06-06T01:00,26.7,88,1006.6,18.9,0.7
2024-06-06T02:00,26.1,91,1005.5,12.8,0.1
2024-06-06T03:00,26.1,93,1005.6,10.8,0.5
2024-06-06T04:00,26.2,93,1006.1,12.8,0.2
2024-06-06T05:00,26.2,94,1006.4,11.8,0.0
2024-06-06T06:00,27.2,91,1006.0,5.8,5.6
2024-06-06T07:00,26.7,94,1008.0,12.1,5.4
2024-06-06T08:00,27.0,91,1008.8,7.5,3.2
2024-06-06T09:00,26.9,91,1008.6,10.6,1.2
2024-06-06T10:00,27.0,90,1009.0,8.6,3.0
2024-06-06T11:00,27.5,88,1007.9,7.7,0.6
2024-06-06T12:00,29.0,80,1007.0,12.3,0.3
2024-06-06T13:00,30.7,74,1006.2,11.5,0.1
2024-06-06T14:00,31.9,69,1004.5,10.2,0.2
2024-06-06T15:00,32.2,68,1003.9,11.0,0.1
2024-06-06T16:00,31.9,70,1003.9,8.3,0.1
2024-06-06T17:00,29.1,82,1004.4,15.8,3.9
2024-06-06T18:00,27.8,92,1005.7,13.0,1.8
2024-06-06T19:00,27.1,93,1005.5,7.2,0.7
2024-06-06T20:00,27.1,91,1006.6,8.0,0.4
2024-06-06T21:00,27.3,92,1007.1,11.5,0.0
2024-06-06T22:00,27.3,93,1007.0,11.6,0.0
2024-06-06T23:00,27.1,93,1006.9,13.8,0.0
2024-06-07T00:00,27.0,91,1006.0,16.1,0.0
2024-06-07T01:00,26.8,90,1004.9,15.5,0.0
2024-06-07T02:00,26.6,91,1004.8,14.3,0.0
2024-06-07T03:00,26.4,93,1004.7,12.2,0.2
2024-06-07T04:00,26.1,95,1004.6,12.4,0.6
2024-06-07T05:00,25.9,95,1004.9,12.9,0.7
2024-06-07T06:00,26.4,92,1005.7,12.0,0.3
2024-06-07T07:00,26.6,92,1006.2,12.3,0.0
2024-06-07T08:00,27.1,91,1007.2,10.7,0.0
2024-06-07T09:00,27.4,89,1007.4,11.9,0.9
2024-06-07T10:00,28.2,87,1007.4,13.5,0.7
2024-06-07T11:00,28.7,85,1006.6,13.3,0.8
2024-06-07T12:00,29.3,80,1005.7,13.7,0.5
2024-06-07T13:00,29.6,77,1004.8,11.7,0.1
2024-06-07T14:00,30.4,72,1003.2,10.8,0.1
2024-06-07T15:00,31.0,69,1003.0,9.0,0.0
2024-06-07T16:00,31.0,68,1002.6,8.7,0.0
2024-06-07T17:00,30.6,71,1002.4,10.2,0.0
2024-06-07T18:00,29.3,81,1003.4,16.2,0.0
2024-06-07T19:00,28.6,85,1004.4,14.8,0.0
2024-06-07T20:00,28.2,87,1005.2,13.8,0.0
2024-06-07T21:00,28.0,87,1005.5,12.0,0.0
2024-06-07T22:00,27.7,88,1006.2,12.3,0.0
2024-06-07T23:00,27.7,89,1006.4,15.8,0.2
2024-06-08T00:00,27.4,89,1005.6,14.2,0.5
2024-06-08T01:00,27.4,88,1005.0,13.3,0.1
2024-06-08T02:00,27.2,88,1004.2,14.3,0.0
2024-06-08T03:00,27.0,89,1003.5,14.7,0.0
2024-06-08T04:00,26.8,89,1003.7,15.2,0.0
2024-06-08T05:00,26.7,88,1004.4,15.2,0.0
2024-06-08T06:00,27.1,84,1004.9,13.7,0.0
2024-06-08T07:00,27.7,82,1005.8,12.7,0.0
2024-06-08T08:00,28.6,79,1006.1,14.0,0.0
2024-06-08T09:00,30.3,71,1006.4,14.3,0.0
2024-06-08T10:00,32.0,65,1005.8,14.3,0.1
2024-06-08T11:00,33.0,61,1004.9,16.9,0.3
2024-06-08T12:00,33.7,59,1004.6,15.7,0.1
2024-06-08T13:00,31.8,67,1003.7,15.6,0.9
2024-06-08T14:00,31.9,69,1002.4,19.6,0.1
2024-06-08T15:00,31.9,71,1001.3,21.4,0.0
2024-06-08T16:00,31.5,71,1001.2,21.8,0.0
2024-06-08T17:00,30.4,75,1001.6,23.4,0.0
2024-06-08T18:00,29.5,77,1002.6,18.8,0.0
2024-06-08T19:00,29.2,80,1003.6,20.5,0.0
2024-06-08T20:00,28.9,83,1004.3,19.7,0.0
2024-06-08T21:00,28.8,82,1004.5,18.8,0.0
2024-06-08T22:00,28.8,81,1004.9,17.3,0.0
2024-06-08T23:00,28.9,78,1004.7,17.6,0.0
2024-06-09T00:00,28.5,79,1003.8,17.9,0.0
2024-06-09T01:00,28.0,80,1003.2,20.4,0.0
2024-06-09T02:00,27.7,80,1002.6,20.8,0.0
2024-06-09T03:00,27.5,80,1002.6,18.9,0.0
2024-06-09T04:00,27.3,80,1002.8,16.1,0.0
2024-06-09T05:00,27.0,80,1003.4,12.8,0.0
2024-06-09T06:00,27.4,79,1003.9,13.2,0.0
2024-06-09T07:00,28.6,75,1004.7,13.9,0.0
2024-06-09T08:00,30.0,70,1005.6,12.9,0.0
2024-06-09T09:00,31.5,64,1006.0,13.9,0.0
2024-06-09T10:00,32.7,58,1005.8,14.4,0.0
2024-06-09T11:00,33.7,54,1005.0,15.6,0.0
2024-06-09T12:00,34.3,52,1004.1,14.7,0.0
2024-06-09T13:00,34.8,51,1003.0,16.2,0.0
2024-06-09T14:00,34.5,52,1002.1,14.5,0.1
2024-06-09T15:00,33.2,65,1001.5,14.9,0.0
2024-06-09T16:00,32.0,70,1001.8,21.3,0.0
2024-06-09T17:00,30.4,74,1002.4,13.0,0.4
2024-06-09T18:00,29.3,78,1002.5,18.0,0.0
2024-06-09T19:00,29.8,76,1003.3,18.5,0.0
2024-06-09T20:00,29.6,80,1004.0,16.7,0.0
2024-06-09T21:00,29.4,82,1004.7,15.9,0.0
2024-06-09T22:00,29.2,86,1005.1,16.2,0.0
2024-06-09T23:00,29.0,89,1004.7,17.3,0.0
2024-06-10T00:00,28.8,88,1004.1,16.8,0.0
2024-06-10T01:00,28.4,87,1003.4,16.4,0.0
2024-06-10T02:00,28.2,86,1002.8,15.3,0.0
2024-06-10T03:00,28.0,85,1002.7,13.8,0.0
2024-06-10T04:00,27.7,84,1002.9,13.8,0.0
2024-06-10T05:00,27.5,83,1003.4,13.2,0.0
2024-06-10T06:00,28.2,75,1004.0,11.8,0.0
2024-06-10T07:00,29.8,66,1004.7,10.2,0.0
2024-06-10T08:00,31.5,57,1005.0,14.8,0.0
2024-06-10T09:00,32.8,53,1005.1,17.1,0.0
2024-06-10T10:00,34.1,50,1004.5,16.4,0.0
2024-06-10T11:00,35.4,47,1003.8,16.1,0.0
2024-06-10T12:00,36.5,45,1003.3,14.4,0.0
2024-06-10T13:00,36.4,45,1002.2,9.3,0.0
2024-06-10T14:00,31.8,70,1001.6,17.4,1.5
2024-06-10T15:00,28.8,88,1001.4,19.6,5.1
2024-06-10T16:00,30.0,77,1001.1,25.9,0.2
2024-06-10T17:00,30.0,82,1002.2,13.7,0.2
2024-06-10T18:00,30.4,70,1003.3,13.9,0.0
2024-06-10T19:00,29.4,70,1004.2,12.6,0.0
2024-06-10T20:00,28.8,72,1004.9,6.6,0.0
2024-06-10T21:00,28.6,76,1005.0,6.5,0.0
2024-06-10T22:00,28.8,73,1005.1,7.9,0.0
2024-06-10T23:00,30.0,62,1005.0,14.3,0.0
2024-06-11T00:00,30.1,61,1004.4,17.4,0.0
2024-06-11T01:00,29.8,62,1003.9,15.4,0.0
2024-06-11T02:00,29.2,64,1003.5,13.0,0.0
2024-06-11T03:00,28.9,66,1003.2,13.7,0.0
2024-06-11T04:00,28.7,67,1003.4,12.7,0.0
2024-06-11T05:00,28.6,67,1003.6,13.8,0.0
2024-06-11T06:00,28.7,66,1004.0,15.7,0.0
2024-06-11T07:00,29.8,63,1004.9,12.6,0.0
2024-06-11T08:00,31.1,59,1005.4,13.9,0.0
2024-06-11T09:00,32.5,54,1005.4,14.4,0.0
2024-06-11T10:00,33.6,51,1004.5,14.8,0.0
2024-06-11T11:00,34.9,48,1003.9,15.9,0.0
2024-06-11T12:00,36.2,45,1003.4,15.5,0.0
2024-06-11T13:00,35.7,45,1002.8,13.3,0.0
2024-06-11T14:00,35.3,46,1001.5,9.5,0.0
2024-06-11T15:00,32.4,58,1002.0,15.6,0.3
2024-06-11T16:00,27.7,88,1001.8,5.8,9.7
2024-06-11T17:00,28.1,87,1001.9,5.9,0.4
2024-06-11T18:00,30.2,64,1002.7,9.7,0.0
2024-06-11T19:00,29.4,68,1003.3,9.2,0.0
2024-06-11T20:00,29.0,77,1004.0,10.1,0.0
2024-06-11T21:00,29.3,76,1004.7,12.1,0.0
2024-06-11T22:00,29.7,71,1005.0,16.1,0.0
2024-06-11T23:00,28.5,73,1005.0,2.7,0.0
2024-06-12T00:00,27.8,84,1004.2,3.8,0.0
2024-06-12T01:00,28.7,69,1003.9,10.7,0.0
2024-06-12T02:00,29.2,62,1003.7,16.1,0.0
2024-06-12T03:00,29.0,63,1003.5,18.3,0.0
2024-06-12T04:00,28.7,65,1003.9,16.7,0.0
2024-06-12T05:00,28.6,66,1004.6,15.3,0.0
2024-06-12T06:00,26.8,81,1005.6,14.0,0.3
2024-06-12T07:00,28.1,78,1006.5,13.2,0.0
2024-06-12T08:00,29.4,73,1007.0,13.0,0.0
2024-06-12T09:00,30.0,69,1007.2,12.3,0.0
2024-06-12T10:00,31.3,62,1007.1,18.7,0.0
2024-06-12T11:00,31.0,64,1006.4,17.7,0.0
2024-06-12T12:00,31.6,61,1006.0,18.9,0.0
2024-06-12T13:00,33.3,54,1004.8,19.9,0.0
2024-06-12T14:00,33.8,52,1003.8,20.5,0.0
2024-06-12T15:00,33.3,53,1003.4,17.3,0.0
2024-06-12T16:00,31.9,61,1003.4,12.4,0.3
2024-06-12T17:00,31.7,62,1003.8,9.1,0.0
2024-06-12T18:00,30.8,65,1004.1,6.4,0.0
2024-06-12T19:00,29.6,71,1004.9,7.6,0.0
2024-06-12T20:00,29.0,78,1005.3,6.6,0.0
2024-06-12T21:00,28.8,72,1005.9,7.4,0.0
2024-06-12T22:00,29.0,63,1006.1,13.7,0.0
2024-06-12T23:00,29.0,62,1006.4,13.3,0.0
2024-06-13T00:00,29.0,63,1005.8,11.9,0.0
2024-06-13T01:00,28.8,64,1005.1,12.8,0.0
2024-06-13T02:00,28.8,65,1004.9,14.5,0.0
2024-06-13T03:00,28.8,65,1004.6,17.4,0.0
2024-06-13T04:00,28.5,66,1004.8,17.6,0.0
2024-06-13T05:00,28.1,68,1005.0,15.2,0.0
2024-06-13T06:00,27.5,73,1005.7,15.7,0.0
2024-06-13T07:00,28.8,69,1006.8,12.8,0.0
2024-06-13T08:00,30.5,62,1006.6,18.0,0.0
2024-06-13T09:00,31.9,56,1006.6,20.2,0.0
2024-06-13T10:00,33.1,52,1006.8,17.6,0.0
2024-06-13T11:00,34.1,49,1006.1,16.2,0.0
2024-06-13T12:00,35.1,46,1005.3,17.8,0.0
2024-06-13T13:00,35.4,45,1004.4,18.4,0.0
2024-06-13T14:00,35.1,45,1003.3,19.4,0.0
2024-06-13T15:00,34.7,45,1002.7,12.4,0.0
2024-06-13T16:00,33.5,49,1002.2,4.9,0.0
2024-06-13T17:00,31.9,65,1002.6,10.4,0.0
2024-06-13T18:00,31.0,59,1004.0,2.2,0.0
2024-06-13T19:00,29.4,70,1004.8,4.0,0.0
2024-06-13T20:00,28.9,84,1005.3,3.3,0.1
2024-06-13T21:00,28.5,81,1005.7,3.4,0.0
2024-06-13T22:00,28.8,73,1005.8,4.8,0.0
2024-06-13T23:00,28.5,73,1005.4,4.5,0.0
2024-06-14T00:00,28.1,73,1004.5,8.4,0.0
2024-06-14T01:00,27.9,74,1003.7,7.3,0.0
2024-06-14T02:00,27.6,76,1003.7,8.7,0.0
2024-06-14T03:00,27.6,75,1003.5,8.4,0.0
2024-06-14T04:00,27.8,73,1003.7,10.0,0.0
2024-06-14T05:00,28.2,68,1004.1,12.0,0.0
2024-06-14T06:00,28.5,67,1004.9,13.4,0.0
2024-06-14T07:00,29.3,66,1005.5,12.3,0.0
2024-06-14T08:00,30.5,62,1005.6,14.0,0.0
2024-06-14T09:00,31.8,55,1005.9,18.8,0.0
2024-06-14T10:00,31.1,57,1005.4,17.2,0.0
2024-06-14T11:00,32.0,56,1004.7,13.4,0.0
2024-06-14T12:00,34.0,50,1003.9,15.3,0.0
2024-06-14T13:00,35.0,46,1002.8,20.2,0.0
2024-06-14T14:00,35.9,43,1001.8,20.4,0.0
2024-06-14T15:00,35.5,42,1001.2,22.7,0.0
2024-06-14T16:00,35.6,42,1000.7,18.3,0.1
2024-06-14T17:00,34.1,47,1001.2,3.4,0.0
2024-06-14T18:00,30.8,70,1002.5,3.4,0.0
2024-06-14T19:00,30.0,79,1003.3,8.2,0.0
2024-06-14T20:00,29.6,77,1004.3,10.0,0.0
2024-06-14T21:00,29.1,78,1005.1,9.5,0.0
2024-06-14T22:00,28.7,80,1005.0,9.0,0.0
2024-06-14T23:00,28.4,82,1004.4,9.2,0.0
2024-06-15T00:00,28.1,82,1003.9,8.4,0.0
2024-06-15T01:00,27.7,84,1003.7,5.2,0.0
2024-06-15T02:00,27.6,82,1003.5,5.6,0.0
2024-06-15T03:00,27.8,80,1003.1,10.1,0.0
2024-06-15T04:00,27.8,78,1003.4,10.4,0.0
2024-06-15T05:00,27.9,74,1003.4,13.2,0.0
2024-06-15T06:00,28.4,72,1004.0,15.1,0.1
2024-06-15T07:00,27.2,82,1004.7,10.0,1.9
2024-06-15T08:00,28.8,75,1004.3,10.4,0.0
2024-06-15T09:00,31.5,60,1004.5,11.7,0.0
2024-06-15T10:00,32.8,52,1004.2,13.1,0.0
2024-06-15T11:00,34.1,48,1003.7,12.2,0.0
2024-06-15T12:00,34.9,45,1003.1,11.3,0.0
2024-06-15T13:00,35.4,42,1002.3,10.5,0.0
2024-06-15T14:00,35.5,41,1001.5,6.3,0.0
2024-06-15T15:00,34.9,46,1000.6,7.2,0.0
2024-06-15T16:00,33.1,65,1000.4,10.8,0.1
2024-06-15T17:00,31.5,70,1000.9,14.7,0.1
2024-06-15T18:00,30.9,56,1002.3,16.4,0.0
2024-06-15T19:00,29.7,60,1002.7,10.4,0.0
2024-06-15T20:00,29.5,61,1003.6,7.3,0.0
2024-06-15T21:00,29.1,65,1004.2,12.0,0.1
2024-06-15T22:00,28.9,67,1004.7,13.9,0.0
2024-06-15T23:00,28.9,75,1004.7,14.8,0.0
2024-06-16T00:00,28.8,85,1004.0,13.8,0.0
2024-06-16T01:00,28.4,89,1003.9,11.3,0.0
2024-06-16T02:00,28.1,92,1003.6,7.6,0.0
2024-06-16T03:00,27.6,93,1003.5,5.2,0.0
2024-06-16T04:00,27.2,95,1003.7,5.1,0.0
2024-06-16T05:00,27.1,93,1004.1,6.2,0.0
2024-06-16T06:00,28.6,73,1004.4,12.8,0.0
2024-06-16T07:00,30.2,60,1004.8,13.6,0.0
2024-06-16T08:00,31.7,52,1005.2,15.3,0.0
2024-06-16T09:00,32.7,49,1005.1,14.3,0.0
2024-06-16T10:00,34.1,47,1004.5,13.4,0.0
2024-06-16T11:00,35.5,44,1004.1,11.7,0.0
2024-06-16T12:00,36.3,41,1003.4,6.3,0.0
2024-06-16T13:00,36.3,41,1002.6,7.3,0.0
2024-06-16T14:00,34.9,56,1002.1,7.6,0.0
2024-06-16T15:00,32.6,65,1001.7,14.8,0.1
2024-06-16T16:00,32.1,63,1001.4,13.6,0.1
2024-06-16T17:00,31.3,71,1001.5,15.3,0.0
2024-06-16T18:00,30.4,73,1002.2,15.5,0.0
2024-06-16T19:00,29.6,82,1003.2,16.9,0.0
2024-06-16T20:00,29.6,83,1004.0,16.5,0.0
2024-06-16T21:00,29.7,79,1004.6,17.3,0.0
2024-06-16T22:00,29.5,77,1005.1,14.0,0.0
2024-06-16T23:00,29.1,76,1005.0,11.7,0.0
2024-06-17T00:00,29.1,72,1004.3,10.0,0.0
2024-06-17T01:00,28.8,68,1003.5,11.0,0.0
2024-06-17T02:00,28.3,67,1003.5,7.6,0.0
2024-06-17T03:00,27.9,69,1003.4,10.4,0.0
2024-06-17T04:00,27.8,70,1003.8,9.7,0.0
2024-06-17T05:00,27.6,72,1004.3,8.2,0.0
2024-06-17T06:00,28.1,71,1004.2,13.2,0.0
2024-06-17T07:00,29.7,66,1004.8,13.5,0.0
2024-06-17T08:00,31.7,59,1005.3,15.5,0.0
2024-06-17T09:00,33.4,52,1005.5,17.0,0.0
2024-06-17T10:00,34.7,48,1004.9,14.8,0.0
2024-06-17T11:00,35.7,46,1004.2,12.7,0.0
2024-06-17T12:00,36.4,43,1003.9,7.8,0.0
2024-06-17T13:00,36.3,45,1003.0,10.5,0.0
2024-06-17T14:00,34.1,65,1002.2,16.1,0.3
2024-06-17T15:00,32.7,62,1002.1,19.8,0.0
2024-06-17T16:00,32.4,65,1001.8,20.6,0.0
2024-06-17T17:00,31.9,67,1002.1,17.3,0.0
2024-06-17T18:00,30.6,72,1002.6,14.5,0.0
2024-06-17T19:00,30.2,72,1003.3,13.4,0.0
2024-06-17T20:00,29.7,79,1004.4,14.4,0.0
2024-06-17T21:00,29.5,80,1005.1,15.6,0.0
2024-06-17T22:00,29.3,80,1005.2,16.3,0.0
2024-06-17T23:00,29.0,83,1005.0,18.4,0.0
2024-06-18T00:00,28.8,86,1004.5,18.4,0.0
2024-06-18T01:00,28.6,86,1004.1,18.2,0.0
2024-06-18T02:00,28.5,84,1003.5,16.6,0.0
2024-06-18T03:00,28.4,81,1003.6,13.2,0.0
2024-06-18T04:00,28.3,80,1003.8,12.8,0.0
2024-06-18T05:00,28.1,81,1004.2,10.0,0.0
2024-06-18T06:00,27.3,76,1004.4,13.7,0.0
2024-06-18T07:00,28.8,70,1005.4,13.5,0.0
2024-06-18T08:00,30.9,61,1005.6,16.2,0.0
2024-06-18T09:00,32.7,53,1005.2,15.9,0.0
2024-06-18T10:00,34.5,46,1004.6,16.2,0.0
2024-06-18T11:00,35.8,43,1003.9,15.9,0.0
2024-06-18T12:00,36.9,40,1003.1,15.4,0.0
2024-06-18T13:00,37.0,41,1002.2,10.2,0.0
2024-06-18T14:00,36.0,49,1001.3,11.3,0.0
2024-06-18T15:00,34.3,62,1000.7,17.2,0.3
2024-06-18T16:00,31.6,62,1001.5,12.7,0.3
2024-06-18T17:00,31.6,60,1001.7,7.9,0.1
2024-06-18T18:00,30.8,75,1001.8,16.0,0.0
2024-06-18T19:00,29.9,79,1002.7,18.5,0.0
2024-06-18T20:00,29.6,78,1003.7,19.1,0.0
2024-06-18T21:00,29.5,82,1004.5,18.8,0.0
2024-06-18T22:00,29.1,80,1005.1,16.3,0.0
2024-06-18T23:00,28.2,80,1005.0,14.3,0.0
2024-06-19T00:00,27.9,79,1004.2,13.3,0.0
2024-06-19T01:00,27.4,80,1003.7,12.0,0.2
2024-06-19T02:00,27.0,82,1003.6,10.0,1.2
2024-06-19T03:00,25.9,90,1003.6,10.5,5.4
2024-06-19T04:00,26.1,89,1003.4,15.9,0.1
2024-06-19T05:00,25.8,90,1003.1,13.3,0.2
2024-06-19T06:00,27.2,79,1003.4,16.2,0.0
2024-06-19T07:00,28.3,78,1004.2,12.3,0.8
2024-06-19T08:00,29.5,71,1004.0,12.9,0.2
2024-06-19T09:00,31.3,62,1004.2,13.3,0.0
2024-06-19T10:00,33.2,54,1003.9,12.6,0.0
2024-06-19T11:00,34.3,51,1003.2,11.5,0.0
2024-06-19T12:00,35.3,49,1002.5,9.4,0.0
2024-06-19T13:00,34.4,51,1001.8,5.7,0.0
2024-06-19T14:00,32.2,66,1001.0,14.6,1.4
2024-06-19T15:00,30.1,74,1001.1,14.1,0.3
2024-06-19T16:00,29.9,74,1000.8,11.7,0.1
2024-06-19T17:00,29.6,76,1000.7,12.9,0.0
2024-06-19T18:00,29.9,75,1001.1,17.0,0.0
2024-06-19T19:00,29.3,78,1001.8,17.7,0.0
2024-06-19T20:00,29.2,79,1003.0,15.6,0.0
2024-06-19T21:00,27.0,86,1004.3,23.2,3.8
2024-06-19T22:00,26.5,88,1004.7,15.9,0.0
2024-06-19T23:00,25.6,92,1004.6,16.1,2.9
2024-06-20T00:00,25.9,91,1003.7,10.1,0.1
2024-06-20T01:00,25.8,92,1003.0,12.0,0.1
2024-06-20T02:00,25.7,92,1003.0,11.4,0.4
2024-06-20T03:00,25.6,93,1002.3,13.1,1.1
2024-06-20T04:00,25.6,91,1002.6,12.5,0.0
2024-06-20T05:00,25.7,90,1003.1,12.7,0.0
2024-06-20T06:00,26.0,86,1003.2,12.5,0.0
2024-06-20T07:00,27.6,81,1004.0,11.8,0.0
2024-06-20T08:00,29.7,72,1004.3,13.7,0.0
2024-06-20T09:00,31.8,61,1004.0,16.2,0.0
2024-06-20T10:00,33.4,55,1004.3,14.6,0.0
2024-06-20T11:00,34.5,51,1003.9,13.3,0.0
2024-06-20T12:00,35.3,49,1003.2,12.2,0.0
2024-06-20T13:00,35.6,46,1002.5,14.2,0.0
2024-06-20T14:00,33.9,50,1001.7,15.9,0.1
2024-06-20T15:00,33.7,56,1000.4,13.7,0.0
2024-06-20T16:00,31.5,65,1000.9,8.5,0.3
2024-06-20T17:00,30.4,68,1001.5,15.2,0.0
2024-06-20T18:00,32.0,59,1000.9,14.4,0.0
2024-06-20T19:00,30.7,64,1001.8,15.5,0.0
2024-06-20T20:00,29.8,67,1002.8,12.5,0.0
2024-06-20T21:00,29.3,70,1003.4,12.1,0.0
2024-06-20T22:00,29.0,70,1003.9,11.8,0.0
2024-06-20T23:00,28.8,70,1004.1,12.1,0.0
2024-06-21T00:00,28.5,72,1003.4,12.2,0.0
2024-06-21T01:00,28.2,73,1003.0,13.7,0.0
2024-06-21T02:00,27.8,75,1002.4,14.3,0.0
2024-06-21T03:00,27.7,74,1002.3,15.0,0.0
2024-06-21T04:00,27.5,74,1002.5,14.7,0.0
2024-06-21T05:00,27.4,74,1002.8,14.2,0.0
2024-06-21T06:00,27.6,72,1003.7,14.6,0.0
2024-06-21T07:00,29.2,66,1004.0,15.6,0.0
2024-06-21T08:00,30.8,58,1004.0,18.0,0.0
2024-06-21T09:00,32.3,53,1003.9,17.8,0.0
2024-06-21T10:00,33.6,49,1003.5,14.8,0.0
2024-06-21T11:00,35.0,46,1002.8,14.0,0.0
2024-06-21T12:00,36.0,43,1002.1,13.7,0.0
2024-06-21T13:00,33.5,52,1002.2,19.1,1.3
2024-06-21T14:00,34.7,50,1001.2,7.6,0.1
2024-06-21T15:00,31.4,70,1000.5,17.2,0.3
2024-06-21T16:00,30.8,70,1000.5,15.1,0.4
2024-06-21T17:00,28.8,79,1001.0,16.6,3.5
2024-06-21T18:00,30.0,68,1000.9,16.1,0.0
2024-06-21T19:00,28.8,71,1001.6,15.0,0.0
2024-06-21T20:00,28.8,70,1002.3,15.5,0.0
2024-06-21T21:00,28.4,72,1002.9,14.3,0.0
2024-06-21T22:00,28.2,72,1003.1,13.8,0.0
2024-06-21T23:00,28.3,70,1002.7,14.7,0.0
2024-06-22T00:00,28.3,70,1001.9,15.3,0.0
2024-06-22T01:00,28.5,69,1001.1,15.0,0.0
2024-06-22T02:00,28.5,68,1000.5,15.3,0.0
2024-06-22T03:00,28.2,68,1000.1,14.8,0.0
2024-06-22T04:00,28.1,68,1000.1,13.8,0.0
2024-06-22T05:00,28.0,68,1000.4,14.0,0.0
2024-06-22T06:00,27.9,71,1001.7,14.9,0.0
2024-06-22T07:00,29.5,64,1002.4,15.7,0.0
2024-06-22T08:00,31.1,58,1002.3,18.2,0.0
2024-06-22T09:00,32.5,53,1002.5,17.5,0.0
2024-06-22T10:00,33.5,51,1002.1,15.9,0.0
2024-06-22T11:00,34.5,48,1001.2,14.9,0.0
2024-06-22T12:00,35.7,44,1000.3,14.5,0.0
2024-06-22T13:00,36.3,42,999.1,15.4,0.0
2024-06-22T14:00,36.3,41,998.4,15.2,0.0
2024-06-22T15:00,36.3,41,997.6,13.0,0.0
2024-06-22T16:00,35.7,42,997.6,8.4,0.0
2024-06-22T17:00,34.9,44,998.0,7.2,0.2
2024-06-22T18:00,30.6,77,999.2,15.8,0.0
2024-06-22T19:00,30.0,76,999.8,18.2,0.0
2024-06-22T20:00,29.8,72,1001.0,19.6,0.0
2024-06-22T21:00,29.4,77,1001.9,19.6,0.0
2024-06-22T22:00,29.4,75,1002.3,19.0,0.0
2024-06-22T23:00,29.1,73,1002.1,15.6,0.0
2024-06-23T00:00,29.3,70,1001.5,15.1,0.0
2024-06-23T01:00,29.2,68,1000.9,14.7,0.0
2024-06-23T02:00,28.8,70,1000.2,13.5,0.0
2024-06-23T03:00,28.4,73,1000.1,11.3,0.0
2024-06-23T04:00,27.9,75,1000.4,11.0,0.0
2024-06-23T05:00,27.6,77,1000.6,10.2,0.0
2024-06-23T06:00,28.6,68,1001.0,15.8,0.0
2024-06-23T07:00,29.9,64,1001.5,15.3,0.0
2024-06-23T08:00,31.6,57,1001.7,14.8,0.0
2024-06-23T09:00,32.8,52,1001.8,13.6,0.0
2024-06-23T10:00,34.3,47,1001.5,12.3,0.0
2024-06-23T11:00,35.7,42,1000.9,10.2,0.0
2024-06-23T12:00,36.5,40,1000.1,5.7,0.0
2024-06-23T13:00,36.0,41,999.2,3.1,0.0
2024-06-23T14:00,35.0,47,998.6,10.3,0.1
2024-06-23T15:00,32.5,67,998.1,18.1,0.4
2024-06-23T16:00,31.8,66,997.9,18.9,0.3
2024-06-23T17:00,31.1,70,998.0,18.4,0.1
2024-06-23T18:00,30.4,69,999.0,16.0,0.0
2024-06-23T19:00,30.0,70,1000.0,16.2,0.0
2024-06-23T20:00,29.6,75,1000.6,17.3,0.0
2024-06-23T21:00,29.3,80,1001.3,18.0,0.0
2024-06-23T22:00,29.3,78,1001.3,16.3,0.0
2024-06-23T23:00,29.0,81,1001.3,13.5,0.0
2024-06-24T00:00,29.0,76,1001.0,13.2,0.0
2024-06-24T01:00,28.7,72,1000.5,12.6,0.0
2024-06-24T02:00,28.2,75,1000.1,9.5,0.0
2024-06-24T03:00,27.9,79,999.8,8.0,0.0
2024-06-24T04:00,28.1,76,999.8,11.9,0.0
2024-06-24T05:00,28.4,67,1000.1,14.7,0.0
2024-06-24T06:00,28.0,76,1000.7,10.6,0.0
2024-06-24T07:00,29.0,71,1001.3,10.2,0.0
2024-06-24T08:00,30.2,65,1001.3,13.0,0.0
2024-06-24T09:00,31.9,57,1001.3,16.4,0.0
2024-06-24T10:00,33.2,52,1000.7,15.5,0.0
2024-06-24T11:00,33.9,50,1000.2,14.7,0.0
2024-06-24T12:00,35.1,47,999.8,15.2,0.0
2024-06-24T13:00,36.1,44,999.2,15.9,0.0
2024-06-24T14:00,36.1,44,998.4,14.4,0.1
2024-06-24T15:00,35.4,47,997.4,17.6,0.0
2024-06-24T16:00,32.7,64,997.2,22.8,0.0
2024-06-24T17:00,31.1,66,997.7,24.3,0.1
2024-06-24T18:00,30.4,67,999.0,18.9,0.0
2024-06-24T19:00,29.9,72,999.6,18.4,0.0
2024-06-24T20:00,29.8,73,1000.6,19.3,0.0
2024-06-24T21:00,29.2,67,1000.9,15.3,0.0
2024-06-24T22:00,28.7,68,1001.0,10.8,0.0
2024-06-24T23:00,28.7,68,1000.7,10.8,0.0
2024-06-25T00:00,28.9,68,1000.2,11.9,0.0
2024-06-25T01:00,28.8,69,999.9,12.2,0.0
2024-06-25T02:00,28.5,71,999.4,13.0,0.0
2024-06-25T03:00,28.1,74,999.4,12.0,0.0
2024-06-25T04:00,27.8,76,999.9,12.4,0.0
2024-06-25T05:00,27.8,74,1000.2,12.2,0.0
2024-06-25T06:00,29.1,61,1000.7,17.7,0.0
2024-06-25T07:00,30.1,58,1001.1,17.0,0.0
2024-06-25T08:00,31.7,54,1001.2,19.1,0.0
2024-06-25T09:00,33.1,51,1001.3,19.0,0.0
2024-06-25T10:00,33.7,50,1001.0,19.1,0.0
2024-06-25T11:00,35.0,47,1000.7,15.2,0.0
2024-06-25T12:00,33.8,53,1000.6,12.8,0.3
2024-06-25T13:00,35.2,46,999.6,10.5,0.0
2024-06-25T14:00,33.8,53,998.9,14.3,0.1
2024-06-25T15:00,33.7,55,998.2,14.4,0.2
2024-06-25T16:00,33.3,58,997.8,17.6,0.0
2024-06-25T17:00,32.7,60,998.1,19.8,0.0
2024-06-25T18:00,31.9,64,998.1,19.3,0.0
2024-06-25T19:00,30.9,63,999.7,18.8,0.0
2024-06-25T20:00,29.4,68,1000.3,14.1,0.0
2024-06-25T21:00,28.9,73,1000.4,10.7,0.0
2024-06-25T22:00,28.8,74,1000.6,10.1,0.0
2024-06-25T23:00,28.8,75,1000.8,10.3,0.0
2024-06-26T00:00,28.9,74,1000.5,11.3,0.0
2024-06-26T01:00,28.9,73,1000.0,13.0,0.0
2024-06-26T02:00,28.8,73,999.1,13.7,0.1
2024-06-26T03:00,29.0,71,999.0,16.3,0.1
2024-06-26T04:00,29.2,66,999.2,15.3,0.0
2024-06-26T05:00,29.2,65,1000.0,14.2,0.0
2024-06-26T06:00,29.1,65,1000.1,13.7,0.0
2024-06-26T07:00,29.6,64,1000.4,13.5,0.0
2024-06-26T08:00,30.7,60,1000.7,14.8,0.0
2024-06-26T09:00,31.8,56,1000.8,17.9,0.0
2024-06-26T10:00,33.4,51,1000.3,17.7,0.0
2024-06-26T11:00,35.1,47,1000.2,16.0,0.0
2024-06-26T12:00,34.8,47,999.9,16.6,0.0
2024-06-26T13:00,35.6,44,999.0,21.1,0.0
2024-06-26T14:00,36.5,42,998.6,17.2,0.0
2024-06-26T15:00,35.8,44,998.3,10.5,0.2
2024-06-26T16:00,33.6,53,998.3,11.8,0.1
2024-06-26T17:00,31.5,59,999.1,18.7,0.0
2024-06-26T18:00,32.2,52,999.6,13.8,0.0
2024-06-26T19:00,31.2,59,1000.3,17.5,0.0
2024-06-26T20:00,30.2,63,1000.9,17.0,0.0
2024-06-26T21:00,30.2,62,1001.6,18.0,0.0
2024-06-26T22:00,30.2,61,1001.9,17.9,0.0
2024-06-26T23:00,30.0,61,1001.5,19.1,0.0
2024-06-27T00:00,29.9,61,1001.4,17.1,0.0
2024-06-27T01:00,29.6,62,1000.9,15.9,0.0
2024-06-27T02:00,29.1,64,1000.5,14.6,0.0
2024-06-27T03:00,28.8,66,1000.6,13.5,0.0
2024-06-27T04:00,28.6,67,1001.1,12.8,0.0
2024-06-27T05:00,28.3,69,1001.5,12.0,0.0
2024-06-27T06:00,28.4,67,1002.4,18.1,0.3
2024-06-27T07:00,27.1,80,1002.8,13.5,0.7
2024-06-27T08:00,28.0,76,1002.9,9.3,0.0
2024-06-27T09:00,30.3,65,1003.4,4.6,0.0
2024-06-27T10:00,32.2,57,1003.1,8.5,0.0
2024-06-27T11:00,34.1,47,1002.7,11.9,0.0
2024-06-27T12:00,34.1,47,1002.3,20.2,0.0
2024-06-27T13:00,34.7,46,1001.8,25.5,0.0
2024-06-27T14:00,34.9,45,1001.1,25.9,0.0
2024-06-27T15:00,34.8,46,1000.6,24.5,0.0
2024-06-27T16:00,34.4,47,1000.4,20.9,0.0
2024-06-27T17:00,34.0,47,1000.9,16.2,0.0
2024-06-27T18:00,32.1,54,1001.5,10.1,0.0
2024-06-27T19:00,30.3,72,1002.2,12.3,0.0
2024-06-27T20:00,29.9,72,1002.8,13.6,0.0
2024-06-27T21:00,30.6,61,1003.5,12.4,0.0
2024-06-27T22:00,30.7,57,1004.0,14.3,0.0
2024-06-27T23:00,30.8,55,1003.9,17.7,0.0
2024-06-28T00:00,30.5,56,1003.6,15.8,0.0
2024-06-28T01:00,29.8,59,1003.3,11.8,0.0
2024-06-28T02:00,29.1,62,1002.9,11.6,0.0
2024-06-28T03:00,28.9,63,1003.0,11.9,0.0
2024-06-28T04:00,28.9,64,1003.4,12.5,0.0
2024-06-28T05:00,28.5,66,1003.7,11.2,0.0
2024-06-28T06:00,28.9,62,1004.5,13.3,0.0
2024-06-28T07:00,29.9,59,1004.8,12.6,0.0
2024-06-28T08:00,31.4,54,1004.9,15.1,0.0
2024-06-28T09:00,32.8,50,1004.9,15.4,0.0
2024-06-28T10:00,34.1,47,1004.3,14.7,0.0
2024-06-28T11:00,35.4,43,1003.3,14.4,0.0
2024-06-28T12:00,36.5,41,1002.7,15.4,0.0
2024-06-28T13:00,37.1,40,1001.8,15.0,0.0
2024-06-28T14:00,37.1,39,1001.0,12.7,0.0
2024-06-28T15:00,35.1,53,1000.2,16.2,0.0
2024-06-28T16:00,33.2,60,999.9,21.4,0.0
2024-06-28T17:00,32.1,57,999.8,24.2,0.0
2024-06-28T18:00,30.8,65,1001.3,19.8,0.0
2024-06-28T19:00,30.2,71,1002.1,19.1,0.0
2024-06-28T20:00,29.6,78,1002.7,18.4,0.0
2024-06-28T21:00,29.4,81,1003.3,16.9,0.0
2024-06-28T22:00,29.4,78,1003.6,17.3,0.0
2024-06-28T23:00,29.1,83,1003.5,17.3,0.0
2024-06-29T00:00,28.8,87,1002.9,16.8,0.0
2024-06-29T01:00,28.5,85,1002.8,17.1,0.0
2024-06-29T02:00,28.3,83,1002.8,16.8,0.0
2024-06-29T03:00,28.2,79,1002.9,16.8,0.0
2024-06-29T04:00,27.9,78,1003.3,15.6,0.0
2024-06-29T05:00,27.7,77,1003.7,15.6,0.0
2024-06-29T06:00,28.2,77,1004.3,12.2,0.0
2024-06-29T07:00,29.8,68,1004.9,13.6,0.0
2024-06-29T08:00,31.8,55,1005.3,18.3,0.0
2024-06-29T09:00,33.2,49,1005.1,17.7,0.0
2024-06-29T10:00,34.8,44,1004.8,16.5,0.0
2024-06-29T11:00,36.5,40,1004.1,15.3,0.0
2024-06-29T12:00,37.5,37,1003.6,13.6,0.0
2024-06-29T13:00,37.8,36,1002.8,8.6,0.0
2024-06-29T14:00,36.3,48,1002.0,15.2,0.0
2024-06-29T15:00,34.8,55,1001.5,21.1,2.0
2024-06-29T16:00,33.6,56,1001.7,15.9,0.1
2024-06-29T17:00,32.6,60,1002.1,18.5,0.0
2024-06-29T18:00,32.0,58,1002.6,12.7,0.0
2024-06-29T19:00,30.5,72,1003.5,16.6,0.0
2024-06-29T20:00,29.8,76,1004.4,16.6,0.0
2024-06-29T21:00,29.4,80,1005.2,15.5,0.0
2024-06-29T22:00,29.3,81,1005.6,16.3,0.0
2024-06-29T23:00,29.3,81,1005.4,17.3,0.0
2024-06-30T00:00,29.1,82,1004.7,17.5,0.0
2024-06-30T01:00,28.9,85,1004.0,15.5,0.0
2024-06-30T02:00,28.6,85,1003.8,15.8,0.0
2024-06-30T03:00,28.6,80,1003.6,15.6,0.0
2024-06-30T04:00,28.4,77,1004.0,14.2,0.0
2024-06-30T05:00,28.2,78,1004.7,12.7,0.0
2024-06-30T06:00,28.9,80,1004.8,14.9,0.0
2024-06-30T07:00,29.4,77,1006.0,10.1,0.0
2024-06-30T08:00,29.8,73,1006.4,10.8,0.0
2024-06-30T09:00,30.7,69,1006.5,13.4,0.0
2024-06-30T10:00,31.8,62,1006.1,12.9,0.0
2024-06-30T11:00,33.3,55,1005.6,11.6,0.0
2024-06-30T12:00,33.7,53,1005.0,12.1,0.0
2024-06-30T13:00,34.3,51,1004.1,13.3,0.0
2024-06-30T14:00,34.4,52,1002.9,14.0,0.0
2024-06-30T15:00,33.6,60,1002.3,15.7,0.0
2024-06-30T16:00,32.1,70,1002.0,18.2,0.0
2024-06-30T17:00,31.1,70,1002.2,21.2,0.0
2024-06-30T18:00,29.7,77,1003.5,18.2,0.0
2024-06-30T19:00,29.6,82,1004.7,18.6,0.0
2024-06-30T20:00,29.7,79,1005.6,21.6,0.0
2024-06-30T21:00,29.5,82,1006.1,18.7,0.0
2024-06-30T22:00,29.4,82,1006.3,16.8,0.0
2024-06-30T23:00,29.2,82,1006.0,13.8,0.0
2024-07-01T00:00,29.1,83,1005.5,12.7,0.0
2024-07-01T01:00,28.8,82,1004.8,12.0,0.0
2024-07-01T02:00,28.7,78,1004.4,14.1,0.0
2024-07-01T03:00,28.3,75,1003.9,14.7,0.0
2024-07-01T04:00,28.0,75,1004.3,14.5,0.0
2024-07-01T05:00,27.8,77,1004.7,12.3,0.0
2024-07-01T06:00,26.5,90,1005.8,8.9,0.3
2024-07-01T07:00,26.8,90,1006.4,6.1,0.6
2024-07-01T08:00,27.1,89,1006.8,3.1,1.0
2024-07-01T09:00,28.1,85,1006.1,11.5,0.1
2024-07-01T10:00,30.8,70,1006.0,12.9,0.0
2024-07-01T11:00,32.2,61,1005.2,14.5,0.0
2024-07-01T12:00,32.6,60,1004.4,14.8,0.0
2024-07-01T13:00,33.9,54,1003.4,15.8,0.0
2024-07-01T14:00,33.7,55,1002.6,16.1,0.0
2024-07-01T15:00,33.2,57,1002.3,14.8,0.0
2024-07-01T16:00,33.0,58,1002.3,14.8,0.0
2024-07-01T17:00,31.8,62,1002.8,18.4,0.0
2024-07-01T18:00,31.5,62,1003.2,11.2,0.0
2024-07-01T19:00,30.6,65,1004.2,7.0,0.0
2024-07-01T20:00,30.2,69,1005.1,11.6,0.0
2024-07-01T21:00,29.8,70,1005.5,12.2,0.0
2024-07-01T22:00,29.4,68,1005.2,12.0,0.0
2024-07-01T23:00,29.0,70,1005.0,14.4,0.0
2024-07-02T00:00,28.7,72,1004.2,13.8,0.0
2024-07-02T01:00,28.5,75,1003.7,12.3,0.0
2024-07-02T02:00,28.3,75,1003.2,13.6,0.0
2024-07-02T03:00,28.2,72,1003.3,13.6,0.0
2024-07-02T04:00,28.0,71,1003.3,13.9,0.0
2024-07-02T05:00,27.7,71,1003.7,12.2,0.0
2024-07-02T06:00,27.9,72,1004.1,10.7,0.0
2024-07-02T07:00,29.1,66,1004.8,10.2,0.0
2024-07-02T08:00,30.7,59,1005.0,13.6,0.0
2024-07-02T09:00,31.8,54,1004.8,15.2,0.0
2024-07-02T10:00,32.6,52,1004.6,14.8,0.0
2024-07-02T11:00,33.7,49,1004.1,14.0,0.0
2024-07-02T12:00,34.6,47,1003.4,14.8,0.0
2024-07-02T13:00,35.5,44,1002.5,14.1,0.0
2024-07-02T14:00,36.0,41,1001.5,11.2,0.0
2024-07-02T15:00,35.3,46,1001.0,10.0,0.0
2024-07-02T16:00,33.2,62,1000.7,11.2,0.0
2024-07-02T17:00,31.5,71,1001.1,14.1,0.0
2024-07-02T18:00,29.8,71,1001.2,16.9,0.0
2024-07-02T19:00,29.7,72,1001.8,14.2,0.0
2024-07-02T20:00,29.7,70,1002.6,17.5,0.0
2024-07-02T21:00,29.4,77,1003.2,17.9,0.0
2024-07-02T22:00,29.2,79,1003.5,17.1,0.0
2024-07-02T23:00,28.9,79,1003.5,15.7,0.0
2024-07-03T00:00,28.6,79,1003.3,13.4,0.0
2024-07-03T01:00,28.3,80,1002.7,12.6,0.0
2024-07-03T02:00,28.1,79,1002.6,12.4,0.0
2024-07-03T03:00,28.0,77,1002.6,11.9,0.0
2024-07-03T04:00,27.8,76,1003.2,11.8,0.0
2024-07-03T05:00,27.4,75,1003.7,11.2,0.0
2024-07-03T06:00,28.4,70,1004.3,11.9,0.0
2024-07-03T07:00,29.9,64,1004.5,11.8,0.0
2024-07-03T08:00,31.9,56,1005.0,14.0,0.0
2024-07-03T09:00,33.5,49,1005.2,14.8,0.0
2024-07-03T10:00,35.1,44,1004.9,13.5,0.0
2024-07-03T11:00,36.4,39,1003.9,12.2,0.0
2024-07-03T12:00,37.2,37,1003.1,9.7,0.0
2024-07-03T13:00,37.5,37,1001.9,7.3,0.0
2024-07-03T14:00,37.4,37,1000.8,6.8,0.0
2024-07-03T15:00,35.7,50,1000.7,12.3,0.2
2024-07-03T16:00,33.1,65,1001.3,10.6,1.6
2024-07-03T17:00,29.5,74,1002.1,15.7,2.1
2024-07-03T18:00,30.8,69,1002.0,14.0,0.0
2024-07-03T19:00,30.3,75,1003.1,13.6,0.1
2024-07-03T20:00,30.4,73,1004.5,15.1,0.1
2024-07-03T21:00,29.6,73,1005.4,16.9,0.1
2024-07-03T22:00,28.8,72,1005.4,13.5,0.0
2024-07-03T23:00,28.7,73,1005.6,16.8,0.0
2024-07-04T00:00,28.1,73,1004.7,13.9,0.0
2024-07-04T01:00,27.9,74,1004.1,11.4,0.0
2024-07-04T02:00,27.7,75,1003.8,12.7,0.0
2024-07-04T03:00,27.5,76,1003.6,12.3,0.0
2024-07-04T04:00,27.4,76,1003.9,13.4,0.0
2024-07-04T05:00,27.3,77,1004.4,11.9,0.0
2024-07-04T06:00,26.6,87,1005.4,11.9,1.1
2024-07-04T07:00,27.1,86,1006.0,10.5,0.0
2024-07-04T08:00,28.1,81,1006.7,12.0,0.0
2024-07-04T09:00,29.8,71,1006.7,13.5,0.0
2024-07-04T10:00,31.4,61,1006.0,11.2,0.0
2024-07-04T11:00,32.8,55,1005.6,12.9,0.0
2024-07-04T12:00,34.2,48,1005.1,15.2,0.0
2024-07-04T13:00,34.8,45,1004.4,14.3,0.0
2024-07-04T14:00,33.8,51,1004.1,13.5,1.4
2024-07-04T15:00,33.0,54,1003.9,8.3,0.0
2024-07-04T16:00,32.1,59,1003.4,3.4,0.1
2024-07-04T17:00,32.6,55,1003.7,4.0,0.0
2024-07-04T18:00,30.1,64,1002.7,13.8,0.0
2024-07-04T19:00,30.1,62,1003.8,14.3,0.0
2024-07-04T20:00,30.0,62,1004.8,11.1,0.0
2024-07-04T21:00,29.9,64,1005.7,11.5,0.0
2024-07-04T22:00,29.2,64,1005.8,14.6,0.0
2024-07-04T23:00,28.7,66,1005.5,13.1,0.0
2024-07-05T00:00,28.5,68,1005.0,13.2,0.0
2024-07-05T01:00,28.4,68,1004.4,14.7,0.0
2024-07-05T02:00,28.1,70,1004.1,14.3,0.0
2024-07-05T03:00,27.7,73,1004.0,15.8,0.0
2024-07-05T04:00,27.5,75,1003.9,13.2,0.0
2024-07-05T05:00,27.0,79,1004.2,11.6,0.0
2024-07-05T06:00,27.5,84,1004.1,11.3,0.0
2024-07-05T07:00,28.5,78,1004.8,10.7,0.0
2024-07-05T08:00,29.6,72,1005.4,10.6,0.0
2024-07-05T09:00,31.8,62,1005.2,11.2,0.0
2024-07-05T10:00,33.6,52,1004.7,10.7,0.0
2024-07-05T11:00,35.0,45,1003.9,9.2,0.0
2024-07-05T12:00,35.7,42,1003.3,8.3,0.0
2024-07-05T13:00,36.1,41,1002.3,8.7,0.0
2024-07-05T14:00,34.9,55,1001.0,12.6,0.0
2024-07-05T15:00,33.6,62,999.9,19.9,0.0
2024-07-05T16:00,32.4,65,999.6,22.2,0.0
2024-07-05T17:00,31.2,66,1000.1,23.8,0.0
2024-07-05T18:00,30.3,70,1000.8,17.3,0.0
2024-07-05T19:00,29.9,71,1002.0,17.4,0.0
2024-07-05T20:00,29.8,76,1002.8,14.9,0.0
2024-07-05T21:00,29.4,80,1003.4,14.1,0.0
2024-07-05T22:00,29.3,78,1003.8,9.5,0.0
2024-07-05T23:00,28.9,78,1003.4,5.6,0.0
2024-07-06T00:00,28.5,79,1003.1,5.8,0.0
2024-07-06T01:00,28.4,76,1002.8,6.5,0.0
2024-07-06T02:00,27.8,76,1002.6,4.7,0.1
2024-07-06T03:00,27.6,77,1002.1,3.8,0.0
2024-07-06T04:00,27.4,80,1002.4,4.7,0.0
2024-07-06T05:00,27.2,81,1002.8,5.8,0.1
2024-07-06T06:00,26.1,92,1004.0,10.5,0.3
2024-07-06T07:00,26.5,90,1004.3,10.7,0.2
2024-07-06T08:00,26.3,93,1004.8,10.0,0.4
2024-07-06T09:00,27.5,84,1005.1,12.6,0.6
2024-07-06T10:00,29.5,70,1004.5,14.5,0.2
2024-07-06T11:00,30.1,64,1004.0,12.5,0.0
2024-07-06T12:00,31.2,60,1003.6,11.6,0.0
2024-07-06T13:00,31.6,58,1002.6,11.3,0.0
2024-07-06T14:00,32.2,55,1001.7,9.5,0.0
2024-07-06T15:00,32.2,55,1001.1,7.6,0.0
2024-07-06T16:00,32.1,55,1000.7,6.3,0.0
2024-07-06T17:00,30.7,65,1000.9,13.2,0.0
2024-07-06T18:00,29.2,71,1001.4,10.2,0.0
2024-07-06T19:00,28.3,80,1002.0,11.5,0.0
2024-07-06T20:00,28.1,80,1002.9,10.2,0.0
2024-07-06T21:00,27.8,80,1003.7,12.1,0.1
2024-07-06T22:00,27.5,81,1004.0,12.1,0.2
2024-07-06T23:00,27.4,82,1003.8,10.8,0.0
2024-07-07T00:00,27.4,84,1003.4,12.3,0.0
2024-07-07T01:00,27.3,81,1003.1,13.1,0.0
2024-07-07T02:00,27.1,77,1002.5,13.0,0.0
2024-07-07T03:00,27.0,75,1002.0,11.9,0.0
2024-07-07T04:00,26.9,75,1002.0,9.7,0.0
2024-07-07T05:00,26.7,76,1002.1,7.9,0.0
2024-07-07T06:00,27.1,76,1003.0,8.9,0.0
2024-07-07T07:00,27.7,74,1003.7,10.4,0.0
2024-07-07T08:00,28.9,68,1003.8,11.2,0.0
2024-07-07T09:00,30.8,57,1004.1,14.7,0.0
2024-07-07T10:00,32.5,52,1003.9,15.0,0.0
2024-07-07T11:00,34.1,48,1003.0,15.0,0.0
2024-07-07T12:00,35.4,44,1002.4,18.0,0.0
2024-07-07T13:00,36.1,42,1001.3,12.7,0.0
2024-07-07T14:00,35.9,43,1000.4,6.0,0.0
2024-07-07T15:00,31.3,68,1000.2,16.6,0.5
2024-07-07T16:00,29.9,72,1000.3,13.2,0.6
2024-07-07T17:00,30.2,71,1000.8,11.6,0.1
2024-07-07T18:00,29.5,75,1001.7,9.1,0.0
2024-07-07T19:00,29.0,76,1002.5,10.5,0.0
2024-07-07T20:00,28.7,77,1003.6,9.4,0.0
2024-07-07T21:00,28.6,77,1004.1,8.9,0.0
2024-07-07T22:00,28.4,77,1003.9,8.4,0.0
2024-07-07T23:00,28.1,76,1003.5,5.9,0.0
2024-07-08T00:00,27.8,77,1002.9,7.7,0.0
2024-07-08T01:00,27.3,78,1002.4,5.9,0.0
2024-07-08T02:00,27.2,80,1001.7,5.9,0.0
2024-07-08T03:00,27.0,82,1001.6,6.9,0.0
2024-07-08T04:00,27.1,84,1001.7,5.5,0.0
2024-07-08T05:00,27.1,85,1002.3,6.1,0.0
2024-07-08T06:00,26.9,88,1002.3,10.5,0.0
2024-07-08T07:00,27.5,84,1003.3,10.3,0.0
2024-07-08T08:00,28.6,69,1003.4,15.8,0.0
2024-07-08T09:00,29.9,64,1003.5,15.0,0.0
2024-07-08T10:00,31.3,59,1003.4,13.4,0.0
2024-07-08T11:00,32.7,52,1003.1,11.7,0.0
2024-07-08T12:00,32.5,51,1002.5,10.9,0.0
2024-07-08T13:00,32.7,50,1002.0,12.9,0.0
2024-07-08T14:00,31.1,58,1001.4,12.3,0.0
2024-07-08T15:00,30.1,66,1000.8,9.6,0.7
2024-07-08T16:00,30.0,66,1000.1,14.2,0.1
2024-07-08T17:00,29.6,69,1000.4,13.6,0.2
2024-07-08T18:00,30.0,67,1000.4,9.5,0.0
2024-07-08T19:00,28.7,75,1001.7,11.6,1.5
2024-07-08T20:00,27.5,84,1002.8,10.6,4.9
2024-07-08T21:00,27.2,88,1003.2,9.4,0.8
2024-07-08T22:00,27.0,88,1004.1,13.2,1.8
2024-07-08T23:00,26.5,93,1003.8,11.9,1.6
2024-07-09T00:00,26.5,93,1003.3,11.5,0.9
2024-07-09T01:00,26.4,94,1002.9,11.5,2.1
2024-07-09T02:00,26.4,93,1002.5,9.0,0.5
2024-07-09T03:00,26.4,92,1002.3,6.5,0.0
2024-07-09T04:00,26.3,92,1002.2,4.0,0.0
2024-07-09T05:00,25.8,94,1002.7,5.7,0.0
2024-07-09T06:00,26.1,83,1003.3,9.5,0.5
2024-07-09T07:00,26.8,82,1004.1,7.4,0.3
2024-07-09T08:00,27.9,78,1005.1,3.4,0.8
2024-07-09T09:00,28.3,76,1005.5,5.1,0.1
2024-07-09T10:00,29.7,65,1005.3,6.8,0.0
2024-07-09T11:00,31.5,56,1004.6,7.5,0.0
2024-07-09T12:00,33.0,52,1003.9,9.9,0.0
2024-07-09T13:00,33.9,47,1003.3,12.7,0.0
2024-07-09T14:00,33.8,47,1002.3,9.0,0.0
2024-07-09T15:00,33.2,50,1001.8,7.2,0.0
2024-07-09T16:00,30.8,65,1001.7,17.6,0.0
2024-07-09T17:00,30.0,71,1001.8,16.7,0.0
2024-07-09T18:00,28.7,78,1003.1,15.1,0.0
2024-07-09T19:00,28.6,76,1003.7,12.7,0.0
2024-07-09T20:00,28.6,80,1004.6,12.1,0.0
2024-07-09T21:00,28.6,81,1005.3,13.7,0.0
2024-07-09T22:00,28.6,79,1005.8,14.1,0.0
2024-07-09T23:00,28.4,82,1006.1,12.4,0.0
2024-07-10T00:00,28.3,83,1005.7,11.1,0.0
2024-07-10T01:00,28.0,84,1005.2,10.1,0.0
2024-07-10T02:00,27.8,84,1005.0,9.4,0.0
2024-07-10T03:00,27.5,83,1004.9,8.7,0.0
2024-07-10T04:00,27.2,83,1005.2,8.6,0.0
2024-07-10T05:00,27.0,83,1005.6,8.2,0.0
2024-07-10T06:00,27.4,80,1006.1,11.2,0.0
2024-07-10T07:00,28.7,75,1006.5,9.6,0.0
2024-07-10T08:00,30.8,60,1006.8,13.6,0.0
2024-07-10T09:00,32.4,51,1007.0,14.4,0.0
2024-07-10T10:00,33.7,47,1006.6,10.5,0.0
2024-07-10T11:00,34.8,44,1005.9,7.3,0.0
2024-07-10T12:00,35.5,42,1005.0,2.7,0.0
2024-07-10T13:00,35.4,42,1004.4,3.8,0.0
2024-07-10T14:00,33.2,57,1004.1,14.4,0.1
2024-07-10T15:00,32.0,61,1003.5,14.8,0.1
2024-07-10T16:00,31.5,65,1002.8,14.8,0.0
2024-07-10T17:00,31.1,64,1002.9,15.0,0.0
2024-07-10T18:00,30.0,69,1004.1,14.8,0.0
2024-07-10T19:00,29.3,74,1005.1,15.3,0.0
2024-07-10T20:00,29.2,77,1005.7,15.4,0.0
2024-07-10T21:00,29.2,77,1006.6,15.9,0.0
2024-07-10T22:00,29.0,80,1007.4,13.4,0.0
2024-07-10T23:00,28.8,83,1007.3,14.9,0.0
2024-07-11T00:00,27.7,86,1006.8,14.5,0.7
2024-07-11T01:00,27.0,89,1006.1,10.4,0.2
2024-07-11T02:00,26.9,90,1005.6,7.7,0.0
2024-07-11T03:00,26.8,91,1005.3,8.6,0.0
2024-07-11T04:00,26.7,90,1005.4,10.1,0.0
2024-07-11T05:00,26.5,88,1005.5,8.4,0.0
2024-07-11T06:00,26.1,88,1006.4,8.1,0.1
2024-07-11T07:00,26.9,83,1006.5,5.1,0.0
2024-07-11T08:00,28.5,73,1007.3,5.9,0.0
2024-07-11T09:00,29.7,65,1007.3,5.4,0.0
2024-07-11T10:00,31.6,56,1006.9,8.7,0.0
2024-07-11T11:00,31.9,54,1006.1,13.1,0.0
2024-07-11T12:00,32.7,51,1005.3,12.4,0.0
2024-07-11T13:00,33.2,49,1004.5,11.0,0.0
2024-07-11T14:00,33.3,49,1003.7,10.6,0.0
2024-07-11T15:00,33.3,51,1002.9,11.7,0.0
2024-07-11T16:00,32.9,53,1002.1,9.1,0.0
2024-07-11T17:00,31.9,56,1001.7,4.5,0.0
2024-07-11T18:00,28.8,75,1003.0,10.6,0.0
2024-07-11T19:00,28.4,83,1003.3,12.6,0.0
2024-07-11T20:00,28.5,82,1003.7,13.9,0.0
2024-07-11T21:00,28.4,83,1004.2,15.5,0.0
2024-07-11T22:00,28.5,81,1004.7,15.5,0.0
2024-07-11T23:00,28.4,82,1004.4,15.5,0.0
2024-07-12T00:00,28.2,82,1003.8,15.3,0.0
2024-07-12T01:00,27.9,84,1003.3,14.0,0.0
2024-07-12T02:00,27.8,85,1002.8,13.5,0.0
2024-07-12T03:00,27.7,84,1002.8,11.9,0.0
2024-07-12T04:00,27.5,83,1002.9,10.9,0.0
2024-07-12T05:00,27.3,83,1003.0,11.0,0.0
2024-07-12T06:00,27.6,80,1003.7,12.6,0.0
2024-07-12T07:00,29.0,74,1004.3,14.3,0.0
2024-07-12T08:00,30.9,65,1004.3,14.8,0.0
2024-07-12T09:00,32.6,55,1004.4,15.6,0.0
2024-07-12T10:00,34.0,49,1004.3,14.5,0.0
2024-07-12T11:00,34.9,46,1003.7,13.5,0.0
2024-07-12T12:00,35.7,43,1002.8,9.1,0.1
2024-07-12T13:00,35.4,43,1001.8,7.2,0.0
2024-07-12T14:00,33.2,65,1000.8,14.7,1.8
2024-07-12T15:00,32.4,65,999.9,22.8,0.1
2024-07-12T16:00,31.5,67,1000.1,23.2,0.2
2024-07-12T17:00,31.4,68,1000.6,23.4,0.2
2024-07-12T18:00,30.8,73,1000.7,20.8,0.0
2024-07-12T19:00,30.5,71,1002.5,21.2,0.0
2024-07-12T20:00,28.3,78,1003.3,18.3,0.1
2024-07-12T21:00,27.8,78,1003.9,20.1,0.0
2024-07-12T22:00,27.3,80,1004.0,13.6,0.1
2024-07-12T23:00,27.4,81,1003.9,8.8,0.0
2024-07-13T00:00,27.1,83,1002.8,10.7,0.0
2024-07-13T01:00,27.2,83,1002.1,11.2,0.0
2024-07-13T02:00,27.4,82,1001.4,13.7,0.0
2024-07-13T03:00,27.8,78,1001.3,14.1,0.0
2024-07-13T04:00,28.1,74,1001.5,14.8,0.0
2024-07-13T05:00,28.4,70,1001.8,14.9,0.0
2024-07-13T06:00,25.7,88,1003.6,13.1,1.6
2024-07-13T07:00,25.6,88,1003.7,16.6,1.9
2024-07-13T08:00,25.9,88,1003.7,17.3,0.9
2024-07-13T09:00,26.9,84,1003.9,13.3,0.3
2024-07-13T10:00,27.4,82,1003.8,6.9,0.0
2024-07-13T11:00,29.2,74,1003.6,10.0,0.0
2024-07-13T12:00,29.6,70,1003.5,13.8,0.0
2024-07-13T13:00,29.3,71,1002.7,13.3,0.2
2024-07-13T14:00,29.3,73,1001.8,9.6,0.2
2024-07-13T15:00,29.6,74,1001.2,12.7,0.1
2024-07-13T16:00,29.2,77,1001.0,10.6,0.1
2024-07-13T17:00,29.2,78,1001.0,12.1,0.0
2024-07-13T18:00,28.6,80,1001.0,13.1,0.0
2024-07-13T19:00,28.4,80,1001.8,12.1,0.0
2024-07-13T20:00,28.4,79,1002.3,11.2,0.0
2024-07-13T21:00,28.2,80,1003.3,13.6,0.0
2024-07-13T22:00,27.1,86,1003.6,12.8,0.7
2024-07-13T23:00,26.7,88,1003.2,12.2,2.0
2024-07-14T00:00,26.3,90,1002.4,12.0,0.3
2024-07-14T01:00,26.1,89,1001.7,13.0,0.4
2024-07-14T02:00,26.1,87,1001.2,13.9,0.2
2024-07-14T03:00,25.9,87,1000.9,14.0,0.2
2024-07-14T04:00,25.7,87,1001.1,13.1,0.2
2024-07-14T05:00,25.6,87,1001.1,13.4,0.2
2024-07-14T06:00,25.4,89,1002.4,9.5,0.9
2024-07-14T07:00,25.6,90,1002.6,11.4,0.7
2024-07-14T08:00,26.0,89,1002.7,12.1,0.7
2024-07-14T09:00,27.1,85,1002.6,12.4,0.5
2024-07-14T10:00,27.8,81,1002.5,13.2,0.3
2024-07-14T11:00,28.1,78,1002.2,13.8,0.4
2024-07-14T12:00,28.0,79,1001.8,12.1,0.5
2024-07-14T13:00,28.1,81,1001.2,11.0,0.6
2024-07-14T14:00,27.4,87,1000.5,12.0,1.0
2024-07-14T15:00,28.5,81,1000.1,11.8,0.5
2024-07-14T16:00,28.5,80,999.4,10.7,0.0
2024-07-14T17:00,28.5,80,999.4,10.5,0.0
2024-07-14T18:00,28.1,80,1000.2,8.4,0.0
2024-07-14T19:00,27.9,79,1001.0,11.1,0.1
2024-07-14T20:00,27.5,81,1001.4,14.6,0.3
2024-07-14T21:00,27.2,85,1001.8,14.2,0.1
2024-07-14T22:00,27.1,84,1002.2,13.9,0.1
2024-07-14T23:00,26.6,87,1002.2,12.4,0.7
2024-07-15T00:00,26.5,88,1001.3,13.4,0.1
2024-07-15T01:00,26.4,87,1000.4,17.1,0.1
2024-07-15T02:00,26.0,88,1000.4,17.3,0.3
2024-07-15T03:00,25.5,91,999.9,18.1,0.6
2024-07-15T04:00,25.5,90,1000.2,18.6,0.4
2024-07-15T05:00,25.6,89,1000.3,18.1,0.2
2024-07-15T06:00,25.2,92,1001.4,15.2,0.7
2024-07-15T07:00,25.4,92,1001.9,14.7,1.5
2024-07-15T08:00,25.5,91,1001.9,15.9,1.0
2024-07-15T09:00,26.2,91,1002.1,15.4,1.1
2024-07-15T10:00,26.7,89,1001.7,16.4,0.7
2024-07-15T11:00,28.2,78,1001.3,19.1,0.1
2024-07-15T12:00,29.9,70,1000.6,19.5,0.0
2024-07-15T13:00,30.2,68,999.8,19.3,0.0
2024-07-15T14:00,29.5,73,999.1,15.3,0.0
2024-07-15T15:00,29.4,73,999.1,13.4,0.1
2024-07-15T16:00,28.6,81,999.0,14.4,0.7
2024-07-15T17:00,27.9,85,999.2,18.3,0.1
2024-07-15T18:00,26.8,88,999.7,17.6,0.3
2024-07-15T19:00,26.6,89,1000.2,17.3,0.1
2024-07-15T20:00,26.6,89,1000.7,17.0,0.1
2024-07-15T21:00,26.5,88,1001.3,17.6,0.0
2024-07-15T22:00,26.2,88,1001.6,17.3,0.0
2024-07-15T23:00,26.3,86,1001.5,18.1,0.0
2024-07-16T00:00,26.2,85,1000.6,19.4,0.0
2024-07-16T01:00,26.0,86,1000.0,18.4,0.2
2024-07-16T02:00,25.8,87,1000.0,14.9,0.3
2024-07-16T03:00,25.6,88,999.8,14.3,0.2
2024-07-16T04:00,25.5,88,999.9,14.9,0.0
2024-07-16T05:00,25.6,86,1000.3,15.9,0.0
2024-07-16T06:00,25.6,85,1001.1,18.9,0.1
2024-07-16T07:00,25.7,85,1002.1,16.8,0.2
2024-07-16T08:00,26.0,85,1002.1,17.3,0.1
2024-07-16T09:00,27.0,82,1001.9,16.5,0.0
2024-07-16T10:00,30.2,69,1001.8,17.6,0.0
2024-07-16T11:00,31.3,64,1001.7,18.7,0.0
2024-07-16T12:00,30.2,66,1001.2,19.6,0.0
2024-07-16T13:00,29.8,69,1000.4,19.6,0.0
2024-07-16T14:00,29.7,71,999.9,21.8,0.0
2024-07-16T15:00,29.1,73,999.4,19.9,0.0
2024-07-16T16:00,29.3,75,999.3,19.4,0.0
2024-07-16T17:00,28.7,78,999.6,20.2,0.0
2024-07-16T18:00,26.8,88,1000.1,15.0,1.3
2024-07-16T19:00,26.7,89,1000.6,15.5,0.4
2024-07-16T20:00,26.7,87,1001.5,16.1,0.0
2024-07-16T21:00,26.3,86,1002.1,16.6,0.0
2024-07-16T22:00,26.2,86,1002.2,16.3,0.0
2024-07-16T23:00,26.1,86,1002.1,13.6,0.0
2024-07-17T00:00,25.9,86,1001.7,11.3,0.0
2024-07-17T01:00,25.8,85,1001.2,13.8,0.0
2024-07-17T02:00,26.1,82,1000.9,16.1,0.0
2024-07-17T03:00,26.0,82,1000.8,14.3,0.0
2024-07-17T04:00,25.9,82,1001.0,14.1,0.0
2024-07-17T05:00,25.9,82,1001.6,13.9,0.1
2024-07-17T06:00,26.9,76,1001.9,17.4,0.0
2024-07-17T07:00,27.3,75,1002.9,16.6,0.0
2024-07-17T08:00,27.5,75,1003.6,15.4,0.0
2024-07-17T09:00,27.7,77,1003.7,12.8,0.0
2024-07-17T10:00,29.1,72,1003.6,16.4,0.0
2024-07-17T11:00,29.9,68,1002.8,18.4,0.0
2024-07-17T12:00,30.4,66,1002.1,18.7,0.0
2024-07-17T13:00,31.0,63,1001.2,18.6,0.0
2024-07-17T14:00,31.4,61,1000.8,20.9,0.0
2024-07-17T15:00,31.3,63,1000.1,15.6,0.0
2024-07-17T16:00,30.7,67,1000.0,12.6,0.0
2024-07-17T17:00,30.2,69,1000.4,15.1,0.0
2024-07-17T18:00,29.7,69,1000.8,16.5,0.0
2024-07-17T19:00,29.4,69,1001.7,17.2,0.0
2024-07-17T20:00,29.3,69,1002.4,17.9,0.0
2024-07-17T21:00,29.1,69,1002.8,15.6,0.0
2024-07-17T22:00,29.3,67,1003.1,19.4,0.0
2024-07-17T23:00,29.0,68,1002.8,17.8,0.0
2024-07-18T00:00,28.6,69,1002.1,18.1,0.0
2024-07-18T01:00,28.4,68,1001.4,19.0,0.0
2024-07-18T02:00,28.2,68,1001.1,21.3,0.0
2024-07-18T03:00,28.1,69,1000.9,22.1,0.0
2024-07-18T04:00,28.2,67,1000.7,22.4,0.0
2024-07-18T05:00,28.2,66,1001.2,19.8,0.0
2024-07-18T06:00,27.2,74,1002.1,21.9,0.0
2024-07-18T07:00,27.4,76,1002.7,16.5,0.0
2024-07-18T08:00,28.6,75,1003.0,13.8,0.0
2024-07-18T09:00,29.7,70,1003.1,15.0,0.0
2024-07-18T10:00,31.1,65,1003.0,16.3,0.0
2024-07-18T11:00,31.8,59,1002.7,20.5,0.0
2024-07-18T12:00,31.9,57,1002.0,23.4,0.0
2024-07-18T13:00,31.2,62,1001.4,20.4,0.0
2024-07-18T14:00,30.4,65,1000.3,21.0,0.0
2024-07-18T15:00,29.9,69,999.4,18.1,0.0
2024-07-18T16:00,30.0,72,999.2,14.8,0.0
2024-07-18T17:00,30.1,72,999.7,15.6,0.0
2024-07-18T18:00,28.5,76,1001.2,18.6,0.3
2024-07-18T19:00,27.1,84,1001.5,19.5,0.8
2024-07-18T20:00,27.2,80,1001.9,20.5,0.0
2024-07-18T21:00,27.3,76,1002.3,21.0,0.0
2024-07-18T22:00,27.6,73,1002.5,19.0,0.0
2024-07-18T23:00,27.7,71,1001.9,18.1,0.0
2024-07-19T00:00,27.7,70,1001.4,16.6,0.0
2024-07-19T01:00,27.5,70,1000.9,16.9,0.0
2024-07-19T02:00,27.2,71,1000.5,16.6,0.0
2024-07-19T03:00,27.0,73,1000.1,15.6,0.0
2024-07-19T04:00,27.0,73,1000.4,17.3,0.0
2024-07-19T05:00,26.9,74,1000.9,16.0,0.0
2024-07-19T06:00,26.2,79,1001.5,13.3,0.1
2024-07-19T07:00,26.9,75,1002.2,15.8,0.0
2024-07-19T08:00,27.2,75,1002.4,17.4,0.0
2024-07-19T09:00,27.4,76,1002.1,16.8,0.0
2024-07-19T10:00,28.2,73,1001.6,19.7,0.0
2024-07-19T11:00,28.7,72,1001.2,20.0,0.0
2024-07-19T12:00,30.1,66,1000.7,22.6,0.0
2024-07-19T13:00,29.4,70,999.8,19.4,0.0
2024-07-19T14:00,29.6,69,999.2,20.6,0.0
2024-07-19T15:00,29.0,72,998.9,19.0,0.0
2024-07-19T16:00,28.7,76,998.5,17.2,0.0
2024-07-19T17:00,29.2,70,998.9,18.6,0.0
2024-07-19T18:00,27.3,79,999.9,22.1,0.3
2024-07-19T19:00,27.3,77,1000.9,20.4,0.0
2024-07-19T20:00,27.3,75,1001.4,19.1,0.0
2024-07-19T21:00,26.9,77,1001.7,17.3,0.0
2024-07-19T22:00,26.6,79,1001.8,17.4,0.0
2024-07-19T23:00,26.3,81,1001.5,16.3,0.1
2024-07-20T00:00,26.2,81,1001.1,15.3,0.0
2024-07-20T01:00,26.0,83,1000.7,14.0,0.0
2024-07-20T02:00,25.9,83,1000.5,14.3,0.0
2024-07-20T03:00,25.9,81,1000.2,15.0,0.0
2024-07-20T04:00,26.0,80,1000.3,15.3,0.0
2024-07-20T05:00,26.0,79,1000.8,15.1,0.0
2024-07-20T06:00,25.9,81,1002.1,13.0,0.1
2024-07-20T07:00,26.3,82,1002.7,11.0,0.0
2024-07-20T08:00,27.0,79,1002.9,12.4,0.0
2024-07-20T09:00,27.9,74,1003.5,13.2,0.0
2024-07-20T10:00,28.3,72,1003.3,15.3,0.0
2024-07-20T11:00,29.0,68,1002.9,19.1,0.0
2024-07-20T12:00,30.2,65,1002.0,19.7,0.0
2024-07-20T13:00,32.2,57,1000.8,23.5,0.0
2024-07-20T14:00,32.4,57,1000.1,25.5,0.0
2024-07-20T15:00,33.0,53,999.4,24.6,0.0
2024-07-20T16:00,32.7,55,999.4,17.0,0.0
2024-07-20T17:00,31.7,60,1000.0,10.4,0.0
2024-07-20T18:00,31.0,59,1000.8,11.7,0.0
2024-07-20T19:00,30.1,62,1001.5,10.4,0.0
2024-07-20T20:00,29.3,65,1002.4,9.0,0.0
2024-07-20T21:00,28.6,68,1002.9,7.3,0.0
2024-07-20T22:00,27.7,73,1003.1,6.0,0.0
2024-07-20T23:00,27.1,76,1002.9,7.5,0.0
2024-07-21T00:00,27.1,76,1002.4,9.0,0.0
2024-07-21T01:00,27.2,73,1002.3,9.9,0.0
2024-07-21T02:00,27.1,72,1002.0,10.6,0.0
2024-07-21T03:00,27.0,71,1001.5,13.0,0.0
2024-07-21T04:00,27.0,70,1001.6,12.9,0.0
2024-07-21T05:00,27.0,70,1002.0,12.7,0.0
2024-07-21T06:00,27.8,68,1002.3,13.3,0.0
2024-07-21T07:00,28.4,68,1003.3,11.5,0.0
2024-07-21T08:00,29.0,66,1003.5,10.8,0.0
2024-07-21T09:00,30.5,61,1003.7,13.5,0.0
2024-07-21T10:00,31.3,58,1003.4,15.3,0.0
2024-07-21T11:00,32.7,53,1003.1,21.7,0.0
2024-07-21T12:00,33.7,50,1002.1,21.9,0.0
2024-07-21T13:00,34.3,48,1001.3,21.1,0.0
2024-07-21T14:00,35.6,44,1000.3,21.5,0.2
2024-07-21T15:00,35.6,44,999.8,17.1,0.0
2024-07-21T16:00,34.1,48,999.8,11.8,0.0
2024-07-21T17:00,31.5,65,1000.5,3.6,2.4
2024-07-21T18:00,31.3,58,1001.6,9.0,0.0
2024-07-21T19:00,30.1,62,1002.3,5.4,0.0
2024-07-21T20:00,29.4,67,1003.4,6.1,0.0
2024-07-21T21:00,29.4,66,1004.0,8.2,0.0
2024-07-21T22:00,29.2,66,1004.3,8.4,0.0
2024-07-21T23:00,29.6,61,1004.1,14.2,0.0
2024-07-22T00:00,29.7,59,1003.6,16.0,0.0
2024-07-22T01:00,29.1,61,1003.2,15.7,0.0
2024-07-22T02:00,28.5,63,1002.6,15.3,0.0
2024-07-22T03:00,27.9,66,1002.6,14.3,0.0
2024-07-22T04:00,27.6,67,1002.9,14.3,0.0
2024-07-22T05:00,27.4,67,1003.1,14.0,0.0
2024-07-22T06:00,27.6,67,1004.4,13.0,0.0
2024-07-22T07:00,28.3,68,1005.0,11.8,0.0
2024-07-22T08:00,29.9,62,1005.5,15.5,0.0
2024-07-22T09:00,30.0,61,1005.8,16.6,0.0
2024-07-22T10:00,32.0,53,1005.6,17.1,0.0
2024-07-22T11:00,33.5,49,1005.0,18.7,0.0
2024-07-22T12:00,34.4,46,1004.3,24.9,0.0
2024-07-22T13:00,34.8,44,1003.1,19.2,0.0
2024-07-22T14:00,35.2,43,1002.1,15.6,0.0
2024-07-22T15:00,34.5,49,1001.5,8.9,0.0
2024-07-22T16:00,34.2,54,1001.3,7.4,0.0
2024-07-22T17:00,33.5,52,1001.8,11.2,0.0
2024-07-22T18:00,31.6,53,1003.2,12.0,0.0
2024-07-22T19:00,31.0,55,1004.1,13.0,0.0
2024-07-22T20:00,30.8,55,1005.0,13.3,0.0
2024-07-22T21:00,30.4,57,1005.3,13.8,0.0
2024-07-22T22:00,30.0,58,1005.8,15.3,0.0
2024-07-22T23:00,29.8,59,1005.6,15.0,0.0
2024-07-23T00:00,29.5,60,1005.1,15.1,0.0
2024-07-23T01:00,28.6,64,1004.5,13.6,0.0
2024-07-23T02:00,28.2,64,1004.2,15.3,0.0
2024-07-23T03:00,28.0,64,1004.0,15.9,0.0
2024-07-23T04:00,27.5,65,1004.5,14.0,0.0
2024-07-23T05:00,27.0,67,1005.0,12.3,0.0
2024-07-23T06:00,27.3,67,1006.0,14.6,0.0
2024-07-23T07:00,28.3,66,1006.1,13.2,0.0
2024-07-23T08:00,30.1,61,1006.3,14.9,0.0
2024-07-23T09:00,31.6,55,1006.4,17.6,0.0
2024-07-23T10:00,32.9,51,1006.2,19.2,0.0
2024-07-23T11:00,34.6,46,1005.3,23.2,0.0
2024-07-23T12:00,35.6,43,1004.4,27.4,0.0
2024-07-23T13:00,36.1,42,1003.4,23.1,0.0
2024-07-23T14:00,36.5,40,1002.4,23.9,0.0
2024-07-23T15:00,36.6,40,1001.6,25.5,0.0
2024-07-23T16:00,36.3,40,1001.3,20.4,0.0
2024-07-23T17:00,35.4,43,1001.7,19.9,0.0
2024-07-23T18:00,31.8,57,1002.8,6.1,0.0
2024-07-23T19:00,30.3,69,1003.9,11.2,0.0
2024-07-23T20:00,29.2,80,1004.8,15.9,0.0
2024-07-23T21:00,29.2,73,1005.4,17.2,0.1
2024-07-23T22:00,29.2,71,1005.6,12.7,0.0
2024-07-23T23:00,28.7,75,1005.6,12.6,0.0
2024-07-24T00:00,28.4,79,1004.8,13.5,0.0
2024-07-24T01:00,28.1,80,1004.3,12.8,0.0
2024-07-24T02:00,28.1,76,1003.7,14.8,0.0
2024-07-24T03:00,28.4,67,1003.3,16.5,0.0
2024-07-24T04:00,28.4,63,1003.4,16.3,0.0
2024-07-24T05:00,28.0,65,1003.4,15.8,0.0
2024-07-24T06:00,28.1,66,1003.9,16.0,0.0
2024-07-24T07:00,29.0,64,1004.3,15.8,0.0
2024-07-24T08:00,30.3,58,1004.3,19.0,0.0
2024-07-24T09:00,31.6,54,1004.5,20.7,0.0
2024-07-24T10:00,32.8,50,1004.2,19.6,0.0
2024-07-24T11:00,34.9,43,1003.3,28.9,0.0
2024-07-24T12:00,35.9,39,1002.2,27.4,0.0
2024-07-24T13:00,36.7,37,1001.0,27.1,0.0
2024-07-24T14:00,36.5,38,1000.1,28.2,0.0
2024-07-24T15:00,36.7,38,999.4,23.8,0.0
2024-07-24T16:00,35.8,40,999.5,22.7,0.0
2024-07-24T17:00,34.2,45,1000.0,18.8,0.0
2024-07-24T18:00,33.0,47,1000.5,13.4,0.0
2024-07-24T19:00,32.2,49,1001.2,13.8,0.0
2024-07-24T20:00,31.7,51,1002.2,13.1,0.0
2024-07-24T21:00,30.9,54,1002.7,11.1,0.0
2024-07-24T22:00,30.2,57,1003.2,12.3,0.0
2024-07-24T23:00,29.9,58,1002.8,14.0,0.0
2024-07-25T00:00,29.6,58,1002.1,15.1,0.0
2024-07-25T01:00,29.5,58,1001.5,15.7,0.0
2024-07-25T02:00,29.0,59,1001.4,14.0,0.0
2024-07-25T03:00,28.5,62,1000.9,14.5,0.0
2024-07-25T04:00,28.3,62,1001.0,15.8,0.0
2024-07-25T05:00,28.0,63,1001.2,14.5,0.0
2024-07-25T06:00,28.6,61,1001.7,18.2,0.0
2024-07-25T07:00,29.1,61,1002.6,16.1,0.0
2024-07-25T08:00,30.4,58,1002.9,17.5,0.0
2024-07-25T09:00,31.2,56,1002.6,18.6,0.0
2024-07-25T10:00,33.0,51,1001.8,19.6,0.0
2024-07-25T11:00,35.2,44,1001.2,30.3,0.0
2024-07-25T12:00,36.3,40,1000.4,27.6,0.0
2024-07-25T13:00,37.3,37,999.3,23.4,0.0
2024-07-25T14:00,37.8,36,998.4,27.0,0.0
2024-07-25T15:00,36.2,39,998.2,26.7,0.1
2024-07-25T16:00,36.2,40,998.2,24.2,0.0
2024-07-25T17:00,33.4,51,998.9,19.7,0.3
2024-07-25T18:00,31.3,58,1000.4,15.5,0.0
2024-07-25T19:00,31.8,51,1001.4,17.7,0.0
2024-07-25T20:00,30.8,55,1002.3,17.9,0.0
2024-07-25T21:00,29.4,63,1002.8,18.6,0.1
2024-07-25T22:00,28.1,73,1002.9,17.0,0.5
2024-07-25T23:00,27.8,75,1002.2,13.0,0.1
2024-07-26T00:00,28.2,70,1001.9,12.9,0.0
2024-07-26T01:00,28.5,65,1001.5,13.8,0.0
2024-07-26T02:00,28.6,63,1000.9,14.8,0.0
2024-07-26T03:00,28.6,62,1000.8,16.1,0.0
2024-07-26T04:00,28.4,63,1000.9,16.3,0.0
2024-07-26T05:00,28.1,65,1001.2,16.0,0.0
2024-07-26T06:00,27.6,70,1001.9,18.7,0.0
2024-07-26T07:00,28.5,69,1002.6,15.2,0.0
2024-07-26T08:00,28.1,72,1002.8,15.3,0.0
2024-07-26T09:00,30.8,62,1002.7,16.9,0.0
2024-07-26T10:00,32.2,55,1002.3,18.2,0.0
2024-07-26T11:00,32.7,53,1001.6,20.6,0.0
2024-07-26T12:00,34.4,48,1001.0,19.4,0.0
2024-07-26T13:00,36.0,41,1000.0,27.8,0.1
2024-07-26T14:00,36.4,40,998.9,25.5,0.1
2024-07-26T15:00,36.5,41,998.5,20.1,0.0
2024-07-26T16:00,36.4,41,998.1,19.4,0.0
2024-07-26T17:00,27.5,81,999.3,5.4,4.4
2024-07-26T18:00,32.8,49,1000.4,13.0,0.0
2024-07-26T19:00,32.7,49,1001.6,14.8,0.0
2024-07-26T20:00,32.4,49,1002.4,18.3,0.0
2024-07-26T21:00,32.0,50,1002.9,21.7,0.0
2024-07-26T22:00,31.1,53,1003.0,13.3,0.0
2024-07-26T23:00,30.0,58,1003.1,10.7,0.0
2024-07-27T00:00,29.6,60,1002.8,11.0,0.0
2024-07-27T01:00,29.3,61,1002.1,11.3,0.0
2024-07-27T02:00,28.8,62,1001.4,11.1,0.0
2024-07-27T03:00,28.7,61,1001.1,13.8,0.0
2024-07-27T04:00,28.6,60,1001.5,13.3,0.0
2024-07-27T05:00,28.4,60,1001.8,11.5,0.0
2024-07-27T06:00,28.8,60,1002.1,16.9,0.0
2024-07-27T07:00,29.7,60,1003.0,16.3,0.0
2024-07-27T08:00,30.9,56,1003.6,18.4,0.0
2024-07-27T09:00,30.2,61,1003.8,17.0,0.3
2024-07-27T10:00,31.9,56,1003.1,17.3,0.0
2024-07-27T11:00,34.1,47,1002.2,28.5,0.0
2024-07-27T12:00,33.0,52,1001.9,26.3,0.0
2024-07-27T13:00,33.1,51,1001.0,23.4,0.0
2024-07-27T14:00,34.8,45,1000.0,22.7,0.0
2024-07-27T15:00,34.4,45,999.7,30.4,0.0
2024-07-27T16:00,34.6,45,999.2,21.4,0.0
2024-07-27T17:00,34.1,46,999.3,16.5,0.0
2024-07-27T18:00,33.4,46,1000.1,20.6,0.0
2024-07-27T19:00,32.8,46,1001.1,19.8,0.0
2024-07-27T20:00,32.7,42,1001.9,24.6,0.0
2024-07-27T21:00,32.2,43,1002.5,23.4,0.0
2024-07-27T22:00,31.5,45,1002.9,19.8,0.0
2024-07-27T23:00,30.2,50,1002.6,13.2,0.0
2024-07-28T00:00,30.5,47,1002.3,21.2,0.0
2024-07-28T01:00,30.0,49,1001.8,16.7,0.0
2024-07-28T02:00,29.2,53,1001.1,16.3,0.0
2024-07-28T03:00,29.0,52,1000.6,17.1,0.0
2024-07-28T04:00,28.5,53,1000.7,16.8,0.0
2024-07-28T05:00,28.0,54,1001.1,15.3,0.0
2024-07-28T06:00,28.1,54,1001.5,16.9,0.0
2024-07-28T07:00,28.9,55,1002.3,14.5,0.0
2024-07-28T08:00,30.4,52,1002.6,14.0,0.0
2024-07-28T09:00,31.9,49,1002.4,15.9,0.0
2024-07-28T10:00,32.3,48,1001.7,19.1,0.0
2024-07-28T11:00,34.0,44,1001.1,26.6,0.0
2024-07-28T12:00,34.0,43,1000.1,19.9,0.0
2024-07-28T13:00,34.6,43,999.1,24.8,0.0
2024-07-28T14:00,37.1,35,997.8,24.0,0.0
2024-07-28T15:00,36.8,36,997.3,24.6,0.1
2024-07-28T16:00,34.7,44,997.2,18.9,0.0
2024-07-28T17:00,33.0,53,997.4,17.8,0.0
2024-07-28T18:00,32.4,49,998.6,12.8,0.0
2024-07-28T19:00,31.6,50,999.1,17.4,0.0
2024-07-28T20:00,31.2,51,999.9,15.2,0.0
2024-07-28T21:00,30.4,54,1000.2,16.4,0.0
2024-07-28T22:00,30.5,53,1000.7,20.9,0.0
2024-07-28T23:00,30.5,53,1000.4,19.7,0.0
2024-07-29T00:00,30.1,54,1000.1,18.5,0.0
2024-07-29T01:00,29.5,56,1000.0,16.3,0.0
2024-07-29T02:00,29.0,57,999.8,17.2,0.0
2024-07-29T03:00,28.8,58,999.7,17.5,0.0
2024-07-29T04:00,28.5,59,1000.0,17.3,0.0
2024-07-29T05:00,28.2,60,1000.2,15.9,0.0
2024-07-29T06:00,28.8,60,1000.6,16.3,0.0
2024-07-29T07:00,29.8,58,1001.3,17.7,0.0
2024-07-29T08:00,31.0,56,1001.8,16.5,0.0
2024-07-29T09:00,32.6,52,1001.5,17.8,0.0
2024-07-29T10:00,33.8,49,1000.8,17.6,0.0
2024-07-29T11:00,35.4,44,1000.1,22.1,0.0
2024-07-29T12:00,36.1,42,999.0,21.8,0.0
2024-07-29T13:00,36.7,41,998.2,17.9,0.0
2024-07-29T14:00,36.5,40,997.6,16.0,0.0
2024-07-29T15:00,35.0,50,997.5,13.8,0.2
2024-07-29T16:00,31.9,67,998.0,19.5,0.3
2024-07-29T17:00,30.7,69,998.4,20.0,0.0
2024-07-29T18:00,30.9,81,999.4,3.4,0.0
2024-07-29T19:00,29.1,81,1000.8,5.5,0.7
2024-07-29T20:00,27.9,88,1002.3,10.7,2.4
2024-07-29T21:00,26.7,89,1002.5,4.0,2.1
2024-07-29T22:00,26.9,86,1003.1,11.4,0.1
2024-07-29T23:00,26.9,84,1002.8,9.7,0.0
2024-07-30T00:00,26.9,82,1002.1,11.0,0.0
2024-07-30T01:00,26.9,82,1001.7,10.2,0.0
2024-07-30T02:00,27.0,81,1001.5,11.7,0.0
2024-07-30T03:00,27.1,80,1001.6,12.7,0.0
2024-07-30T04:00,27.2,78,1001.8,12.7,0.0
2024-07-30T05:00,27.1,77,1002.1,11.2,0.0
2024-07-30T06:00,27.1,79,1003.0,14.4,0.0
2024-07-30T07:00,28.3,76,1003.6,11.9,0.0
2024-07-30T08:00,30.2,69,1003.9,11.2,0.0
2024-07-30T09:00,31.7,61,1004.2,13.5,0.0
2024-07-30T10:00,33.3,55,1004.1,15.6,0.0
2024-07-30T11:00,34.1,52,1003.6,16.6,0.0
2024-07-30T12:00,35.3,48,1002.6,17.3,0.0
2024-07-30T13:00,36.0,47,1001.8,15.8,0.0
2024-07-30T14:00,33.2,57,1002.0,19.2,1.2
2024-07-30T15:00,32.3,64,1002.0,11.7,0.2
2024-07-30T16:00,32.3,61,1001.7,10.7,0.1
2024-07-30T17:00,31.6,65,1001.6,7.9,0.0
2024-07-30T18:00,32.0,59,1002.0,9.7,0.0
2024-07-30T19:00,31.6,58,1003.3,17.7,0.0
2024-07-30T20:00,30.8,58,1004.1,19.5,0.0
2024-07-30T21:00,29.9,62,1004.9,12.4,0.0
2024-07-30T22:00,29.0,67,1005.1,12.6,0.0
2024-07-30T23:00,28.7,68,1004.5,12.6,0.0
2024-07-31T00:00,28.3,70,1004.3,11.3,0.0
2024-07-31T01:00,27.7,73,1004.2,10.2,0.0
2024-07-31T02:00,27.6,74,1003.9,10.5,0.0
2024-07-31T03:00,27.9,70,1003.9,9.8,0.0
2024-07-31T04:00,27.6,68,1004.1,9.2,0.0
2024-07-31T05:00,27.0,71,1004.4,10.0,0.0
2024-07-31T06:00,27.9,66,1005.2,10.5,0.0
2024-07-31T07:00,29.1,64,1005.7,11.0,0.0
2024-07-31T08:00,30.0,60,1006.1,13.5,0.0
2024-07-31T09:00,31.3,56,1006.3,14.5,0.0
2024-07-31T10:00,32.3,53,1005.8,13.0,0.0
2024-07-31T11:00,34.1,48,1005.2,16.9,0.0
2024-07-31T12:00,35.0,46,1004.4,17.3,0.0
2024-07-31T13:00,35.6,45,1003.3,14.8,0.0
2024-07-31T14:00,36.0,44,1002.5,7.8,0.0
2024-07-31T15:00,32.9,55,1002.4,7.9,0.9
2024-07-31T16:00,31.2,67,1002.0,5.2,0.6
2024-07-31T17:00,31.3,66,1002.0,5.4,0.0
2024-07-31T18:00,30.1,62,1002.7,7.0,0.0
2024-07-31T19:00,29.9,62,1003.6,6.4,0.0
2024-07-31T20:00,29.3,71,1004.4,10.3,0.0
2024-07-31T21:00,28.7,81,1005.0,9.4,0.0
2024-07-31T22:00,28.9,76,1005.4,12.1,0.0
2024-07-31T23:00,29.3,64,1005.3,16.6,0.0
2024-08-01T00:00,28.5,68,1004.8,15.3,0.0
2024-08-01T01:00,28.1,70,1004.1,14.5,0.0
2024-08-01T02:00,28.4,68,1003.5,15.0,0.0
2024-08-01T03:00,28.6,66,1003.1,15.5,0.0
2024-08-01T04:00,28.3,67,1003.1,14.1,0.0
2024-08-01T05:00,28.2,68,1003.5,12.3,0.0
2024-08-01T06:00,28.6,66,1003.6,12.2,0.0
2024-08-01T07:00,29.6,65,1004.4,11.3,0.0
2024-08-01T08:00,31.4,57,1004.9,13.6,0.0
2024-08-01T09:00,32.8,52,1005.4,16.8,0.0
2024-08-01T10:00,33.3,50,1005.2,17.5,0.0
2024-08-01T11:00,33.8,47,1005.0,21.5,0.0
2024-08-01T12:00,33.9,47,1004.2,23.5,0.0
2024-08-01T13:00,35.5,42,1002.9,17.5,0.0
2024-08-01T14:00,35.8,42,1002.1,11.6,0.0
2024-08-01T15:00,35.7,43,1001.4,8.5,0.0
2024-08-01T16:00,29.3,81,1002.5,12.9,2.6
2024-08-01T17:00,30.2,73,1002.9,9.0,0.0
2024-08-01T18:00,31.1,62,1003.3,5.7,0.0
2024-08-01T19:00,29.5,72,1004.1,7.0,0.0
2024-08-01T20:00,28.9,78,1004.9,6.4,0.0
2024-08-01T21:00,29.2,69,1005.8,6.7,0.0
2024-08-01T22:00,28.6,70,1006.2,5.6,0.0
2024-08-01T23:00,28.4,72,1005.6,7.4,0.0
2024-08-02T00:00,28.2,73,1005.0,7.1,0.0
2024-08-02T01:00,27.6,74,1004.4,5.8,0.0
2024-08-02T02:00,27.5,74,1003.9,7.7,0.0
2024-08-02T03:00,27.5,71,1003.9,11.8,0.0
2024-08-02T04:00,27.6,70,1004.1,12.6,0.0
2024-08-02T05:00,27.7,69,1004.4,13.5,0.0
2024-08-02T06:00,27.8,71,1004.5,9.7,0.0
2024-08-02T07:00,29.2,67,1004.9,8.7,0.0
2024-08-02T08:00,30.7,61,1005.4,11.2,0.0
2024-08-02T09:00,32.4,55,1005.6,14.2,0.0
2024-08-02T10:00,33.8,50,1004.9,14.2,0.0
2024-08-02T11:00,35.2,46,1004.1,15.1,0.0
2024-08-02T12:00,35.7,46,1003.6,14.9,0.0
2024-08-02T13:00,34.8,48,1002.6,5.9,0.0
2024-08-02T14:00,32.5,63,1002.0,13.3,0.5
2024-08-02T15:00,30.4,78,1001.9,19.8,0.6
2024-08-02T16:00,28.9,77,1002.9,12.0,3.1
2024-08-02T17:00,28.5,79,1002.8,8.0,0.0
2024-08-02T18:00,29.9,70,1003.0,3.3,0.0
2024-08-02T19:00,29.0,73,1004.2,6.5,0.0
2024-08-02T20:00,27.8,79,1005.4,14.0,0.1
2024-08-02T21:00,27.6,79,1006.4,12.3,0.0
2024-08-02T22:00,27.7,78,1006.5,5.8,0.2
2024-08-02T23:00,27.4,80,1006.4,5.6,0.0
2024-08-03T00:00,26.7,84,1005.9,6.8,0.0
2024-08-03T01:00,26.6,84,1005.4,5.9,0.0
2024-08-03T02:00,26.4,85,1004.8,5.8,0.0
2024-08-03T03:00,26.3,84,1004.8,6.4,0.0
2024-08-03T04:00,26.4,81,1004.9,8.5,0.0
2024-08-03T05:00,26.3,80,1004.9,9.9,0.0
2024-08-03T06:00,27.3,74,1005.6,11.5,0.0
2024-08-03T07:00,28.4,72,1006.0,9.6,0.0
2024-08-03T08:00,29.9,64,1006.0,10.4,0.0
2024-08-03T09:00,31.5,57,1006.5,9.7,0.0
2024-08-03T10:00,32.7,53,1006.2,8.6,0.0
2024-08-03T11:00,33.9,50,1005.4,8.8,0.0
2024-08-03T12:00,34.7,48,1004.5,6.5,0.0
2024-08-03T13:00,34.8,47,1003.9,2.5,0.0
2024-08-03T14:00,33.9,53,1003.1,6.9,0.3
2024-08-03T15:00,31.8,66,1003.1,8.4,0.3
2024-08-03T16:00,31.3,66,1002.7,14.3,0.5
2024-08-03T17:00,29.1,76,1004.5,15.8,6.6
2024-08-03T18:00,29.6,75,1004.7,4.0,0.0
2024-08-03T19:00,28.9,84,1005.5,4.6,0.0
2024-08-03T20:00,28.7,84,1006.5,1.8,0.0
2024-08-03T21:00,28.2,84,1007.2,5.4,0.0
2024-08-03T22:00,28.2,80,1008.0,10.0,0.0
2024-08-03T23:00,28.3,73,1007.6,10.8,0.0
2024-08-04T00:00,27.6,76,1007.2,4.6,0.1
2024-08-04T01:00,27.0,81,1006.6,7.2,0.0
2024-08-04T02:00,26.9,81,1006.1,4.7,0.0
2024-08-04T03:00,27.0,79,1005.8,7.3,0.0
2024-08-04T04:00,26.9,79,1005.8,8.0,0.0
2024-08-04T05:00,26.6,81,1005.8,8.2,0.0
2024-08-04T06:00,26.8,84,1006.1,11.6,0.0
2024-08-04T07:00,27.9,81,1006.4,9.1,0.0
2024-08-04T08:00,29.5,74,1007.1,11.9,0.0
2024-08-04T09:00,31.7,62,1007.3,13.6,0.0
2024-08-04T10:00,32.9,57,1007.0,13.6,0.0
2024-08-04T11:00,34.1,54,1006.3,11.1,0.0
2024-08-04T12:00,34.8,51,1005.2,9.1,0.0
2024-08-04T13:00,35.3,47,1004.1,6.7,0.0
2024-08-04T14:00,35.2,48,1003.0,6.3,0.0
2024-08-04T15:00,32.8,71,1002.6,13.8,0.0
2024-08-04T16:00,32.4,67,1002.7,9.8,0.1
2024-08-04T17:00,31.6,72,1002.8,11.2,0.0
2024-08-04T18:00,29.7,72,1004.4,9.3,0.0
2024-08-04T19:00,28.7,75,1004.7,4.3,0.0
2024-08-04T20:00,28.1,78,1005.9,3.7,0.0
2024-08-04T21:00,27.8,81,1006.8,4.9,0.0
2024-08-04T22:00,27.6,82,1006.9,6.9,0.0
2024-08-04T23:00,27.6,84,1006.8,6.8,0.0
2024-08-05T00:00,27.4,86,1006.3,6.0,0.0
2024-08-05T01:00,27.2,86,1005.9,10.4,0.0
2024-08-05T02:00,26.9,83,1005.8,11.7,0.0
2024-08-05T03:00,26.6,84,1005.8,12.9,0.0
2024-08-05T04:00,26.5,85,1005.9,13.2,0.0
2024-08-05T05:00,26.2,88,1006.2,14.5,0.0
2024-08-05T06:00,24.7,95,1007.7,11.3,0.4
2024-08-05T07:00,25.3,90,1008.0,9.5,0.2
2024-08-05T08:00,26.1,87,1008.2,6.3,0.2
2024-08-05T09:00,27.0,85,1008.3,6.3,0.0
2024-08-05T10:00,28.3,80,1007.7,7.7,0.0
2024-08-05T11:00,29.6,75,1007.3,8.4,0.0
2024-08-05T12:00,31.1,68,1006.3,8.4,0.0
2024-08-05T13:00,31.8,64,1005.1,6.9,0.0
2024-08-05T14:00,32.0,62,1004.1,4.3,0.0
2024-08-05T15:00,31.4,68,1003.5,11.0,0.0
2024-08-05T16:00,30.0,81,1003.3,15.0,0.0
2024-08-05T17:00,29.2,78,1003.4,14.7,0.0
2024-08-05T18:00,27.6,86,1004.5,9.8,0.0
2024-08-05T19:00,27.4,86,1005.4,9.4,0.0
2024-08-05T20:00,27.5,86,1006.3,10.7,0.0
2024-08-05T21:00,27.6,86,1007.3,9.9,0.0
2024-08-05T22:00,27.5,84,1007.1,12.5,0.0
2024-08-05T23:00,27.0,83,1006.5,12.0,0.0
2024-08-06T00:00,26.8,81,1006.2,14.3,0.0
2024-08-06T01:00,26.4,83,1005.6,18.4,0.1
2024-08-06T02:00,25.8,88,1005.2,16.8,0.2
2024-08-06T03:00,25.5,91,1005.1,12.7,0.1
2024-08-06T04:00,25.5,91,1005.0,12.7,0.0
2024-08-06T05:00,25.6,91,1004.7,12.1,0.0
2024-08-06T06:00,26.2,83,1004.9,10.9,0.0
2024-08-06T07:00,27.5,80,1005.6,9.2,0.0
2024-08-06T08:00,29.0,76,1005.6,10.8,0.0
2024-08-06T09:00,30.7,69,1005.8,9.8,0.0
2024-08-06T10:00,31.4,66,1005.8,8.1,0.0
2024-08-06T11:00,32.1,63,1005.1,5.7,0.0
2024-08-06T12:00,33.1,59,1004.6,4.4,0.0
2024-08-06T13:00,32.8,61,1003.7,1.1,0.0
2024-08-06T14:00,31.6,67,1003.0,6.8,0.0
2024-08-06T15:00,30.4,76,1002.2,10.6,1.0
2024-08-06T16:00,30.3,78,1002.0,7.2,0.0
2024-08-06T17:00,29.8,79,1002.2,10.2,0.0
2024-08-06T18:00,29.2,79,1003.9,4.0,0.0
2024-08-06T19:00,28.6,82,1004.8,6.7,0.0
2024-08-06T20:00,28.0,84,1005.7,5.0,0.5
2024-08-06T21:00,25.7,92,1007.5,11.4,12.9
2024-08-06T22:00,25.7,92,1007.3,9.6,1.7
2024-08-06T23:00,25.0,94,1007.6,10.5,2.6
2024-08-07T00:00,24.9,94,1006.9,10.2,1.7
2024-08-07T01:00,25.0,94,1006.0,9.3,1.5
2024-08-07T02:00,25.0,94,1005.2,8.7,1.7
2024-08-07T03:00,24.9,95,1004.5,8.8,1.4
2024-08-07T04:00,24.9,94,1004.7,8.4,1.0
2024-08-07T05:00,24.9,93,1004.9,10.2,0.6
2024-08-07T06:00,25.2,94,1005.3,7.4,0.1
2024-08-07T07:00,25.8,92,1006.2,7.7,0.2
2024-08-07T08:00,26.8,88,1006.8,8.7,0.0
2024-08-07T09:00,28.5,79,1006.8,10.4,0.0
2024-08-07T10:00,29.7,71,1006.4,13.0,0.0
2024-08-07T11:00,30.7,66,1005.7,12.3,0.0
2024-08-07T12:00,31.6,63,1005.0,10.6,0.0
2024-08-07T13:00,31.9,61,1004.0,9.4,0.0
2024-08-07T14:00,32.1,61,1003.0,8.1,0.0
2024-08-07T15:00,32.3,62,1002.5,6.5,0.0
2024-08-07T16:00,31.5,64,1002.2,2.0,0.2
2024-08-07T17:00,28.5,77,1003.5,9.4,0.4
2024-08-07T18:00,27.7,85,1004.4,2.3,0.0
2024-08-07T19:00,27.3,87,1005.3,3.0,0.0
2024-08-07T20:00,27.1,88,1006.1,3.2,0.0
2024-08-07T21:00,26.6,90,1006.6,5.0,0.0
2024-08-07T22:00,26.5,91,1006.9,6.1,0.0
2024-08-07T23:00,26.5,91,1006.8,4.4,0.0
2024-08-08T00:00,26.4,93,1006.0,4.7,0.0
2024-08-08T01:00,26.2,93,1005.2,5.7,0.0
2024-08-08T02:00,26.2,92,1005.0,9.2,0.0
2024-08-08T03:00,25.9,89,1004.7,10.5,0.0
2024-08-08T04:00,25.7,86,1005.0,9.7,0.0
2024-08-08T05:00,25.5,85,1005.7,11.0,0.0
2024-08-08T06:00,25.5,88,1006.5,11.3,0.0
2024-08-08T07:00,26.1,87,1007.0,9.7,0.0
2024-08-08T08:00,27.6,83,1007.2,10.8,0.0
2024-08-08T09:00,29.4,71,1007.4,12.6,0.0
2024-08-08T10:00,30.7,66,1007.0,10.5,0.0
2024-08-08T11:00,31.7,63,1006.3,9.8,0.0
2024-08-08T12:00,32.0,64,1005.6,8.2,0.1
2024-08-08T13:00,32.0,65,1004.6,5.7,0.1
2024-08-08T14:00,30.1,72,1003.8,9.2,3.1
2024-08-08T15:00,29.6,74,1003.4,9.0,0.5
2024-08-08T16:00,30.0,73,1003.5,6.8,0.2
2024-08-08T17:00,29.4,75,1003.8,11.9,0.0
2024-08-08T18:00,27.9,84,1005.0,6.5,0.0
2024-08-08T19:00,27.6,84,1005.7,7.6,0.0
2024-08-08T20:00,27.4,84,1006.6,9.3,0.0
2024-08-08T21:00,27.2,85,1007.2,8.3,0.0
2024-08-08T22:00,26.8,87,1007.8,10.0,0.7
2024-08-08T23:00,25.5,94,1007.3,11.9,6.2
2024-08-09T00:00,25.3,95,1007.2,14.6,4.2
2024-08-09T01:00,25.3,95,1006.5,14.5,0.7
2024-08-09T02:00,24.9,96,1006.4,10.0,5.2
2024-08-09T03:00,24.9,96,1005.9,8.9,3.0
2024-08-09T04:00,24.9,95,1006.4,9.7,1.3
2024-08-09T05:00,24.9,93,1006.3,17.0,2.1
2024-08-09T06:00,25.8,90,1006.3,10.5,0.0
2024-08-09T07:00,26.9,88,1007.0,10.5,0.0
2024-08-09T08:00,28.7,79,1007.1,11.8,0.0
2024-08-09T09:00,30.2,71,1007.1,12.0,0.0
2024-08-09T10:00,31.3,68,1006.7,10.9,0.0
2024-08-09T11:00,32.2,65,1006.0,9.5,0.0
2024-08-09T12:00,32.8,63,1005.1,9.0,0.0
2024-08-09T13:00,32.6,65,1004.5,7.4,0.1
2024-08-09T14:00,31.7,71,1003.9,7.2,1.2
2024-08-09T15:00,30.0,84,1003.8,10.0,0.4
2024-08-09T16:00,30.3,78,1003.5,7.9,0.1
2024-08-09T17:00,29.8,79,1004.0,7.9,0.0
2024-08-09T18:00,28.5,85,1005.3,6.1,0.0
2024-08-09T19:00,26.6,91,1005.8,13.8,0.6
2024-08-09T20:00,26.3,93,1006.6,8.9,0.1
2024-08-09T21:00,26.5,91,1007.4,10.8,0.0
2024-08-09T22:00,25.6,94,1008.4,19.2,1.2
2024-08-09T23:00,25.3,96,1008.2,12.5,0.7
2024-08-10T00:00,25.1,96,1007.8,14.3,0.4
2024-08-10T01:00,25.0,95,1007.3,11.6,0.0
2024-08-10T02:00,24.7,96,1007.1,13.9,0.6
2024-08-10T03:00,24.6,95,1006.5,8.4,0.3
2024-08-10T04:00,24.6,95,1006.8,9.0,0.0
2024-08-10T05:00,24.6,95,1006.9,6.5,0.0
2024-08-10T06:00,25.4,91,1007.0,14.1,0.0
2024-08-10T07:00,26.7,87,1007.6,11.5,0.0
2024-08-10T08:00,28.3,82,1007.7,8.7,0.0
2024-08-10T09:00,29.9,75,1007.8,8.7,0.0
2024-08-10T10:00,30.9,69,1007.3,6.0,0.1
2024-08-10T11:00,31.6,66,1006.5,5.9,0.1
2024-08-10T12:00,31.8,65,1005.9,8.4,0.1
2024-08-10T13:00,30.7,73,1005.1,9.7,1.2
2024-08-10T14:00,29.9,77,1004.2,8.7,0.8
2024-08-10T15:00,30.3,77,1003.7,7.0,0.1
2024-08-10T16:00,29.9,78,1003.5,2.6,0.0
2024-08-10T17:00,29.7,78,1003.3,5.2,0.1
2024-08-10T18:00,29.2,85,1004.0,3.1,0.0
2024-08-10T19:00,28.5,86,1005.0,5.4,0.3
2024-08-10T20:00,28.1,90,1005.7,6.2,0.0
2024-08-10T21:00,27.6,92,1006.4,5.5,0.0
2024-08-10T22:00,27.2,92,1006.6,6.1,0.0
2024-08-10T23:00,26.8,91,1006.4,8.5,0.0
2024-08-11T00:00,26.3,90,1006.3,13.8,2.6
2024-08-11T01:00,26.0,94,1005.6,3.1,0.1
2024-08-11T02:00,25.6,95,1004.9,9.4,0.0
2024-08-11T03:00,25.3,95,1004.5,8.2,0.0
2024-08-11T04:00,25.1,95,1004.2,7.2,0.0
2024-08-11T05:00,25.0,95,1004.5,6.6,0.0
2024-08-11T06:00,25.4,94,1005.4,9.2,0.0
2024-08-11T07:00,26.6,90,1006.0,10.2,0.0
2024-08-11T08:00,28.2,83,1006.1,11.5,0.0
2024-08-11T09:00,30.1,74,1005.9,11.9,0.0
2024-08-11T10:00,31.7,66,1005.3,9.2,0.0
2024-08-11T11:00,32.8,60,1004.8,7.5,0.0
2024-08-11T12:00,33.5,57,1003.9,4.3,0.2
2024-08-11T13:00,31.7,67,1003.2,8.4,0.4
2024-08-11T14:00,31.2,71,1002.0,8.4,0.0
2024-08-11T15:00,31.3,71,1001.5,8.4,0.0
2024-08-11T16:00,30.8,73,1001.2,9.0,0.0
2024-08-11T17:00,30.1,76,1001.0,10.9,0.0
2024-08-11T18:00,29.4,80,1001.8,8.5,0.0
2024-08-11T19:00,28.9,84,1002.6,11.3,0.0
2024-08-11T20:00,28.6,85,1003.7,10.9,0.0
2024-08-11T21:00,28.0,88,1004.5,5.9,0.6
2024-08-11T22:00,26.1,93,1005.3,5.8,10.7
2024-08-11T23:00,25.9,94,1005.6,9.0,1.6
2024-08-12T00:00,25.9,94,1005.2,15.3,0.9
2024-08-12T01:00,25.2,95,1004.5,9.1,2.6
2024-08-12T02:00,25.2,95,1004.7,10.1,0.1
2024-08-12T03:00,24.6,96,1004.8,10.9,7.4
2024-08-12T04:00,24.7,95,1003.9,7.9,0.1
2024-08-12T05:00,24.6,96,1004.6,8.0,0.0
2024-08-12T06:00,25.1,92,1004.8,11.8,0.1
2024-08-12T07:00,25.9,89,1004.9,11.8,0.0
2024-08-12T08:00,27.6,83,1005.0,10.9,0.0
2024-08-12T09:00,29.6,75,1005.2,11.8,0.0
2024-08-12T10:00,31.2,70,1004.7,8.6,0.0
2024-08-12T11:00,32.5,63,1004.0,6.3,0.0
2024-08-12T12:00,33.2,59,1003.2,7.7,0.0
2024-08-12T13:00,33.6,59,1002.3,6.6,0.0
2024-08-12T14:00,33.0,61,1001.6,8.6,0.1
2024-08-12T15:00,31.5,72,1001.1,12.7,0.1
2024-08-12T16:00,30.4,76,1000.7,14.0,0.0
2024-08-12T17:00,29.8,78,1000.8,13.3,0.0
2024-08-12T18:00,29.0,84,1001.9,10.7,0.0
2024-08-12T19:00,28.5,86,1002.8,9.0,0.0
2024-08-12T20:00,28.3,86,1003.6,9.3,0.0
2024-08-12T21:00,28.0,87,1004.4,8.4,0.0
2024-08-12T22:00,27.8,88,1005.2,8.6,0.0
2024-08-12T23:00,27.5,89,1004.9,5.5,0.0
2024-08-13T00:00,27.3,91,1004.5,6.1,0.0
2024-08-13T01:00,26.8,92,1004.6,8.2,0.0
2024-08-13T02:00,26.4,90,1004.3,12.6,0.1
2024-08-13T03:00,26.3,86,1004.0,12.1,0.0
2024-08-13T04:00,25.9,88,1004.3,13.3,0.0
2024-08-13T05:00,25.6,89,1004.5,12.6,0.0
2024-08-13T06:00,26.6,83,1004.9,11.9,0.0
2024-08-13T07:00,27.4,81,1005.6,11.5,0.0
2024-08-13T08:00,28.7,78,1006.2,8.6,0.0
2024-08-13T09:00,30.2,71,1006.0,7.1,0.0
2024-08-13T10:00,31.3,65,1005.8,6.1,0.0
2024-08-13T11:00,32.0,65,1005.2,6.1,0.0
2024-08-13T12:00,32.1,66,1004.5,8.9,0.0
2024-08-13T13:00,31.3,72,1003.7,14.3,0.1
2024-08-13T14:00,30.8,73,1002.9,16.1,0.3
2024-08-13T15:00,30.2,74,1002.2,16.7,0.0
2024-08-13T16:00,29.9,75,1002.0,15.2,0.0
2024-08-13T17:00,29.1,79,1002.0,15.5,0.0
2024-08-13T18:00,28.5,83,1002.9,14.2,0.0
2024-08-13T19:00,28.2,83,1004.0,13.1,0.0
2024-08-13T20:00,28.0,84,1005.0,12.5,0.0
2024-08-13T21:00,27.9,85,1005.5,12.5,0.0
2024-08-13T22:00,27.8,86,1005.6,12.1,0.0
2024-08-13T23:00,27.6,87,1005.5,8.5,0.0
2024-08-14T00:00,27.4,88,1005.0,8.4,0.0
2024-08-14T01:00,27.3,89,1004.4,7.6,0.0
2024-08-14T02:00,26.9,91,1003.5,7.1,0.0
2024-08-14T03:00,26.6,93,1003.3,6.4,0.0
2024-08-14T04:00,26.3,94,1003.7,6.4,0.0
2024-08-14T05:00,26.0,96,1004.2,4.4,0.1
2024-08-14T06:00,27.3,91,1004.4,4.6,0.0
2024-08-14T07:00,28.2,87,1005.1,4.1,0.0
2024-08-14T08:00,29.3,79,1005.5,3.6,0.1
2024-08-14T09:00,30.3,74,1005.5,5.6,0.1
2024-08-14T10:00,30.9,72,1005.1,7.6,0.0
2024-08-14T11:00,30.9,73,1004.5,12.2,0.2
2024-08-14T12:00,30.5,77,1004.3,12.5,0.2
2024-08-14T13:00,30.6,77,1003.2,12.8,0.1
2024-08-14T14:00,30.5,78,1002.1,13.5,0.2
2024-08-14T15:00,30.2,78,1001.5,12.6,0.0
2024-08-14T16:00,29.7,79,1001.5,13.0,0.0
2024-08-14T17:00,29.2,80,1001.7,11.2,0.0
2024-08-14T18:00,28.7,82,1002.7,7.6,0.0
2024-08-14T19:00,28.2,85,1003.5,6.1,0.0
2024-08-14T20:00,28.1,86,1004.2,7.2,0.0
2024-08-14T21:00,28.2,86,1004.9,8.2,0.0
2024-08-14T22:00,28.1,86,1005.1,7.3,0.0
2024-08-14T23:00,28.0,86,1004.9,7.4,0.0
2024-08-15T00:00,27.3,87,1004.6,9.6,0.1
2024-08-15T01:00,27.5,88,1004.2,6.2,0.1
2024-08-15T02:00,27.2,91,1003.3,5.7,0.0
2024-08-15T03:00,26.7,92,1003.1,8.4,0.0
2024-08-15T04:00,26.4,91,1003.2,8.1,0.0
2024-08-15T05:00,26.1,91,1003.1,7.8,0.0
2024-08-15T06:00,26.6,89,1003.6,7.7,0.0
2024-08-15T07:00,27.5,86,1003.9,6.8,0.0
2024-08-15T08:00,28.8,80,1004.2,10.8,0.0
2024-08-15T09:00,29.7,75,1004.5,10.5,0.1
2024-08-15T10:00,30.4,72,1004.5,12.6,0.4
2024-08-15T11:00,30.9,72,1004.2,12.6,0.6
2024-08-15T12:00,31.9,70,1003.6,12.1,0.1
2024-08-15T13:00,32.0,69,1002.5,12.8,0.0
2024-08-15T14:00,31.6,74,1001.7,14.7,0.1
2024-08-15T15:00,30.5,77,1001.1,17.9,0.1
2024-08-15T16:00,30.1,78,1000.8,18.7,0.0
2024-08-15T17:00,29.4,79,1000.9,17.2,0.0
2024-08-15T18:00,28.8,83,1001.5,17.2,0.0
2024-08-15T19:00,28.6,84,1002.5,15.4,0.0
2024-08-15T20:00,28.5,85,1003.1,13.7,0.0
2024-08-15T21:00,28.4,84,1003.6,13.8,0.0
2024-08-15T22:00,28.3,83,1004.2,13.0,0.0
2024-08-15T23:00,28.3,83,1004.2,14.5,0.0
2024-08-16T00:00,28.3,84,1003.5,15.1,0.0
2024-08-16T01:00,28.1,85,1002.8,14.4,0.0
2024-08-16T02:00,27.7,86,1002.4,13.4,0.0
2024-08-16T03:00,27.5,88,1002.0,12.3,0.0
2024-08-16T04:00,27.2,89,1001.9,12.4,0.0
2024-08-16T05:00,26.9,89,1001.8,12.7,0.0
2024-08-16T06:00,27.8,86,1002.3,13.9,0.0
2024-08-16T07:00,28.6,83,1002.7,14.3,0.0
2024-08-16T08:00,29.7,77,1003.5,16.8,0.0
2024-08-16T09:00,30.7,72,1003.8,16.7,0.0
2024-08-16T10:00,31.3,68,1003.5,16.6,0.1
2024-08-16T11:00,31.8,66,1003.2,17.0,0.1
2024-08-16T12:00,32.0,65,1002.8,16.2,0.3
2024-08-16T13:00,31.8,70,1001.8,17.6,0.4
2024-08-16T14:00,31.4,70,1000.9,19.7,0.0
2024-08-16T15:00,30.7,74,1000.2,20.6,0.0
2024-08-16T16:00,30.3,74,999.9,19.3,0.0
2024-08-16T17:00,29.6,78,1000.2,18.8,0.0
2024-08-16T18:00,28.6,79,1001.1,16.2,0.0
2024-08-16T19:00,28.3,81,1002.1,14.6,0.0
2024-08-16T20:00,28.1,82,1003.5,13.1,0.0
2024-08-16T21:00,28.0,84,1004.0,11.4,0.0
2024-08-16T22:00,27.9,85,1004.1,12.2,0.0
2024-08-16T23:00,27.8,86,1004.1,10.4,0.0
2024-08-17T00:00,27.5,87,1004.3,10.6,0.0
2024-08-17T01:00,27.5,87,1003.8,10.5,0.0
2024-08-17T02:00,27.4,87,1003.3,14.8,0.0
2024-08-17T03:00,27.1,88,1003.0,13.3,0.0
2024-08-17T04:00,26.5,90,1003.4,8.9,0.0
2024-08-17T05:00,26.0,93,1003.7,6.7,0.0
2024-08-17T06:00,27.2,88,1003.3,5.3,0.0
2024-08-17T07:00,28.1,85,1003.7,4.5,0.0
2024-08-17T08:00,29.5,78,1004.3,7.3,0.0
2024-08-17T09:00,30.6,73,1004.5,6.9,0.0
2024-08-17T10:00,31.7,68,1004.4,6.3,0.0
2024-08-17T11:00,32.5,63,1003.8,7.3,0.0
2024-08-17T12:00,32.0,69,1003.0,12.0,0.1
2024-08-17T13:00,31.6,71,1002.2,15.0,0.0
2024-08-17T14:00,31.6,68,1001.7,14.1,0.0
2024-08-17T15:00,31.4,70,1001.4,15.0,0.0
2024-08-17T16:00,30.6,74,1000.8,14.7,0.0
2024-08-17T17:00,30.1,77,1001.2,13.0,0.0
2024-08-17T18:00,29.0,79,1002.3,9.7,0.0
2024-08-17T19:00,28.8,80,1003.7,10.9,0.0
2024-08-17T20:00,28.7,81,1004.3,13.0,0.0
2024-08-17T21:00,28.6,82,1004.7,11.3,0.0
2024-08-17T22:00,28.6,82,1005.4,10.6,0.0
2024-08-17T23:00,28.5,82,1005.3,12.5,0.0
2024-08-18T00:00,27.7,85,1004.8,15.0,0.0
2024-08-18T01:00,26.5,88,1004.3,9.8,0.0
2024-08-18T02:00,26.3,88,1003.9,7.7,0.0
2024-08-18T03:00,26.1,89,1003.7,6.0,0.0
2024-08-18T04:00,26.1,89,1003.4,6.3,0.0
2024-08-18T05:00,26.4,88,1004.2,7.6,0.0
2024-08-18T06:00,27.1,85,1004.2,6.6,0.0
2024-08-18T07:00,28.0,84,1005.0,6.2,0.0
2024-08-18T08:00,29.5,78,1005.2,5.4,0.0
2024-08-18T09:00,30.9,71,1005.3,6.4,0.1
2024-08-18T10:00,32.0,66,1005.3,3.7,0.1
2024-08-18T11:00,32.8,62,1004.8,4.2,0.1
2024-08-18T12:00,32.7,64,1004.0,9.0,0.2
2024-08-18T13:00,31.6,71,1003.1,11.8,0.3
2024-08-18T14:00,31.0,74,1002.7,10.9,0.8
2024-08-18T15:00,31.0,73,1002.4,12.0,0.0
2024-08-18T16:00,30.6,75,1001.8,13.8,0.0
2024-08-18T17:00,29.9,76,1001.9,12.5,0.0
2024-08-18T18:00,29.5,77,1002.7,8.3,0.0
2024-08-18T19:00,29.1,80,1003.5,8.4,0.0
2024-08-18T20:00,28.8,82,1004.6,8.1,0.0
2024-08-18T21:00,28.7,84,1005.5,9.2,0.0
2024-08-18T22:00,28.7,85,1005.8,10.5,0.0
2024-08-18T23:00,28.6,85,1005.5,10.2,0.0
2024-08-19T00:00,28.5,85,1005.0,10.9,0.0
2024-08-19T01:00,28.3,85,1004.4,10.4,0.0
2024-08-19T02:00,28.0,85,1003.8,10.8,0.0
2024-08-19T03:00,27.8,86,1003.7,10.2,0.0
2024-08-19T04:00,27.3,89,1003.7,8.9,0.0
2024-08-19T05:00,27.2,90,1003.7,10.2,0.0
2024-08-19T06:00,27.7,83,1003.9,11.9,0.0
2024-08-19T07:00,28.4,81,1004.7,13.5,0.0
2024-08-19T08:00,29.8,76,1005.3,13.8,0.0
2024-08-19T09:00,31.2,68,1005.2,14.3,0.0
2024-08-19T10:00,32.0,64,1004.9,13.6,0.1
2024-08-19T11:00,32.5,62,1004.8,10.6,0.3
2024-08-19T12:00,33.1,59,1003.5,9.7,0.3
2024-08-19T13:00,32.4,65,1002.6,18.0,0.4
2024-08-19T14:00,31.2,73,1001.7,21.4,0.5
2024-08-19T15:00,31.3,70,1000.7,19.5,0.0
2024-08-19T16:00,30.3,74,1000.3,21.3,0.0
2024-08-19T17:00,29.7,79,1000.7,20.7,0.0
2024-08-19T18:00,28.5,80,1001.9,17.3,0.0
2024-08-19T19:00,28.4,80,1003.2,15.9,0.0
2024-08-19T20:00,28.4,80,1003.8,16.0,0.0
2024-08-19T21:00,28.4,81,1004.6,15.8,0.0
2024-08-19T22:00,28.3,82,1004.9,13.3,0.0
2024-08-19T23:00,28.0,84,1004.9,13.0,0.1
2024-08-20T00:00,25.9,93,1004.8,9.9,1.7
2024-08-20T01:00,26.1,92,1004.2,12.1,0.2
2024-08-20T02:00,25.9,93,1003.6,10.0,0.1
2024-08-20T03:00,25.8,93,1003.0,10.0,0.0
2024-08-20T04:00,25.7,94,1003.0,8.7,0.0
2024-08-20T05:00,25.9,93,1003.3,10.0,0.0
2024-08-20T06:00,26.6,91,1003.8,7.0,0.0
2024-08-20T07:00,27.4,86,1004.0,8.9,0.0
2024-08-20T08:00,28.8,80,1004.8,9.5,0.0
2024-08-20T09:00,30.0,74,1005.2,9.2,0.1
2024-08-20T10:00,31.1,68,1005.3,7.3,0.2
2024-08-20T11:00,31.7,65,1005.0,5.6,0.3
2024-08-20T12:00,32.1,63,1004.1,7.8,0.2
2024-08-20T13:00,31.4,68,1003.4,15.9,0.5
2024-08-20T14:00,30.9,72,1002.6,16.6,1.4
2024-08-20T15:00,30.4,73,1002.3,19.8,0.0
2024-08-20T16:00,29.8,75,1001.7,21.1,0.0
2024-08-20T17:00,29.4,78,1002.0,22.3,0.0
2024-08-20T18:00,28.8,80,1002.7,17.9,0.0
2024-08-20T19:00,28.8,81,1003.6,18.8,0.0
2024-08-20T20:00,28.8,83,1004.6,18.0,0.0
2024-08-20T21:00,28.8,83,1005.8,17.6,0.0
2024-08-20T22:00,28.7,85,1006.6,17.3,0.0
2024-08-20T23:00,28.7,81,1006.4,19.4,0.0
2024-08-21T00:00,28.4,79,1005.9,20.4,0.0
2024-08-21T01:00,27.9,82,1005.4,18.9,0.0
2024-08-21T02:00,27.6,82,1004.8,16.0,0.0
2024-08-21T03:00,27.1,84,1004.4,14.5,0.0
2024-08-21T04:00,26.9,84,1004.7,15.6,0.0
2024-08-21T05:00,26.7,85,1005.3,14.9,0.0
2024-08-21T06:00,27.0,83,1005.8,12.7,0.0
2024-08-21T07:00,27.8,80,1006.3,15.0,0.0
2024-08-21T08:00,29.1,74,1007.0,20.9,0.0
2024-08-21T09:00,29.7,71,1007.3,22.2,0.1
2024-08-21T10:00,30.3,68,1007.2,20.1,0.1
2024-08-21T11:00,31.6,66,1006.5,18.7,0.1
2024-08-21T12:00,31.9,65,1005.7,19.5,0.1
2024-08-21T13:00,31.3,66,1004.4,23.0,0.3
2024-08-21T14:00,31.0,69,1003.5,24.0,0.3
2024-08-21T15:00,30.7,69,1002.7,22.7,0.0
2024-08-21T16:00,30.1,73,1002.1,22.0,0.0
2024-08-21T17:00,29.2,79,1002.5,22.2,0.0
2024-08-21T18:00,29.0,79,1003.1,18.8,0.0
2024-08-21T19:00,28.7,81,1004.0,17.3,0.0
2024-08-21T20:00,28.7,80,1004.4,16.3,0.0
2024-08-21T21:00,28.8,78,1006.0,16.2,0.0
2024-08-21T22:00,28.7,78,1006.4,14.3,0.0
2024-08-21T23:00,28.4,77,1006.3,14.2,0.0
2024-08-22T00:00,28.3,74,1005.8,17.1,0.0
2024-08-22T01:00,27.9,76,1005.4,17.4,0.0
2024-08-22T02:00,27.5,77,1005.0,17.3,0.0
2024-08-22T03:00,27.3,76,1004.7,16.5,0.0
2024-08-22T04:00,27.0,76,1005.4,15.0,0.0
2024-08-22T05:00,26.8,76,1005.7,14.8,0.0
2024-08-22T06:00,26.6,78,1006.3,11.2,0.0
2024-08-22T07:00,27.6,74,1006.9,11.5,0.0
2024-08-22T08:00,28.9,67,1007.1,12.7,0.0
2024-08-22T09:00,29.8,63,1007.8,10.9,0.0
2024-08-22T10:00,31.2,59,1007.6,10.8,0.0
2024-08-22T11:00,32.2,57,1007.0,11.0,0.0
2024-08-22T12:00,32.7,56,1006.3,12.6,0.0
2024-08-22T13:00,32.8,56,1005.1,14.7,0.0
2024-08-22T14:00,31.3,65,1004.3,18.5,0.0
2024-08-22T15:00,31.4,64,1003.7,22.3,0.0
2024-08-22T16:00,29.4,70,1003.6,26.2,0.0
2024-08-22T17:00,29.3,70,1004.3,23.0,0.0
2024-08-22T18:00,29.1,72,1005.1,19.1,0.0
2024-08-22T19:00,28.9,74,1005.9,20.2,0.0
2024-08-22T20:00,28.7,76,1006.5,18.8,0.0
2024-08-22T21:00,28.8,78,1007.4,19.5,0.0
2024-08-22T22:00,28.6,82,1007.7,18.9,0.0
2024-08-22T23:00,28.5,80,1007.4,18.0,0.0
2024-08-23T00:00,28.2,80,1006.9,17.4,0.0
2024-08-23T01:00,27.8,81,1006.4,16.4,0.0
2024-08-23T02:00,27.5,80,1006.0,16.8,0.0
2024-08-23T03:00,27.1,80,1005.8,15.6,0.0
2024-08-23T04:00,26.9,81,1006.0,15.3,0.0
2024-08-23T05:00,26.6,83,1006.3,13.5,0.0
2024-08-23T06:00,27.3,83,1006.7,14.6,0.0
2024-08-23T07:00,28.3,79,1007.4,14.5,0.0
2024-08-23T08:00,29.3,75,1007.7,15.5,0.0
2024-08-23T09:00,31.0,68,1007.6,15.3,0.0
2024-08-23T10:00,32.5,61,1007.5,15.1,0.0
2024-08-23T11:00,33.6,57,1007.5,13.4,0.0
2024-08-23T12:00,34.1,54,1006.4,13.4,0.0
2024-08-23T13:00,33.8,57,1005.3,16.6,0.0
2024-08-23T14:00,33.3,62,1004.4,18.1,0.1
2024-08-23T15:00,32.3,68,1003.9,20.6,0.0
2024-08-23T16:00,31.5,71,1003.6,21.0,0.0
2024-08-23T17:00,30.5,75,1004.1,21.0,0.0
2024-08-23T18:00,29.4,76,1005.1,19.9,0.0
2024-08-23T19:00,29.3,79,1005.3,20.9,0.0
2024-08-23T20:00,29.1,81,1006.4,20.5,0.0
2024-08-23T21:00,28.9,84,1007.0,19.8,0.0
2024-08-23T22:00,28.7,84,1007.4,19.8,0.0
2024-08-23T23:00,28.9,79,1006.9,22.7,0.0
2024-08-24T00:00,28.5,77,1006.6,22.8,0.0
2024-08-24T01:00,28.0,78,1006.5,21.0,0.0
2024-08-24T02:00,27.7,77,1006.3,20.3,0.0
2024-08-24T03:00,27.4,76,1006.1,20.0,0.0
2024-08-24T04:00,27.2,76,1006.2,18.4,0.0
2024-08-24T05:00,27.0,77,1006.4,16.8,0.0
2024-08-24T06:00,27.4,77,1007.0,15.6,0.0
2024-08-24T07:00,28.0,76,1008.0,13.7,0.0
2024-08-24T08:00,29.5,71,1008.4,15.2,0.0
2024-08-24T09:00,31.1,65,1008.2,15.9,0.0
2024-08-24T10:00,32.5,59,1007.9,15.6,0.0
2024-08-24T11:00,33.7,55,1007.4,16.0,0.0
2024-08-24T12:00,34.3,53,1006.5,15.9,0.0
2024-08-24T13:00,34.6,49,1005.1,16.4,0.0
2024-08-24T14:00,34.2,51,1004.0,17.2,0.0
2024-08-24T15:00,33.7,56,1003.3,16.0,0.1
2024-08-24T16:00,32.9,63,1003.1,16.6,0.1
2024-08-24T17:00,31.5,71,1004.0,15.5,0.0
2024-08-24T18:00,30.5,75,1004.8,13.0,0.0
2024-08-24T19:00,29.8,77,1005.4,13.3,0.0
2024-08-24T20:00,29.4,77,1006.2,13.0,0.0
2024-08-24T21:00,29.2,77,1007.2,12.0,0.0
2024-08-24T22:00,29.2,73,1007.5,12.7,0.0
2024-08-24T23:00,29.2,66,1007.2,12.4,0.0
2024-08-25T00:00,29.2,63,1006.8,14.1,0.0
2024-08-25T01:00,28.9,65,1006.2,13.0,0.0
2024-08-25T02:00,28.2,68,1005.8,10.2,0.0
2024-08-25T03:00,27.9,70,1005.6,10.7,0.0
2024-08-25T04:00,27.7,71,1005.8,10.7,0.0
2024-08-25T05:00,27.2,73,1006.2,9.7,0.0
2024-08-25T06:00,27.8,68,1007.4,11.2,0.0
2024-08-25T07:00,28.7,67,1007.7,10.9,0.0
2024-08-25T08:00,30.1,60,1007.8,14.7,0.0
2024-08-25T09:00,31.4,55,1007.8,16.1,0.0
2024-08-25T10:00,32.4,52,1007.1,14.5,0.0
2024-08-25T11:00,33.5,50,1006.3,14.8,0.0
2024-08-25T12:00,34.6,47,1005.6,19.4,0.0
2024-08-25T13:00,34.9,46,1004.8,17.3,0.0
2024-08-25T14:00,35.2,44,1003.8,14.2,0.0
2024-08-25T15:00,34.2,48,1003.2,12.3,0.1
2024-08-25T16:00,32.4,67,1002.7,17.6,0.1
2024-08-25T17:00,31.2,70,1003.1,16.6,0.2
2024-08-25T18:00,30.0,76,1004.0,14.7,0.0
2024-08-25T19:00,29.9,70,1004.4,15.8,0.0
2024-08-25T20:00,30.0,66,1005.0,15.9,0.0
2024-08-25T21:00,29.3,76,1005.6,17.3,0.0
2024-08-25T22:00,29.6,69,1005.9,15.6,0.0
2024-08-25T23:00,30.0,57,1005.5,14.6,0.0
2024-08-26T00:00,29.4,60,1005.1,12.8,0.0
2024-08-26T01:00,28.6,64,1004.7,11.5,0.0
2024-08-26T02:00,28.5,62,1004.4,13.5,0.0
2024-08-26T03:00,28.7,60,1004.2,15.3,0.0
2024-08-26T04:00,28.4,60,1004.5,16.7,0.0
2024-08-26T05:00,28.1,60,1004.7,18.3,0.0
2024-08-26T06:00,27.9,60,1005.5,19.4,0.0
2024-08-26T07:00,28.9,58,1006.1,18.9,0.0
2024-08-26T08:00,30.0,55,1006.8,20.3,0.0
2024-08-26T09:00,31.5,51,1006.7,21.1,0.0
2024-08-26T10:00,33.3,46,1006.3,22.9,0.0
2024-08-26T11:00,34.3,44,1005.5,23.3,0.0
2024-08-26T12:00,34.8,43,1004.9,23.2,0.1
2024-08-26T13:00,35.2,45,1003.9,18.1,0.2
2024-08-26T14:00,35.2,45,1002.9,11.5,0.0
2024-08-26T15:00,33.2,53,1002.7,6.9,0.6
2024-08-26T16:00,31.8,67,1002.3,21.8,0.0
2024-08-26T17:00,30.7,69,1002.2,21.3,0.0
2024-08-26T18:00,30.3,71,1003.0,14.3,0.0
2024-08-26T19:00,30.0,72,1003.9,13.5,0.0
2024-08-26T20:00,30.3,63,1005.1,8.0,0.0
2024-08-26T21:00,29.7,66,1006.1,8.2,0.0
2024-08-26T22:00,29.6,62,1006.6,7.4,0.0
2024-08-26T23:00,29.6,59,1006.6,11.0,0.1
2024-08-27T00:00,27.1,75,1006.5,9.4,3.6
2024-08-27T01:00,26.5,80,1005.7,3.2,0.4
2024-08-27T02:00,27.0,78,1005.3,8.1,0.0
2024-08-27T03:00,26.9,79,1004.9,8.4,0.0
2024-08-27T04:00,26.8,83,1004.9,9.0,0.0
2024-08-27T05:00,26.6,83,1005.2,8.7,0.0
2024-08-27T06:00,28.2,64,1005.9,11.7,0.0
2024-08-27T07:00,28.8,63,1006.5,11.8,0.0
2024-08-27T08:00,29.9,59,1006.9,13.4,0.0
2024-08-27T09:00,30.8,56,1007.5,14.1,0.0
2024-08-27T10:00,31.6,54,1007.1,14.2,0.0
2024-08-27T11:00,32.5,52,1006.5,13.1,0.0
2024-08-27T12:00,33.9,49,1005.9,13.6,0.0
2024-08-27T13:00,33.9,47,1005.3,16.2,0.0
2024-08-27T14:00,34.1,48,1004.4,10.4,0.0
2024-08-27T15:00,32.9,54,1004.0,10.9,0.2
2024-08-27T16:00,30.0,74,1004.0,9.5,0.9
2024-08-27T17:00,30.3,71,1004.2,7.6,0.0
2024-08-27T18:00,29.1,78,1005.5,7.1,0.0
2024-08-27T19:00,29.3,77,1006.5,12.7,0.0
2024-08-27T20:00,29.3,73,1007.1,14.6,0.0
2024-08-27T21:00,29.1,75,1007.7,12.0,0.0
2024-08-27T22:00,28.7,77,1008.2,10.1,0.0
2024-08-27T23:00,28.6,77,1008.0,7.7,0.0
2024-08-28T00:00,28.3,78,1007.2,6.9,0.0
2024-08-28T01:00,28.2,77,1006.6,7.6,0.0
2024-08-28T02:00,28.2,72,1005.8,9.4,0.0
2024-08-28T03:00,28.0,68,1005.4,9.9,0.0
2024-08-28T04:00,27.7,70,1005.8,6.2,0.0
2024-08-28T05:00,27.5,71,1006.1,6.2,0.0
2024-08-28T06:00,25.7,85,1007.4,9.6,0.3
2024-08-28T07:00,26.1,83,1008.0,12.0,0.1
2024-08-28T08:00,26.5,80,1008.3,11.2,0.1
2024-08-28T09:00,26.8,79,1008.7,9.0,0.3
2024-08-28T10:00,26.9,82,1008.7,9.5,0.7
2024-08-28T11:00,27.7,77,1007.8,10.7,0.4
2024-08-28T12:00,28.6,71,1006.7,9.2,0.0
2024-08-28T13:00,29.0,69,1005.7,8.8,0.1
2024-08-28T14:00,29.2,67,1004.9,9.6,0.1
2024-08-28T15:00,29.1,68,1004.6,8.9,0.1
2024-08-28T16:00,28.9,71,1004.2,8.9,0.0
2024-08-28T17:00,28.5,73,1004.5,9.5,0.0
2024-08-28T18:00,26.9,85,1005.4,12.1,0.0
2024-08-28T19:00,26.7,85,1006.0,10.7,0.7
2024-08-28T20:00,26.4,88,1006.9,12.4,0.1
2024-08-28T21:00,26.2,89,1007.5,11.5,0.9
2024-08-28T22:00,26.0,90,1007.8,11.9,0.1
2024-08-28T23:00,25.7,93,1007.8,12.2,1.1
2024-08-29T00:00,25.5,93,1006.3,15.4,0.6
2024-08-29T01:00,25.3,93,1005.5,14.3,0.9
2024-08-29T02:00,25.2,93,1004.1,15.8,0.8
2024-08-29T03:00,25.0,92,1004.6,13.3,1.2
2024-08-29T04:00,24.8,93,1004.8,15.0,0.8
2024-08-29T05:00,25.0,93,1004.7,13.1,0.7
2024-08-29T06:00,25.8,87,1004.9,14.2,0.2
2024-08-29T07:00,26.1,84,1005.5,14.2,0.0
2024-08-29T08:00,26.8,81,1005.8,14.0,0.0
2024-08-29T09:00,28.5,74,1006.2,11.1,0.0
2024-08-29T10:00,29.6,67,1006.1,9.7,0.0
2024-08-29T11:00,30.0,64,1005.1,9.9,0.0
2024-08-29T12:00,32.0,56,1004.2,12.3,0.0
2024-08-29T13:00,32.6,53,1002.8,10.7,0.0
2024-08-29T14:00,33.8,50,1001.8,7.3,0.0
2024-08-29T15:00,27.9,79,1002.3,13.9,3.7
2024-08-29T16:00,28.3,79,1001.2,4.0,0.0
2024-08-29T17:00,28.6,79,1002.2,6.6,0.0
2024-08-29T18:00,28.5,79,1002.8,7.4,0.0
2024-08-29T19:00,28.2,71,1003.8,22.2,0.0
2024-08-29T20:00,27.0,78,1004.3,22.6,0.0
2024-08-29T21:00,26.7,80,1005.0,15.6,0.0
2024-08-29T22:00,26.3,82,1004.8,15.6,0.0
2024-08-29T23:00,26.3,83,1004.3,17.9,0.0
2024-08-30T00:00,26.5,81,1003.1,17.6,0.0
2024-08-30T01:00,26.5,80,1002.4,16.5,0.0
2024-08-30T02:00,26.8,78,1002.1,16.1,0.0
2024-08-30T03:00,26.7,78,1002.5,14.9,0.0
2024-08-30T04:00,26.6,77,1003.2,15.6,0.0
2024-08-30T05:00,26.5,77,1003.5,14.0,0.0
2024-08-30T06:00,27.6,70,1004.2,13.8,0.0
2024-08-30T07:00,27.6,74,1005.6,7.8,0.0
2024-08-30T08:00,27.8,76,1006.2,3.0,0.1
2024-08-30T09:00,28.7,72,1005.5,2.7,0.0
2024-08-30T10:00,29.6,65,1005.2,9.5,0.0
2024-08-30T11:00,30.8,60,1004.4,11.9,0.0
2024-08-30T12:00,31.9,56,1003.9,14.4,0.0
2024-08-30T13:00,32.1,54,1003.1,14.8,0.0
2024-08-30T14:00,32.2,55,1002.2,12.2,0.0
2024-08-30T15:00,29.7,65,1002.8,22.4,1.2
2024-08-30T16:00,26.5,85,1002.5,4.8,0.7
2024-08-30T17:00,26.7,87,1003.3,5.2,0.0
2024-08-30T18:00,29.3,67,1003.3,9.2,0.1
2024-08-30T19:00,28.1,76,1004.3,3.7,0.6
2024-08-30T20:00,27.0,86,1004.9,5.4,0.9
2024-08-30T21:00,26.4,90,1005.8,6.0,0.7
2024-08-30T22:00,26.0,91,1005.8,6.8,0.5
2024-08-30T23:00,25.8,91,1005.3,8.4,0.2
2024-08-31T00:00,25.8,88,1004.3,12.5,0.0
2024-08-31T01:00,25.5,89,1003.6,13.0,0.0
2024-08-31T02:00,25.5,88,1003.3,15.0,0.1
2024-08-31T03:00,25.6,87,1002.8,17.1,0.1
2024-08-31T04:00,25.6,86,1002.9,16.2,0.1
2024-08-31T05:00,25.6,86,1003.3,15.4,0.0
2024-08-31T06:00,25.8,84,1004.1,11.7,0.0
2024-08-31T07:00,26.6,81,1004.9,12.6,0.0
2024-08-31T08:00,27.0,79,1005.3,11.4,0.0
2024-08-31T09:00,28.2,72,1005.5,11.6,0.0
2024-08-31T10:00,29.4,67,1005.0,12.6,0.0
2024-08-31T11:00,29.8,65,1004.4,13.7,0.0
2024-08-31T12:00,30.8,60,1003.2,15.5,0.0
2024-08-31T13:00,31.3,58,1002.4,19.4,0.0
2024-08-31T14:00,31.6,58,1001.7,18.4,0.0
2024-08-31T15:00,31.6,57,1001.2,19.4,0.0
2024-08-31T16:00,31.2,59,1001.3,15.5,0.0
2024-08-31T17:00,30.7,63,1001.6,11.9,0.0
2024-08-31T18:00,30.3,62,1002.2,14.2,0.0
2024-08-31T19:00,29.9,63,1002.8,14.8,0.0
2024-08-31T20:00,29.7,63,1003.8,13.8,0.0
2024-08-31T21:00,29.3,64,1004.6,12.2,0.0
2024-08-31T22:00,29.2,64,1004.8,13.1,0.0
2024-08-31T23:00,29.0,64,1004.1,14.8,0.0
2024-09-01T00:00,28.4,67,1003.3,11.7,0.0
2024-09-01T01:00,27.5,71,1002.8,10.0,0.0
2024-09-01T02:00,27.2,72,1002.3,12.4,0.0
2024-09-01T03:00,27.1,72,1001.9,12.6,0.0
2024-09-01T04:00,27.1,72,1002.0,14.9,0.0
2024-09-01T05:00,26.8,73,1002.5,12.6,0.0
2024-09-01T06:00,27.4,69,1002.9,15.1,0.0
2024-09-01T07:00,28.5,66,1003.5,15.0,0.0
2024-09-01T08:00,30.1,60,1004.3,16.8,0.0
2024-09-01T09:00,31.5,56,1004.2,17.2,0.0
2024-09-01T10:00,33.0,51,1004.2,18.8,0.0
2024-09-01T11:00,33.8,50,1003.4,17.5,0.0
2024-09-01T12:00,34.1,49,1002.3,18.2,0.0
2024-09-01T13:00,34.4,48,1001.6,19.3,0.0
2024-09-01T14:00,34.4,48,1000.5,19.8,0.0
2024-09-01T15:00,33.5,50,1000.0,15.9,0.0
2024-09-01T16:00,32.7,51,1000.1,15.3,0.0
2024-09-01T17:00,30.4,67,1000.5,15.8,0.0
2024-09-01T18:00,28.0,79,1002.3,8.7,0.0
2024-09-01T19:00,27.7,83,1003.4,7.6,0.0
2024-09-01T20:00,27.3,85,1004.1,11.7,0.0
2024-09-01T21:00,26.9,86,1004.2,10.6,0.0
2024-09-01T22:00,26.7,88,1004.5,8.6,0.0
2024-09-01T23:00,26.6,89,1004.3,9.2,0.0
2024-09-02T00:00,26.5,86,1003.7,9.9,0.0
2024-09-02T01:00,26.6,82,1003.4,11.0,0.0
2024-09-02T02:00,26.5,80,1003.2,12.7,0.0
2024-09-02T03:00,26.6,77,1002.9,12.6,0.0
2024-09-02T04:00,26.4,76,1003.0,11.9,0.0
2024-09-02T05:00,26.0,78,1003.2,11.4,0.0
2024-09-02T06:00,25.9,80,1004.2,9.4,0.0
2024-09-02T07:00,27.4,76,1005.2,8.5,0.0
2024-09-02T08:00,29.8,65,1005.7,10.8,0.0
2024-09-02T09:00,31.4,58,1005.4,13.3,0.0
2024-09-02T10:00,32.6,54,1004.9,14.5,0.0
2024-09-02T11:00,33.8,50,1004.2,15.1,0.0
2024-09-02T12:00,34.7,47,1002.9,14.6,0.0
2024-09-02T13:00,35.1,46,1001.6,13.2,0.0
2024-09-02T14:00,35.0,46,1000.4,10.7,0.0
2024-09-02T15:00,33.8,57,999.5,15.2,0.7
2024-09-02T16:00,31.3,79,1000.0,10.8,1.2
2024-09-02T17:00,30.2,81,1000.2,15.0,0.1
2024-09-02T18:00,30.2,69,1000.7,19.4,0.0
2024-09-02T19:00,29.8,69,1001.9,18.0,0.0
2024-09-02T20:00,29.6,71,1003.6,15.5,0.2
2024-09-02T21:00,28.2,79,1004.9,14.8,0.3
2024-09-02T22:00,27.7,82,1005.5,10.7,0.0
2024-09-02T23:00,27.0,86,1005.1,9.0,0.0
2024-09-03T00:00,26.7,86,1004.6,12.7,0.0
2024-09-03T01:00,26.1,86,1003.9,10.7,0.3
2024-09-03T02:00,25.7,89,1003.5,6.8,0.3
2024-09-03T03:00,25.5,91,1003.3,8.0,0.0
2024-09-03T04:00,25.3,92,1003.8,3.8,0.0
2024-09-03T05:00,25.3,93,1004.0,3.3,0.0
2024-09-03T06:00,26.2,90,1004.7,1.5,0.0
2024-09-03T07:00,27.0,88,1005.9,3.8,0.0
2024-09-03T08:00,28.2,81,1006.5,3.5,0.0
2024-09-03T09:00,29.8,73,1006.6,5.0,0.0
2024-09-03T10:00,31.3,65,1006.5,9.7,0.0
2024-09-03T11:00,32.8,59,1006.4,9.7,0.0
2024-09-03T12:00,33.2,56,1005.5,9.2,0.0
2024-09-03T13:00,33.3,56,1004.0,8.9,0.0
2024-09-03T14:00,32.1,61,1003.2,6.8,0.0
2024-09-03T15:00,30.7,71,1002.9,7.9,1.1
2024-09-03T16:00,30.9,73,1002.7,11.9,0.8
2024-09-03T17:00,30.3,75,1003.0,8.0,0.1
2024-09-03T18:00,28.2,86,1004.2,9.7,0.0
2024-09-03T19:00,28.6,87,1004.9,13.8,0.0
2024-09-03T20:00,28.3,85,1006.0,12.0,0.0
2024-09-03T21:00,27.6,88,1007.3,8.9,2.5
2024-09-03T22:00,27.4,89,1007.8,14.3,0.0
2024-09-03T23:00,27.2,88,1006.7,14.5,0.0
2024-09-04T00:00,26.7,85,1005.8,12.1,0.0
2024-09-04T01:00,26.7,84,1005.2,11.2,0.0
2024-09-04T02:00,26.7,83,1004.6,12.1,0.0
2024-09-04T03:00,26.7,83,1004.2,11.9,0.0
2024-09-04T04:00,26.6,83,1004.5,12.1,0.0
2024-09-04T05:00,26.6,82,1005.1,11.8,0.0
2024-09-04T06:00,26.1,90,1005.7,7.4,0.0
2024-09-04T07:00,26.5,87,1006.5,8.5,0.0
2024-09-04T08:00,27.3,86,1006.9,8.0,0.0
2024-09-04T09:00,28.8,77,1006.7,11.2,0.0
2024-09-04T10:00,30.2,65,1006.6,10.9,0.0
2024-09-04T11:00,31.7,58,1006.1,13.0,0.0
2024-09-04T12:00,32.7,55,1004.8,16.6,0.0
2024-09-04T13:00,33.4,51,1003.7,13.5,0.0
2024-09-04T14:00,33.7,49,1002.8,17.2,0.0
2024-09-04T15:00,33.3,50,1002.0,11.7,0.0
2024-09-04T16:00,32.0,59,1001.6,7.4,0.0
2024-09-04T17:00,30.2,78,1002.0,8.6,0.0
2024-09-04T18:00,28.3,83,1003.5,3.3,0.0
2024-09-04T19:00,27.9,87,1004.1,3.9,0.0
2024-09-04T20:00,27.8,85,1004.8,6.1,0.0
2024-09-04T21:00,27.9,82,1005.4,10.7,0.0
2024-09-04T22:00,28.0,77,1005.8,10.1,0.0
2024-09-04T23:00,27.7,78,1005.4,8.2,0.0
2024-09-05T00:00,27.5,81,1004.6,8.5,0.0
2024-09-05T01:00,27.2,83,1003.8,9.4,0.0
2024-09-05T02:00,27.2,82,1003.1,9.7,0.0
2024-09-05T03:00,27.1,83,1003.1,8.6,0.0
2024-09-05T04:00,26.9,84,1003.2,9.5,0.0
2024-09-05T05:00,26.8,82,1003.5,10.5,0.0
2024-09-05T06:00,26.9,81,1004.4,11.5,0.0
2024-09-05T07:00,28.4,74,1005.0,11.7,0.0
2024-09-05T08:00,29.9,66,1005.5,14.0,0.0
2024-09-05T09:00,31.3,58,1005.5,14.9,0.0
2024-09-05T10:00,32.5,55,1005.3,14.8,0.0
2024-09-05T11:00,33.7,51,1004.5,16.6,0.0
2024-09-05T12:00,34.7,49,1003.3,17.7,0.0
2024-09-05T13:00,34.4,49,1002.3,8.6,0.0
2024-09-05T14:00,31.9,65,1001.4,17.0,0.0
2024-09-05T15:00,30.1,70,1000.7,18.0,0.4
2024-09-05T16:00,30.2,73,1000.8,16.0,0.2
2024-09-05T17:00,29.5,75,1001.0,13.9,0.1
2024-09-05T18:00,29.4,65,1001.6,3.8,0.0
2024-09-05T19:00,29.1,69,1002.6,4.0,0.0
2024-09-05T20:00,29.5,62,1003.6,0.4,0.0
2024-09-05T21:00,28.7,72,1004.6,5.4,0.0
2024-09-05T22:00,28.6,79,1004.7,9.8,0.0
2024-09-05T23:00,28.0,76,1004.6,18.8,0.0
2024-09-06T00:00,26.8,79,1004.4,9.2,0.7
2024-09-06T01:00,25.1,93,1004.0,7.2,12.6
2024-09-06T02:00,25.4,95,1003.8,12.8,0.6
2024-09-06T03:00,25.5,94,1003.6,10.6,1.8
2024-09-06T04:00,25.5,92,1003.6,11.0,0.2
2024-09-06T05:00,25.6,90,1003.9,10.7,0.0
2024-09-06T06:00,26.8,89,1004.5,4.5,0.0
2024-09-06T07:00,27.1,84,1005.0,7.6,0.2
2024-09-06T08:00,27.7,80,1005.6,10.1,0.2
2024-09-06T09:00,28.1,79,1005.7,12.4,0.6
2024-09-06T10:00,29.7,72,1005.7,13.0,0.2
2024-09-06T11:00,31.5,61,1005.1,16.1,0.0
2024-09-06T12:00,32.0,57,1004.3,19.3,0.0
2024-09-06T13:00,33.1,53,1003.0,13.2,0.0
2024-09-06T14:00,33.5,51,1001.9,12.9,0.0
2024-09-06T15:00,33.7,50,1001.4,10.1,0.0
2024-09-06T16:00,32.4,57,1001.1,10.0,0.0
2024-09-06T17:00,29.6,77,1001.5,15.4,0.0
2024-09-06T18:00,28.8,77,1002.9,3.8,0.0
2024-09-06T19:00,28.3,81,1003.7,3.3,0.0
2024-09-06T20:00,27.6,85,1004.6,5.1,0.0
2024-09-06T21:00,28.3,78,1005.5,2.4,0.0
2024-09-06T22:00,27.6,82,1005.9,5.5,0.0
2024-09-06T23:00,27.4,79,1005.6,6.9,0.2
2024-09-07T00:00,27.5,75,1004.9,14.3,0.1
2024-09-07T01:00,25.7,83,1004.6,17.6,1.1
2024-09-07T02:00,26.0,82,1003.6,13.2,0.0
2024-09-07T03:00,25.9,84,1003.3,13.8,0.0
2024-09-07T04:00,25.8,85,1003.8,12.2,0.0
2024-09-07T05:00,25.8,84,1004.3,10.8,0.0
2024-09-07T06:00,27.6,75,1003.9,10.8,0.0
2024-09-07T07:00,28.4,75,1004.9,10.1,0.0
2024-09-07T08:00,28.5,77,1006.0,7.6,1.4
2024-09-07T09:00,29.3,75,1006.0,8.0,0.0
2024-09-07T10:00,30.7,65,1006.0,11.8,0.0
2024-09-07T11:00,31.6,60,1005.5,14.3,0.0
2024-09-07T12:00,31.8,60,1004.8,15.7,0.0
2024-09-07T13:00,31.8,60,1003.6,12.0,0.2
2024-09-07T14:00,32.3,58,1002.8,10.0,0.1
2024-09-07T15:00,32.6,57,1002.1,7.6,0.0
2024-09-07T16:00,32.5,57,1002.3,4.5,0.0
2024-09-07T17:00,30.8,68,1002.9,4.7,0.0
2024-09-07T18:00,31.3,59,1003.5,1.8,0.0
2024-09-07T19:00,29.6,69,1004.5,3.6,0.0
2024-09-07T20:00,28.8,80,1005.4,4.8,0.0
2024-09-07T21:00,28.7,79,1006.4,6.3,0.0
2024-09-07T22:00,28.8,75,1006.3,7.3,0.0
2024-09-07T23:00,28.5,69,1006.2,11.7,0.0
2024-09-08T00:00,28.1,70,1005.7,13.0,0.0
2024-09-08T01:00,27.8,72,1005.1,12.1,0.0
2024-09-08T02:00,27.3,75,1004.7,11.0,0.0
2024-09-08T03:00,27.2,77,1004.4,11.5,0.0
2024-09-08T04:00,27.1,77,1004.8,9.7,0.0
2024-09-08T05:00,27.1,78,1005.2,10.6,0.0
2024-09-08T06:00,27.7,69,1005.4,14.8,0.0
2024-09-08T07:00,28.5,69,1006.2,12.3,0.0
2024-09-08T08:00,30.0,62,1007.0,15.5,0.0
2024-09-08T09:00,30.8,59,1007.1,15.0,0.0
2024-09-08T10:00,31.6,57,1006.9,14.8,0.0
2024-09-08T11:00,32.7,54,1006.3,18.9,0.0
2024-09-08T12:00,34.0,50,1005.3,18.6,0.0
2024-09-08T13:00,33.7,50,1004.1,20.7,0.0
2024-09-08T14:00,33.8,49,1002.9,21.5,0.0
2024-09-08T15:00,33.3,52,1002.3,18.8,0.0
2024-09-08T16:00,32.8,53,1002.1,14.4,0.0
2024-09-08T17:00,32.0,59,1002.5,7.3,0.0
2024-09-08T18:00,30.3,64,1003.4,7.1,0.0
2024-09-08T19:00,29.3,69,1004.0,7.6,0.0
2024-09-08T20:00,28.7,73,1004.7,12.5,0.0
2024-09-08T21:00,27.9,74,1005.4,11.0,0.0
2024-09-08T22:00,27.6,76,1005.4,11.0,0.0
2024-09-08T23:00,27.7,74,1005.1,12.7,0.0
2024-09-09T00:00,28.1,70,1004.3,13.6,0.0
2024-09-09T01:00,28.2,69,1004.0,13.4,0.0
2024-09-09T02:00,28.0,70,1003.5,12.9,0.0
2024-09-09T03:00,27.6,72,1003.1,11.3,0.0
2024-09-09T04:00,27.3,73,1003.2,9.8,0.0
2024-09-09T05:00,27.3,72,1003.1,11.2,0.0
2024-09-09T06:00,28.0,66,1003.7,13.0,0.0
2024-09-09T07:00,28.4,67,1004.1,13.6,0.0
2024-09-09T08:00,29.4,64,1004.9,15.5,0.0
2024-09-09T09:00,30.9,60,1004.8,17.6,0.0
2024-09-09T10:00,31.4,58,1004.1,18.7,0.0
2024-09-09T11:00,33.1,53,1003.5,20.2,0.0
2024-09-09T12:00,33.8,50,1003.0,24.4,0.0
2024-09-09T13:00,34.2,47,1002.0,17.8,0.0
2024-09-09T14:00,33.9,47,1000.9,21.3,0.0
2024-09-09T15:00,34.0,48,1000.6,18.0,0.0
2024-09-09T16:00,31.4,62,1000.2,11.9,0.0
2024-09-09T17:00,30.4,69,1000.6,12.5,0.0
2024-09-09T18:00,29.3,73,1001.3,18.1,0.0
2024-09-09T19:00,28.8,78,1001.9,16.7,0.0
2024-09-09T20:00,28.6,78,1002.4,15.7,0.0
2024-09-09T21:00,28.5,80,1003.4,13.8,0.0
2024-09-09T22:00,28.2,81,1003.7,15.2,0.0
2024-09-09T23:00,28.4,78,1003.4,15.5,0.0
2024-09-10T00:00,28.3,77,1003.0,14.5,0.0
2024-09-10T01:00,28.2,74,1002.3,13.6,0.0
2024-09-10T02:00,28.0,74,1001.9,12.3,0.0
2024-09-10T03:00,27.9,72,1001.8,13.9,0.0
2024-09-10T04:00,28.1,67,1002.4,14.3,0.0
2024-09-10T05:00,27.8,67,1003.0,13.1,0.0
2024-09-10T06:00,27.6,66,1003.9,17.1,0.0
2024-09-10T07:00,28.9,62,1004.6,20.1,0.0
2024-09-10T08:00,30.3,58,1004.9,21.4,0.0
2024-09-10T09:00,31.7,54,1004.6,20.9,0.0
2024-09-10T10:00,33.0,52,1004.1,17.8,0.0
2024-09-10T11:00,34.1,50,1003.5,18.4,0.0
2024-09-10T12:00,35.3,46,1002.3,21.6,0.0
2024-09-10T13:00,36.2,44,1000.8,17.9,0.0
2024-09-10T14:00,35.0,46,999.8,10.5,0.0
2024-09-10T15:00,31.8,60,1000.2,10.7,0.7
2024-09-10T16:00,32.8,60,999.6,8.6,0.0
2024-09-10T17:00,31.3,72,1000.8,12.4,0.4
2024-09-10T18:00,29.9,78,1001.0,16.0,0.0
2024-09-10T19:00,29.6,73,1002.4,15.2,0.0
2024-09-10T20:00,29.5,75,1003.4,14.1,0.0
2024-09-10T21:00,29.3,80,1004.6,16.2,0.0
2024-09-10T22:00,29.2,82,1004.9,16.2,0.0
2024-09-10T23:00,28.9,83,1004.5,13.1,0.0
2024-09-11T00:00,28.3,83,1004.0,11.2,0.0
2024-09-11T01:00,28.1,81,1003.7,12.0,0.0
2024-09-11T02:00,28.5,69,1003.2,14.2,0.0
2024-09-11T03:00,28.7,61,1003.2,14.4,0.0
2024-09-11T04:00,28.4,63,1003.7,13.7,0.0
2024-09-11T05:00,27.9,65,1004.2,12.7,0.0
2024-09-11T06:00,27.7,62,1004.9,12.8,0.0
2024-09-11T07:00,28.5,62,1005.8,12.1,0.0
2024-09-11T08:00,29.9,57,1006.3,14.1,0.0
2024-09-11T09:00,31.3,54,1006.6,13.3,0.0
2024-09-11T10:00,32.7,51,1006.2,12.1,0.0
2024-09-11T11:00,33.9,49,1005.2,11.8,0.0
2024-09-11T12:00,35.1,45,1004.0,11.9,0.0
2024-09-11T13:00,34.7,45,1003.1,9.2,0.2
2024-09-11T14:00,33.4,59,1002.3,10.6,0.7
2024-09-11T15:00,32.4,67,1002.0,15.6,0.1
2024-09-11T16:00,31.6,68,1002.1,18.0,0.1
2024-09-11T17:00,30.1,69,1002.7,20.6,0.1
2024-09-11T18:00,29.5,70,1003.7,23.5,0.0
2024-09-11T19:00,29.2,79,1004.6,21.0,0.0
2024-09-11T20:00,29.1,81,1005.5,20.5,0.0
2024-09-11T21:00,28.9,83,1006.0,19.1,0.0
2024-09-11T22:00,28.7,84,1006.1,14.8,0.0
2024-09-11T23:00,28.2,85,1006.1,7.9,0.0
2024-09-12T00:00,27.9,85,1005.5,7.2,0.0
2024-09-12T01:00,27.7,83,1004.8,9.2,0.0
2024-09-12T02:00,27.6,79,1004.4,11.5,0.0
2024-09-12T03:00,27.4,78,1004.5,12.4,0.0
2024-09-12T04:00,27.3,74,1005.0,13.2,0.0
2024-09-12T05:00,27.3,69,1005.4,12.9,0.0
2024-09-12T06:00,27.6,63,1006.5,12.5,0.0
2024-09-12T07:00,29.0,60,1007.4,12.7,0.0
2024-09-12T08:00,30.7,54,1007.7,16.2,0.0
2024-09-12T09:00,32.1,50,1007.8,15.5,0.0
2024-09-12T10:00,33.4,47,1007.4,13.7,0.0
2024-09-12T11:00,34.5,44,1006.5,10.8,0.0
2024-09-12T12:00,35.7,40,1005.4,12.2,0.1
2024-09-12T13:00,36.4,38,1003.9,9.4,0.1
2024-09-12T14:00,35.7,39,1003.3,6.3,0.2
2024-09-12T15:00,32.0,63,1003.7,18.8,0.2
2024-09-12T16:00,31.1,63,1003.9,17.6,0.2
2024-09-12T17:00,30.6,69,1004.0,16.1,0.0
2024-09-12T18:00,29.4,70,1005.3,6.6,0.0
2024-09-12T19:00,29.0,74,1005.5,8.4,0.0
2024-09-12T20:00,28.4,85,1005.9,11.3,0.0
2024-09-12T21:00,28.0,87,1006.8,4.9,0.0
2024-09-12T22:00,27.9,86,1007.1,9.0,0.0
2024-09-12T23:00,27.7,87,1006.7,10.4,0.0
2024-09-13T00:00,27.4,90,1006.1,10.8,0.0
2024-09-13T01:00,27.3,91,1005.4,9.6,0.0
2024-09-13T02:00,27.1,91,1005.1,8.2,0.0
2024-09-13T03:00,26.8,91,1005.1,7.2,0.0
2024-09-13T04:00,26.8,91,1005.4,7.9,0.0
2024-09-13T05:00,26.8,92,1005.7,9.4,0.0
2024-09-13T06:00,27.6,88,1006.0,10.5,0.0
2024-09-13T07:00,29.3,78,1007.0,10.7,0.0
2024-09-13T08:00,31.4,60,1007.5,12.3,0.0
2024-09-13T09:00,33.0,49,1007.6,13.9,0.0
2024-09-13T10:00,34.1,45,1007.1,11.8,0.0
2024-09-13T11:00,35.2,41,1006.1,9.7,0.0
2024-09-13T12:00,35.9,38,1004.8,6.4,0.0
2024-09-13T13:00,35.8,37,1003.5,1.9,0.0
2024-09-13T14:00,33.4,55,1002.7,14.8,0.0
2024-09-13T15:00,32.3,56,1002.5,17.4,0.0
2024-09-13T16:00,31.2,61,1002.0,14.7,0.1
2024-09-13T17:00,31.2,63,1002.2,11.9,0.0
2024-09-13T18:00,29.9,70,1003.8,11.9,0.0
2024-09-13T19:00,29.7,72,1004.3,9.6,0.0
2024-09-13T20:00,29.6,78,1005.1,7.5,0.0
2024-09-13T21:00,28.9,84,1006.3,9.0,0.0
2024-09-13T22:00,28.7,81,1006.6,8.4,0.0
2024-09-13T23:00,28.5,85,1006.0,11.3,0.0
2024-09-14T00:00,28.1,90,1005.3,13.7,0.0
2024-09-14T01:00,28.3,80,1004.9,12.5,0.0
2024-09-14T02:00,28.1,82,1004.2,11.7,0.0
2024-09-14T03:00,27.8,85,1004.1,11.0,0.0
2024-09-14T04:00,27.3,88,1004.5,8.4,0.0
2024-09-14T05:00,26.9,90,1004.8,8.4,0.0
2024-09-14T06:00,27.6,87,1005.3,8.8,0.0
2024-09-14T07:00,28.9,82,1006.1,9.5,0.0
2024-09-14T08:00,31.0,68,1006.6,11.9,0.0
2024-09-14T09:00,32.9,52,1006.4,15.3,0.0
2024-09-14T10:00,34.2,45,1005.7,14.5,0.0
2024-09-14T11:00,35.4,40,1004.9,14.2,0.0
2024-09-14T12:00,36.0,38,1003.5,10.0,0.2
2024-09-14T13:00,35.8,38,1002.5,1.5,0.1
2024-09-14T14:00,34.3,49,1001.6,13.5,0.1
2024-09-14T15:00,32.8,54,1001.5,20.0,0.1
2024-09-14T16:00,32.1,57,1001.5,15.1,0.0
2024-09-14T17:00,31.6,62,1002.1,10.6,0.0
2024-09-14T18:00,30.4,68,1003.4,9.0,0.0
2024-09-14T19:00,30.0,71,1004.3,9.3,0.0
2024-09-14T20:00,29.4,75,1005.2,5.2,0.0
2024-09-14T21:00,29.1,80,1005.9,8.4,0.0
2024-09-14T22:00,29.2,76,1005.9,14.2,0.0
2024-09-14T23:00,29.0,78,1005.7,15.6,0.0
2024-09-15T00:00,28.8,81,1004.8,12.4,0.0
2024-09-15T01:00,28.4,86,1004.2,9.4,0.0
2024-09-15T02:00,27.9,89,1003.7,8.1,0.0
2024-09-15T03:00,27.2,94,1003.6,5.5,0.0
2024-09-15T04:00,26.7,95,1003.7,8.3,0.0
2024-09-15T05:00,26.7,90,1004.1,9.8,0.0
2024-09-15T06:00,28.0,81,1005.0,12.6,0.0
2024-09-15T07:00,29.9,66,1005.7,13.3,0.0
2024-09-15T08:00,32.2,52,1006.1,16.6,0.0
2024-09-15T09:00,33.9,44,1005.9,16.1,0.0
2024-09-15T10:00,35.3,40,1005.4,13.6,0.0
2024-09-15T11:00,36.3,36,1004.6,10.6,0.1
2024-09-15T12:00,36.5,35,1003.6,4.4,0.4
2024-09-15T13:00,36.1,36,1002.8,4.7,0.8
2024-09-15T14:00,33.8,55,1002.1,15.3,0.8
2024-09-15T15:00,31.7,58,1001.9,16.8,1.2
2024-09-15T16:00,32.3,54,1001.7,5.8,0.3
2024-09-15T17:00,32.0,61,1002.2,13.2,0.0
2024-09-15T18:00,30.2,70,1003.1,15.6,0.0
2024-09-15T19:00,30.0,61,1003.8,10.0,0.0
2024-09-15T20:00,29.4,72,1004.9,9.6,0.0
2024-09-15T21:00,28.3,80,1005.8,6.3,0.0
2024-09-15T22:00,28.3,80,1006.4,8.4,0.0
2024-09-15T23:00,28.3,84,1006.0,10.4,0.0
2024-09-16T00:00,28.3,85,1005.2,11.4,0.0
2024-09-16T01:00,28.1,80,1004.7,7.7,0.0
2024-09-16T02:00,27.8,79,1004.2,5.9,0.0
2024-09-16T03:00,27.5,80,1003.9,6.8,0.0
2024-09-16T04:00,27.3,80,1004.2,8.2,0.0
2024-09-16T05:00,26.9,80,1004.7,8.2,0.0
2024-09-16T06:00,28.0,67,1005.4,12.3,0.0
2024-09-16T07:00,29.5,62,1005.7,11.9,0.0
2024-09-16T08:00,31.2,53,1006.2,15.5,0.0
2024-09-16T09:00,32.8,47,1006.3,14.3,0.0
2024-09-16T10:00,34.2,44,1005.7,11.7,0.0
2024-09-16T11:00,35.4,40,1005.1,10.6,0.0
2024-09-16T12:00,35.6,38,1003.9,7.8,0.1
2024-09-16T13:00,35.8,36,1002.9,5.0,0.2
2024-09-16T14:00,35.6,36,1002.1,5.5,0.0
2024-09-16T15:00,33.8,50,1001.8,12.6,0.0
2024-09-16T16:00,32.0,56,1001.7,19.2,0.1
2024-09-16T17:00,30.7,62,1002.2,13.3,0.0
2024-09-16T18:00,29.8,68,1003.0,12.2,0.0
2024-09-16T19:00,29.6,74,1003.8,9.8,0.0
2024-09-16T20:00,29.2,73,1004.9,5.4,0.0
2024-09-16T21:00,29.2,73,1005.9,6.9,0.0
2024-09-16T22:00,29.2,73,1006.2,12.0,0.0
2024-09-16T23:00,28.8,74,1005.9,11.4,0.0
2024-09-17T00:00,28.5,72,1005.4,12.7,0.0
2024-09-17T01:00,28.3,71,1004.7,13.3,0.0
2024-09-17T02:00,28.0,74,1004.4,13.7,0.0
2024-09-17T03:00,27.8,75,1004.3,13.8,0.0
2024-09-17T04:00,27.7,73,1004.8,12.9,0.0
2024-09-17T05:00,27.6,70,1005.1,12.5,0.0
2024-09-17T06:00,28.3,64,1005.6,12.9,0.0
2024-09-17T07:00,30.0,60,1006.0,13.5,0.0
2024-09-17T08:00,31.8,54,1006.2,17.1,0.0
2024-09-17T09:00,33.4,48,1006.0,17.1,0.0
2024-09-17T10:00,35.0,42,1005.5,15.5,0.0
2024-09-17T11:00,36.2,39,1004.7,11.8,0.0
2024-09-17T12:00,36.3,39,1003.4,5.8,0.0
2024-09-17T13:00,35.2,45,1002.3,10.4,0.0
2024-09-17T14:00,34.1,50,1001.3,14.8,0.1
2024-09-17T15:00,33.7,52,1000.8,15.5,0.0
2024-09-17T16:00,32.1,59,1001.0,16.8,0.1
2024-09-17T17:00,30.9,64,1001.3,10.6,0.4
2024-09-17T18:00,30.3,71,1002.4,14.5,0.0
2024-09-17T19:00,29.6,73,1003.1,9.4,0.0
2024-09-17T20:00,29.1,80,1004.2,6.8,0.0
2024-09-17T21:00,28.9,81,1005.4,7.6,0.0
2024-09-17T22:00,29.0,80,1005.6,12.2,0.0
2024-09-17T23:00,28.9,80,1005.3,10.4,0.0
2024-09-18T00:00,28.7,82,1004.7,9.3,0.0
2024-09-18T01:00,28.3,81,1003.9,4.3,0.0
2024-09-18T02:00,27.5,84,1003.4,4.3,0.0
2024-09-18T03:00,27.3,84,1003.3,4.5,0.0
2024-09-18T04:00,27.1,85,1003.5,7.1,0.0
2024-09-18T05:00,26.9,85,1004.0,8.8,0.0
2024-09-18T06:00,28.0,71,1004.0,12.9,0.0
2024-09-18T07:00,28.2,70,1005.4,12.3,0.3
2024-09-18T08:00,28.7,73,1005.7,4.1,0.3
2024-09-18T09:00,31.3,62,1005.6,5.9,0.0
2024-09-18T10:00,33.0,53,1005.0,7.1,0.0
2024-09-18T11:00,34.4,48,1004.4,6.9,0.0
2024-09-18T12:00,34.8,47,1003.1,6.6,0.0
2024-09-18T13:00,34.6,49,1002.2,9.1,0.0
2024-09-18T14:00,32.2,59,1001.9,13.8,0.6
2024-09-18T15:00,32.0,58,1001.3,10.4,0.3
2024-09-18T16:00,32.0,57,1000.9,12.1,0.0
2024-09-18T17:00,31.0,65,1001.4,10.4,0.0
2024-09-18T18:00,30.1,72,1002.0,8.7,0.0
2024-09-18T19:00,29.5,76,1002.6,6.8,0.0
2024-09-18T20:00,29.1,80,1003.8,5.1,0.0
2024-09-18T21:00,28.9,81,1004.8,6.0,0.0
2024-09-18T22:00,28.6,82,1005.2,5.9,0.0
2024-09-18T23:00,28.2,84,1005.2,6.5,0.0
2024-09-19T00:00,28.1,84,1004.8,8.6,0.0
2024-09-19T01:00,25.3,85,1004.8,18.3,0.1
2024-09-19T02:00,25.4,89,1004.1,13.8,0.3
2024-09-19T03:00,25.3,86,1003.8,13.6,0.0
2024-09-19T04:00,25.9,79,1003.6,8.8,0.0
2024-09-19T05:00,26.0,79,1004.0,6.8,0.0
2024-09-19T06:00,26.6,83,1004.6,7.0,0.0
2024-09-19T07:00,27.8,79,1005.9,3.6,0.0
2024-09-19T08:00,29.4,71,1006.2,4.4,0.0
2024-09-19T09:00,31.3,63,1006.1,1.1,0.0
2024-09-19T10:00,32.5,58,1005.9,3.3,0.0
2024-09-19T11:00,33.4,55,1005.0,6.3,0.0
2024-09-19T12:00,33.8,56,1003.7,9.2,0.0
2024-09-19T13:00,33.9,59,1002.6,11.8,0.0
2024-09-19T14:00,32.8,62,1002.0,13.7,1.2
2024-09-19T15:00,32.0,63,1001.9,11.2,0.3
2024-09-19T16:00,32.1,59,1001.9,8.6,0.1
2024-09-19T17:00,30.9,65,1002.0,13.0,0.0
2024-09-19T18:00,30.0,69,1002.9,9.7,0.0
2024-09-19T19:00,29.4,76,1003.6,8.6,0.0
2024-09-19T20:00,28.7,81,1004.0,7.1,0.0
2024-09-19T21:00,28.0,85,1004.8,4.5,0.0
2024-09-19T22:00,27.4,87,1004.8,5.6,0.0
2024-09-19T23:00,27.1,88,1004.6,5.8,0.0
2024-09-20T00:00,27.2,87,1004.3,7.9,0.0
2024-09-20T01:00,27.0,84,1003.9,11.9,0.0
2024-09-20T02:00,26.9,83,1003.5,12.3,0.0
2024-09-20T03:00,27.0,84,1003.1,11.7,0.0
2024-09-20T04:00,26.8,86,1003.2,9.3,0.0
2024-09-20T05:00,26.5,87,1003.6,8.0,0.0
2024-09-20T06:00,27.3,82,1004.2,9.0,0.0
2024-09-20T07:00,28.9,74,1004.5,8.9,0.0
2024-09-20T08:00,31.0,62,1005.0,9.5,0.0
2024-09-20T09:00,33.5,46,1005.1,11.2,0.0
2024-09-20T10:00,35.1,40,1004.7,10.2,0.0
2024-09-20T11:00,35.9,39,1004.1,8.3,0.0
2024-09-20T12:00,35.9,40,1003.3,7.4,0.0
2024-09-20T13:00,35.2,45,1002.1,11.0,0.0
2024-09-20T14:00,33.8,51,1001.6,14.7,0.3
2024-09-20T15:00,33.6,47,1001.2,9.5,0.1
2024-09-20T16:00,33.1,50,1001.2,3.4,0.0
2024-09-20T17:00,32.4,53,1001.7,5.5,0.0
2024-09-20T18:00,30.7,65,1002.3,4.4,0.0
2024-09-20T19:00,29.8,74,1003.4,5.5,0.0
2024-09-20T20:00,29.0,82,1004.4,3.7,0.0
2024-09-20T21:00,28.7,85,1005.5,2.9,0.0
2024-09-20T22:00,28.4,87,1005.9,3.4,0.0
2024-09-20T23:00,28.1,85,1005.6,7.0,0.0
2024-09-21T00:00,27.9,86,1005.2,2.9,0.0
2024-09-21T01:00,27.7,85,1004.6,4.3,0.0
2024-09-21T02:00,27.3,88,1004.0,3.3,0.0
2024-09-21T03:00,27.2,89,1003.6,5.2,0.5
2024-09-21T04:00,26.9,93,1003.7,4.3,0.6
2024-09-21T05:00,26.5,95,1003.8,2.3,0.1
2024-09-21T06:00,25.6,92,1005.1,5.9,1.2
2024-09-21T07:00,25.6,91,1005.8,5.8,1.1
2024-09-21T08:00,26.6,84,1006.3,4.8,0.3
2024-09-21T09:00,28.2,75,1006.4,9.0,0.0
2024-09-21T10:00,29.8,64,1006.3,13.9,0.0
2024-09-21T11:00,31.0,60,1005.2,17.0,0.0
2024-09-21T12:00,30.1,63,1004.4,14.3,0.0
2024-09-21T13:00,30.2,63,1003.2,9.3,0.0
2024-09-21T14:00,31.0,61,1002.2,7.4,0.0
2024-09-21T15:00,31.0,61,1001.9,4.3,0.0
2024-09-21T16:00,30.6,64,1001.6,5.7,0.0
2024-09-21T17:00,29.4,72,1001.7,10.3,0.0
2024-09-21T18:00,29.5,65,1002.8,6.8,0.0
2024-09-21T19:00,28.7,70,1003.7,4.0,0.0
2024-09-21T20:00,28.6,74,1004.6,7.1,0.0
2024-09-21T21:00,28.5,78,1005.7,6.2,0.0
2024-09-21T22:00,28.1,83,1005.7,1.6,0.1
2024-09-21T23:00,27.6,85,1005.3,6.1,0.0
2024-09-22T00:00,27.2,87,1004.7,3.6,0.0
2024-09-22T01:00,26.9,88,1004.2,6.8,0.0
2024-09-22T02:00,26.5,82,1003.6,9.6,0.0
2024-09-22T03:00,25.8,91,1003.9,3.3,1.9
2024-09-22T04:00,25.6,91,1003.7,5.9,0.9
2024-09-22T05:00,25.6,91,1003.7,11.0,1.1
2024-09-22T06:00,26.3,90,1003.5,3.5,1.9
2024-09-22T07:00,27.3,84,1004.6,2.2,0.1
2024-09-22T08:00,28.5,76,1004.8,8.4,0.0
2024-09-22T09:00,29.3,70,1005.1,9.4,0.0
2024-09-22T10:00,31.0,64,1004.6,10.4,0.0
2024-09-22T11:00,32.5,59,1004.0,11.2,0.0
2024-09-22T12:00,33.5,53,1002.8,8.4,0.0
2024-09-22T13:00,33.6,52,1001.7,7.0,0.0
2024-09-22T14:00,30.0,73,1001.2,15.7,0.5
2024-09-22T15:00,28.5,78,1000.9,10.7,0.2
2024-09-22T16:00,29.5,73,1000.8,6.9,0.0
2024-09-22T17:00,29.1,75,1000.8,8.3,0.0
2024-09-22T18:00,28.4,80,1001.4,10.1,0.0
2024-09-22T19:00,27.8,84,1002.4,6.9,0.0
2024-09-22T20:00,27.6,85,1003.6,5.2,0.0
2024-09-22T21:00,27.6,85,1004.5,6.2,0.0
2024-09-22T22:00,27.4,85,1004.5,4.7,0.0
2024-09-22T23:00,25.1,97,1004.8,3.8,6.3
2024-09-23T00:00,25.8,92,1003.6,10.9,1.8
2024-09-23T01:00,25.2,94,1003.4,11.9,3.7
2024-09-23T02:00,25.3,91,1003.1,12.4,0.3
2024-09-23T03:00,24.8,91,1003.2,13.3,2.0
2024-09-23T04:00,24.8,90,1002.8,11.6,0.4
2024-09-23T05:00,24.8,90,1003.4,8.3,0.0
2024-09-23T06:00,26.3,86,1003.3,10.5,0.0
2024-09-23T07:00,27.0,83,1004.1,9.5,0.1
2024-09-23T08:00,28.5,77,1004.4,9.1,0.0
2024-09-23T09:00,30.6,69,1004.2,8.4,0.0
2024-09-23T10:00,32.1,63,1003.8,8.8,0.0
2024-09-23T11:00,32.9,60,1003.2,8.9,0.1
2024-09-23T12:00,33.0,63,1002.5,5.3,0.1
2024-09-23T13:00,32.8,65,1001.4,2.2,0.3
2024-09-23T14:00,31.3,75,1000.3,12.1,3.9
2024-09-23T15:00,29.5,82,1000.0,4.2,1.5
2024-09-23T16:00,29.2,82,1000.0,4.3,0.6
2024-09-23T17:00,29.0,83,1000.4,1.8,0.4
2024-09-23T18:00,29.0,81,1001.9,8.6,0.0
2024-09-23T19:00,28.6,83,1003.0,6.1,0.0
2024-09-23T20:00,28.3,85,1003.2,5.3,0.0
2024-09-23T21:00,28.1,86,1004.0,6.5,0.0
2024-09-23T22:00,28.4,85,1003.9,10.8,0.0
2024-09-23T23:00,28.2,86,1003.8,6.8,0.3
2024-09-24T00:00,26.4,91,1003.2,11.3,11.1
2024-09-24T01:00,26.0,93,1003.0,11.8,0.4
2024-09-24T02:00,25.9,94,1002.5,7.0,0.3
2024-09-24T03:00,25.9,92,1002.3,10.4,0.1
2024-09-24T04:00,25.7,92,1002.3,7.7,0.1
2024-09-24T05:00,25.6,93,1002.7,6.9,0.1
2024-09-24T06:00,26.4,83,1002.6,9.6,0.0
2024-09-24T07:00,27.8,79,1003.3,9.8,0.0
2024-09-24T08:00,29.4,73,1003.6,11.6,0.0
2024-09-24T09:00,30.9,65,1003.6,13.7,0.0
2024-09-24T10:00,31.9,62,1003.6,13.4,0.0
2024-09-24T11:00,32.8,58,1002.8,12.7,0.0
2024-09-24T12:00,33.3,57,1001.7,12.9,0.0
2024-09-24T13:00,33.4,58,1000.7,8.7,0.0
2024-09-24T14:00,33.1,58,999.6,3.4,0.0
2024-09-24T15:00,31.3,71,999.1,15.2,0.0
2024-09-24T16:00,30.4,73,999.2,15.5,0.0
2024-09-24T17:00,29.7,79,999.6,13.9,0.0
2024-09-24T18:00,28.5,78,1000.5,13.9,0.0
2024-09-24T19:00,28.3,82,1001.4,13.8,0.0
2024-09-24T20:00,28.0,83,1002.5,14.5,0.0
2024-09-24T21:00,28.1,83,1003.4,12.3,0.0
2024-09-24T22:00,28.2,86,1003.5,14.5,0.2
2024-09-24T23:00,27.9,87,1003.3,13.6,0.1
2024-09-25T00:00,27.6,87,1002.9,14.8,0.2
2024-09-25T01:00,26.8,89,1002.3,11.8,0.7
2024-09-25T02:00,26.2,92,1002.0,5.6,3.5
2024-09-25T03:00,26.1,92,1001.9,5.4,0.1
2024-09-25T04:00,26.0,93,1002.0,4.5,0.0
2024-09-25T05:00,25.7,94,1002.5,3.8,0.9
2024-09-25T06:00,26.5,85,1003.1,11.3,0.0
2024-09-25T07:00,27.7,82,1003.5,8.3,0.0
2024-09-25T08:00,29.3,75,1004.1,11.1,0.0
2024-09-25T09:00,30.8,68,1004.1,12.7,0.0
2024-09-25T10:00,32.2,61,1003.7,14.1,0.0
2024-09-25T11:00,33.4,56,1003.1,16.3,0.0
2024-09-25T12:00,33.3,57,1002.2,15.9,0.0
2024-09-25T13:00,33.9,56,1001.0,12.1,0.0
2024-09-25T14:00,33.9,56,999.9,6.1,0.0
2024-09-25T15:00,31.1,79,999.8,16.3,0.4
2024-09-25T16:00,28.9,86,1000.8,1.7,4.6
2024-09-25T17:00,29.1,85,1000.4,13.9,0.2
2024-09-25T18:00,27.2,91,1002.0,9.4,0.3
2024-09-25T19:00,27.0,94,1003.1,6.3,0.1
2024-09-25T20:00,26.7,95,1003.6,6.4,0.0
2024-09-25T21:00,26.8,93,1004.3,7.5,0.0
2024-09-25T22:00,26.7,93,1004.4,6.6,0.0
2024-09-25T23:00,26.6,92,1004.4,5.3,0.2
2024-09-26T00:00,26.9,88,1004.0,11.0,0.5
2024-09-26T01:00,26.9,89,1003.3,5.7,0.0
2024-09-26T02:00,26.6,91,1002.9,5.2,0.0
2024-09-26T03:00,27.0,90,1002.7,7.7,0.1
2024-09-26T04:00,26.8,93,1002.5,6.8,0.0
2024-09-26T05:00,26.6,94,1002.7,6.7,0.0
2024-09-26T06:00,26.7,92,1003.9,9.7,0.0
2024-09-26T07:00,27.1,92,1004.7,8.3,0.0
2024-09-26T08:00,27.7,90,1005.4,6.9,0.1
2024-09-26T09:00,28.8,84,1005.9,8.8,0.0
2024-09-26T10:00,29.6,76,1005.3,8.4,0.0
2024-09-26T11:00,30.3,71,1004.4,8.3,0.0
2024-09-26T12:00,30.5,71,1003.5,9.2,0.0
2024-09-26T13:00,30.2,74,1002.7,9.4,0.0
2024-09-26T14:00,29.8,77,1001.7,12.4,0.1
2024-09-26T15:00,29.2,81,1001.4,14.5,0.0
2024-09-26T16:00,29.0,80,1001.2,14.7,0.0
2024-09-26T17:00,28.7,82,1001.7,13.2,0.0
2024-09-26T18:00,28.1,86,1002.6,13.5,0.0
2024-09-26T19:00,28.3,84,1003.5,12.0,0.0
2024-09-26T20:00,28.3,84,1004.6,12.2,0.0
2024-09-26T21:00,28.4,85,1005.3,13.1,0.0
2024-09-26T22:00,28.4,85,1005.2,12.6,0.0
2024-09-26T23:00,28.2,86,1005.5,13.8,0.0
2024-09-27T00:00,28.2,87,1005.1,14.3,0.5
2024-09-27T01:00,28.0,89,1004.7,13.7,0.1
2024-09-27T02:00,27.3,89,1004.5,15.8,0.4
2024-09-27T03:00,26.3,89,1004.6,17.3,0.0
2024-09-27T04:00,25.5,89,1005.0,15.9,0.1
2024-09-27T05:00,25.5,90,1005.4,13.5,0.1
2024-09-27T06:00,26.9,86,1005.6,15.2,0.0
2024-09-27T07:00,27.6,84,1006.2,12.8,0.0
2024-09-27T08:00,28.8,82,1007.4,12.6,0.0
2024-09-27T09:00,30.0,78,1007.7,12.7,0.0
2024-09-27T10:00,31.1,74,1008.1,12.1,0.1
2024-09-27T11:00,31.4,73,1007.4,11.7,0.2
2024-09-27T12:00,31.4,75,1006.3,13.0,0.4
2024-09-27T13:00,29.4,79,1005.5,15.9,1.1
2024-09-27T14:00,30.2,78,1004.4,12.1,0.2
2024-09-27T15:00,30.6,76,1004.2,12.4,0.0
2024-09-27T16:00,30.1,78,1003.9,13.1,0.0
2024-09-27T17:00,29.1,80,1004.3,12.9,0.0
2024-09-27T18:00,28.3,87,1005.4,6.9,0.0
2024-09-27T19:00,28.0,88,1006.6,6.4,0.0
2024-09-27T20:00,27.8,89,1007.4,5.1,0.0
2024-09-27T21:00,27.2,91,1008.0,5.2,2.1
2024-09-27T22:00,26.1,93,1008.3,7.5,2.4
2024-09-27T23:00,25.8,95,1008.1,5.5,0.1
2024-09-28T00:00,24.8,98,1008.3,12.3,8.6
2024-09-28T01:00,24.9,96,1006.8,6.2,0.7
2024-09-28T02:00,24.4,97,1007.4,14.6,0.6
2024-09-28T03:00,24.3,94,1006.9,7.4,1.3
2024-09-28T04:00,24.4,93,1006.9,9.9,0.6
2024-09-28T05:00,24.4,94,1007.0,6.3,0.2
2024-09-28T06:00,25.4,92,1008.2,4.9,0.3
2024-09-28T07:00,26.3,90,1009.2,5.2,0.1
2024-09-28T08:00,27.6,85,1009.6,2.6,0.0
2024-09-28T09:00,29.1,79,1009.5,2.8,0.1
2024-09-28T10:00,30.1,77,1009.5,4.6,0.0
2024-09-28T11:00,30.5,76,1008.8,6.8,0.0
2024-09-28T12:00,30.8,77,1007.8,8.5,0.1
2024-09-28T13:00,30.5,77,1006.8,10.2,0.4
2024-09-28T14:00,29.6,78,1005.7,8.9,1.1
2024-09-28T15:00,29.9,77,1004.8,10.5,0.0
2024-09-28T16:00,29.2,78,1005.2,12.0,0.0
2024-09-28T17:00,28.5,80,1005.5,12.0,0.0
2024-09-28T18:00,28.3,83,1006.3,9.8,0.0
2024-09-28T19:00,28.0,85,1007.4,11.2,0.0
2024-09-28T20:00,28.0,86,1008.4,11.5,0.0
2024-09-28T21:00,27.9,86,1009.5,9.4,0.0
2024-09-28T22:00,27.7,86,1009.3,11.0,0.0
2024-09-28T23:00,27.8,85,1009.2,8.4,0.0
2024-09-29T00:00,26.3,90,1008.7,8.8,0.1
2024-09-29T01:00,25.3,91,1008.4,9.6,0.2
2024-09-29T02:00,25.0,93,1008.5,9.5,0.2
2024-09-29T03:00,24.7,95,1008.0,7.3,0.0
2024-09-29T04:00,24.6,95,1008.4,5.5,0.0
2024-09-29T05:00,24.5,95,1008.9,5.9,0.0
2024-09-29T06:00,26.3,92,1009.3,6.2,0.0
2024-09-29T07:00,27.1,86,1010.1,8.0,0.0
2024-09-29T08:00,28.3,81,1010.8,5.3,0.0
2024-09-29T09:00,29.4,77,1010.6,7.4,0.1
2024-09-29T10:00,30.5,75,1010.1,7.8,0.0
2024-09-29T11:00,30.8,73,1009.4,10.8,0.0
2024-09-29T12:00,30.6,75,1008.3,12.9,0.0
2024-09-29T13:00,30.6,73,1007.3,15.5,0.1
2024-09-29T14:00,30.1,75,1006.6,16.3,0.0
2024-09-29T15:00,29.6,76,1006.3,15.6,0.0
2024-09-29T16:00,29.0,79,1006.3,14.9,0.0
2024-09-29T17:00,28.4,81,1006.5,13.8,0.0
2024-09-29T18:00,27.9,84,1007.6,11.7,0.0
2024-09-29T19:00,27.7,85,1008.2,9.7,0.0
2024-09-29T20:00,27.5,85,1009.2,9.0,0.0
2024-09-29T21:00,27.2,87,1009.8,8.4,0.0
2024-09-29T22:00,27.0,88,1009.6,7.9,0.0
2024-09-29T23:00,26.7,90,1009.2,6.1,0.0
2024-09-30T00:00,26.3,92,1008.7,5.5,0.0
2024-09-30T01:00,25.9,94,1008.4,5.8,0.0
2024-09-30T02:00,25.7,95,1008.0,5.3,0.0
2024-09-30T03:00,25.4,96,1007.8,5.3,0.0
2024-09-30T04:00,25.2,97,1008.4,6.2,0.0
2024-09-30T05:00,25.1,97,1009.1,4.4,0.0
2024-09-30T06:00,26.1,92,1009.9,5.4,0.0
2024-09-30T07:00,27.3,88,1010.6,4.5,0.0
2024-09-30T08:00,28.4,83,1011.3,7.0,0.0
2024-09-30T09:00,29.1,79,1011.4,8.0,0.2
2024-09-30T10:00,29.0,76,1011.1,11.9,0.5
2024-09-30T11:00,29.3,77,1010.4,11.7,0.0
2024-09-30T12:00,29.9,74,1009.1,13.6,0.2
2024-09-30T13:00,30.1,72,1007.6,11.9,0.0
2024-09-30T14:00,29.9,73,1006.3,13.1,0.0
2024-09-30T15:00,29.4,74,1005.8,14.3,0.0
2024-09-30T16:00,28.8,76,1005.6,13.9,0.0
2024-09-30T17:00,28.1,78,1005.7,12.1,0.0
2024-09-30T18:00,27.6,84,1006.7,10.2,0.0
2024-09-30T19:00,27.4,85,1007.6,9.0,0.0
2024-09-30T20:00,27.3,86,1008.5,7.3,0.0
2024-09-30T21:00,27.1,87,1009.0,6.6,0.0
2024-09-30T22:00,26.8,89,1009.0,6.0,0.0
2024-09-30T23:00,26.5,90,1008.4,5.6,0.0
