time,temperature_c,humidity_pct,pressure_hpa,wind_kmh,precip_mm
2022-06-01T00:00,28.7,54,976.0,7.6,0.0
2022-06-01T01:00,30.7,46,975.5,6.5,0.0
2022-06-01T02:00,27.1,54,975.1,9.2,0.0
2022-06-01T03:00,25.8,57,974.9,7.5,0.0
2022-06-01T04:00,25.5,58,975.0,5.6,0.0
2022-06-01T05:00,25.4,61,976.1,7.0,0.0
2022-06-01T06:00,27.5,54,977.2,6.1,0.0
2022-06-01T07:00,29.6,49,977.8,7.9,0.0
2022-06-01T08:00,32.4,41,978.4,6.8,0.0
2022-06-01T09:00,35.0,34,978.7,6.8,0.0
2022-06-01T10:00,36.9,29,978.6,10.1,0.0
2022-06-01T11:00,38.4,24,978.3,11.7,0.0
2022-06-01T12:00,39.6,20,977.8,13.2,0.0
2022-06-01T13:00,40.4,17,977.2,16.6,0.0
2022-06-01T14:00,40.2,17,976.4,17.0,0.0
2022-06-01T15:00,40.5,15,975.6,16.6,0.0
2022-06-01T16:00,40.1,15,975.2,19.5,0.0
2022-06-01T17:00,39.2,17,974.7,10.8,0.0
2022-06-01T18:00,36.7,25,974.7,7.9,0.0
2022-06-01T19:00,34.8,20,974.9,9.5,0.0
2022-06-01T20:00,34.3,21,975.6,9.4,0.0
2022-06-01T21:00,32.6,29,976.0,15.5,0.0
2022-06-01T22:00,33.4,25,976.0,18.2,0.0
2022-06-01T23:00,32.3,26,976.0,13.0,0.0
2022-06-02T00:00,30.7,29,975.3,11.9,0.0
2022-06-02T01:00,29.0,33,975.1,8.7,0.0
2022-06-02T02:00,28.4,35,974.9,7.5,0.0
2022-06-02T03:00,28.8,33,974.9,8.4,0.0
2022-06-02T04:00,28.5,34,974.9,11.7,0.0
2022-06-02T05:00,29.1,39,976.1,10.8,0.0
2022-06-02T06:00,30.2,39,976.9,11.4,0.0
2022-06-02T07:00,31.6,38,977.6,12.8,0.0
2022-06-02T08:00,33.7,32,977.9,14.6,0.0
2022-06-02T09:00,35.7,28,978.1,16.7,0.0
2022-06-02T10:00,37.5,26,977.8,16.8,0.0
2022-06-02T11:00,39.2,23,977.4,14.0,0.0
2022-06-02T12:00,40.6,19,976.6,11.4,0.0
2022-06-02T13:00,41.5,15,976.1,11.2,0.0
2022-06-02T14:00,41.3,13,975.3,11.9,0.0
2022-06-02T15:00,41.4,12,974.6,16.9,0.0
2022-06-02T16:00,40.8,12,974.2,22.7,0.0
2022-06-02T17:00,38.7,22,974.4,17.1,0.0
2022-06-02T18:00,36.4,22,974.4,7.9,0.0
2022-06-02T19:00,34.2,23,974.5,8.2,0.0
2022-06-02T20:00,32.1,27,974.7,7.1,0.0
2022-06-02T21:00,30.4,33,975.2,9.4,0.0
2022-06-02T22:00,30.0,33,975.1,8.3,0.0
2022-06-02T23:00,29.6,35,975.1,10.6,0.0
2022-06-03T00:00,31.5,31,974.8,8.1,0.0
2022-06-03T01:00,29.5,34,974.4,7.2,0.0
2022-06-03T02:00,28.7,34,974.3,6.1,0.0
2022-06-03T03:00,27.9,34,974.3,11.0,0.0
2022-06-03T04:00,27.6,33,974.3,7.3,0.0
2022-06-03T05:00,27.2,37,974.8,9.7,0.0
2022-06-03T06:00,28.1,38,975.5,10.5,0.0
2022-06-03T07:00,30.6,36,976.0,9.2,0.0
2022-06-03T08:00,34.0,31,976.4,8.3,0.0
2022-06-03T09:00,37.4,23,976.8,9.7,0.0
2022-06-03T10:00,39.5,18,976.8,10.6,0.0
2022-06-03T11:00,40.8,15,976.4,10.2,0.0
2022-06-03T12:00,41.8,13,975.9,12.0,0.0
2022-06-03T13:00,42.4,11,975.3,15.5,0.0
2022-06-03T14:00,42.5,10,974.7,17.7,0.0
2022-06-03T15:00,42.3,10,974.2,17.6,0.0
2022-06-03T16:00,41.8,10,973.7,18.0,0.0
2022-06-03T17:00,40.8,11,973.4,15.1,0.0
2022-06-03T18:00,38.5,12,973.4,12.7,0.0
2022-06-03T19:00,35.9,14,973.9,9.7,0.0
2022-06-03T20:00,34.3,16,974.5,9.9,0.0
2022-06-03T21:00,32.8,18,975.0,8.5,0.0
2022-06-03T22:00,31.3,21,975.1,9.0,0.0
2022-06-03T23:00,31.2,22,975.1,8.1,0.0
2022-06-04T00:00,33.0,19,975.1,3.3,0.0
2022-06-04T01:00,29.7,24,974.7,5.9,0.0
2022-06-04T02:00,28.0,27,974.1,6.8,0.0
2022-06-04T03:00,27.9,26,974.4,5.5,0.0
2022-06-04T04:00,26.9,28,974.8,6.8,0.0
2022-06-04T05:00,27.6,32,975.1,6.2,0.0
2022-06-04T06:00,28.3,33,975.7,8.3,0.0
2022-06-04T07:00,31.3,31,976.4,9.8,0.0
2022-06-04T08:00,34.0,28,976.9,10.2,0.0
2022-06-04T09:00,37.0,21,977.3,8.7,0.0
2022-06-04T10:00,39.8,16,977.1,7.7,0.0
2022-06-04T11:00,41.4,13,976.6,6.9,0.0
2022-06-04T12:00,42.5,11,976.1,8.3,0.0
2022-06-04T13:00,43.3,9,975.3,12.8,0.0
2022-06-04T14:00,43.4,9,974.8,16.2,0.0
2022-06-04T15:00,42.9,9,974.3,16.9,0.0
2022-06-04T16:00,42.4,9,974.0,13.3,0.0
2022-06-04T17:00,41.4,10,973.9,11.3,0.0
2022-06-04T18:00,38.0,20,974.0,6.9,0.0
2022-06-04T19:00,35.7,19,974.2,9.8,0.0
2022-06-04T20:00,33.5,19,974.6,10.5,0.0
2022-06-04T21:00,33.2,23,975.0,8.3,0.0
2022-06-04T22:00,35.2,18,975.2,4.0,0.0
2022-06-04T23:00,35.2,17,975.3,1.8,0.0
2022-06-05T00:00,29.1,27,975.1,7.6,0.0
2022-06-05T01:00,29.7,25,975.0,9.7,0.0
2022-06-05T02:00,29.2,25,974.7,10.0,0.0
2022-06-05T03:00,28.8,26,974.9,11.2,0.0
2022-06-05T04:00,29.2,22,975.4,10.6,0.0
2022-06-05T05:00,29.9,22,975.5,13.8,0.0
2022-06-05T06:00,30.6,23,976.2,12.6,0.0
2022-06-05T07:00,32.3,23,976.7,13.0,0.0
2022-06-05T08:00,34.6,21,977.3,15.6,0.0
2022-06-05T09:00,36.8,19,977.4,18.1,0.0
2022-06-05T10:00,39.4,18,977.3,18.9,0.0
2022-06-05T11:00,41.2,15,977.2,20.8,0.0
2022-06-05T12:00,42.3,13,976.7,18.4,0.0
2022-06-05T13:00,42.9,11,976.0,16.2,0.0
2022-06-05T14:00,42.7,11,975.4,16.2,0.0
2022-06-05T15:00,42.6,12,975.1,12.6,0.0
2022-06-05T16:00,41.9,12,974.4,11.3,0.0
2022-06-05T17:00,40.5,14,974.6,10.5,0.0
2022-06-05T18:00,39.9,15,974.4,13.2,0.0
2022-06-05T19:00,38.2,16,974.7,11.0,0.0
2022-06-05T20:00,36.4,18,975.0,9.5,0.0
2022-06-05T21:00,34.8,22,975.2,8.2,0.0
2022-06-05T22:00,33.4,24,975.4,9.9,0.0
2022-06-05T23:00,33.3,22,975.5,19.4,0.0
2022-06-06T00:00,33.6,16,975.1,17.4,0.0
2022-06-06T01:00,31.6,17,974.9,14.1,0.0
2022-06-06T02:00,30.9,16,974.7,14.0,0.0
2022-06-06T03:00,30.3,16,974.8,14.2,0.0
2022-06-06T04:00,29.6,17,974.9,14.2,0.0
2022-06-06T05:00,28.4,21,974.8,10.8,0.0
2022-06-06T06:00,28.9,22,975.6,11.3,0.0
2022-06-06T07:00,31.3,22,976.1,11.7,0.0
2022-06-06T08:00,34.0,21,976.5,10.4,0.0
2022-06-06T09:00,36.6,20,976.7,14.8,0.0
2022-06-06T10:00,38.6,20,976.8,16.2,0.0
2022-06-06T11:00,40.2,18,976.6,14.5,0.0
2022-06-06T12:00,41.2,16,976.1,13.1,0.0
2022-06-06T13:00,42.1,13,975.5,10.9,0.0
2022-06-06T14:00,42.4,11,974.6,10.6,0.0
2022-06-06T15:00,42.4,11,974.1,13.4,0.0
2022-06-06T16:00,42.1,11,973.4,14.8,0.0
2022-06-06T17:00,41.2,11,973.3,12.9,0.0
2022-06-06T18:00,38.0,26,973.5,7.1,0.0
2022-06-06T19:00,34.9,19,973.8,9.5,0.0
2022-06-06T20:00,33.8,21,973.8,8.4,0.0
2022-06-06T21:00,33.0,20,973.8,6.5,0.0
2022-06-06T22:00,32.9,20,974.0,6.5,0.0
2022-06-06T23:00,31.4,22,974.1,9.1,0.0
2022-06-07T00:00,31.4,21,974.0,8.4,0.0
2022-06-07T01:00,29.9,26,973.7,7.9,0.0
2022-06-07T02:00,29.6,29,973.5,9.9,0.0
2022-06-07T03:00,29.7,28,973.5,14.8,0.0
2022-06-07T04:00,30.7,25,973.4,18.2,0.0
2022-06-07T05:00,31.2,30,974.3,10.9,0.0
2022-06-07T06:00,31.6,30,975.4,8.9,0.0
2022-06-07T07:00,33.4,29,976.0,10.2,0.0
2022-06-07T08:00,36.0,26,976.2,16.8,0.0
2022-06-07T09:00,37.7,23,976.2,23.2,0.0
2022-06-07T10:00,39.3,21,975.8,24.0,0.0
2022-06-07T11:00,40.7,18,975.7,24.8,0.0
2022-06-07T12:00,42.0,16,975.3,22.1,0.0
2022-06-07T13:00,42.9,15,974.5,20.3,0.0
2022-06-07T14:00,43.3,13,974.0,19.4,0.0
2022-06-07T15:00,43.3,13,973.5,18.2,0.0
2022-06-07T16:00,42.8,13,973.0,18.8,0.0
2022-06-07T17:00,41.8,13,973.3,20.9,0.0
2022-06-07T18:00,40.2,16,973.6,15.6,0.0
2022-06-07T19:00,37.7,18,973.6,9.8,0.0
2022-06-07T20:00,35.9,20,973.6,8.3,0.0
2022-06-07T21:00,34.9,21,974.0,10.3,0.0
2022-06-07T22:00,34.1,22,973.9,11.6,0.0
2022-06-07T23:00,33.0,22,973.8,11.9,0.0
2022-06-08T00:00,33.6,19,973.8,17.7,0.0
2022-06-08T01:00,34.0,18,973.9,23.2,0.0
2022-06-08T02:00,33.8,18,974.0,24.5,0.0
2022-06-08T03:00,33.1,19,974.3,24.7,0.0
2022-06-08T04:00,32.7,19,974.9,20.9,0.0
2022-06-08T05:00,31.8,25,975.3,19.1,0.0
2022-06-08T06:00,32.8,26,975.9,22.1,0.0
2022-06-08T07:00,34.1,27,976.6,19.7,0.0
2022-06-08T08:00,35.5,26,976.7,23.0,0.0
2022-06-08T09:00,37.3,24,976.6,23.9,0.0
2022-06-08T10:00,38.8,22,976.4,26.0,0.0
2022-06-08T11:00,40.2,19,975.8,25.7,0.0
2022-06-08T12:00,41.5,16,975.1,25.1,0.0
2022-06-08T13:00,42.2,14,974.4,24.1,0.0
2022-06-08T14:00,42.6,12,973.5,21.3,0.0
2022-06-08T15:00,42.6,11,972.6,18.8,0.0
2022-06-08T16:00,42.5,11,972.1,14.8,0.0
2022-06-08T17:00,41.7,12,972.1,14.1,0.0
2022-06-08T18:00,39.5,16,972.0,9.4,0.0
2022-06-08T19:00,37.1,19,972.1,9.9,0.0
2022-06-08T20:00,35.4,21,972.4,12.8,0.0
2022-06-08T21:00,34.1,21,973.2,15.8,0.0
2022-06-08T22:00,33.7,21,973.4,16.7,0.0
2022-06-08T23:00,32.8,23,973.4,14.6,0.0
2022-06-09T00:00,32.5,24,973.1,16.8,0.0
2022-06-09T01:00,32.4,25,972.9,18.0,0.0
2022-06-09T02:00,31.8,28,972.7,16.3,0.0
2022-06-09T03:00,31.4,29,972.2,15.7,0.0
2022-06-09T04:00,30.7,30,972.8,14.4,0.0
2022-06-09T05:00,31.4,35,973.0,14.7,0.0
2022-06-09T06:00,32.0,35,973.9,12.6,0.0
2022-06-09T07:00,33.7,33,974.5,12.7,0.0
2022-06-09T08:00,35.9,29,974.6,17.3,0.0
2022-06-09T09:00,38.3,26,974.8,17.9,0.0
2022-06-09T10:00,39.8,23,974.9,22.0,0.0
2022-06-09T11:00,41.3,19,974.7,20.6,0.0
2022-06-09T12:00,41.8,16,974.3,13.8,0.0
2022-06-09T13:00,42.6,15,973.4,12.3,0.0
2022-06-09T14:00,42.9,14,972.8,13.9,0.0
2022-06-09T15:00,42.4,14,972.3,13.8,0.0
2022-06-09T16:00,41.7,14,971.8,14.8,0.0
2022-06-09T17:00,41.1,15,971.9,14.5,0.0
2022-06-09T18:00,40.0,16,972.6,11.2,0.0
2022-06-09T19:00,36.7,21,972.5,7.4,0.0
2022-06-09T20:00,36.4,20,972.8,13.7,0.0
2022-06-09T21:00,35.7,19,973.2,10.0,0.0
2022-06-09T22:00,35.1,19,973.6,14.3,0.0
2022-06-09T23:00,34.1,20,973.7,13.5,0.0
2022-06-10T00:00,33.6,22,973.5,15.6,0.0
2022-06-10T01:00,33.3,22,973.2,18.0,0.0
2022-06-10T02:00,32.6,22,973.0,14.8,0.0
2022-06-10T03:00,31.5,24,973.3,18.7,0.0
2022-06-10T04:00,31.5,24,973.8,18.6,0.0
2022-06-10T05:00,30.5,31,974.6,13.3,0.0
2022-06-10T06:00,31.9,30,975.4,14.4,0.0
2022-06-10T07:00,33.7,31,976.1,14.2,0.0
2022-06-10T08:00,35.5,35,976.3,19.8,0.0
2022-06-10T09:00,37.4,34,976.4,23.5,0.0
2022-06-10T10:00,39.2,31,976.5,24.8,0.0
2022-06-10T11:00,40.7,26,976.0,22.5,0.0
2022-06-10T12:00,41.9,22,975.3,19.6,0.0
2022-06-10T13:00,42.1,18,974.7,21.4,0.0
2022-06-10T14:00,42.1,14,973.7,19.1,0.0
2022-06-10T15:00,41.5,16,973.3,22.4,0.0
2022-06-10T16:00,41.7,15,972.6,16.3,0.0
2022-06-10T17:00,42.1,10,971.7,16.9,0.0
2022-06-10T18:00,40.3,12,971.8,15.9,0.0
2022-06-10T19:00,38.6,13,972.4,21.0,0.0
2022-06-10T20:00,37.5,15,973.0,17.3,0.0
2022-06-10T21:00,37.1,15,973.4,19.8,0.0
2022-06-10T22:00,35.9,17,973.7,17.1,0.0
2022-06-10T23:00,34.4,19,974.0,15.7,0.0
2022-06-11T00:00,33.9,19,974.0,19.3,0.0
2022-06-11T01:00,33.6,19,973.9,19.1,0.0
2022-06-11T02:00,33.3,20,973.8,20.2,0.0
2022-06-11T03:00,32.9,22,973.9,20.5,0.0
2022-06-11T04:00,32.5,25,974.3,20.2,0.0
2022-06-11T05:00,31.2,28,974.8,13.7,0.0
2022-06-11T06:00,32.1,29,975.5,15.5,0.0
2022-06-11T07:00,33.8,29,976.1,14.5,0.0
2022-06-11T08:00,35.9,27,976.7,19.1,0.0
2022-06-11T09:00,37.8,26,976.8,21.1,0.0
2022-06-11T10:00,39.7,25,976.6,23.1,0.0
2022-06-11T11:00,41.3,22,976.3,22.7,0.0
2022-06-11T12:00,42.4,20,975.6,22.6,0.0
2022-06-11T13:00,42.9,17,974.4,24.1,0.0
2022-06-11T14:00,43.3,15,973.8,26.7,0.0
2022-06-11T15:00,43.0,13,973.2,25.0,0.0
2022-06-11T16:00,43.0,12,972.6,25.6,0.0
2022-06-11T17:00,41.9,14,972.2,22.0,0.0
2022-06-11T18:00,40.6,15,972.0,15.4,0.0
2022-06-11T19:00,37.7,18,972.1,11.3,0.0
2022-06-11T20:00,36.3,18,972.9,13.8,0.0
2022-06-11T21:00,35.6,18,973.7,16.0,0.0
2022-06-11T22:00,34.9,19,974.3,16.2,0.0
2022-06-11T23:00,33.8,21,974.7,14.8,0.0
2022-06-12T00:00,33.4,23,974.7,16.3,0.0
2022-06-12T01:00,33.4,25,974.4,17.8,0.0
2022-06-12T02:00,32.9,28,974.5,16.6,0.0
2022-06-12T03:00,32.1,31,974.3,14.0,0.0
2022-06-12T04:00,31.3,33,974.9,13.4,0.0
2022-06-12T05:00,30.0,34,975.1,11.0,0.0
2022-06-12T06:00,31.3,32,976.1,15.5,0.0
2022-06-12T07:00,33.2,29,977.0,13.9,0.0
2022-06-12T08:00,35.5,27,977.4,16.6,0.0
2022-06-12T09:00,37.8,26,977.8,18.8,0.0
2022-06-12T10:00,39.7,24,977.4,19.5,0.0
2022-06-12T11:00,41.0,21,977.2,20.9,0.0
2022-06-12T12:00,41.9,19,976.8,19.4,0.0
2022-06-12T13:00,42.1,18,975.9,18.3,0.0
2022-06-12T14:00,42.5,17,975.1,18.2,0.0
2022-06-12T15:00,42.7,15,974.4,18.9,0.0
2022-06-12T16:00,42.1,15,973.7,22.0,0.0
2022-06-12T17:00,41.7,13,973.8,18.4,0.0
2022-06-12T18:00,40.4,15,973.9,12.3,0.0
2022-06-12T19:00,37.7,18,974.2,8.1,0.0
2022-06-12T20:00,35.5,21,975.0,8.2,0.0
2022-06-12T21:00,35.1,22,975.6,7.5,0.0
2022-06-12T22:00,33.6,24,976.3,9.2,0.0
2022-06-12T23:00,33.1,24,976.6,6.4,0.0
2022-06-13T00:00,32.7,25,976.5,10.4,0.0
2022-06-13T01:00,32.4,25,976.5,12.9,0.0
2022-06-13T02:00,32.3,27,977.0,13.0,0.0
2022-06-13T03:00,32.0,29,977.2,11.5,0.0
2022-06-13T04:00,31.7,34,977.4,13.1,0.0
2022-06-13T05:00,34.0,34,979.0,22.4,0.0
2022-06-13T06:00,32.0,40,979.9,21.6,0.0
2022-06-13T07:00,33.0,41,980.1,17.7,0.0
2022-06-13T08:00,35.4,36,980.1,19.3,0.0
2022-06-13T09:00,38.5,29,980.0,25.3,0.0
2022-06-13T10:00,40.5,23,979.6,26.1,0.0
2022-06-13T11:00,41.7,21,979.0,24.0,0.0
2022-06-13T12:00,42.6,18,978.1,23.1,0.0
2022-06-13T13:00,42.7,18,977.1,23.5,0.0
2022-06-13T14:00,42.9,17,976.1,22.2,0.0
2022-06-13T15:00,43.1,16,975.0,22.6,0.0
2022-06-13T16:00,42.7,15,974.0,23.1,0.0
2022-06-13T17:00,41.7,16,974.2,16.9,0.0
2022-06-13T18:00,40.6,18,974.2,13.1,0.0
2022-06-13T19:00,38.8,20,974.5,10.0,0.0
2022-06-13T20:00,37.4,23,975.3,20.6,0.0
2022-06-13T21:00,36.4,29,975.9,22.2,0.0
2022-06-13T22:00,35.7,31,976.2,25.2,0.0
2022-06-13T23:00,35.5,30,976.4,22.4,0.0
2022-06-14T00:00,35.5,31,976.3,23.4,0.0
2022-06-14T01:00,34.7,34,976.1,25.2,0.0
2022-06-14T02:00,33.4,40,976.0,25.6,0.0
2022-06-14T03:00,32.5,45,975.9,23.8,0.0
2022-06-14T04:00,32.0,48,976.6,21.8,0.0
2022-06-14T05:00,31.0,47,977.5,19.8,0.0
2022-06-14T06:00,31.4,48,978.1,19.2,0.0
2022-06-14T07:00,32.3,47,978.7,21.5,0.0
2022-06-14T08:00,33.8,43,979.2,22.5,0.0
2022-06-14T09:00,35.4,40,979.1,24.1,0.0
2022-06-14T10:00,36.8,36,978.9,25.2,0.0
2022-06-14T11:00,38.1,32,978.5,25.5,0.0
2022-06-14T12:00,38.3,31,978.0,25.8,0.0
2022-06-14T13:00,38.3,30,977.3,27.1,0.0
2022-06-14T14:00,38.5,28,976.6,28.0,0.0
2022-06-14T15:00,37.2,30,976.1,26.7,0.0
2022-06-14T16:00,37.1,31,975.4,25.0,0.0
2022-06-14T17:00,36.1,35,975.8,20.2,0.0
2022-06-14T18:00,35.4,37,975.5,20.7,0.0
2022-06-14T19:00,34.3,42,975.3,18.7,0.0
2022-06-14T20:00,34.0,42,975.8,19.1,0.0
2022-06-14T21:00,33.3,43,976.3,18.9,0.0
2022-06-14T22:00,32.5,45,976.4,20.4,0.0
2022-06-14T23:00,31.7,47,976.2,21.2,0.0
2022-06-15T00:00,30.9,50,975.8,21.0,0.0
2022-06-15T01:00,30.3,53,975.3,21.6,0.0
2022-06-15T02:00,29.8,56,975.0,20.8,0.0
2022-06-15T03:00,29.6,59,975.2,20.8,0.0
2022-06-15T04:00,29.4,62,975.5,20.6,0.0
2022-06-15T05:00,29.5,64,975.9,18.1,0.0
2022-06-15T06:00,30.5,62,976.5,16.9,0.0
2022-06-15T07:00,31.8,58,977.3,21.1,0.0
2022-06-15T08:00,33.5,52,977.7,23.7,0.0
2022-06-15T09:00,35.5,45,977.7,25.6,0.0
2022-06-15T10:00,37.4,38,977.4,25.5,0.0
2022-06-15T11:00,39.2,32,976.7,24.6,0.0
2022-06-15T12:00,40.4,28,976.1,22.9,0.0
2022-06-15T13:00,41.6,24,975.1,20.9,0.0
2022-06-15T14:00,41.9,22,974.1,21.0,0.0
2022-06-15T15:00,41.9,21,973.3,21.0,0.0
2022-06-15T16:00,41.8,20,972.4,20.5,0.0
2022-06-15T17:00,40.8,22,972.4,15.1,0.0
2022-06-15T18:00,39.9,22,972.5,12.4,0.0
2022-06-15T19:00,38.5,24,972.8,11.2,0.0
2022-06-15T20:00,37.3,26,973.5,11.3,0.0
2022-06-15T21:00,35.8,34,974.5,22.4,0.0
2022-06-15T22:00,35.8,35,975.3,21.3,0.0
2022-06-15T23:00,35.2,38,975.4,22.2,0.0
2022-06-16T00:00,34.4,41,975.0,22.9,0.0
2022-06-16T01:00,33.6,44,974.5,21.3,0.0
2022-06-16T02:00,32.9,47,974.2,19.8,0.0
2022-06-16T03:00,32.4,50,974.3,18.4,0.0
2022-06-16T04:00,32.0,51,974.4,18.4,0.0
2022-06-16T05:00,30.6,57,975.0,5.2,0.0
2022-06-16T06:00,31.6,55,976.1,5.8,0.0
2022-06-16T07:00,32.9,49,977.5,11.9,0.0
2022-06-16T08:00,33.5,46,978.4,17.0,0.0
2022-06-16T09:00,34.6,44,978.0,5.9,0.0
2022-06-16T10:00,36.5,39,977.7,5.9,0.0
2022-06-16T11:00,38.0,35,977.3,6.6,0.0
2022-06-16T12:00,39.0,33,977.1,8.0,0.0
2022-06-16T13:00,33.9,45,977.5,10.0,0.7
2022-06-16T14:00,36.1,38,976.7,11.2,0.0
2022-06-16T15:00,35.8,39,975.4,4.9,0.0
2022-06-16T16:00,36.6,37,974.6,5.2,0.0
2022-06-16T17:00,36.9,36,974.6,12.2,0.0
2022-06-16T18:00,35.2,42,975.0,13.4,0.0
2022-06-16T19:00,34.2,44,975.5,12.5,0.0
2022-06-16T20:00,33.7,45,975.9,15.4,0.0
2022-06-16T21:00,33.0,46,976.5,11.9,0.0
2022-06-16T22:00,32.5,48,976.8,12.7,0.0
2022-06-16T23:00,32.1,49,976.6,13.5,0.0
2022-06-17T00:00,31.6,50,976.2,15.7,0.0
2022-06-17T01:00,31.2,51,975.5,14.1,0.0
2022-06-17T02:00,30.8,53,975.3,13.2,0.0
2022-06-17T03:00,30.6,54,975.2,12.3,0.0
2022-06-17T04:00,30.4,55,975.3,11.0,0.0
2022-06-17T05:00,24.7,84,978.0,9.4,0.0
2022-06-17T06:00,23.8,90,978.4,4.3,7.9
2022-06-17T07:00,24.7,89,979.0,14.7,3.7
2022-06-17T08:00,25.6,82,979.7,11.2,0.0
2022-06-17T09:00,27.1,75,978.7,6.8,0.0
2022-06-17T10:00,29.5,65,978.6,2.6,0.0
2022-06-17T11:00,32.4,57,978.6,6.8,0.0
2022-06-17T12:00,34.3,50,977.5,11.7,0.0
2022-06-17T13:00,35.5,46,976.5,12.2,0.0
2022-06-17T14:00,36.0,44,975.7,13.5,0.0
2022-06-17T15:00,36.5,42,974.6,12.5,0.0
2022-06-17T16:00,36.5,41,973.7,12.0,0.0
2022-06-17T17:00,27.0,78,975.8,10.1,0.0
2022-06-17T18:00,28.6,69,975.7,5.6,0.0
2022-06-17T19:00,28.6,69,975.9,6.5,0.0
2022-06-17T20:00,28.5,71,976.3,8.0,0.0
2022-06-17T21:00,28.2,74,976.9,7.9,0.0
2022-06-17T22:00,28.1,74,977.5,5.6,0.0
2022-06-17T23:00,27.8,75,977.4,2.7,0.0
2022-06-18T00:00,27.7,76,977.1,4.2,0.0
2022-06-18T01:00,27.6,75,976.7,10.7,0.0
2022-06-18T02:00,27.5,73,976.5,9.1,0.0
2022-06-18T03:00,27.5,73,976.4,7.2,0.0
2022-06-18T04:00,27.4,73,976.2,8.7,0.0
2022-06-18T05:00,26.9,77,977.0,8.6,0.0
2022-06-18T06:00,27.3,76,977.4,7.9,0.0
2022-06-18T07:00,25.4,84,979.5,24.6,0.6
2022-06-18T08:00,24.9,83,979.6,14.8,0.3
2022-06-18T09:00,27.9,70,979.5,4.9,0.0
2022-06-18T10:00,29.4,64,979.8,7.6,0.0
2022-06-18T11:00,31.5,56,979.9,8.5,0.0
2022-06-18T12:00,33.0,52,978.8,11.5,0.0
2022-06-18T13:00,34.1,48,977.5,11.7,0.0
2022-06-18T14:00,34.5,48,976.7,9.7,0.0
2022-06-18T15:00,34.4,49,976.0,8.3,0.0
2022-06-18T16:00,34.4,49,975.5,8.4,0.0
2022-06-18T17:00,31.1,57,976.1,8.0,0.0
2022-06-18T18:00,31.0,57,976.1,5.3,0.0
2022-06-18T19:00,30.7,58,976.6,4.5,0.0
2022-06-18T20:00,30.2,61,977.2,3.1,0.0
2022-06-18T21:00,29.9,67,977.7,2.3,0.0
2022-06-18T22:00,30.0,62,978.5,5.3,0.0
2022-06-18T23:00,29.4,65,978.2,7.2,0.0
2022-06-19T00:00,27.4,81,978.5,14.6,0.7
2022-06-19T01:00,26.7,85,977.9,14.0,0.3
2022-06-19T02:00,25.8,91,977.3,9.7,0.4
2022-06-19T03:00,25.5,93,976.9,8.1,0.2
2022-06-19T04:00,25.5,91,977.3,5.3,0.1
2022-06-19T05:00,24.6,92,977.7,7.5,0.0
2022-06-19T06:00,24.5,92,978.0,6.0,1.2
2022-06-19T07:00,24.7,91,978.5,8.5,1.9
2022-06-19T08:00,25.0,91,978.8,8.3,1.1
2022-06-19T09:00,25.5,86,979.4,10.8,0.6
2022-06-19T10:00,25.8,84,978.8,6.6,0.1
2022-06-19T11:00,27.4,77,978.8,10.5,0.0
2022-06-19T12:00,29.4,68,977.9,9.9,0.0
2022-06-19T13:00,31.2,59,977.1,10.9,0.0
2022-06-19T14:00,32.0,55,975.9,9.7,0.0
2022-06-19T15:00,31.3,57,975.4,12.8,0.0
2022-06-19T16:00,31.8,56,974.5,9.0,0.0
2022-06-19T17:00,29.2,64,975.5,6.4,0.0
2022-06-19T18:00,26.0,81,975.3,9.4,0.5
2022-06-19T19:00,24.7,90,975.6,11.8,0.2
2022-06-19T20:00,23.8,96,976.2,15.8,1.3
2022-06-19T21:00,23.7,95,977.0,9.5,1.0
2022-06-19T22:00,23.8,93,977.1,10.5,0.2
2022-06-19T23:00,23.9,91,976.8,8.4,0.1
2022-06-20T00:00,23.8,91,976.1,7.1,0.0
2022-06-20T01:00,23.3,94,975.9,4.7,0.0
2022-06-20T02:00,22.9,96,975.5,3.1,0.0
2022-06-20T03:00,22.8,97,975.1,3.2,0.0
2022-06-20T04:00,22.7,97,975.4,3.6,0.0
2022-06-20T05:00,22.9,96,975.9,5.2,0.0
2022-06-20T06:00,24.4,89,975.9,5.9,0.0
2022-06-20T07:00,25.7,83,976.5,6.4,0.0
2022-06-20T08:00,27.3,73,976.6,3.4,0.0
2022-06-20T09:00,28.1,70,976.9,7.1,0.0
2022-06-20T10:00,29.3,65,976.5,8.1,0.0
2022-06-20T11:00,29.7,63,976.3,9.7,0.0
2022-06-20T12:00,30.3,61,976.2,9.3,0.0
2022-06-20T13:00,30.7,60,975.1,6.6,0.0
2022-06-20T14:00,31.6,56,974.4,7.3,0.0
2022-06-20T15:00,32.5,50,973.6,6.5,0.0
2022-06-20T16:00,32.6,50,972.8,7.0,0.0
2022-06-20T17:00,31.4,53,973.2,2.3,0.0
2022-06-20T18:00,30.6,61,973.4,2.1,0.0
2022-06-20T19:00,28.5,70,973.8,4.9,0.0
2022-06-20T20:00,28.2,68,974.8,3.6,0.1
2022-06-20T21:00,28.4,68,975.1,3.5,0.0
2022-06-20T22:00,27.4,74,975.6,10.1,0.0
2022-06-20T23:00,26.5,74,975.5,8.9,0.0
2022-06-21T00:00,25.7,77,974.7,5.4,0.0
2022-06-21T01:00,25.2,79,973.9,5.0,0.0
2022-06-21T02:00,24.8,82,973.0,5.5,0.0
2022-06-21T03:00,24.8,82,972.6,5.0,0.0
2022-06-21T04:00,24.8,83,972.6,6.3,0.0
2022-06-21T05:00,24.3,86,973.6,4.5,0.0
2022-06-21T06:00,25.7,81,974.4,4.0,0.0
2022-06-21T07:00,27.1,74,975.3,2.7,0.0
2022-06-21T08:00,29.0,67,975.9,5.5,0.0
2022-06-21T09:00,30.3,62,975.8,7.8,0.1
2022-06-21T10:00,24.5,87,976.1,8.4,8.8
2022-06-21T11:00,26.3,79,976.1,5.7,0.2
2022-06-21T12:00,29.5,66,975.8,6.6,0.0
2022-06-21T13:00,30.8,61,975.2,7.9,0.0
2022-06-21T14:00,31.7,58,974.3,9.7,0.0
2022-06-21T15:00,31.9,57,973.6,9.8,0.0
2022-06-21T16:00,31.7,58,973.1,11.2,0.0
2022-06-21T17:00,32.1,53,973.7,9.8,0.0
2022-06-21T18:00,31.2,59,974.2,4.8,0.0
2022-06-21T19:00,29.3,69,974.4,6.2,0.0
2022-06-21T20:00,28.9,72,975.4,2.5,0.0
2022-06-21T21:00,27.3,76,976.8,7.8,0.2
2022-06-21T22:00,26.9,80,976.5,3.7,0.0
2022-06-21T23:00,26.6,81,976.7,0.7,0.0
2022-06-22T00:00,26.5,80,976.4,5.4,0.0
2022-06-22T01:00,26.8,76,976.1,9.3,0.0
2022-06-22T02:00,26.4,76,975.9,8.4,0.0
2022-06-22T03:00,26.3,76,976.6,8.6,0.0
2022-06-22T04:00,26.2,77,976.9,11.3,0.0
2022-06-22T05:00,25.3,84,978.4,5.9,0.0
2022-06-22T06:00,24.1,90,979.5,9.5,6.4
2022-06-22T07:00,24.5,83,980.4,12.2,6.5
2022-06-22T08:00,25.4,81,981.0,2.9,0.1
2022-06-22T09:00,27.8,73,980.5,4.9,0.0
2022-06-22T10:00,30.1,65,981.1,5.7,0.0
2022-06-22T11:00,32.0,58,980.8,6.1,0.0
2022-06-22T12:00,33.1,53,980.5,5.9,0.0
2022-06-22T13:00,33.8,50,979.8,3.6,0.0
2022-06-22T14:00,34.3,49,979.3,3.3,0.0
2022-06-22T15:00,34.5,47,978.5,4.6,0.0
2022-06-22T16:00,34.5,46,977.7,8.9,0.0
2022-06-22T17:00,34.2,45,977.9,8.8,0.0
2022-06-22T18:00,33.0,50,978.0,10.4,0.0
2022-06-22T19:00,31.4,55,978.5,12.3,0.0
2022-06-22T20:00,30.7,57,979.3,10.4,0.0
2022-06-22T21:00,30.1,59,980.1,8.9,0.0
2022-06-22T22:00,29.4,62,981.2,7.6,0.0
2022-06-22T23:00,28.8,66,981.3,7.2,0.0
2022-06-23T00:00,28.3,68,981.1,7.2,0.0
2022-06-23T01:00,27.8,70,980.7,7.5,0.0
2022-06-23T02:00,27.3,72,980.3,8.3,0.0
2022-06-23T03:00,26.9,73,980.3,9.2,0.0
2022-06-23T04:00,26.7,73,980.5,9.4,0.0
2022-06-23T05:00,26.3,75,980.5,8.8,0.0
2022-06-23T06:00,27.2,73,981.5,9.7,0.0
2022-06-23T07:00,28.4,69,981.9,9.4,0.0
2022-06-23T08:00,29.8,63,982.2,12.0,0.0
2022-06-23T09:00,31.5,55,982.1,15.0,0.0
2022-06-23T10:00,33.1,47,981.7,16.7,0.0
2022-06-23T11:00,34.5,40,981.3,18.5,0.0
2022-06-23T12:00,35.5,35,980.6,19.3,0.0
2022-06-23T13:00,36.2,31,979.8,19.4,0.0
2022-06-23T14:00,36.7,28,979.0,19.7,0.0
2022-06-23T15:00,36.6,28,978.0,21.0,0.0
2022-06-23T16:00,36.1,28,977.2,20.8,0.0
2022-06-23T17:00,35.0,35,977.1,16.5,0.0
2022-06-23T18:00,33.6,39,977.4,13.0,0.0
2022-06-23T19:00,31.9,44,977.9,11.2,0.0
2022-06-23T20:00,30.9,48,978.2,11.2,0.0
2022-06-23T21:00,30.1,51,978.7,11.6,0.0
2022-06-23T22:00,29.1,55,979.1,10.4,0.0
2022-06-23T23:00,28.0,57,979.2,9.2,0.0
2022-06-24T00:00,27.0,60,979.1,8.0,0.0
2022-06-24T01:00,26.4,61,978.9,8.4,0.0
2022-06-24T02:00,25.7,62,978.5,7.2,0.0
2022-06-24T03:00,25.1,63,978.4,7.4,0.0
2022-06-24T04:00,24.8,64,978.4,9.8,0.0
2022-06-24T05:00,24.3,69,978.9,8.0,0.0
2022-06-24T06:00,25.9,66,979.5,11.2,0.0
2022-06-24T07:00,27.7,64,979.9,10.4,0.0
2022-06-24T08:00,30.0,55,980.1,12.0,0.0
2022-06-24T09:00,32.3,46,980.0,13.3,0.0
2022-06-24T10:00,34.2,37,979.6,14.6,0.0
2022-06-24T11:00,35.6,31,979.1,14.4,0.0
2022-06-24T12:00,36.6,28,978.3,15.5,0.0
2022-06-24T13:00,37.1,27,977.1,17.4,0.0
2022-06-24T14:00,37.4,25,976.2,17.6,0.0
2022-06-24T15:00,37.4,24,975.1,17.6,0.0
2022-06-24T16:00,37.2,23,974.3,16.5,0.0
2022-06-24T17:00,36.1,27,974.2,13.9,0.0
2022-06-24T18:00,34.5,31,974.2,12.3,0.0
2022-06-24T19:00,32.5,34,974.6,9.4,0.0
2022-06-24T20:00,30.3,41,975.0,7.9,0.0
2022-06-24T21:00,29.0,46,975.6,8.8,0.0
2022-06-24T22:00,27.8,51,976.1,10.5,0.0
2022-06-24T23:00,27.4,53,976.0,11.3,0.0
2022-06-25T00:00,27.6,51,975.9,10.2,0.0
2022-06-25T01:00,29.9,42,975.8,5.4,0.0
2022-06-25T02:00,26.2,55,975.4,6.1,0.0
2022-06-25T03:00,25.8,59,975.4,7.7,0.0
2022-06-25T04:00,24.9,63,975.2,7.9,0.0
2022-06-25T05:00,27.7,53,975.5,1.6,0.0
2022-06-25T06:00,27.6,59,976.0,2.8,0.0
2022-06-25T07:00,29.6,53,976.6,3.8,0.0
2022-06-25T08:00,32.0,45,977.3,4.1,0.0
2022-06-25T09:00,33.9,37,977.3,4.7,0.0
2022-06-25T10:00,35.3,33,976.8,3.7,0.0
2022-06-25T11:00,36.4,30,976.3,1.6,0.0
2022-06-25T12:00,37.2,28,975.5,2.6,0.0
2022-06-25T13:00,37.7,26,974.7,5.0,0.0
2022-06-25T14:00,38.1,24,973.8,7.0,0.0
2022-06-25T15:00,38.3,21,973.1,8.4,0.0
2022-06-25T16:00,38.1,18,972.7,9.7,0.0
2022-06-25T17:00,37.6,27,972.6,1.4,0.0
2022-06-25T18:00,35.7,37,973.0,4.7,0.0
2022-06-25T19:00,33.6,37,973.4,7.6,0.0
2022-06-25T20:00,32.2,42,973.8,8.0,0.0
2022-06-25T21:00,31.7,40,974.5,11.4,0.0
2022-06-25T22:00,31.5,38,975.2,12.3,0.0
2022-06-25T23:00,30.8,38,975.4,13.1,0.0
2022-06-26T00:00,30.2,40,975.3,11.3,0.0
2022-06-26T01:00,29.8,44,974.9,13.7,0.0
2022-06-26T02:00,29.5,55,974.7,16.3,0.0
2022-06-26T03:00,29.0,65,974.7,16.1,0.0
2022-06-26T04:00,28.6,70,975.0,15.3,0.0
2022-06-26T05:00,28.6,77,975.7,12.4,0.0
2022-06-26T06:00,29.7,75,976.5,13.6,0.0
2022-06-26T07:00,31.2,70,977.2,17.9,0.0
2022-06-26T08:00,32.7,64,977.6,20.5,0.0
2022-06-26T09:00,34.2,58,977.7,20.9,0.0
2022-06-26T10:00,35.8,49,977.7,19.8,0.0
2022-06-26T11:00,36.8,42,977.5,17.1,0.0
2022-06-26T12:00,37.9,37,976.9,12.6,0.0
2022-06-26T13:00,38.7,34,976.0,9.6,0.0
2022-06-26T14:00,39.0,33,975.0,9.9,0.0
2022-06-26T15:00,39.2,32,974.6,10.5,0.0
2022-06-26T16:00,39.0,32,974.3,11.4,0.0
2022-06-26T17:00,36.7,40,974.8,16.4,0.0
2022-06-26T18:00,34.7,48,975.2,17.8,0.0
2022-06-26T19:00,34.0,50,975.7,9.8,0.0
2022-06-26T20:00,33.4,53,976.3,5.8,0.0
2022-06-26T21:00,33.1,54,977.0,7.6,0.0
2022-06-26T22:00,32.9,55,977.4,11.3,0.0
2022-06-26T23:00,32.4,56,977.7,14.3,0.0
2022-06-27T00:00,31.9,57,977.3,15.5,0.0
2022-06-27T01:00,31.6,59,977.1,17.8,0.0
2022-06-27T02:00,31.2,62,976.9,17.9,0.0
2022-06-27T03:00,30.7,65,976.9,16.3,0.0
2022-06-27T04:00,30.3,67,977.4,16.2,0.0
2022-06-27T05:00,30.5,68,977.5,13.8,0.0
2022-06-27T06:00,31.0,67,978.2,16.3,0.0
2022-06-27T07:00,31.6,64,979.0,20.2,0.0
2022-06-27T08:00,32.9,59,979.1,19.2,0.0
2022-06-27T09:00,34.3,55,979.1,18.3,0.0
2022-06-27T10:00,35.4,51,978.9,16.4,0.0
2022-06-27T11:00,36.6,48,978.5,13.6,0.0
2022-06-27T12:00,37.5,45,977.8,10.8,0.0
2022-06-27T13:00,38.1,42,976.5,8.3,0.0
2022-06-27T14:00,38.7,40,975.6,6.6,0.0
2022-06-27T15:00,38.7,39,974.8,6.3,0.0
2022-06-27T16:00,38.7,39,974.4,7.7,0.0
2022-06-27T17:00,36.8,44,975.3,9.1,0.0
2022-06-27T18:00,36.2,46,975.2,9.7,0.0
2022-06-27T19:00,35.2,50,975.4,6.4,0.0
2022-06-27T20:00,34.5,53,975.8,6.1,0.0
2022-06-27T21:00,34.0,55,976.1,5.5,0.0
2022-06-27T22:00,33.5,56,976.5,8.0,0.0
2022-06-27T23:00,33.2,57,976.8,10.4,0.0
2022-06-28T00:00,32.7,58,976.8,10.8,0.0
2022-06-28T01:00,32.2,60,976.5,13.2,0.0
2022-06-28T02:00,31.0,65,976.0,14.5,0.0
2022-06-28T03:00,30.3,69,975.8,12.6,0.0
2022-06-28T04:00,29.9,72,975.6,9.7,0.0
2022-06-28T05:00,29.5,74,976.6,16.3,0.0
2022-06-28T06:00,28.1,84,976.7,9.7,0.5
2022-06-28T07:00,29.6,76,976.4,11.9,0.2
2022-06-28T08:00,32.0,66,976.1,9.1,0.2
2022-06-28T09:00,34.5,56,976.2,6.8,0.0
2022-06-28T10:00,36.3,49,976.1,3.8,0.0
2022-06-28T11:00,37.9,42,975.6,6.6,0.0
2022-06-28T12:00,39.3,37,974.6,11.4,0.0
2022-06-28T13:00,40.1,34,973.2,11.0,0.0
2022-06-28T14:00,41.0,31,972.3,12.6,0.0
2022-06-28T15:00,41.0,29,971.5,15.1,0.0
2022-06-28T16:00,40.6,29,970.9,12.9,0.0
2022-06-28T17:00,34.5,56,972.0,5.9,0.0
2022-06-28T18:00,33.7,59,971.3,14.8,0.0
2022-06-28T19:00,33.5,60,971.8,11.1,0.0
2022-06-28T20:00,33.9,58,972.4,11.5,0.0
2022-06-28T21:00,33.9,58,972.7,12.2,0.0
2022-06-28T22:00,33.6,59,973.0,11.7,0.0
2022-06-28T23:00,33.3,61,973.1,12.8,0.0
2022-06-29T00:00,32.8,62,972.4,12.7,0.0
2022-06-29T01:00,32.3,63,971.5,12.2,0.0
2022-06-29T02:00,31.9,61,970.8,12.8,0.0
2022-06-29T03:00,31.5,60,970.6,13.0,0.0
2022-06-29T04:00,30.6,65,971.0,10.2,0.0
2022-06-29T05:00,30.4,73,972.0,15.8,0.0
2022-06-29T06:00,29.8,78,972.4,13.2,0.0
2022-06-29T07:00,30.4,75,972.8,13.3,0.0
2022-06-29T08:00,32.5,66,972.6,8.8,0.0
2022-06-29T09:00,34.6,57,972.9,2.5,0.0
2022-06-29T10:00,36.4,49,973.0,1.9,0.0
2022-06-29T11:00,38.3,43,972.5,6.4,0.0
2022-06-29T12:00,40.3,35,972.1,10.7,0.0
2022-06-29T13:00,40.7,32,971.4,14.6,0.0
2022-06-29T14:00,41.8,30,970.3,17.0,0.0
2022-06-29T15:00,41.9,28,969.8,18.4,0.0
2022-06-29T16:00,38.8,34,969.9,14.1,0.0
2022-06-29T17:00,34.9,55,970.4,19.8,0.0
2022-06-29T18:00,34.1,56,970.9,20.6,0.0
2022-06-29T19:00,31.4,66,971.8,23.1,0.0
2022-06-29T20:00,30.5,74,972.5,19.3,0.0
2022-06-29T21:00,30.3,74,972.9,19.2,0.0
2022-06-29T22:00,29.7,76,973.6,20.3,0.0
2022-06-29T23:00,29.3,79,973.3,18.7,0.0
2022-06-30T00:00,29.0,81,973.1,17.1,0.0
2022-06-30T01:00,28.8,82,972.8,16.3,0.0
2022-06-30T02:00,28.6,83,973.1,22.4,0.1
2022-06-30T03:00,28.1,85,972.5,21.7,0.0
2022-06-30T04:00,27.5,86,972.6,15.6,0.0
2022-06-30T05:00,28.5,82,973.7,10.0,0.0
2022-06-30T06:00,28.2,80,974.2,6.4,0.1
2022-06-30T07:00,28.2,81,975.1,4.3,0.1
2022-06-30T08:00,28.6,79,975.1,4.6,0.1
2022-06-30T09:00,30.0,72,975.7,4.4,0.0
2022-06-30T10:00,30.3,70,976.1,6.2,0.1
2022-06-30T11:00,30.1,71,976.2,9.0,0.1
2022-06-30T12:00,30.6,69,976.0,5.8,0.3
2022-06-30T13:00,30.8,68,975.0,9.4,0.2
2022-06-30T14:00,31.3,66,974.4,9.5,0.0
2022-06-30T15:00,30.8,67,973.6,11.2,0.0
2022-06-30T16:00,30.5,69,973.2,11.0,0.0
2022-06-30T17:00,26.6,87,974.1,9.0,0.0
2022-06-30T18:00,27.1,84,973.9,2.2,0.0
2022-06-30T19:00,26.8,90,974.4,1.5,0.0
2022-06-30T20:00,27.0,86,975.2,1.1,0.0
2022-06-30T21:00,26.9,87,975.7,4.7,0.1
2022-06-30T22:00,26.7,89,976.3,4.1,0.1
2022-06-30T23:00,26.4,90,976.2,7.8,0.1
2022-07-01T00:00,26.1,92,976.1,9.1,0.0
2022-07-01T01:00,25.6,95,975.5,9.7,0.0
2022-07-01T02:00,25.4,95,975.0,9.6,0.0
2022-07-01T03:00,25.2,95,975.0,7.6,0.0
2022-07-01T04:00,25.3,93,974.9,7.6,0.0
2022-07-01T05:00,24.8,96,975.7,7.9,0.0
2022-07-01T06:00,25.4,93,976.4,7.2,0.4
2022-07-01T07:00,26.1,90,976.9,7.1,0.2
2022-07-01T08:00,26.7,88,976.7,6.0,0.1
2022-07-01T09:00,27.9,82,976.8,6.3,0.0
2022-07-01T10:00,29.1,77,976.6,7.7,0.0
2022-07-01T11:00,30.1,72,976.5,6.7,0.0
2022-07-01T12:00,31.0,67,975.5,6.0,0.0
2022-07-01T13:00,31.2,66,974.6,3.6,0.1
2022-07-01T14:00,31.6,64,973.8,3.7,0.1
2022-07-01T15:00,31.7,64,973.2,0.8,0.0
2022-07-01T16:00,32.0,63,972.8,0.5,0.0
2022-07-01T17:00,30.5,68,973.2,4.3,0.0
2022-07-01T18:00,29.7,70,973.4,1.6,0.1
2022-07-01T19:00,28.6,80,973.9,2.6,0.0
2022-07-01T20:00,28.3,81,974.2,2.2,0.0
2022-07-01T21:00,27.8,85,974.6,2.9,0.0
2022-07-01T22:00,27.6,87,975.1,3.6,0.0
2022-07-01T23:00,27.2,88,975.2,5.1,0.0
2022-07-02T00:00,27.0,88,975.2,5.1,0.0
2022-07-02T01:00,26.9,86,974.7,4.0,0.0
2022-07-02T02:00,26.7,88,974.2,3.3,0.0
2022-07-02T03:00,26.3,91,973.6,4.0,0.0
2022-07-02T04:00,26.1,92,973.4,5.1,0.0
2022-07-02T05:00,26.1,93,974.1,2.9,0.0
2022-07-02T06:00,27.0,89,974.3,3.1,0.0
2022-07-02T07:00,28.1,83,974.9,5.4,0.0
2022-07-02T08:00,29.6,73,975.0,8.1,0.1
2022-07-02T09:00,31.0,66,975.0,9.9,0.0
2022-07-02T10:00,32.2,60,974.9,10.0,0.0
2022-07-02T11:00,33.2,56,974.5,10.4,0.1
2022-07-02T12:00,33.9,54,973.8,10.8,0.1
2022-07-02T13:00,34.5,53,972.8,9.8,0.1
2022-07-02T14:00,34.9,52,972.2,10.4,0.0
2022-07-02T15:00,35.0,51,971.6,9.9,0.0
2022-07-02T16:00,34.7,51,971.2,9.4,0.0
2022-07-02T17:00,31.6,66,971.6,12.7,0.0
2022-07-02T18:00,30.4,74,972.4,13.8,0.0
2022-07-02T19:00,29.7,77,972.9,11.3,0.0
2022-07-02T20:00,29.1,79,973.5,14.1,0.0
2022-07-02T21:00,28.7,82,974.2,14.3,0.0
2022-07-02T22:00,28.4,84,974.7,13.8,0.0
2022-07-02T23:00,27.2,89,975.2,13.2,1.9
2022-07-03T00:00,26.7,92,974.9,12.3,0.1
2022-07-03T01:00,26.6,93,974.5,11.3,0.2
2022-07-03T02:00,25.8,96,974.4,12.6,2.4
2022-07-03T03:00,25.6,97,974.6,12.0,0.2
2022-07-03T04:00,25.4,98,974.6,14.0,0.5
2022-07-03T05:00,25.5,96,974.8,11.5,0.4
2022-07-03T06:00,26.2,92,975.5,10.6,0.0
2022-07-03T07:00,26.8,88,976.3,11.9,0.0
2022-07-03T08:00,28.1,82,976.6,13.5,0.0
2022-07-03T09:00,29.1,78,976.8,15.1,0.0
2022-07-03T10:00,30.1,74,976.7,13.0,0.1
2022-07-03T11:00,31.7,67,976.6,13.7,0.1
2022-07-03T12:00,32.9,64,976.2,11.5,0.1
2022-07-03T13:00,34.0,60,975.0,10.0,0.0
2022-07-03T14:00,34.4,57,974.1,8.9,0.0
2022-07-03T15:00,34.4,56,973.2,8.4,0.0
2022-07-03T16:00,33.8,57,972.9,8.2,0.0
2022-07-03T17:00,29.3,81,972.8,6.4,0.4
2022-07-03T18:00,30.2,78,973.0,3.7,0.0
2022-07-03T19:00,29.6,83,973.8,2.2,0.0
2022-07-03T20:00,29.1,87,974.7,3.3,0.0
2022-07-03T21:00,28.9,86,975.1,3.1,0.0
2022-07-03T22:00,28.6,88,975.5,3.6,0.0
2022-07-03T23:00,28.0,91,975.4,3.1,0.0
2022-07-04T00:00,27.8,91,975.5,3.2,0.0
2022-07-04T01:00,26.5,96,975.7,9.4,8.3
2022-07-04T02:00,26.0,94,975.4,4.7,6.7
2022-07-04T03:00,26.1,95,974.9,4.2,0.1
2022-07-04T04:00,25.9,96,975.1,2.5,0.0
2022-07-04T05:00,26.9,95,975.3,4.3,0.0
2022-07-04T06:00,27.6,93,975.4,6.2,0.0
2022-07-04T07:00,28.3,88,975.8,6.6,0.0
2022-07-04T08:00,29.4,81,975.8,9.4,0.0
2022-07-04T09:00,31.0,74,976.0,8.7,0.0
2022-07-04T10:00,32.3,69,975.9,5.9,0.1
2022-07-04T11:00,33.1,64,975.6,4.4,0.2
2022-07-04T12:00,34.3,59,975.3,2.8,0.0
2022-07-04T13:00,34.9,57,974.3,2.8,0.0
2022-07-04T14:00,35.2,55,973.3,1.9,0.0
2022-07-04T15:00,35.2,54,972.5,0.8,0.0
2022-07-04T16:00,35.1,54,972.1,2.3,0.1
2022-07-04T17:00,34.2,57,972.3,1.6,0.0
2022-07-04T18:00,33.9,59,972.2,1.4,0.0
2022-07-04T19:00,32.0,69,972.6,3.9,0.0
2022-07-04T20:00,31.2,72,973.1,4.7,0.0
2022-07-04T21:00,30.4,79,973.8,5.8,0.0
2022-07-04T22:00,30.3,78,974.2,5.1,0.0
2022-07-04T23:00,30.0,81,974.3,4.6,0.0
2022-07-05T00:00,29.9,81,974.4,5.7,0.0
2022-07-05T01:00,29.6,82,973.8,6.6,0.0
2022-07-05T02:00,29.3,82,973.5,7.2,0.0
2022-07-05T03:00,29.0,84,973.6,9.0,0.0
2022-07-05T04:00,28.8,84,974.1,13.8,0.0
2022-07-05T05:00,27.0,91,974.8,12.2,0.0
2022-07-05T06:00,27.5,90,975.6,8.0,0.0
2022-07-05T07:00,28.5,86,976.2,4.2,0.0
2022-07-05T08:00,29.0,83,976.1,10.3,0.0
2022-07-05T09:00,30.9,75,976.0,9.8,0.0
2022-07-05T10:00,32.5,69,975.4,10.8,0.1
2022-07-05T11:00,33.7,63,974.8,11.8,0.1
2022-07-05T12:00,34.9,59,974.3,11.4,0.0
2022-07-05T13:00,36.2,54,973.6,13.2,0.0
2022-07-05T14:00,36.3,53,972.7,12.7,0.0
2022-07-05T15:00,36.3,52,971.9,10.4,0.0
2022-07-05T16:00,36.4,51,971.6,10.0,0.0
2022-07-05T17:00,35.6,53,972.7,10.8,0.0
2022-07-05T18:00,34.7,58,973.3,8.7,0.0
2022-07-05T19:00,33.5,63,973.4,7.6,0.0
2022-07-05T20:00,32.9,65,973.8,9.4,0.0
2022-07-05T21:00,32.5,64,974.7,12.6,0.0
2022-07-05T22:00,32.0,66,975.3,15.0,0.0
2022-07-05T23:00,31.0,71,975.3,15.5,0.0
2022-07-06T00:00,30.3,74,975.5,14.8,0.0
2022-07-06T01:00,29.9,76,975.6,14.8,0.0
2022-07-06T02:00,29.7,77,975.3,14.2,0.0
2022-07-06T03:00,29.5,78,975.2,14.3,0.0
2022-07-06T04:00,29.5,78,975.1,15.3,0.0
2022-07-06T05:00,28.9,85,976.6,9.2,0.0
2022-07-06T06:00,29.7,82,977.5,9.2,0.0
2022-07-06T07:00,30.6,79,978.2,10.1,0.0
2022-07-06T08:00,31.7,74,978.4,9.5,0.0
2022-07-06T09:00,32.9,69,978.6,12.2,0.0
2022-07-06T10:00,33.0,68,978.4,16.9,0.1
2022-07-06T11:00,32.1,71,978.7,19.8,0.1
2022-07-06T12:00,31.2,72,978.4,18.0,0.0
2022-07-06T13:00,31.9,69,977.4,16.8,0.0
2022-07-06T14:00,32.4,68,976.7,18.6,0.0
2022-07-06T15:00,32.7,67,976.4,16.6,0.0
2022-07-06T16:00,32.7,66,975.9,14.3,0.0
2022-07-06T17:00,35.8,53,975.4,13.0,0.0
2022-07-06T18:00,30.7,77,976.5,11.3,2.1
2022-07-06T19:00,28.8,84,977.1,11.4,1.7
2022-07-06T20:00,28.8,83,978.0,8.7,0.0
2022-07-06T21:00,28.7,85,978.7,10.5,0.0
2022-07-06T22:00,28.7,84,979.4,8.6,0.0
2022-07-06T23:00,28.6,85,979.7,9.1,0.0
2022-07-07T00:00,28.4,85,979.6,9.0,0.0
2022-07-07T01:00,28.3,85,979.6,7.9,0.0
2022-07-07T02:00,28.2,85,978.9,9.4,0.0
2022-07-07T03:00,28.2,84,979.7,14.8,0.1
2022-07-07T04:00,27.8,86,979.7,11.8,0.2
2022-07-07T05:00,27.4,89,979.7,13.8,0.0
2022-07-07T06:00,27.9,86,980.2,13.2,0.0
2022-07-07T07:00,29.0,80,981.3,13.4,0.0
2022-07-07T08:00,30.4,74,981.6,14.4,0.0
2022-07-07T09:00,31.7,68,981.6,13.5,0.0
2022-07-07T10:00,33.2,63,981.4,14.5,0.0
2022-07-07T11:00,34.1,59,980.8,14.7,0.1
2022-07-07T12:00,34.6,57,979.8,15.2,0.1
2022-07-07T13:00,35.1,56,978.7,13.7,0.0
2022-07-07T14:00,35.4,54,977.7,13.1,0.0
2022-07-07T15:00,35.5,53,976.6,14.0,0.0
2022-07-07T16:00,35.3,54,975.9,15.3,0.0
2022-07-07T17:00,34.9,54,975.6,14.0,0.0
2022-07-07T18:00,34.1,58,976.0,9.0,0.0
2022-07-07T19:00,32.8,63,976.3,8.1,0.0
2022-07-07T20:00,32.1,66,977.0,9.3,0.0
2022-07-07T21:00,31.5,69,977.7,10.9,0.0
2022-07-07T22:00,31.1,72,978.2,11.5,0.0
2022-07-07T23:00,30.8,72,978.5,12.3,0.0
2022-07-08T00:00,30.4,73,978.3,11.4,0.0
2022-07-08T01:00,29.9,74,977.7,10.2,0.0
2022-07-08T02:00,29.6,75,977.5,9.7,0.0
2022-07-08T03:00,29.2,76,977.0,9.0,0.0
2022-07-08T04:00,29.0,77,977.2,8.8,0.0
2022-07-08T05:00,29.0,79,977.5,6.8,0.0
2022-07-08T06:00,29.8,77,978.3,8.3,0.0
2022-07-08T07:00,30.9,73,978.4,11.2,0.0
2022-07-08T08:00,32.4,67,978.5,13.9,0.0
2022-07-08T09:00,33.7,60,978.3,15.9,0.0
2022-07-08T10:00,34.7,55,977.7,15.9,0.0
2022-07-08T11:00,35.4,53,977.3,14.8,0.0
2022-07-08T12:00,36.1,50,976.9,12.6,0.0
2022-07-08T13:00,36.6,48,975.6,11.8,0.0
2022-07-08T14:00,36.9,46,974.9,10.7,0.0
2022-07-08T15:00,36.8,46,973.8,10.0,0.1
2022-07-08T16:00,36.5,46,972.9,10.5,0.0
2022-07-08T17:00,35.1,52,973.6,12.8,0.0
2022-07-08T18:00,33.4,58,973.5,13.6,0.0
2022-07-08T19:00,32.2,64,973.8,7.6,0.0
2022-07-08T20:00,31.9,65,974.6,7.6,0.0
2022-07-08T21:00,31.8,67,975.4,10.4,0.0
2022-07-08T22:00,31.5,68,975.9,11.9,0.0
2022-07-08T23:00,31.0,69,975.7,12.6,0.0
2022-07-09T00:00,30.5,72,975.3,10.9,0.0
2022-07-09T01:00,30.1,74,974.4,10.0,0.0
2022-07-09T02:00,29.8,75,974.3,11.8,0.0
2022-07-09T03:00,29.9,73,973.9,12.1,0.1
2022-07-09T04:00,29.5,74,974.0,7.9,0.0
2022-07-09T05:00,29.3,77,973.6,7.9,0.0
2022-07-09T06:00,29.7,77,974.5,8.9,0.0
2022-07-09T07:00,30.7,72,975.3,10.5,0.0
2022-07-09T08:00,31.9,67,975.5,10.4,0.0
2022-07-09T09:00,32.9,63,975.6,18.2,0.0
2022-07-09T10:00,32.8,64,975.8,17.4,0.4
2022-07-09T11:00,33.1,61,975.4,17.4,0.0
2022-07-09T12:00,34.1,58,974.8,13.6,0.0
2022-07-09T13:00,33.2,60,974.4,13.9,0.1
2022-07-09T14:00,33.2,62,973.6,14.8,0.6
2022-07-09T15:00,32.4,66,972.8,14.8,0.0
2022-07-09T16:00,32.6,66,972.3,15.4,0.0
2022-07-09T17:00,31.5,64,974.0,10.4,0.0
2022-07-09T18:00,31.3,65,974.7,12.8,0.0
2022-07-09T19:00,30.1,72,975.1,14.2,0.0
2022-07-09T20:00,29.6,74,975.0,12.6,0.0
2022-07-09T21:00,29.4,75,975.4,11.2,0.0
2022-07-09T22:00,29.0,76,975.8,10.5,0.0
2022-07-09T23:00,28.6,76,975.9,10.5,0.0
2022-07-10T00:00,28.3,78,976.0,10.6,0.0
2022-07-10T01:00,28.0,79,975.8,10.1,0.0
2022-07-10T02:00,27.8,81,975.4,9.5,0.0
2022-07-10T03:00,27.5,82,975.3,10.3,0.0
2022-07-10T04:00,27.2,84,975.1,8.6,0.0
2022-07-10T05:00,27.8,85,975.5,8.4,0.0
2022-07-10T06:00,28.2,84,976.1,9.2,0.0
2022-07-10T07:00,28.6,83,976.5,10.0,3.1
2022-07-10T08:00,28.5,83,977.3,7.6,1.0
2022-07-10T09:00,27.9,85,977.9,10.7,2.6
2022-07-10T10:00,28.5,81,977.7,3.6,0.2
2022-07-10T11:00,28.7,81,977.7,2.3,0.3
2022-07-10T12:00,30.6,74,977.2,4.8,0.1
2022-07-10T13:00,31.9,69,976.2,2.9,0.1
2022-07-10T14:00,32.7,64,975.1,3.3,0.1
2022-07-10T15:00,33.2,62,974.3,4.2,0.0
2022-07-10T16:00,33.2,62,973.7,7.9,0.0
2022-07-10T17:00,31.9,65,974.8,5.1,0.0
2022-07-10T18:00,31.5,66,974.9,6.6,0.0
2022-07-10T19:00,30.9,70,975.4,5.3,0.0
2022-07-10T20:00,30.3,73,976.2,8.3,0.0
2022-07-10T21:00,29.3,79,977.1,10.3,0.0
2022-07-10T22:00,28.6,84,977.7,8.3,0.0
2022-07-10T23:00,28.3,86,977.9,7.6,0.0
2022-07-11T00:00,28.1,87,977.6,7.2,0.0
2022-07-11T01:00,27.9,89,977.3,5.9,0.0
2022-07-11T02:00,27.6,90,977.1,5.0,0.0
2022-07-11T03:00,27.4,92,976.8,4.7,0.0
2022-07-11T04:00,27.4,92,976.8,5.2,0.0
2022-07-11T05:00,26.9,89,977.1,1.8,0.0
2022-07-11T06:00,27.8,87,977.3,2.8,0.0
2022-07-11T07:00,29.1,79,978.1,3.6,0.0
2022-07-11T08:00,30.4,72,978.3,6.9,0.0
2022-07-11T09:00,31.7,68,978.2,5.4,0.0
2022-07-11T10:00,33.3,63,977.8,3.2,0.0
2022-07-11T11:00,33.4,60,977.5,4.7,0.0
2022-07-11T12:00,34.5,58,977.0,2.6,0.0
2022-07-11T13:00,34.9,57,976.1,1.5,0.1
2022-07-11T14:00,34.9,56,975.5,2.0,0.0
2022-07-11T15:00,35.0,56,974.6,4.8,0.0
2022-07-11T16:00,34.7,58,974.3,6.4,0.0
2022-07-11T17:00,34.2,55,974.2,5.8,0.0
2022-07-11T18:00,33.9,55,974.5,6.8,0.0
2022-07-11T19:00,32.6,62,975.0,7.9,0.0
2022-07-11T20:00,31.5,70,975.8,8.2,0.0
2022-07-11T21:00,31.1,71,976.5,5.2,0.0
2022-07-11T22:00,30.7,74,977.4,6.2,0.0
2022-07-11T23:00,30.6,73,977.2,6.3,0.0
2022-07-12T00:00,30.2,74,977.0,4.9,0.0
2022-07-12T01:00,30.1,74,976.4,6.1,0.0
2022-07-12T02:00,29.5,78,975.9,3.7,0.0
2022-07-12T03:00,29.4,78,975.8,6.7,0.0
2022-07-12T04:00,29.0,79,976.2,9.0,0.0
2022-07-12T05:00,28.3,82,976.2,7.9,0.3
2022-07-12T06:00,29.0,79,977.0,6.8,0.0
2022-07-12T07:00,30.1,74,977.5,8.0,0.0
2022-07-12T08:00,31.6,69,977.6,10.1,0.0
2022-07-12T09:00,32.7,65,977.7,8.6,0.1
2022-07-12T10:00,33.3,64,977.7,8.6,0.2
2022-07-12T11:00,34.2,60,977.2,7.8,0.1
2022-07-12T12:00,35.0,56,976.6,7.5,0.0
2022-07-12T13:00,34.9,54,975.8,7.0,0.0
2022-07-12T14:00,31.7,68,975.2,12.6,0.3
2022-07-12T15:00,33.4,63,974.2,4.5,0.1
2022-07-12T16:00,34.3,59,973.3,4.7,0.0
2022-07-12T17:00,32.0,69,973.5,7.9,1.6
2022-07-12T18:00,31.5,71,973.8,7.6,0.0
2022-07-12T19:00,30.7,75,974.3,4.7,0.0
2022-07-12T20:00,30.1,79,975.0,4.4,0.0
2022-07-12T21:00,29.8,80,975.7,7.3,0.0
2022-07-12T22:00,29.4,81,976.1,7.7,0.0
2022-07-12T23:00,28.9,83,975.7,7.3,0.0
2022-07-13T00:00,28.5,85,975.6,5.6,0.0
2022-07-13T01:00,28.2,87,975.1,4.3,0.0
2022-07-13T02:00,28.0,88,974.2,5.8,0.0
2022-07-13T03:00,27.9,89,973.9,6.6,0.0
2022-07-13T04:00,27.8,90,974.3,4.4,0.0
2022-07-13T05:00,27.9,90,974.7,6.5,0.0
2022-07-13T06:00,28.6,87,975.1,7.6,0.0
2022-07-13T07:00,29.7,82,975.5,9.4,0.0
2022-07-13T08:00,30.7,75,976.0,13.4,0.0
2022-07-13T09:00,30.2,75,976.0,11.6,0.0
2022-07-13T10:00,31.5,71,975.8,6.2,0.1
2022-07-13T11:00,33.2,64,975.1,8.0,0.1
2022-07-13T12:00,34.3,59,974.6,8.2,0.0
2022-07-13T13:00,35.0,57,973.7,8.8,0.0
2022-07-13T14:00,35.3,56,972.3,8.0,0.0
2022-07-13T15:00,35.4,54,971.3,7.3,0.0
2022-07-13T16:00,34.9,54,970.7,8.4,0.0
2022-07-13T17:00,33.2,61,971.5,11.7,0.0
2022-07-13T18:00,32.1,67,972.1,11.4,0.0
2022-07-13T19:00,31.3,72,972.6,8.2,0.0
2022-07-13T20:00,30.6,76,973.1,10.5,0.0
2022-07-13T21:00,29.8,80,974.2,11.3,0.0
2022-07-13T22:00,29.4,81,974.6,9.7,0.0
2022-07-13T23:00,29.4,81,974.6,8.4,0.0
2022-07-14T00:00,29.3,81,974.1,8.4,0.0
2022-07-14T01:00,29.2,81,973.4,9.3,0.0
2022-07-14T02:00,29.1,81,973.2,9.8,0.0
2022-07-14T03:00,28.6,84,972.9,10.2,1.1
2022-07-14T04:00,28.5,85,972.8,12.3,0.0
2022-07-14T05:00,29.1,77,973.7,5.0,0.0
2022-07-14T06:00,28.1,83,974.1,11.2,2.1
2022-07-14T07:00,28.8,84,974.5,11.4,0.1
2022-07-14T08:00,30.7,74,974.6,7.0,0.0
2022-07-14T09:00,33.0,65,975.0,9.3,0.0
2022-07-14T10:00,34.2,58,975.2,12.5,0.1
2022-07-14T11:00,34.7,55,975.3,12.3,0.0
2022-07-14T12:00,32.7,63,974.6,17.9,2.2
2022-07-14T13:00,32.7,65,973.6,7.1,1.2
2022-07-14T14:00,29.4,78,973.9,16.9,3.6
2022-07-14T15:00,28.6,81,973.4,8.5,0.2
2022-07-14T16:00,29.6,77,972.4,13.6,0.0
2022-07-14T17:00,29.5,76,972.1,13.2,0.0
2022-07-14T18:00,29.0,77,972.7,12.7,0.0
2022-07-14T19:00,28.5,81,973.8,12.8,0.0
2022-07-14T20:00,28.7,81,974.1,13.8,0.0
2022-07-14T21:00,28.9,82,974.8,12.3,0.0
2022-07-14T22:00,29.0,83,975.6,11.0,0.0
2022-07-14T23:00,28.9,83,975.7,11.5,0.0
2022-07-15T00:00,28.9,82,975.3,12.8,0.0
2022-07-15T01:00,28.9,80,974.8,13.6,0.0
2022-07-15T02:00,29.1,75,974.2,15.5,0.0
2022-07-15T03:00,29.2,72,974.1,16.8,0.0
2022-07-15T04:00,29.2,71,974.4,16.1,0.0
2022-07-15T05:00,28.9,74,975.1,16.5,0.0
2022-07-15T06:00,29.3,73,975.3,17.2,0.0
2022-07-15T07:00,30.3,71,975.9,15.5,0.0
2022-07-15T08:00,31.5,66,976.4,18.3,0.0
2022-07-15T09:00,32.5,64,976.9,18.1,0.1
2022-07-15T10:00,33.3,62,977.1,18.1,0.1
2022-07-15T11:00,34.3,59,977.3,16.4,0.1
2022-07-15T12:00,35.3,53,976.7,17.0,0.0
2022-07-15T13:00,35.5,50,975.8,17.0,0.0
2022-07-15T14:00,36.4,47,974.8,17.0,0.0
2022-07-15T15:00,31.0,72,974.5,16.5,1.9
2022-07-15T16:00,32.6,65,974.1,15.0,0.2
2022-07-15T17:00,33.3,58,974.0,18.5,0.2
2022-07-15T18:00,32.2,65,974.5,14.3,0.0
2022-07-15T19:00,31.4,68,975.4,15.5,0.0
2022-07-15T20:00,30.7,72,975.7,13.0,0.0
2022-07-15T21:00,30.4,73,976.5,10.6,0.0
2022-07-15T22:00,30.3,74,976.7,11.1,0.0
2022-07-15T23:00,30.0,74,976.1,14.4,0.0
2022-07-16T00:00,29.8,72,975.5,12.4,0.0
2022-07-16T01:00,29.5,69,975.7,9.1,0.0
2022-07-16T02:00,29.3,68,975.7,10.5,0.0
2022-07-16T03:00,28.8,70,975.5,8.4,0.0
2022-07-16T04:00,28.3,72,975.5,8.2,0.0
2022-07-16T05:00,27.9,76,976.5,7.2,0.0
2022-07-16T06:00,28.1,76,977.1,7.2,0.0
2022-07-16T07:00,28.9,75,977.5,7.0,0.0
2022-07-16T08:00,30.2,71,977.5,6.1,0.0
2022-07-16T09:00,31.6,67,977.5,7.8,0.0
2022-07-16T10:00,32.7,65,977.8,10.1,0.1
2022-07-16T11:00,33.6,61,977.5,13.0,0.3
2022-07-16T12:00,31.1,71,977.1,10.5,11.8
2022-07-16T13:00,29.2,79,976.8,10.2,7.6
2022-07-16T14:00,28.8,84,975.4,8.1,0.6
2022-07-16T15:00,29.7,80,975.1,6.6,0.1
2022-07-16T16:00,30.7,75,974.4,6.9,0.0
2022-07-16T17:00,30.0,78,975.1,12.6,0.0
2022-07-16T18:00,29.6,79,975.4,11.2,0.0
2022-07-16T19:00,29.0,82,976.3,10.7,0.0
2022-07-16T20:00,28.9,82,977.3,9.9,0.0
2022-07-16T21:00,28.8,83,978.3,7.8,0.0
2022-07-16T22:00,28.6,84,978.6,10.1,0.0
2022-07-16T23:00,28.4,84,978.8,10.9,0.0
2022-07-17T00:00,28.3,83,978.1,9.4,0.0
2022-07-17T01:00,28.2,83,977.8,8.9,0.0
2022-07-17T02:00,28.1,83,977.5,10.1,0.0
2022-07-17T03:00,26.4,92,977.9,14.9,7.4
2022-07-17T04:00,25.7,94,977.6,16.8,0.7
2022-07-17T05:00,26.1,92,978.7,11.0,0.3
2022-07-17T06:00,26.3,91,979.3,8.7,0.1
2022-07-17T07:00,27.0,89,979.1,4.9,0.1
2022-07-17T08:00,28.4,85,979.8,3.1,0.1
2022-07-17T09:00,30.0,79,979.9,7.4,0.5
2022-07-17T10:00,30.9,76,979.6,9.9,0.3
2022-07-17T11:00,30.9,76,979.5,10.5,0.2
2022-07-17T12:00,31.5,74,978.9,10.5,0.1
2022-07-17T13:00,32.3,71,978.3,11.3,0.1
2022-07-17T14:00,33.5,65,977.4,11.2,0.1
2022-07-17T15:00,34.2,61,976.5,11.6,0.0
2022-07-17T16:00,34.1,60,976.1,9.5,0.0
2022-07-17T17:00,32.1,70,976.8,9.0,0.3
2022-07-17T18:00,31.5,73,976.9,8.2,0.0
2022-07-17T19:00,30.2,79,977.1,7.9,0.0
2022-07-17T20:00,29.6,84,977.9,7.8,0.0
2022-07-17T21:00,29.1,86,978.9,6.1,0.0
2022-07-17T22:00,28.8,88,979.2,6.1,0.0
2022-07-17T23:00,28.5,89,978.9,6.2,0.0
2022-07-18T00:00,28.4,90,978.4,7.9,0.0
2022-07-18T01:00,28.4,89,978.1,6.4,0.0
2022-07-18T02:00,28.0,92,977.5,4.6,0.0
2022-07-18T03:00,28.0,92,977.7,4.0,0.0
2022-07-18T04:00,26.5,94,978.4,10.2,2.7
2022-07-18T05:00,25.9,93,977.7,5.8,0.1
2022-07-18T06:00,26.9,91,977.9,2.4,0.0
2022-07-18T07:00,28.7,87,978.6,1.3,0.0
2022-07-18T08:00,30.5,79,978.7,4.5,0.0
2022-07-18T09:00,32.2,72,978.8,5.6,0.0
2022-07-18T10:00,33.3,66,978.7,5.4,0.1
2022-07-18T11:00,34.4,63,978.5,6.2,0.0
2022-07-18T12:00,35.2,56,977.4,7.4,0.0
2022-07-18T13:00,35.1,56,976.4,8.3,0.1
2022-07-18T14:00,35.4,57,975.4,8.3,0.0
2022-07-18T15:00,35.5,56,974.4,7.6,0.0
2022-07-18T16:00,35.4,56,974.0,6.3,0.0
2022-07-18T17:00,33.8,62,974.5,7.2,0.2
2022-07-18T18:00,32.2,68,974.9,7.5,0.0
2022-07-18T19:00,30.6,75,975.3,6.9,0.0
2022-07-18T20:00,29.9,78,975.8,4.7,0.0
2022-07-18T21:00,29.9,79,976.5,5.4,0.0
2022-07-18T22:00,29.7,81,976.9,4.8,0.0
2022-07-18T23:00,29.5,85,976.8,5.9,0.0
2022-07-19T00:00,29.5,84,976.8,5.8,0.0
2022-07-19T01:00,29.8,81,976.5,2.9,0.0
2022-07-19T02:00,29.2,86,976.0,4.0,0.0
2022-07-19T03:00,29.1,84,975.9,4.0,0.0
2022-07-19T04:00,28.8,86,975.9,6.6,0.0
2022-07-19T05:00,27.4,88,976.4,18.5,0.2
2022-07-19T06:00,27.5,86,976.7,14.2,0.3
2022-07-19T07:00,28.5,84,977.3,7.9,0.0
2022-07-19T08:00,30.2,79,977.4,8.0,0.0
2022-07-19T09:00,32.0,73,977.6,8.6,0.0
2022-07-19T10:00,33.3,67,977.5,7.4,0.0
2022-07-19T11:00,33.7,65,977.2,4.7,0.2
2022-07-19T12:00,34.0,64,976.5,5.0,0.1
2022-07-19T13:00,34.7,61,975.6,5.6,0.5
2022-07-19T14:00,34.9,60,974.6,5.4,0.0
2022-07-19T15:00,35.3,57,973.7,4.8,0.0
2022-07-19T16:00,35.2,57,973.3,5.5,0.0
2022-07-19T17:00,33.8,63,973.7,3.1,0.0
2022-07-19T18:00,33.4,64,974.2,0.8,0.0
2022-07-19T19:00,30.6,76,974.9,16.0,0.2
2022-07-19T20:00,28.9,84,975.3,11.7,0.2
2022-07-19T21:00,28.9,84,975.8,5.4,0.0
2022-07-19T22:00,28.6,86,975.9,7.7,0.0
2022-07-19T23:00,28.2,85,975.7,9.4,0.0
2022-07-20T00:00,28.0,84,975.1,9.2,0.0
2022-07-20T01:00,27.9,86,974.6,6.9,0.0
2022-07-20T02:00,27.7,89,974.1,7.4,0.2
2022-07-20T03:00,26.6,93,975.7,8.4,14.6
2022-07-20T04:00,26.7,93,974.9,2.6,0.5
2022-07-20T05:00,27.5,91,975.3,2.6,4.6
2022-07-20T06:00,27.8,89,975.6,8.9,0.0
2022-07-20T07:00,28.1,87,976.0,12.9,0.0
2022-07-20T08:00,28.8,81,976.4,12.6,0.0
2022-07-20T09:00,30.4,75,976.6,15.1,0.0
2022-07-20T10:00,32.2,70,977.2,16.2,0.0
2022-07-20T11:00,33.3,67,977.0,16.4,0.1
2022-07-20T12:00,33.4,67,976.1,16.7,0.0
2022-07-20T13:00,32.7,69,975.1,14.7,0.7
2022-07-20T14:00,32.8,69,974.3,13.8,0.5
2022-07-20T15:00,30.1,77,974.0,4.9,4.7
2022-07-20T16:00,29.1,82,973.7,12.5,0.4
2022-07-20T17:00,28.4,84,975.3,9.7,0.0
2022-07-20T18:00,28.4,85,975.0,8.9,0.2
2022-07-20T19:00,27.6,90,976.0,10.2,0.3
2022-07-20T20:00,27.0,93,976.3,7.3,0.1
2022-07-20T21:00,26.7,94,977.0,5.1,0.0
2022-07-20T22:00,26.7,94,977.4,6.3,0.0
2022-07-20T23:00,26.6,95,977.2,9.1,0.0
2022-07-21T00:00,26.3,95,976.2,6.9,0.0
2022-07-21T01:00,25.4,96,975.9,3.4,3.4
2022-07-21T02:00,25.1,97,975.5,2.9,0.5
2022-07-21T03:00,24.7,96,976.1,10.4,0.5
2022-07-21T04:00,24.6,95,976.9,4.6,2.6
2022-07-21T05:00,25.1,93,977.1,0.7,3.1
2022-07-21T06:00,25.5,91,978.1,1.1,0.0
2022-07-21T07:00,26.4,86,978.8,5.2,0.1
2022-07-21T08:00,27.2,81,979.1,4.2,0.1
2022-07-21T09:00,27.9,78,979.5,2.5,0.0
2022-07-21T10:00,29.0,74,979.5,4.9,0.2
2022-07-21T11:00,30.0,70,979.4,3.7,0.4
2022-07-21T12:00,30.6,71,979.1,7.2,0.4
2022-07-21T13:00,30.4,72,978.0,6.3,0.1
2022-07-21T14:00,30.0,74,977.4,8.0,0.9
2022-07-21T15:00,30.7,73,977.2,3.1,0.1
2022-07-21T16:00,30.5,73,977.0,4.7,0.1
2022-07-21T17:00,30.5,71,977.3,3.8,3.9
2022-07-21T18:00,29.8,76,977.1,5.3,0.1
2022-07-21T19:00,28.3,84,977.5,4.0,0.0
2022-07-21T20:00,27.7,87,978.5,3.8,0.0
2022-07-21T21:00,27.5,89,979.7,5.1,0.0
2022-07-21T22:00,27.1,92,980.2,4.3,0.0
2022-07-21T23:00,26.6,95,980.2,4.0,0.0
2022-07-22T00:00,26.4,96,979.8,4.0,0.0
2022-07-22T01:00,26.3,97,979.3,3.1,0.2
2022-07-22T02:00,26.2,97,978.5,6.2,1.3
2022-07-22T03:00,25.8,96,978.3,9.8,1.2
2022-07-22T04:00,25.2,96,979.0,9.0,0.5
2022-07-22T05:00,25.1,95,979.5,5.4,0.1
2022-07-22T06:00,25.8,94,980.4,6.4,0.1
2022-07-22T07:00,26.6,89,981.2,7.3,0.0
2022-07-22T08:00,27.5,85,981.3,4.7,0.0
2022-07-22T09:00,28.5,81,981.5,6.4,0.0
2022-07-22T10:00,28.8,81,981.5,8.6,0.1
2022-07-22T11:00,28.9,81,980.9,9.6,0.3
2022-07-22T12:00,30.4,74,980.0,10.2,0.1
2022-07-22T13:00,31.0,70,978.9,8.5,0.1
2022-07-22T14:00,31.3,69,978.1,8.7,0.1
2022-07-22T15:00,31.3,69,977.5,8.5,0.0
2022-07-22T16:00,31.1,69,976.9,5.4,0.0
2022-07-22T17:00,28.2,83,977.3,9.5,0.8
2022-07-22T18:00,28.0,85,977.6,7.2,0.1
2022-07-22T19:00,27.4,89,978.4,3.7,0.0
2022-07-22T20:00,27.2,90,978.8,5.8,0.0
2022-07-22T21:00,27.0,90,979.1,6.1,0.0
2022-07-22T22:00,26.8,91,979.3,6.2,0.0
2022-07-22T23:00,26.5,93,979.2,5.4,0.0
2022-07-23T00:00,26.3,94,978.7,8.4,0.0
2022-07-23T01:00,26.3,91,978.4,8.5,0.4
2022-07-23T02:00,26.0,93,978.0,10.1,0.2
2022-07-23T03:00,25.6,94,977.7,14.5,0.0
2022-07-23T04:00,25.0,95,978.1,13.3,0.3
2022-07-23T05:00,25.4,95,978.1,14.4,5.2
2022-07-23T06:00,25.9,91,978.7,16.2,0.1
2022-07-23T07:00,26.9,86,979.3,21.0,0.1
2022-07-23T08:00,27.5,83,979.3,21.1,0.0
2022-07-23T09:00,28.9,77,979.5,21.0,0.1
2022-07-23T10:00,29.7,75,979.7,19.8,0.1
2022-07-23T11:00,30.9,70,978.8,20.8,0.1
2022-07-23T12:00,27.9,84,978.5,13.4,7.2
2022-07-23T13:00,28.4,81,978.0,15.0,1.2
2022-07-23T14:00,29.2,80,976.7,18.2,0.2
2022-07-23T15:00,29.0,81,976.1,16.4,0.2
2022-07-23T16:00,29.2,81,975.6,13.3,0.0
2022-07-23T17:00,28.9,80,975.7,6.1,0.0
2022-07-23T18:00,29.0,82,976.1,8.0,0.0
2022-07-23T19:00,28.4,86,976.9,8.2,0.0
2022-07-23T20:00,28.2,87,977.3,10.1,0.0
2022-07-23T21:00,28.2,87,978.2,9.1,0.0
2022-07-23T22:00,27.8,88,978.7,9.8,0.0
2022-07-23T23:00,27.3,89,978.5,6.7,0.0
2022-07-24T00:00,27.1,90,978.0,9.6,0.0
2022-07-24T01:00,25.8,95,978.2,13.2,6.7
2022-07-24T02:00,26.0,94,977.0,11.5,0.1
2022-07-24T03:00,25.7,94,977.0,10.0,0.1
2022-07-24T04:00,26.0,95,977.2,11.3,0.0
2022-07-24T05:00,26.3,93,977.4,10.5,0.0
2022-07-24T06:00,27.0,90,977.7,14.5,0.0
2022-07-24T07:00,28.3,82,978.0,17.7,0.0
2022-07-24T08:00,29.3,77,978.3,20.8,0.0
2022-07-24T09:00,30.3,72,978.4,23.0,0.0
2022-07-24T10:00,31.3,67,978.6,23.0,0.0
2022-07-24T11:00,32.0,65,978.5,21.7,0.1
2022-07-24T12:00,32.7,64,978.2,20.4,0.1
2022-07-24T13:00,33.3,63,977.1,19.3,0.0
2022-07-24T14:00,32.8,65,975.9,18.6,0.1
2022-07-24T15:00,32.8,66,975.3,17.0,0.2
2022-07-24T16:00,31.5,71,975.2,15.6,0.3
2022-07-24T17:00,28.6,84,975.3,9.1,0.1
2022-07-24T18:00,28.6,83,976.5,10.4,0.0
2022-07-24T19:00,28.2,86,977.7,9.0,0.0
2022-07-24T20:00,28.2,85,978.4,11.9,0.0
2022-07-24T21:00,27.9,85,978.9,13.8,0.0
2022-07-24T22:00,27.7,86,979.5,14.9,0.0
2022-07-24T23:00,27.5,86,979.6,16.8,0.0
2022-07-25T00:00,27.3,87,979.2,15.4,0.0
2022-07-25T01:00,26.1,91,979.6,15.1,4.2
2022-07-25T02:00,25.9,92,978.7,15.7,0.2
2022-07-25T03:00,25.8,93,978.8,13.4,0.0
2022-07-25T04:00,26.0,93,978.9,14.0,0.0
2022-07-25T05:00,25.8,92,979.2,15.0,0.3
2022-07-25T06:00,26.0,91,980.3,17.2,3.6
2022-07-25T07:00,26.2,90,980.6,17.8,0.8
2022-07-25T08:00,27.3,84,980.9,21.3,0.1
2022-07-25T09:00,28.8,76,981.1,24.7,0.1
2022-07-25T10:00,30.0,73,981.2,21.4,0.1
2022-07-25T11:00,31.1,69,981.0,20.3,0.1
2022-07-25T12:00,31.6,66,980.4,20.8,0.1
2022-07-25T13:00,32.3,62,979.5,19.2,0.1
2022-07-25T14:00,32.5,61,978.4,17.9,0.0
2022-07-25T15:00,32.4,61,977.8,15.8,0.1
2022-07-25T16:00,32.5,60,977.1,14.8,0.0
2022-07-25T17:00,31.7,62,977.9,14.0,0.0
2022-07-25T18:00,29.6,74,978.9,8.0,0.1
2022-07-25T19:00,29.0,76,979.4,6.0,0.0
2022-07-25T20:00,28.5,79,980.6,12.1,0.0
2022-07-25T21:00,27.9,83,981.4,12.5,0.0
2022-07-25T22:00,27.4,86,981.7,13.2,0.0
2022-07-25T23:00,26.9,88,981.8,11.6,0.0
2022-07-26T00:00,26.4,89,981.9,12.5,0.0
2022-07-26T01:00,26.0,91,981.6,12.2,0.0
2022-07-26T02:00,25.6,91,981.2,12.4,0.0
2022-07-26T03:00,25.3,91,980.9,13.0,0.0
2022-07-26T04:00,25.3,91,981.2,12.7,0.0
2022-07-26T05:00,25.5,92,981.0,11.9,0.0
2022-07-26T06:00,26.1,89,981.5,14.8,0.0
2022-07-26T07:00,26.5,87,982.0,16.5,0.0
2022-07-26T08:00,27.1,83,982.5,17.6,0.0
2022-07-26T09:00,28.2,77,982.5,18.3,0.1
2022-07-26T10:00,29.5,73,982.5,18.2,0.1
2022-07-26T11:00,29.0,72,982.3,18.9,0.5
2022-07-26T12:00,29.5,73,981.7,18.7,0.6
2022-07-26T13:00,30.9,70,980.6,18.2,0.3
2022-07-26T14:00,30.3,71,979.8,17.3,1.0
2022-07-26T15:00,30.9,69,978.6,15.0,0.0
2022-07-26T16:00,31.5,64,978.1,16.3,0.1
2022-07-26T17:00,30.9,66,978.5,14.8,0.1
2022-07-26T18:00,30.1,72,979.0,9.7,0.0
2022-07-26T19:00,29.1,76,979.8,8.4,0.0
2022-07-26T20:00,28.6,77,980.4,10.8,0.0
2022-07-26T21:00,28.2,78,980.8,12.0,0.0
2022-07-26T22:00,28.0,79,981.0,12.9,0.0
2022-07-26T23:00,27.9,81,981.1,11.9,0.0
2022-07-27T00:00,27.4,84,981.1,9.9,0.0
2022-07-27T01:00,27.2,85,980.7,10.5,0.0
2022-07-27T02:00,25.6,93,980.6,14.0,1.7
2022-07-27T03:00,25.4,94,980.0,11.7,0.1
2022-07-27T04:00,25.3,94,979.9,10.1,0.0
2022-07-27T05:00,25.9,91,980.1,8.4,0.0
2022-07-27T06:00,26.5,88,980.9,12.2,0.0
2022-07-27T07:00,27.1,85,981.6,13.9,0.0
2022-07-27T08:00,27.9,81,981.9,15.0,0.2
2022-07-27T09:00,28.5,79,982.4,16.0,0.2
2022-07-27T10:00,29.7,76,982.6,15.9,0.1
2022-07-27T11:00,30.6,71,982.1,14.9,0.1
2022-07-27T12:00,30.0,72,981.2,15.3,0.2
2022-07-27T13:00,31.3,66,980.2,16.6,0.2
2022-07-27T14:00,31.6,67,979.5,16.6,0.1
2022-07-27T15:00,32.1,65,978.7,13.8,0.0
2022-07-27T16:00,31.8,65,978.2,13.8,0.0
2022-07-27T17:00,29.2,78,978.5,9.1,0.0
2022-07-27T18:00,29.1,79,979.3,8.8,0.0
2022-07-27T19:00,28.4,82,980.0,10.7,0.0
2022-07-27T20:00,27.9,84,980.5,12.4,0.0
2022-07-27T21:00,27.4,86,981.2,12.2,0.0
2022-07-27T22:00,27.0,88,982.1,13.1,0.0
2022-07-27T23:00,26.4,91,982.4,13.3,2.0
2022-07-28T00:00,26.0,92,981.8,11.4,0.1
2022-07-28T01:00,25.7,93,981.4,9.1,0.0
2022-07-28T02:00,25.6,94,981.0,9.0,0.0
2022-07-28T03:00,25.2,95,980.6,7.9,0.6
2022-07-28T04:00,25.0,95,980.5,8.7,1.5
2022-07-28T05:00,25.0,96,981.0,9.4,0.0
2022-07-28T06:00,25.9,92,982.0,7.1,0.0
2022-07-28T07:00,26.4,90,982.8,5.9,0.0
2022-07-28T08:00,27.3,85,983.0,1.5,0.1
2022-07-28T09:00,28.4,82,983.5,2.2,0.1
2022-07-28T10:00,29.6,76,983.6,2.3,0.1
2022-07-28T11:00,30.3,72,983.1,1.9,0.1
2022-07-28T12:00,30.4,71,982.0,2.8,0.2
2022-07-28T13:00,31.3,69,981.1,2.9,0.1
2022-07-28T14:00,31.7,67,980.1,2.2,0.1
2022-07-28T15:00,31.5,69,979.0,5.0,0.1
2022-07-28T16:00,30.0,75,978.9,9.4,3.5
2022-07-28T17:00,27.4,85,980.5,9.4,5.9
2022-07-28T18:00,27.0,91,981.3,6.3,2.0
2022-07-28T19:00,27.0,92,981.2,2.3,1.5
2022-07-28T20:00,26.9,93,981.9,2.9,2.2
2022-07-28T21:00,26.6,95,982.7,4.4,2.1
2022-07-28T22:00,26.5,95,983.2,5.6,1.3
2022-07-28T23:00,26.3,95,982.8,6.4,0.2
2022-07-29T00:00,26.1,95,982.3,6.9,0.1
2022-07-29T01:00,25.8,94,981.6,7.0,0.1
2022-07-29T02:00,25.5,95,981.3,3.3,0.3
2022-07-29T03:00,25.4,95,981.1,4.5,0.3
2022-07-29T04:00,25.3,96,981.2,6.2,0.2
2022-07-29T05:00,24.7,95,981.3,8.4,0.1
2022-07-29T06:00,25.3,94,981.6,6.0,0.3
2022-07-29T07:00,26.1,91,982.0,6.9,0.1
2022-07-29T08:00,27.3,85,982.6,8.4,0.1
2022-07-29T09:00,28.7,80,982.8,9.5,0.1
2022-07-29T10:00,30.2,72,982.8,10.5,0.2
2022-07-29T11:00,29.4,75,981.8,7.2,3.0
2022-07-29T12:00,29.2,76,981.3,10.2,3.8
2022-07-29T13:00,30.0,74,980.2,8.2,0.2
2022-07-29T14:00,28.6,79,979.8,14.3,4.0
2022-07-29T15:00,28.9,79,978.9,11.2,0.2
2022-07-29T16:00,29.6,75,978.4,9.9,0.0
2022-07-29T17:00,27.9,86,979.3,4.0,0.0
2022-07-29T18:00,27.9,87,979.0,5.4,0.7
2022-07-29T19:00,27.1,92,979.8,4.5,0.0
2022-07-29T20:00,26.8,93,980.4,4.6,0.0
2022-07-29T21:00,26.8,93,981.1,2.3,0.0
2022-07-29T22:00,26.3,95,981.2,2.6,3.0
2022-07-29T23:00,26.5,95,980.9,3.0,0.1
2022-07-30T00:00,26.3,96,980.4,1.8,0.0
2022-07-30T01:00,25.8,97,979.8,3.3,0.0
2022-07-30T02:00,25.7,96,979.5,2.7,0.0
2022-07-30T03:00,25.9,96,979.2,4.0,0.0
2022-07-30T04:00,25.7,96,979.2,5.6,0.0
2022-07-30T05:00,25.4,95,979.8,2.9,1.9
2022-07-30T06:00,25.9,92,980.2,2.3,1.1
2022-07-30T07:00,26.3,91,980.5,3.6,0.6
2022-07-30T08:00,27.4,87,980.9,5.6,0.3
2022-07-30T09:00,28.4,82,981.2,6.8,0.3
2022-07-30T10:00,29.5,77,981.0,10.5,0.2
2022-07-30T11:00,30.0,73,980.4,10.7,0.1
2022-07-30T12:00,30.4,70,979.6,10.1,0.1
2022-07-30T13:00,30.8,69,979.0,8.6,0.1
2022-07-30T14:00,31.2,68,978.4,7.6,0.1
2022-07-30T15:00,31.3,67,976.6,9.0,0.0
2022-07-30T16:00,31.2,66,976.2,7.2,0.1
2022-07-30T17:00,27.4,86,977.1,4.7,0.0
2022-07-30T18:00,27.5,87,977.4,4.2,0.0
2022-07-30T19:00,26.9,93,977.7,3.3,0.0
2022-07-30T20:00,26.7,92,978.1,8.1,0.0
2022-07-30T21:00,26.5,92,978.6,4.4,0.0
2022-07-30T22:00,26.4,95,978.7,3.3,0.0
2022-07-30T23:00,26.1,96,978.6,3.3,0.0
2022-07-31T00:00,26.0,96,977.9,2.9,0.4
2022-07-31T01:00,26.2,95,977.3,6.8,0.0
2022-07-31T02:00,26.1,95,976.9,7.3,0.0
2022-07-31T03:00,26.1,95,976.6,8.4,0.1
2022-07-31T04:00,26.1,93,976.6,8.8,0.0
2022-07-31T05:00,25.5,96,976.6,6.5,0.0
2022-07-31T06:00,26.0,95,977.3,6.6,0.1
2022-07-31T07:00,27.0,91,977.7,6.4,0.0
2022-07-31T08:00,28.2,81,978.1,9.0,0.1
2022-07-31T09:00,29.5,73,978.2,10.3,0.0
2022-07-31T10:00,30.5,68,978.2,10.2,0.0
2022-07-31T11:00,31.4,64,977.9,10.0,0.0
2022-07-31T12:00,32.3,59,977.1,10.5,0.0
2022-07-31T13:00,32.9,56,976.2,10.3,0.0
2022-07-31T14:00,32.9,55,975.4,8.6,0.0
2022-07-31T15:00,32.7,56,974.6,6.6,0.1
2022-07-31T16:00,32.6,55,974.2,7.6,0.1
2022-07-31T17:00,28.5,78,974.8,3.6,0.1
2022-07-31T18:00,28.3,80,975.3,5.7,0.0
2022-07-31T19:00,27.3,88,976.2,3.2,0.0
2022-07-31T20:00,26.7,93,976.5,3.8,0.0
2022-07-31T21:00,26.5,93,977.1,2.9,0.0
2022-07-31T22:00,26.2,96,977.1,3.5,0.0
2022-07-31T23:00,26.2,96,977.1,3.1,0.0
2022-08-01T00:00,26.0,96,976.5,3.1,0.0
2022-08-01T01:00,25.9,96,976.6,3.8,0.0
2022-08-01T02:00,26.1,95,976.4,2.9,1.0
2022-08-01T03:00,25.2,97,976.3,5.0,2.5
2022-08-01T04:00,25.2,97,976.3,2.6,0.6
2022-08-01T05:00,25.3,96,977.2,6.9,0.1
2022-08-01T06:00,25.7,94,977.5,5.4,0.1
2022-08-01T07:00,26.7,88,978.0,5.1,0.3
2022-08-01T08:00,26.6,88,978.6,1.8,2.3
2022-08-01T09:00,28.5,82,978.9,6.2,0.2
2022-08-01T10:00,29.8,77,978.8,7.6,0.2
2022-08-01T11:00,31.0,71,978.5,10.4,0.1
2022-08-01T12:00,31.5,65,977.8,9.0,0.0
2022-08-01T13:00,29.8,72,977.1,11.0,0.6
2022-08-01T14:00,28.4,80,976.4,12.2,1.8
2022-08-01T15:00,29.8,75,975.5,8.0,0.1
2022-08-01T16:00,30.7,71,975.0,8.0,0.0
2022-08-01T17:00,30.1,71,975.5,9.9,0.0
2022-08-01T18:00,29.5,75,975.7,7.9,0.1
2022-08-01T19:00,28.5,79,976.1,6.6,0.0
2022-08-01T20:00,27.8,82,976.6,7.3,0.0
2022-08-01T21:00,27.2,84,977.0,7.7,0.0
2022-08-01T22:00,26.6,87,977.0,5.4,0.0
2022-08-01T23:00,26.3,89,977.4,4.8,0.0
2022-08-02T00:00,26.2,91,977.2,5.9,0.0
2022-08-02T01:00,26.2,91,976.7,7.2,0.0
2022-08-02T02:00,26.1,91,976.4,7.7,0.0
2022-08-02T03:00,25.9,92,976.2,9.4,0.0
2022-08-02T04:00,25.8,92,976.4,9.4,0.0
2022-08-02T05:00,26.0,91,976.1,8.8,0.0
2022-08-02T06:00,26.6,89,977.0,9.5,0.0
2022-08-02T07:00,27.6,86,977.5,9.7,0.0
2022-08-02T08:00,28.8,81,977.5,12.7,0.1
2022-08-02T09:00,30.1,75,977.7,12.8,0.1
2022-08-02T10:00,31.2,69,977.6,12.2,0.0
2022-08-02T11:00,32.1,65,977.4,11.0,0.1
2022-08-02T12:00,32.8,62,976.9,10.3,0.0
2022-08-02T13:00,33.2,60,976.2,10.4,0.0
2022-08-02T14:00,33.4,59,975.2,10.9,0.0
2022-08-02T15:00,33.4,58,974.5,12.2,0.0
2022-08-02T16:00,33.2,58,974.0,12.9,0.0
2022-08-02T17:00,31.9,65,974.8,12.0,0.0
2022-08-02T18:00,31.1,71,975.4,7.4,0.0
2022-08-02T19:00,29.7,78,975.8,4.3,0.0
2022-08-02T20:00,29.0,83,976.1,5.4,0.0
2022-08-02T21:00,28.5,84,977.1,4.2,0.0
2022-08-02T22:00,28.0,86,977.5,9.3,0.0
2022-08-02T23:00,27.6,86,977.9,9.7,0.0
2022-08-03T00:00,27.4,87,977.7,8.4,0.0
2022-08-03T01:00,27.2,88,977.1,6.6,0.0
2022-08-03T02:00,26.9,90,976.9,6.2,0.0
2022-08-03T03:00,26.7,91,977.0,9.4,0.0
2022-08-03T04:00,26.6,91,977.3,9.4,0.0
2022-08-03T05:00,26.5,90,977.3,8.3,0.0
2022-08-03T06:00,26.7,89,978.1,7.5,0.0
2022-08-03T07:00,27.1,88,979.1,4.7,0.3
2022-08-03T08:00,28.1,83,979.3,7.9,0.0
2022-08-03T09:00,29.1,78,979.2,6.0,0.0
2022-08-03T10:00,30.9,71,979.5,7.6,0.0
2022-08-03T11:00,31.7,71,979.4,6.8,0.0
2022-08-03T12:00,32.0,70,979.0,4.8,0.1
2022-08-03T13:00,32.1,67,978.0,6.0,0.1
2022-08-03T14:00,32.4,66,977.1,4.1,0.1
2022-08-03T15:00,32.8,65,976.0,5.6,0.0
2022-08-03T16:00,32.9,64,975.8,6.2,0.0
2022-08-03T17:00,29.9,76,976.3,12.0,0.0
2022-08-03T18:00,29.3,80,976.9,7.6,0.0
2022-08-03T19:00,29.0,82,977.5,7.3,0.0
2022-08-03T20:00,28.9,82,978.2,10.2,0.0
2022-08-03T21:00,28.6,83,979.0,10.9,0.0
2022-08-03T22:00,28.0,86,979.2,8.8,0.0
2022-08-03T23:00,27.5,88,979.4,6.8,0.0
2022-08-04T00:00,27.2,89,979.1,7.8,0.0
2022-08-04T01:00,26.8,93,978.9,4.9,0.0
2022-08-04T02:00,26.6,95,978.4,5.1,0.0
2022-08-04T03:00,26.4,97,978.4,4.5,0.0
2022-08-04T04:00,26.4,97,978.5,5.2,0.0
2022-08-04T05:00,26.6,95,979.1,6.0,0.0
2022-08-04T06:00,27.0,90,979.4,12.3,0.1
2022-08-04T07:00,27.2,89,980.1,11.6,0.0
2022-08-04T08:00,28.3,84,980.4,9.8,0.0
2022-08-04T09:00,29.3,78,980.3,8.6,0.0
2022-08-04T10:00,29.9,77,980.2,8.8,0.1
2022-08-04T11:00,30.2,76,979.9,7.4,0.0
2022-08-04T12:00,30.9,71,979.2,5.4,0.0
2022-08-04T13:00,31.5,68,978.2,3.4,0.1
2022-08-04T14:00,30.1,72,977.8,14.0,0.6
2022-08-04T15:00,28.7,82,976.7,10.8,0.5
2022-08-04T16:00,28.9,81,976.2,9.3,0.0
2022-08-04T17:00,30.0,75,976.7,8.7,0.0
2022-08-04T18:00,28.2,83,977.2,9.0,0.2
2022-08-04T19:00,27.5,89,977.6,5.6,0.1
2022-08-04T20:00,27.1,91,978.0,6.5,0.0
2022-08-04T21:00,26.8,92,978.4,9.5,0.0
2022-08-04T22:00,26.6,92,979.0,10.6,0.0
2022-08-04T23:00,26.4,93,979.0,8.8,0.0
2022-08-05T00:00,26.3,94,978.6,7.3,0.0
2022-08-05T01:00,25.5,96,978.9,10.1,2.7
2022-08-05T02:00,25.2,96,978.0,12.1,1.3
2022-08-05T03:00,25.1,96,977.6,9.9,0.3
2022-08-05T04:00,25.1,96,977.6,9.9,0.1
2022-08-05T05:00,24.6,98,979.1,6.6,0.0
2022-08-05T06:00,25.2,95,978.7,9.7,0.4
2022-08-05T07:00,25.9,91,978.7,11.5,0.2
2022-08-05T08:00,27.0,85,979.5,13.2,0.1
2022-08-05T09:00,27.9,82,979.3,12.4,0.1
2022-08-05T10:00,28.8,80,979.2,11.2,0.0
2022-08-05T11:00,29.7,76,978.5,10.9,0.0
2022-08-05T12:00,29.9,74,977.9,11.5,0.1
2022-08-05T13:00,30.3,72,976.6,9.3,0.0
2022-08-05T14:00,29.9,75,975.5,7.9,0.3
2022-08-05T15:00,30.7,71,974.7,6.9,0.1
2022-08-05T16:00,31.0,71,974.2,6.8,0.0
2022-08-05T17:00,29.5,78,974.9,6.0,0.0
2022-08-05T18:00,29.2,80,975.3,3.6,0.0
2022-08-05T19:00,28.4,85,975.6,2.8,0.0
2022-08-05T20:00,27.6,90,975.5,4.1,0.0
2022-08-05T21:00,27.3,91,976.0,6.4,0.0
2022-08-05T22:00,26.8,94,976.5,4.3,0.0
2022-08-05T23:00,26.5,95,976.6,4.0,0.0
2022-08-06T00:00,26.4,95,976.3,4.2,0.0
2022-08-06T01:00,26.0,97,975.8,5.7,0.0
2022-08-06T02:00,25.9,97,975.7,4.0,0.0
2022-08-06T03:00,25.8,97,975.6,4.0,0.0
2022-08-06T04:00,25.6,98,975.5,3.6,0.0
2022-08-06T05:00,25.8,97,976.5,3.8,0.0
2022-08-06T06:00,25.7,94,977.2,6.3,0.9
2022-08-06T07:00,25.8,93,977.3,6.2,0.4
2022-08-06T08:00,27.0,89,977.6,4.2,0.0
2022-08-06T09:00,28.7,83,977.5,3.6,0.0
2022-08-06T10:00,30.0,78,977.6,1.5,0.0
2022-08-06T11:00,30.9,74,977.2,1.5,0.0
2022-08-06T12:00,31.1,73,976.0,2.3,0.1
2022-08-06T13:00,31.6,71,974.9,2.5,0.2
2022-08-06T14:00,32.1,68,973.8,2.8,0.2
2022-08-06T15:00,32.4,67,972.6,2.6,0.1
2022-08-06T16:00,32.4,66,971.4,4.4,0.0
2022-08-06T17:00,31.8,66,972.2,4.5,0.0
2022-08-06T18:00,30.9,72,972.9,3.1,0.0
2022-08-06T19:00,29.6,79,973.8,3.6,0.0
2022-08-06T20:00,28.9,82,974.2,5.4,0.0
2022-08-06T21:00,28.2,89,974.7,3.9,0.0
2022-08-06T22:00,28.0,88,974.7,4.2,0.0
2022-08-06T23:00,27.8,87,974.7,4.9,0.0
2022-08-07T00:00,27.6,88,974.7,4.1,0.0
2022-08-07T01:00,27.3,90,974.2,3.8,0.0
2022-08-07T02:00,27.2,90,973.8,4.5,0.0
2022-08-07T03:00,27.5,87,974.1,1.0,1.7
2022-08-07T04:00,25.2,96,974.6,13.8,11.0
2022-08-07T05:00,25.6,96,975.0,4.8,3.2
2022-08-07T06:00,26.1,94,975.8,3.2,0.1
2022-08-07T07:00,26.8,88,976.1,6.5,0.0
2022-08-07T08:00,27.5,86,976.3,5.6,0.0
2022-08-07T09:00,28.9,80,976.7,7.0,0.0
2022-08-07T10:00,29.9,75,977.1,9.7,0.0
2022-08-07T11:00,30.3,72,976.8,12.4,0.1
2022-08-07T12:00,30.4,71,976.5,13.2,0.1
2022-08-07T13:00,30.2,74,975.6,10.4,0.1
2022-08-07T14:00,30.7,75,974.7,10.9,0.2
2022-08-07T15:00,30.2,75,974.3,13.2,2.1
2022-08-07T16:00,28.5,82,973.4,11.3,0.0
2022-08-07T17:00,27.7,85,973.9,9.5,0.0
2022-08-07T18:00,27.4,86,974.2,8.7,0.0
2022-08-07T19:00,26.9,89,974.9,7.2,0.0
2022-08-07T20:00,26.6,90,975.4,5.6,0.0
2022-08-07T21:00,26.3,92,975.8,5.4,0.0
2022-08-07T22:00,26.0,94,976.3,6.3,0.0
2022-08-07T23:00,25.8,95,976.5,6.9,0.0
2022-08-08T00:00,25.6,95,976.3,5.1,0.0
2022-08-08T01:00,25.5,95,975.9,7.6,0.0
2022-08-08T02:00,25.2,96,975.8,5.6,0.0
2022-08-08T03:00,25.0,96,975.3,4.6,0.0
2022-08-08T04:00,24.8,97,975.1,4.2,0.0
2022-08-08T05:00,24.8,97,975.7,3.8,0.0
2022-08-08T06:00,25.4,95,976.5,3.9,0.0
2022-08-08T07:00,26.6,90,976.5,3.8,0.0
2022-08-08T08:00,28.2,83,976.5,5.4,0.0
2022-08-08T09:00,29.7,77,976.5,5.4,0.0
2022-08-08T10:00,30.8,73,976.3,5.8,0.0
2022-08-08T11:00,32.0,68,976.0,7.3,0.0
2022-08-08T12:00,32.8,65,975.4,7.6,0.0
2022-08-08T13:00,33.3,62,974.6,7.6,0.0
2022-08-08T14:00,33.3,61,973.5,7.4,0.0
2022-08-08T15:00,33.3,61,972.8,7.9,0.1
2022-08-08T16:00,32.9,63,972.5,7.9,0.1
2022-08-08T17:00,32.1,65,972.7,7.2,0.0
2022-08-08T18:00,31.1,75,972.8,4.0,0.0
2022-08-08T19:00,29.7,82,973.5,5.1,0.0
2022-08-08T20:00,29.2,84,974.2,5.6,0.0
2022-08-08T21:00,28.9,84,975.0,6.5,0.0
2022-08-08T22:00,28.9,81,975.4,5.4,0.0
2022-08-08T23:00,28.6,83,975.5,6.5,0.0
2022-08-09T00:00,28.3,85,975.4,6.6,0.0
2022-08-09T01:00,28.1,85,975.1,7.5,0.0
2022-08-09T02:00,27.9,86,974.9,8.0,0.0
2022-08-09T03:00,27.6,87,974.9,8.0,0.0
2022-08-09T04:00,27.4,88,975.0,8.0,0.0
2022-08-09T05:00,27.4,89,975.6,8.3,0.0
2022-08-09T06:00,28.0,89,976.3,8.6,0.0
2022-08-09T07:00,28.8,86,976.8,7.6,0.0
2022-08-09T08:00,30.0,81,976.8,7.6,0.0
2022-08-09T09:00,31.4,73,976.8,10.5,0.0
2022-08-09T10:00,32.4,67,976.3,16.4,0.1
2022-08-09T11:00,32.9,66,976.1,17.2,0.0
2022-08-09T12:00,33.1,67,975.5,16.7,0.1
2022-08-09T13:00,33.5,66,974.4,15.9,0.1
2022-08-09T14:00,33.5,64,973.3,15.9,0.1
2022-08-09T15:00,33.4,60,972.5,14.5,0.0
2022-08-09T16:00,33.3,58,971.9,14.5,0.0
2022-08-09T17:00,33.1,63,972.6,10.5,0.0
2022-08-09T18:00,31.9,70,973.1,5.9,0.0
2022-08-09T19:00,30.6,76,973.6,5.1,0.0
2022-08-09T20:00,29.9,79,973.9,5.2,0.0
2022-08-09T21:00,29.3,82,974.6,4.8,0.0
2022-08-09T22:00,28.6,86,974.8,4.6,0.0
2022-08-09T23:00,28.4,87,974.4,5.2,0.0
2022-08-10T00:00,28.3,87,973.8,5.9,0.0
2022-08-10T01:00,28.0,87,973.2,6.9,0.0
2022-08-10T02:00,27.8,87,972.9,7.8,0.0
2022-08-10T03:00,27.7,87,972.5,8.0,0.0
2022-08-10T04:00,27.6,87,972.6,8.6,0.0
2022-08-10T05:00,27.9,84,973.7,5.8,0.0
2022-08-10T06:00,28.6,82,973.9,8.0,0.0
2022-08-10T07:00,29.5,81,974.4,7.6,0.0
2022-08-10T08:00,30.7,76,974.5,10.5,0.0
2022-08-10T09:00,31.8,65,974.6,18.5,0.3
2022-08-10T10:00,31.9,67,974.4,16.2,0.1
2022-08-10T11:00,33.1,61,974.1,14.8,0.0
2022-08-10T12:00,34.1,55,973.8,16.1,0.0
2022-08-10T13:00,34.2,56,973.1,15.1,0.0
2022-08-10T14:00,34.5,55,972.6,13.4,0.0
2022-08-10T15:00,34.4,55,971.6,12.4,0.0
2022-08-10T16:00,34.2,56,971.1,10.4,0.0
2022-08-10T17:00,33.5,60,971.7,8.2,0.0
2022-08-10T18:00,32.2,69,971.3,5.1,0.0
2022-08-10T19:00,30.9,73,971.9,7.3,0.0
2022-08-10T20:00,30.5,73,973.0,8.6,0.0
2022-08-10T21:00,30.5,72,973.8,10.5,0.0
2022-08-10T22:00,30.1,73,974.6,14.8,0.0
2022-08-10T23:00,29.3,77,974.6,13.8,0.0
2022-08-11T00:00,28.6,80,974.7,15.9,0.0
2022-08-11T01:00,28.3,80,974.1,14.8,0.0
2022-08-11T02:00,28.1,79,974.2,15.3,0.0
2022-08-11T03:00,27.9,80,973.9,14.8,0.0
2022-08-11T04:00,27.7,83,973.8,18.0,0.0
2022-08-11T05:00,26.9,84,974.9,17.8,0.3
2022-08-11T06:00,27.1,85,975.7,18.1,0.3
2022-08-11T07:00,28.1,78,976.5,19.9,0.1
2022-08-11T08:00,28.7,75,976.8,22.3,0.0
2022-08-11T09:00,28.4,77,977.1,22.3,0.0
2022-08-11T10:00,28.2,78,977.3,22.0,0.1
2022-08-11T11:00,27.8,82,977.1,19.3,0.6
2022-08-11T12:00,28.1,81,976.9,19.8,0.3
2022-08-11T13:00,28.5,78,975.8,25.5,0.3
2022-08-11T14:00,27.7,83,974.8,22.3,0.7
2022-08-11T15:00,26.6,89,974.0,19.4,1.0
2022-08-11T16:00,27.7,82,973.9,16.5,0.1
2022-08-11T17:00,28.5,84,974.5,10.3,0.0
2022-08-11T18:00,28.4,85,975.2,12.1,0.0
2022-08-11T19:00,27.7,85,975.8,13.8,0.0
2022-08-11T20:00,27.5,84,975.9,13.3,0.0
2022-08-11T21:00,27.2,84,976.1,14.1,0.0
2022-08-11T22:00,27.0,82,976.1,13.7,0.0
2022-08-11T23:00,26.6,82,976.4,12.9,0.0
2022-08-12T00:00,26.3,82,976.1,10.2,0.0
2022-08-12T01:00,25.8,83,975.7,9.0,0.0
2022-08-12T02:00,25.4,84,975.5,7.4,0.0
2022-08-12T03:00,25.2,84,975.5,10.2,0.0
2022-08-12T04:00,25.3,83,975.4,11.8,0.0
2022-08-12T05:00,26.2,83,975.7,13.3,0.0
2022-08-12T06:00,26.8,83,976.3,13.8,0.0
2022-08-12T07:00,28.0,81,976.6,13.5,0.0
2022-08-12T08:00,29.3,75,976.7,19.0,0.0
2022-08-12T09:00,30.4,70,976.7,22.7,0.0
2022-08-12T10:00,31.4,65,976.7,25.9,0.0
2022-08-12T11:00,32.3,62,976.3,26.4,0.0
2022-08-12T12:00,33.0,58,975.7,26.8,0.0
2022-08-12T13:00,33.5,57,974.6,24.9,0.0
2022-08-12T14:00,33.7,56,973.6,23.5,0.0
2022-08-12T15:00,33.5,56,972.8,22.7,0.0
2022-08-12T16:00,32.9,59,972.5,20.7,0.0
2022-08-12T17:00,31.9,62,973.8,15.5,0.0
2022-08-12T18:00,30.7,68,973.7,10.9,0.0
2022-08-12T19:00,29.7,71,974.5,8.7,0.0
2022-08-12T20:00,28.8,76,975.3,8.9,0.1
2022-08-12T21:00,28.0,81,975.8,8.3,0.1
2022-08-12T22:00,27.8,81,976.2,11.9,0.0
2022-08-12T23:00,27.8,79,976.3,12.7,0.0
2022-08-13T00:00,27.6,80,976.2,13.8,0.0
2022-08-13T01:00,27.3,81,976.1,13.8,0.0
2022-08-13T02:00,27.0,83,975.7,12.5,0.0
2022-08-13T03:00,26.7,84,975.5,11.9,0.0
2022-08-13T04:00,26.3,86,975.4,11.5,0.0
2022-08-13T05:00,26.6,85,975.0,14.3,0.0
2022-08-13T06:00,27.0,83,975.4,15.6,0.0
2022-08-13T07:00,28.0,80,975.4,17.7,0.0
2022-08-13T08:00,29.0,76,975.5,19.8,0.0
2022-08-13T09:00,29.9,72,975.5,20.9,0.2
2022-08-13T10:00,31.0,68,975.7,20.3,0.1
2022-08-13T11:00,31.9,64,975.5,19.6,0.1
2022-08-13T12:00,32.5,62,975.1,19.1,0.1
2022-08-13T13:00,33.1,60,974.3,18.1,0.1
2022-08-13T14:00,33.2,59,973.7,17.1,0.1
2022-08-13T15:00,33.0,60,973.1,16.1,0.1
2022-08-13T16:00,32.6,62,972.5,14.1,0.0
2022-08-13T17:00,31.3,69,973.9,9.6,0.0
2022-08-13T18:00,30.5,74,974.2,6.4,0.0
2022-08-13T19:00,29.4,79,974.7,5.6,0.0
2022-08-13T20:00,28.9,81,975.8,7.2,0.0
2022-08-13T21:00,28.4,84,976.5,7.4,0.0
2022-08-13T22:00,27.9,86,976.6,5.1,0.0
2022-08-13T23:00,27.4,88,976.6,4.3,0.0
2022-08-14T00:00,27.2,88,976.7,4.6,0.0
2022-08-14T01:00,26.9,90,976.1,4.1,0.0
2022-08-14T02:00,26.6,91,976.1,6.5,0.0
2022-08-14T03:00,26.2,94,976.2,6.3,0.4
2022-08-14T04:00,26.2,93,976.5,11.2,0.1
2022-08-14T05:00,26.4,90,976.8,7.3,0.0
2022-08-14T06:00,26.9,90,977.4,11.2,0.0
2022-08-14T07:00,27.7,85,978.2,12.7,0.0
2022-08-14T08:00,28.7,79,978.1,15.3,0.0
2022-08-14T09:00,30.1,72,978.4,11.4,0.0
2022-08-14T10:00,31.2,68,978.9,6.4,0.0
2022-08-14T11:00,32.3,65,978.6,3.9,0.0
2022-08-14T12:00,32.7,63,978.1,0.8,0.0
2022-08-14T13:00,27.2,90,978.0,17.3,4.0
2022-08-14T14:00,27.8,86,977.3,10.0,0.5
2022-08-14T15:00,27.7,88,976.3,6.4,0.1
2022-08-14T16:00,29.1,83,976.1,2.9,0.0
2022-08-14T17:00,27.8,85,977.7,6.0,0.0
2022-08-14T18:00,27.7,86,978.0,6.1,0.0
2022-08-14T19:00,27.2,89,978.5,5.2,0.2
2022-08-14T20:00,27.0,92,979.0,3.1,0.2
2022-08-14T21:00,26.8,93,979.3,4.8,0.0
2022-08-14T22:00,26.5,94,979.7,6.2,0.0
2022-08-14T23:00,26.2,95,979.6,5.1,0.0
2022-08-15T00:00,26.0,96,979.4,5.4,0.0
2022-08-15T01:00,25.8,96,979.0,5.4,0.0
2022-08-15T02:00,25.7,96,978.2,6.2,0.0
2022-08-15T03:00,25.6,97,978.3,5.6,0.0
2022-08-15T04:00,25.7,97,978.1,7.9,0.0
2022-08-15T05:00,26.1,94,978.8,10.4,0.0
2022-08-15T06:00,26.2,91,979.2,9.2,0.0
2022-08-15T07:00,26.7,88,979.6,7.5,0.0
2022-08-15T08:00,27.7,83,980.1,9.7,0.0
2022-08-15T09:00,28.8,76,980.6,12.1,0.0
2022-08-15T10:00,29.5,72,980.8,15.6,0.0
2022-08-15T11:00,30.3,68,980.5,17.4,0.1
2022-08-15T12:00,31.0,64,980.1,17.5,0.0
2022-08-15T13:00,30.5,66,979.4,18.4,0.0
2022-08-15T14:00,30.1,67,978.3,16.5,0.0
2022-08-15T15:00,30.3,69,977.6,14.7,0.0
2022-08-15T16:00,30.4,69,977.4,13.7,0.0
2022-08-15T17:00,29.9,72,977.8,12.5,0.0
2022-08-15T18:00,27.4,86,977.9,4.2,1.5
2022-08-15T19:00,27.0,88,978.1,4.7,0.0
2022-08-15T20:00,27.3,86,978.5,8.7,0.0
2022-08-15T21:00,27.7,84,978.9,14.7,0.0
2022-08-15T22:00,27.3,83,978.7,15.3,0.0
2022-08-15T23:00,26.7,84,978.7,14.8,0.0
2022-08-16T00:00,26.4,84,978.3,10.2,0.0
2022-08-16T01:00,26.1,84,977.7,10.1,0.0
2022-08-16T02:00,25.9,85,977.7,13.7,0.1
2022-08-16T03:00,25.4,92,977.5,12.4,2.7
2022-08-16T04:00,25.6,90,977.3,14.0,0.0
2022-08-16T05:00,27.7,72,977.4,23.8,0.0
2022-08-16T06:00,27.7,74,978.0,23.4,0.0
2022-08-16T07:00,27.6,77,978.2,23.1,0.0
2022-08-16T08:00,27.9,76,978.3,23.8,0.0
2022-08-16T09:00,27.6,77,978.8,26.8,0.1
2022-08-16T10:00,28.4,75,978.6,27.0,0.1
2022-08-16T11:00,28.6,72,978.2,31.7,0.2
2022-08-16T12:00,28.9,73,977.4,28.8,0.0
2022-08-16T13:00,30.3,67,976.4,32.4,0.0
2022-08-16T14:00,29.9,68,975.5,29.6,0.6
2022-08-16T15:00,29.2,73,974.8,28.5,1.6
2022-08-16T16:00,28.0,80,975.0,23.8,2.6
2022-08-16T17:00,26.5,88,975.8,22.5,0.3
2022-08-16T18:00,26.7,86,976.1,21.9,0.1
2022-08-16T19:00,26.8,84,976.9,19.6,0.0
2022-08-16T20:00,26.8,83,977.8,19.7,0.0
2022-08-16T21:00,26.7,82,978.4,21.8,0.0
2022-08-16T22:00,26.6,82,978.8,23.2,0.0
2022-08-16T23:00,26.5,82,979.1,22.9,0.0
2022-08-17T00:00,26.4,82,978.8,23.2,0.0
2022-08-17T01:00,26.1,83,978.5,23.0,0.0
2022-08-17T02:00,25.9,85,978.1,23.0,0.0
2022-08-17T03:00,25.6,86,978.0,21.9,0.0
2022-08-17T04:00,25.4,87,978.1,19.2,0.0
2022-08-17T05:00,25.2,88,978.6,17.2,0.0
2022-08-17T06:00,25.6,86,979.3,18.1,0.0
2022-08-17T07:00,26.5,82,980.1,20.5,0.0
2022-08-17T08:00,27.6,77,979.9,22.4,0.0
2022-08-17T09:00,28.7,71,980.2,21.1,0.0
2022-08-17T10:00,29.8,67,980.0,21.4,0.0
2022-08-17T11:00,30.8,63,979.7,20.4,0.1
2022-08-17T12:00,31.0,65,979.2,19.2,0.2
2022-08-17T13:00,31.7,64,978.2,18.1,0.0
2022-08-17T14:00,32.0,63,977.2,17.8,0.0
2022-08-17T15:00,31.9,63,976.5,17.0,0.0
2022-08-17T16:00,31.5,64,976.0,16.9,0.0
2022-08-17T17:00,30.8,64,977.0,11.9,0.0
2022-08-17T18:00,29.7,70,977.3,8.7,0.0
2022-08-17T19:00,28.6,74,978.2,7.6,0.0
2022-08-17T20:00,28.1,78,978.5,7.6,0.0
2022-08-17T21:00,27.6,80,978.9,6.9,0.0
2022-08-17T22:00,27.1,82,979.0,5.4,0.0
2022-08-17T23:00,26.7,84,979.0,5.0,0.0
2022-08-18T00:00,26.3,87,978.7,4.8,0.0
2022-08-18T01:00,26.0,89,978.2,4.8,0.0
2022-08-18T02:00,25.8,90,977.9,5.2,0.0
2022-08-18T03:00,25.6,90,977.7,5.4,0.0
2022-08-18T04:00,25.5,90,977.8,5.4,0.0
2022-08-18T05:00,25.6,90,977.6,5.8,0.0
2022-08-18T06:00,26.2,88,978.1,7.3,0.0
2022-08-18T07:00,27.3,84,979.0,8.7,0.0
2022-08-18T08:00,28.5,78,979.3,10.0,0.0
2022-08-18T09:00,29.5,72,979.6,10.6,0.1
2022-08-18T10:00,30.5,67,979.5,10.3,0.1
2022-08-18T11:00,31.7,62,979.2,10.0,0.1
2022-08-18T12:00,32.6,58,978.6,9.0,0.0
2022-08-18T13:00,33.2,56,977.4,10.0,0.2
2022-08-18T14:00,33.4,55,976.8,11.4,0.2
2022-08-18T15:00,33.0,56,976.3,13.5,0.1
2022-08-18T16:00,32.8,57,975.9,12.6,0.0
2022-08-18T17:00,32.1,59,975.9,9.2,0.0
2022-08-18T18:00,30.9,65,975.9,7.8,0.0
2022-08-18T19:00,30.0,67,976.2,12.6,0.0
2022-08-18T20:00,29.5,67,977.0,12.5,0.0
2022-08-18T21:00,29.0,69,977.7,11.8,0.0
2022-08-18T22:00,28.5,72,977.8,9.9,0.0
2022-08-18T23:00,28.2,74,977.6,9.8,0.0
2022-08-19T00:00,28.0,75,977.6,12.0,0.0
2022-08-19T01:00,27.7,76,977.4,12.6,0.0
2022-08-19T02:00,27.4,77,977.1,12.7,0.0
2022-08-19T03:00,27.0,79,977.3,12.3,0.0
2022-08-19T04:00,26.8,81,977.5,13.4,0.0
2022-08-19T05:00,26.6,83,977.2,13.0,0.0
2022-08-19T06:00,26.9,83,977.8,13.7,0.0
2022-08-19T07:00,27.7,81,978.5,15.5,0.0
2022-08-19T08:00,28.9,76,978.9,17.3,0.0
2022-08-19T09:00,29.9,71,979.1,18.4,0.1
2022-08-19T10:00,31.2,66,979.2,16.5,0.1
2022-08-19T11:00,32.2,61,979.0,15.7,0.1
2022-08-19T12:00,33.0,58,978.1,15.6,0.1
2022-08-19T13:00,33.7,56,977.1,16.8,0.0
2022-08-19T14:00,34.0,55,976.5,16.5,0.1
2022-08-19T15:00,33.9,54,975.9,16.9,0.0
2022-08-19T16:00,33.7,54,975.7,17.9,0.0
2022-08-19T17:00,32.5,60,975.9,13.3,0.0
2022-08-19T18:00,31.3,65,976.7,9.0,0.0
2022-08-19T19:00,29.6,81,977.1,5.9,0.0
2022-08-19T20:00,30.3,70,977.8,3.3,0.0
2022-08-19T21:00,29.1,80,978.7,2.6,0.0
2022-08-19T22:00,28.9,78,978.7,7.1,0.0
2022-08-19T23:00,28.6,76,978.6,9.1,0.0
2022-08-20T00:00,28.4,74,978.1,10.9,0.0
2022-08-20T01:00,28.2,75,977.9,11.7,0.0
2022-08-20T02:00,27.8,77,977.8,12.2,0.0
2022-08-20T03:00,27.5,79,977.7,4.9,0.0
2022-08-20T04:00,26.7,84,978.1,6.3,0.3
2022-08-20T05:00,24.6,92,979.2,4.4,0.1
2022-08-20T06:00,24.9,94,980.0,8.9,1.6
2022-08-20T07:00,25.4,91,979.8,6.4,0.7
2022-08-20T08:00,26.7,88,980.6,3.1,0.0
2022-08-20T09:00,28.2,81,981.0,2.5,0.0
2022-08-20T10:00,29.5,74,981.2,2.3,0.0
2022-08-20T11:00,30.3,71,981.2,2.9,0.1
2022-08-20T12:00,30.6,70,980.6,4.4,0.1
2022-08-20T13:00,29.4,75,979.8,7.6,2.6
2022-08-20T14:00,29.1,78,978.6,6.4,0.3
2022-08-20T15:00,29.4,77,977.8,7.8,0.4
2022-08-20T16:00,28.8,79,977.0,7.1,0.3
2022-08-20T17:00,29.4,75,977.3,12.4,0.3
2022-08-20T18:00,28.2,79,977.5,8.8,0.0
2022-08-20T19:00,27.3,83,977.8,6.7,0.0
2022-08-20T20:00,27.0,85,978.2,5.1,0.0
2022-08-20T21:00,26.8,86,979.1,4.5,0.0
2022-08-20T22:00,26.4,88,979.1,3.7,0.0
2022-08-20T23:00,26.4,88,978.7,6.9,0.0
2022-08-21T00:00,26.3,89,978.3,6.9,0.0
2022-08-21T01:00,26.1,90,977.8,7.2,0.0
2022-08-21T02:00,25.9,91,977.5,7.4,0.0
2022-08-21T03:00,25.8,91,977.2,7.6,0.0
2022-08-21T04:00,25.6,91,977.2,7.8,0.0
2022-08-21T05:00,25.9,93,977.7,4.3,0.0
2022-08-21T06:00,26.8,88,977.9,9.7,0.0
2022-08-21T07:00,28.1,84,978.5,7.1,0.0
2022-08-21T08:00,29.8,75,978.6,10.0,0.0
2022-08-21T09:00,31.4,67,979.0,9.5,0.0
2022-08-21T10:00,32.4,62,978.8,9.1,0.0
2022-08-21T11:00,33.2,59,978.3,6.6,0.0
2022-08-21T12:00,33.5,57,977.9,4.3,0.0
2022-08-21T13:00,33.5,59,976.6,2.3,0.0
2022-08-21T14:00,33.1,61,975.9,1.8,0.1
2022-08-21T15:00,33.0,61,974.8,4.0,0.1
2022-08-21T16:00,33.1,59,974.2,5.6,0.0
2022-08-21T17:00,30.1,73,975.5,1.3,0.1
2022-08-21T18:00,29.9,75,975.8,4.8,0.0
2022-08-21T19:00,29.1,80,975.9,6.0,0.0
2022-08-21T20:00,28.6,81,976.5,9.2,0.0
2022-08-21T21:00,28.2,83,976.9,10.5,0.0
2022-08-21T22:00,28.0,84,976.7,9.7,0.0
2022-08-21T23:00,28.0,82,976.2,9.2,0.0
2022-08-22T00:00,27.9,82,975.5,10.4,0.0
2022-08-22T01:00,27.7,83,974.8,9.6,0.0
2022-08-22T02:00,27.4,85,974.5,9.4,0.0
2022-08-22T03:00,27.2,86,974.1,9.8,0.0
2022-08-22T04:00,26.9,88,974.6,5.4,0.0
2022-08-22T05:00,25.8,93,975.0,3.7,0.0
2022-08-22T06:00,25.9,91,976.1,8.8,4.3
2022-08-22T07:00,26.4,86,976.3,6.3,0.1
2022-08-22T08:00,26.5,89,976.7,4.1,0.3
2022-08-22T09:00,27.8,85,976.9,3.6,0.0
2022-08-22T10:00,29.6,78,976.8,2.5,0.0
2022-08-22T11:00,31.3,69,976.2,5.7,0.0
2022-08-22T12:00,32.0,65,975.6,10.1,0.0
2022-08-22T13:00,32.1,65,974.6,13.0,0.0
2022-08-22T14:00,32.6,63,973.6,13.4,0.0
2022-08-22T15:00,32.9,62,973.1,13.8,0.0
2022-08-22T16:00,32.9,61,972.9,16.2,0.0
2022-08-22T17:00,31.1,66,973.8,11.8,0.0
2022-08-22T18:00,31.0,66,974.5,11.4,0.0
2022-08-22T19:00,30.4,67,975.0,12.4,0.0
2022-08-22T20:00,29.9,70,975.7,14.2,0.0
2022-08-22T21:00,29.3,74,976.5,13.4,0.0
2022-08-22T22:00,28.6,79,976.8,13.7,0.0
2022-08-22T23:00,27.3,86,976.5,14.8,1.8
2022-08-23T00:00,26.9,87,975.9,14.4,0.5
2022-08-23T01:00,27.5,84,975.5,18.8,0.0
2022-08-23T02:00,27.1,85,975.0,19.2,0.0
2022-08-23T03:00,26.1,91,975.3,16.6,0.5
2022-08-23T04:00,26.1,90,975.6,18.3,0.1
2022-08-23T05:00,25.9,90,975.7,19.1,0.0
2022-08-23T06:00,26.5,87,976.1,21.1,0.0
2022-08-23T07:00,27.6,82,976.5,23.4,0.0
2022-08-23T08:00,28.8,76,976.8,28.6,0.0
2022-08-23T09:00,29.7,72,977.5,27.9,0.1
2022-08-23T10:00,31.1,64,977.4,29.4,0.0
2022-08-23T11:00,32.1,59,977.0,32.7,0.0
2022-08-23T12:00,32.7,56,976.5,32.2,0.0
2022-08-23T13:00,33.1,54,975.9,31.6,0.0
2022-08-23T14:00,33.1,53,975.1,32.7,0.0
2022-08-23T15:00,32.7,53,974.9,30.5,0.0
2022-08-23T16:00,32.0,56,974.8,26.6,0.0
2022-08-23T17:00,31.1,58,975.7,23.4,0.0
2022-08-23T18:00,30.5,61,976.5,19.0,0.0
2022-08-23T19:00,29.6,64,977.6,15.4,0.0
2022-08-23T20:00,29.0,68,978.9,14.8,0.0
2022-08-23T21:00,28.6,70,979.7,14.9,0.0
2022-08-23T22:00,28.3,72,980.3,15.5,0.0
2022-08-23T23:00,27.9,74,980.5,15.3,0.0
2022-08-24T00:00,27.5,77,980.5,15.8,0.0
2022-08-24T01:00,27.0,79,980.1,14.8,0.0
2022-08-24T02:00,26.5,82,979.8,12.0,0.0
2022-08-24T03:00,26.2,84,979.5,12.5,0.0
2022-08-24T04:00,25.9,85,979.7,13.0,0.0
2022-08-24T05:00,25.8,86,980.9,11.6,0.0
2022-08-24T06:00,26.0,85,981.5,10.7,0.0
2022-08-24T07:00,27.0,80,982.1,12.5,0.0
2022-08-24T08:00,28.2,74,982.6,13.7,0.0
2022-08-24T09:00,29.6,67,982.7,14.5,0.0
2022-08-24T10:00,30.8,61,982.7,18.7,0.1
2022-08-24T11:00,31.1,60,982.2,19.2,0.2
2022-08-24T12:00,31.6,61,981.7,17.1,0.2
2022-08-24T13:00,32.3,59,980.7,14.3,0.0
2022-08-24T14:00,31.6,61,979.7,13.8,0.0
2022-08-24T15:00,31.5,62,978.9,10.6,0.1
2022-08-24T16:00,31.4,61,978.3,10.5,0.1
2022-08-24T17:00,28.2,82,979.1,8.0,0.0
2022-08-24T18:00,28.2,81,979.8,12.0,0.0
2022-08-24T19:00,27.5,84,980.4,12.6,0.0
2022-08-24T20:00,27.1,86,981.2,11.5,0.0
2022-08-24T21:00,26.9,87,981.6,11.9,0.0
2022-08-24T22:00,26.6,88,981.6,11.3,0.0
2022-08-24T23:00,26.3,90,981.5,9.7,0.0
2022-08-25T00:00,26.0,91,980.9,7.0,0.0
2022-08-25T01:00,25.8,93,980.5,5.4,0.0
2022-08-25T02:00,25.5,94,980.3,5.9,0.0
2022-08-25T03:00,25.3,95,980.1,6.4,0.0
2022-08-25T04:00,25.1,95,980.4,5.9,0.0
2022-08-25T05:00,25.2,95,980.3,4.1,0.0
2022-08-25T06:00,25.6,92,980.6,3.4,0.0
2022-08-25T07:00,26.6,87,981.1,2.4,0.0
2022-08-25T08:00,28.1,78,981.6,3.9,0.0
2022-08-25T09:00,29.8,68,982.1,4.6,0.0
2022-08-25T10:00,31.0,61,982.0,4.6,0.0
2022-08-25T11:00,32.0,57,981.7,5.5,0.1
2022-08-25T12:00,32.7,54,980.9,6.7,0.1
2022-08-25T13:00,33.3,52,980.1,6.8,0.1
2022-08-25T14:00,33.5,50,978.9,5.8,0.1
2022-08-25T15:00,33.6,50,978.2,5.9,0.1
2022-08-25T16:00,33.5,50,978.0,6.8,0.0
2022-08-25T17:00,32.1,55,978.5,3.8,0.0
2022-08-25T18:00,31.1,62,979.2,4.3,0.0
2022-08-25T19:00,29.6,70,979.3,3.9,0.0
2022-08-25T20:00,28.9,77,979.6,4.1,0.0
2022-08-25T21:00,28.6,78,979.9,3.1,0.0
2022-08-25T22:00,28.0,79,980.1,3.5,0.0
2022-08-25T23:00,27.7,76,979.8,5.9,0.0
2022-08-26T00:00,27.5,75,979.5,8.1,0.0
2022-08-26T01:00,27.4,74,979.5,9.4,0.0
2022-08-26T02:00,27.2,74,979.2,11.2,0.0
2022-08-26T03:00,27.0,76,979.1,12.3,0.0
2022-08-26T04:00,26.8,77,979.6,12.4,0.0
2022-08-26T05:00,26.5,80,979.8,9.7,0.0
2022-08-26T06:00,27.0,79,980.2,10.8,0.0
2022-08-26T07:00,28.1,77,980.5,13.6,0.0
2022-08-26T08:00,29.4,71,981.0,15.3,0.0
2022-08-26T09:00,30.9,65,981.3,13.5,0.0
2022-08-26T10:00,32.1,59,981.3,11.5,0.0
2022-08-26T11:00,33.1,55,981.0,8.4,0.1
2022-08-26T12:00,33.6,53,980.5,8.4,0.2
2022-08-26T13:00,34.3,53,979.7,8.8,0.0
2022-08-26T14:00,34.8,50,978.6,10.2,0.0
2022-08-26T15:00,34.7,48,977.9,10.8,0.0
2022-08-26T16:00,32.4,56,977.4,16.0,0.2
2022-08-26T17:00,31.4,61,977.9,3.3,0.0
2022-08-26T18:00,31.3,62,978.3,8.7,0.0
2022-08-26T19:00,30.7,61,978.3,13.0,0.0
2022-08-26T20:00,30.3,62,978.7,13.4,0.0
2022-08-26T21:00,29.8,64,979.3,12.0,0.0
2022-08-26T22:00,29.3,66,979.6,10.4,0.0
2022-08-26T23:00,29.0,68,979.7,10.1,0.0
2022-08-27T00:00,28.6,69,979.4,10.8,0.0
2022-08-27T01:00,28.3,69,979.0,13.0,0.0
2022-08-27T02:00,28.2,70,978.8,13.8,0.0
2022-08-27T03:00,28.0,69,978.5,15.2,0.0
2022-08-27T04:00,27.8,69,978.7,16.8,0.0
2022-08-27T05:00,27.6,71,978.8,14.1,0.0
2022-08-27T06:00,27.8,71,979.4,15.9,0.0
2022-08-27T07:00,28.7,69,979.9,17.2,0.0
2022-08-27T08:00,30.0,65,980.0,19.9,0.0
2022-08-27T09:00,31.5,59,980.5,19.8,0.0
2022-08-27T10:00,32.7,54,980.3,18.7,0.1
2022-08-27T11:00,33.8,50,980.1,18.1,0.1
2022-08-27T12:00,34.5,48,979.5,18.0,0.1
2022-08-27T13:00,34.9,46,978.6,18.9,0.1
2022-08-27T14:00,35.0,45,977.5,19.6,0.2
2022-08-27T15:00,34.8,46,976.6,20.4,0.3
2022-08-27T16:00,34.6,45,975.7,21.1,0.1
2022-08-27T17:00,31.7,58,976.6,19.1,0.1
2022-08-27T18:00,30.5,65,977.1,13.1,0.1
2022-08-27T19:00,30.3,64,977.6,14.4,0.0
2022-08-27T20:00,29.8,63,978.2,16.8,0.0
2022-08-27T21:00,29.2,64,979.0,15.1,0.0
2022-08-27T22:00,28.9,65,979.2,13.0,0.0
2022-08-27T23:00,28.6,67,979.2,11.5,0.0
2022-08-28T00:00,28.4,67,979.2,11.2,0.0
2022-08-28T01:00,28.2,64,978.8,13.0,0.0
2022-08-28T02:00,28.3,60,978.6,14.8,0.0
2022-08-28T03:00,28.2,60,978.5,15.9,0.0
2022-08-28T04:00,27.8,61,978.7,16.9,0.0
2022-08-28T05:00,27.5,66,978.8,17.3,0.0
2022-08-28T06:00,27.5,68,979.2,17.3,0.0
2022-08-28T07:00,28.4,66,979.7,16.6,0.0
2022-08-28T08:00,29.9,62,980.1,19.7,0.0
2022-08-28T09:00,31.5,58,980.5,21.5,0.0
2022-08-28T10:00,32.9,52,980.4,20.4,0.0
2022-08-28T11:00,34.0,48,980.1,18.3,0.1
2022-08-28T12:00,34.7,47,979.7,16.9,0.0
2022-08-28T13:00,35.4,44,979.0,16.0,0.0
2022-08-28T14:00,35.5,43,978.1,15.9,0.0
2022-08-28T15:00,35.4,42,977.2,17.3,0.0
2022-08-28T16:00,34.7,43,976.9,18.7,0.0
2022-08-28T17:00,33.1,47,977.8,14.4,0.0
2022-08-28T18:00,32.3,49,978.3,11.0,0.0
2022-08-28T19:00,31.4,52,978.9,8.1,0.0
2022-08-28T20:00,30.6,55,979.5,8.7,0.0
2022-08-28T21:00,30.1,57,980.5,13.8,0.0
2022-08-28T22:00,29.4,59,980.8,13.3,0.0
2022-08-28T23:00,28.9,61,980.8,11.8,0.0
2022-08-29T00:00,28.4,62,981.0,9.2,0.0
2022-08-29T01:00,28.3,62,981.0,9.4,0.0
2022-08-29T02:00,28.1,61,980.8,11.1,0.0
2022-08-29T03:00,27.5,62,980.7,11.2,0.0
2022-08-29T04:00,27.4,62,981.1,12.3,0.0
2022-08-29T05:00,27.2,64,982.0,10.6,0.0
2022-08-29T06:00,27.5,64,982.8,10.5,0.0
2022-08-29T07:00,28.3,64,983.6,11.2,0.0
2022-08-29T08:00,29.6,62,984.2,11.9,0.0
2022-08-29T09:00,31.1,58,984.8,10.7,0.0
2022-08-29T10:00,32.4,53,984.9,7.4,0.1
2022-08-29T11:00,33.4,49,984.6,4.8,0.0
2022-08-29T12:00,34.1,47,984.2,3.5,0.0
2022-08-29T13:00,34.6,44,983.5,4.4,0.0
2022-08-29T14:00,34.8,44,982.4,5.2,0.0
2022-08-29T15:00,34.7,44,981.4,5.9,0.1
2022-08-29T16:00,34.5,44,980.9,6.4,0.1
2022-08-29T17:00,32.5,51,981.9,9.7,0.0
2022-08-29T18:00,28.6,74,982.5,14.1,0.3
2022-08-29T19:00,28.5,75,983.4,9.2,0.0
2022-08-29T20:00,28.5,75,984.3,8.5,0.0
2022-08-29T21:00,28.3,76,985.0,3.6,0.0
2022-08-29T22:00,27.7,83,984.8,3.1,0.0
2022-08-29T23:00,27.5,82,984.6,3.2,0.0
2022-08-30T00:00,27.2,84,984.0,3.3,0.0
2022-08-30T01:00,27.1,85,983.6,4.0,0.0
2022-08-30T02:00,26.9,87,983.2,4.8,0.0
2022-08-30T03:00,26.8,88,983.0,5.2,0.0
2022-08-30T04:00,26.5,90,983.0,4.8,0.0
2022-08-30T05:00,26.3,89,983.3,3.1,0.0
2022-08-30T06:00,27.0,86,984.0,3.6,0.0
2022-08-30T07:00,28.4,78,984.7,3.0,0.0
2022-08-30T08:00,30.1,68,985.0,3.6,0.0
2022-08-30T09:00,31.7,59,985.6,5.2,0.0
2022-08-30T10:00,33.2,52,985.7,4.6,0.0
2022-08-30T11:00,34.3,48,985.2,4.4,0.0
2022-08-30T12:00,35.2,46,984.5,3.3,0.0
2022-08-30T13:00,35.9,44,983.7,2.6,0.0
2022-08-30T14:00,36.5,42,982.3,4.0,0.0
2022-08-30T15:00,36.8,41,981.2,6.8,0.0
2022-08-30T16:00,36.5,40,980.4,11.3,0.0
2022-08-30T17:00,28.0,85,981.7,8.7,0.0
2022-08-30T18:00,30.2,70,982.3,7.9,0.0
2022-08-30T19:00,30.2,71,982.4,9.5,0.0
2022-08-30T20:00,30.0,70,983.1,11.1,0.0
2022-08-30T21:00,29.8,66,983.2,8.7,0.0
2022-08-30T22:00,29.5,66,983.0,7.6,0.0
2022-08-30T23:00,29.2,66,982.7,7.9,0.0
2022-08-31T00:00,28.8,68,982.5,6.6,0.0
2022-08-31T01:00,28.5,69,981.8,7.1,0.0
2022-08-31T02:00,28.2,71,981.3,8.7,0.0
2022-08-31T03:00,28.0,72,981.0,9.4,0.0
2022-08-31T04:00,27.8,72,981.3,9.7,0.0
2022-08-31T05:00,27.7,77,981.0,8.6,0.0
2022-08-31T06:00,28.1,75,981.4,9.2,0.0
2022-08-31T07:00,29.3,71,981.9,9.4,0.0
2022-08-31T08:00,31.1,63,982.4,9.4,0.0
2022-08-31T09:00,32.9,56,982.5,8.8,0.0
2022-08-31T10:00,34.2,50,982.6,9.7,0.0
2022-08-31T11:00,35.2,48,982.1,9.7,0.0
2022-08-31T12:00,36.1,46,981.5,8.9,0.0
2022-08-31T13:00,36.4,46,980.6,9.6,0.0
2022-08-31T14:00,36.8,44,979.4,10.8,0.0
2022-08-31T15:00,36.4,43,977.7,15.5,0.0
2022-08-31T16:00,34.2,49,977.5,19.8,0.2
2022-08-31T17:00,32.2,59,979.3,10.4,0.0
2022-08-31T18:00,31.7,59,979.4,8.6,0.0
2022-08-31T19:00,30.9,62,979.6,7.2,0.0
2022-08-31T20:00,30.3,65,980.2,6.5,0.0
2022-08-31T21:00,29.8,68,980.5,5.9,0.0
2022-08-31T22:00,29.5,69,980.7,7.2,0.0
2022-08-31T23:00,29.2,70,980.7,7.0,0.0
2022-09-01T00:00,28.9,71,980.5,5.7,0.0
2022-09-01T01:00,28.6,73,980.0,6.0,0.0
2022-09-01T02:00,28.4,73,979.5,7.4,0.0
2022-09-01T03:00,28.2,74,979.5,6.5,0.0
2022-09-01T04:00,28.0,75,979.7,6.3,0.0
2022-09-01T05:00,27.8,77,980.2,6.9,0.0
2022-09-01T06:00,28.3,75,981.1,7.6,0.0
2022-09-01T07:00,29.6,70,981.9,5.8,0.0
2022-09-01T08:00,31.5,63,982.3,7.0,0.0
2022-09-01T09:00,32.9,56,982.6,8.9,0.0
2022-09-01T10:00,34.1,52,982.5,11.2,0.0
2022-09-01T11:00,35.2,48,982.2,10.7,0.0
2022-09-01T12:00,35.9,46,981.7,10.6,0.0
2022-09-01T13:00,36.6,43,980.8,10.7,0.0
2022-09-01T14:00,36.8,41,979.4,11.5,0.0
2022-09-01T15:00,36.8,40,978.5,12.7,0.0
2022-09-01T16:00,36.6,39,978.5,14.5,0.0
2022-09-01T17:00,34.7,46,979.3,8.7,0.0
2022-09-01T18:00,32.8,56,980.0,6.1,0.5
2022-09-01T19:00,32.0,60,980.4,9.2,0.0
2022-09-01T20:00,31.2,60,981.2,10.4,0.0
2022-09-01T21:00,30.4,66,981.6,9.4,0.0
2022-09-01T22:00,29.8,71,982.0,9.0,0.0
2022-09-01T23:00,29.3,72,981.9,7.8,0.0
2022-09-02T00:00,28.9,73,981.8,7.4,0.0
2022-09-02T01:00,28.5,75,981.4,5.2,0.0
2022-09-02T02:00,28.2,75,981.1,5.5,0.0
2022-09-02T03:00,28.0,75,981.2,6.5,0.0
2022-09-02T04:00,27.7,76,981.5,6.5,0.0
2022-09-02T05:00,27.4,80,981.9,4.1,0.0
2022-09-02T06:00,28.0,77,982.8,3.4,0.0
2022-09-02T07:00,28.9,73,983.4,5.4,0.0
2022-09-02T08:00,30.3,67,984.0,4.8,0.0
2022-09-02T09:00,32.1,60,984.3,4.2,0.0
2022-09-02T10:00,33.7,52,984.3,5.2,0.0
2022-09-02T11:00,35.1,45,984.0,8.3,0.0
2022-09-02T12:00,36.1,40,983.2,10.2,0.0
2022-09-02T13:00,36.7,37,982.3,11.4,0.0
2022-09-02T14:00,36.6,37,981.2,12.8,0.0
2022-09-02T15:00,36.6,36,979.9,11.9,0.0
2022-09-02T16:00,36.7,35,979.4,13.1,0.0
2022-09-02T17:00,35.0,42,979.9,10.2,0.0
2022-09-02T18:00,33.4,53,980.5,5.0,0.0
2022-09-02T19:00,32.3,53,980.9,4.8,0.0
2022-09-02T20:00,31.4,58,981.5,6.8,0.0
2022-09-02T21:00,32.6,50,981.9,3.7,0.0
2022-09-02T22:00,31.5,54,981.7,2.6,0.0
2022-09-02T23:00,29.4,64,981.4,4.5,0.0
2022-09-03T00:00,29.0,67,981.2,4.9,0.0
2022-09-03T01:00,28.7,67,980.8,5.0,0.0
2022-09-03T02:00,28.1,70,980.4,4.8,0.0
2022-09-03T03:00,27.9,69,980.3,4.3,0.0
2022-09-03T04:00,27.5,70,980.4,5.8,0.0
2022-09-03T05:00,27.5,67,980.1,9.8,0.0
2022-09-03T06:00,27.9,66,980.8,12.4,0.0
2022-09-03T07:00,29.0,63,981.5,17.9,0.0
2022-09-03T08:00,30.8,57,981.5,13.3,0.0
2022-09-03T09:00,32.8,52,981.9,16.9,0.0
2022-09-03T10:00,34.5,47,981.6,17.8,0.0
2022-09-03T11:00,35.9,42,981.2,17.2,0.0
2022-09-03T12:00,36.6,39,980.4,17.7,0.0
2022-09-03T13:00,37.0,35,979.5,18.6,0.0
2022-09-03T14:00,37.7,32,978.2,20.2,0.0
2022-09-03T15:00,37.1,31,977.3,22.2,0.0
2022-09-03T16:00,36.6,32,976.4,21.9,0.0
2022-09-03T17:00,35.3,38,976.5,18.3,0.0
2022-09-03T18:00,34.3,39,976.7,13.6,0.0
2022-09-03T19:00,32.6,44,977.2,6.2,0.0
2022-09-03T20:00,31.4,49,977.7,6.0,0.0
2022-09-03T21:00,30.8,50,978.2,7.5,0.0
2022-09-03T22:00,30.2,52,978.5,7.9,0.0
2022-09-03T23:00,29.8,56,978.5,11.9,0.0
2022-09-04T00:00,29.5,58,978.2,12.8,0.0
2022-09-04T01:00,29.0,60,977.8,12.3,0.0
2022-09-04T02:00,28.5,63,977.6,12.0,0.0
2022-09-04T03:00,28.1,64,977.4,12.1,0.0
2022-09-04T04:00,28.0,65,977.5,14.5,0.0
2022-09-04T05:00,27.7,66,978.1,16.1,0.0
2022-09-04T06:00,28.0,66,978.6,17.0,0.0
2022-09-04T07:00,29.2,63,979.3,17.3,0.0
2022-09-04T08:00,30.8,58,979.7,20.5,0.0
2022-09-04T09:00,32.4,53,980.5,21.0,0.0
2022-09-04T10:00,33.9,48,980.6,17.6,0.0
2022-09-04T11:00,35.1,43,980.0,15.6,0.0
2022-09-04T12:00,36.0,40,979.3,15.8,0.0
2022-09-04T13:00,36.5,37,978.3,15.9,0.0
2022-09-04T14:00,36.9,35,977.1,15.5,0.0
2022-09-04T15:00,36.8,35,976.5,15.2,0.0
2022-09-04T16:00,36.4,35,976.2,15.0,0.0
2022-09-04T17:00,35.3,40,976.5,13.8,0.0
2022-09-04T18:00,34.2,43,976.8,13.6,0.0
2022-09-04T19:00,33.4,46,977.5,14.6,0.0
2022-09-04T20:00,32.5,49,978.2,14.1,0.0
2022-09-04T21:00,31.3,52,978.9,13.9,0.0
2022-09-04T22:00,30.6,54,979.5,14.7,0.0
2022-09-04T23:00,29.9,57,979.7,15.2,0.0
2022-09-05T00:00,29.3,59,979.5,15.8,0.0
2022-09-05T01:00,28.8,61,979.2,14.3,0.0
2022-09-05T02:00,28.2,63,978.9,12.6,0.0
2022-09-05T03:00,27.6,65,979.0,10.7,0.0
2022-09-05T04:00,27.1,67,979.3,9.5,0.0
2022-09-05T05:00,27.0,68,979.8,8.6,0.0
2022-09-05T06:00,27.2,67,980.6,9.7,0.0
2022-09-05T07:00,28.4,63,981.7,10.8,0.0
2022-09-05T08:00,29.8,59,982.1,12.3,0.0
2022-09-05T09:00,31.6,54,982.5,12.9,0.0
2022-09-05T10:00,33.2,49,982.7,10.2,0.0
2022-09-05T11:00,34.3,46,982.2,5.5,0.0
2022-09-05T12:00,35.2,42,981.3,5.0,0.0
2022-09-05T13:00,35.8,40,980.3,7.1,0.0
2022-09-05T14:00,36.2,39,979.0,9.9,0.0
2022-09-05T15:00,36.1,38,978.4,10.7,0.0
2022-09-05T16:00,35.4,39,978.0,9.7,0.0
2022-09-05T17:00,34.4,41,978.4,8.9,0.0
2022-09-05T18:00,33.6,41,978.9,9.4,0.0
2022-09-05T19:00,32.9,44,979.0,9.9,0.0
2022-09-05T20:00,32.3,48,979.7,6.6,0.0
2022-09-05T21:00,30.9,55,980.2,6.2,0.0
2022-09-05T22:00,30.0,59,980.3,4.7,0.0
2022-09-05T23:00,29.6,60,980.3,5.2,0.0
2022-09-06T00:00,28.8,64,979.9,5.5,0.0
2022-09-06T01:00,28.0,69,980.0,4.8,0.0
2022-09-06T02:00,28.1,67,979.9,4.9,0.0
2022-09-06T03:00,27.5,70,979.9,4.5,0.0
2022-09-06T04:00,27.1,71,980.3,6.2,0.0
2022-09-06T05:00,27.3,70,980.9,7.0,0.0
2022-09-06T06:00,27.6,66,981.6,8.1,0.0
2022-09-06T07:00,29.0,59,982.4,8.0,0.0
2022-09-06T08:00,30.8,55,982.9,7.1,0.0
2022-09-06T09:00,32.7,50,983.3,4.7,0.0
2022-09-06T10:00,34.5,43,983.1,8.9,0.0
2022-09-06T11:00,35.6,38,982.7,7.9,0.0
2022-09-06T12:00,36.4,36,982.3,8.2,0.0
2022-09-06T13:00,37.0,33,981.2,9.0,0.0
2022-09-06T14:00,37.4,31,980.0,10.0,0.0
2022-09-06T15:00,37.3,31,979.2,10.4,0.0
2022-09-06T16:00,37.2,30,978.7,11.9,0.0
2022-09-06T17:00,33.0,49,980.2,8.4,0.0
2022-09-06T18:00,32.8,48,980.9,5.6,0.0
2022-09-06T19:00,32.1,49,981.4,8.9,0.0
2022-09-06T20:00,31.1,54,982.1,3.7,0.0
2022-09-06T21:00,30.4,57,982.3,4.3,0.0
2022-09-06T22:00,30.2,58,982.5,6.1,0.0
2022-09-06T23:00,29.6,62,982.4,5.4,0.0
2022-09-07T00:00,28.9,67,982.3,6.6,0.0
2022-09-07T01:00,29.0,66,982.3,4.8,0.0
2022-09-07T02:00,28.0,72,982.1,5.5,0.0
2022-09-07T03:00,27.5,73,982.0,5.7,0.0
2022-09-07T04:00,27.2,75,982.2,5.0,0.0
2022-09-07T05:00,27.2,77,982.5,5.2,0.0
2022-09-07T06:00,28.1,73,983.4,5.0,0.0
2022-09-07T07:00,29.4,67,984.1,4.7,0.0
2022-09-07T08:00,31.4,58,984.4,4.8,0.0
2022-09-07T09:00,33.2,50,985.0,5.3,0.0
2022-09-07T10:00,34.6,43,985.0,7.7,0.0
2022-09-07T11:00,35.5,39,984.5,8.2,0.0
2022-09-07T12:00,36.2,36,983.6,7.9,0.0
2022-09-07T13:00,36.7,34,982.7,8.2,0.0
2022-09-07T14:00,37.2,32,981.6,10.1,0.0
2022-09-07T15:00,37.3,32,980.7,12.4,0.0
2022-09-07T16:00,36.8,32,980.1,14.6,0.0
2022-09-07T17:00,34.9,38,981.8,12.7,0.0
2022-09-07T18:00,33.9,39,982.1,10.3,0.0
2022-09-07T19:00,32.7,43,982.8,6.9,0.0
2022-09-07T20:00,31.9,47,983.4,7.5,0.0
2022-09-07T21:00,30.8,52,984.0,6.4,0.0
2022-09-07T22:00,29.5,58,984.4,6.7,0.0
2022-09-07T23:00,29.8,58,984.5,6.1,0.0
2022-09-08T00:00,29.3,60,984.1,6.0,0.0
2022-09-08T01:00,28.7,63,983.9,5.6,0.0
2022-09-08T02:00,27.6,68,983.7,5.4,0.0
2022-09-08T03:00,27.4,68,983.7,7.1,0.0
2022-09-08T04:00,26.6,71,984.0,6.6,0.0
2022-09-08T05:00,27.0,72,984.4,5.6,0.0
2022-09-08T06:00,27.8,68,984.8,3.9,0.0
2022-09-08T07:00,29.3,62,985.5,3.7,0.0
2022-09-08T08:00,31.3,55,985.7,5.6,0.0
2022-09-08T09:00,32.9,50,985.9,5.9,0.0
2022-09-08T10:00,34.1,45,985.8,4.4,0.0
2022-09-08T11:00,34.8,43,985.3,5.1,0.0
2022-09-08T12:00,35.5,41,984.5,5.4,0.0
2022-09-08T13:00,35.9,40,983.5,4.5,0.0
2022-09-08T14:00,36.5,38,982.3,4.2,0.0
2022-09-08T15:00,36.6,38,981.4,5.2,0.0
2022-09-08T16:00,36.5,38,980.6,8.7,0.0
2022-09-08T17:00,35.0,42,981.2,12.9,0.0
2022-09-08T18:00,33.9,43,981.6,12.3,0.0
2022-09-08T19:00,33.2,45,982.3,8.9,0.0
2022-09-08T20:00,32.5,49,983.0,6.2,0.0
2022-09-08T21:00,31.4,55,983.7,6.8,0.0
2022-09-08T22:00,30.4,60,984.2,8.5,0.0
2022-09-08T23:00,29.8,64,984.4,6.9,0.0
2022-09-09T00:00,29.4,67,984.3,7.1,0.0
2022-09-09T01:00,29.0,70,983.9,8.4,0.0
2022-09-09T02:00,28.6,74,983.6,9.0,0.0
2022-09-09T03:00,28.3,78,983.6,9.4,0.0
2022-09-09T04:00,28.0,81,983.8,9.0,0.0
2022-09-09T05:00,27.7,80,984.0,6.6,0.0
2022-09-09T06:00,28.0,81,984.8,7.8,0.0
2022-09-09T07:00,29.0,79,985.3,9.6,0.0
2022-09-09T08:00,30.6,72,985.6,10.6,0.0
2022-09-09T09:00,32.1,64,985.8,11.0,0.0
2022-09-09T10:00,33.4,57,985.9,9.2,0.0
2022-09-09T11:00,34.4,52,985.2,8.1,0.0
2022-09-09T12:00,34.7,50,984.3,8.8,0.0
2022-09-09T13:00,34.9,49,983.0,7.6,0.1
2022-09-09T14:00,35.0,49,981.8,5.5,0.0
2022-09-09T15:00,34.9,49,980.6,3.2,0.0
2022-09-09T16:00,34.8,49,980.0,1.1,0.0
2022-09-09T17:00,34.2,49,980.7,6.2,0.0
2022-09-09T18:00,33.2,53,980.6,5.4,0.1
2022-09-09T19:00,32.6,56,981.0,5.8,0.0
2022-09-09T20:00,32.1,57,982.0,9.3,0.0
2022-09-09T21:00,31.5,60,982.8,12.1,0.0
2022-09-09T22:00,30.9,63,983.4,11.2,0.0
2022-09-09T23:00,30.3,66,983.7,10.4,0.0
2022-09-10T00:00,29.9,68,983.7,11.2,0.0
2022-09-10T01:00,29.4,71,983.4,10.5,0.0
2022-09-10T02:00,28.9,74,983.3,9.5,0.0
2022-09-10T03:00,28.5,77,982.8,11.2,0.0
2022-09-10T04:00,28.1,79,982.9,8.4,0.0
2022-09-10T05:00,24.8,91,984.4,16.2,0.0
2022-09-10T06:00,25.2,89,984.3,11.4,2.8
2022-09-10T07:00,25.8,87,985.0,9.8,0.1
2022-09-10T08:00,27.1,82,984.8,8.8,0.1
2022-09-10T09:00,30.0,68,985.1,10.8,0.0
2022-09-10T10:00,31.5,64,985.1,11.5,0.0
2022-09-10T11:00,32.5,61,984.3,10.1,0.0
2022-09-10T12:00,33.5,57,983.4,9.1,0.1
2022-09-10T13:00,34.0,55,982.5,8.2,0.0
2022-09-10T14:00,34.3,53,981.0,7.4,0.0
2022-09-10T15:00,34.2,53,979.9,5.4,0.0
2022-09-10T16:00,34.0,52,979.3,5.0,0.0
2022-09-10T17:00,32.0,62,979.0,9.4,0.0
2022-09-10T18:00,31.4,64,979.2,5.4,0.0
2022-09-10T19:00,30.8,66,979.8,7.1,0.0
2022-09-10T20:00,30.2,68,980.7,10.3,0.0
2022-09-10T21:00,29.7,70,981.6,9.4,0.0
2022-09-10T22:00,29.4,71,982.1,9.2,0.0
2022-09-10T23:00,29.1,73,982.1,9.2,0.0
2022-09-11T00:00,28.7,74,982.0,8.7,0.0
2022-09-11T01:00,28.3,76,981.5,9.7,0.0
2022-09-11T02:00,27.9,78,981.1,9.8,0.0
2022-09-11T03:00,27.7,80,981.2,10.1,0.0
2022-09-11T04:00,26.8,84,981.2,13.3,0.1
2022-09-11T05:00,25.3,87,982.2,15.0,0.0
2022-09-11T06:00,24.5,90,982.4,13.5,3.5
2022-09-11T07:00,24.8,89,982.8,11.9,0.1
2022-09-11T08:00,26.2,84,982.9,9.1,0.0
2022-09-11T09:00,28.3,75,983.1,10.7,0.0
2022-09-11T10:00,30.5,66,982.8,11.8,0.0
2022-09-11T11:00,32.1,59,982.1,11.4,0.0
2022-09-11T12:00,32.9,56,981.3,9.1,0.0
2022-09-11T13:00,33.3,55,980.2,5.5,0.0
2022-09-11T14:00,33.5,52,978.6,4.3,0.0
2022-09-11T15:00,33.6,51,977.4,5.2,0.0
2022-09-11T16:00,33.5,51,976.7,7.4,0.0
2022-09-11T17:00,33.2,51,976.7,9.8,0.0
2022-09-11T18:00,32.2,54,977.1,10.5,0.0
2022-09-11T19:00,31.3,57,978.0,14.1,0.0
2022-09-11T20:00,30.2,62,979.1,11.6,0.0
2022-09-11T21:00,29.7,65,980.0,10.2,0.0
2022-09-11T22:00,29.3,67,980.4,10.8,0.0
2022-09-11T23:00,28.9,70,980.2,9.0,0.0
2022-09-12T00:00,28.5,72,980.0,10.1,0.0
2022-09-12T01:00,27.9,74,979.6,10.1,0.0
2022-09-12T02:00,27.6,76,979.0,10.1,0.0
2022-09-12T03:00,27.2,77,978.3,10.2,0.0
2022-09-12T04:00,26.9,79,978.5,9.2,0.0
2022-09-12T05:00,27.0,77,979.3,10.4,0.0
2022-09-12T06:00,27.3,76,979.9,10.6,0.0
2022-09-12T07:00,28.4,73,980.3,11.5,0.0
2022-09-12T08:00,29.8,67,980.6,13.8,0.0
2022-09-12T09:00,31.1,62,980.5,13.9,0.0
2022-09-12T10:00,32.5,57,980.3,15.2,0.0
2022-09-12T11:00,33.5,53,979.9,16.2,0.0
2022-09-12T12:00,34.4,49,979.1,16.6,0.0
2022-09-12T13:00,35.1,44,978.0,16.0,0.0
2022-09-12T14:00,32.9,50,977.1,13.1,0.7
2022-09-12T15:00,33.8,48,976.3,8.8,0.3
2022-09-12T16:00,33.4,49,975.9,13.0,0.0
2022-09-12T17:00,32.1,53,976.3,9.6,0.0
2022-09-12T18:00,31.0,58,976.5,7.2,0.0
2022-09-12T19:00,30.2,63,977.1,5.6,0.0
2022-09-12T20:00,29.2,72,978.1,6.3,0.0
2022-09-12T21:00,28.9,73,978.8,5.6,0.0
2022-09-12T22:00,28.9,70,979.1,5.5,0.0
2022-09-12T23:00,28.5,70,979.1,5.7,0.0
2022-09-13T00:00,28.0,73,978.8,4.8,0.0
2022-09-13T01:00,27.1,77,979.2,14.8,0.2
2022-09-13T02:00,26.0,83,979.3,18.1,0.2
2022-09-13T03:00,25.5,86,979.1,10.9,0.0
2022-09-13T04:00,25.2,88,979.1,8.7,0.0
2022-09-13T05:00,25.3,90,980.0,11.0,0.0
2022-09-13T06:00,25.8,87,980.2,14.4,0.0
2022-09-13T07:00,26.4,83,980.7,14.3,0.0
2022-09-13T08:00,27.8,75,980.9,14.6,0.0
2022-09-13T09:00,29.7,65,981.3,19.1,0.0
2022-09-13T10:00,31.4,58,981.0,20.4,0.0
2022-09-13T11:00,32.3,54,980.5,22.3,0.0
2022-09-13T12:00,33.4,49,979.6,27.5,0.1
2022-09-13T13:00,33.5,50,978.4,28.8,0.3
2022-09-13T14:00,34.2,47,977.5,27.8,0.1
2022-09-13T15:00,34.3,45,976.6,27.5,0.0
2022-09-13T16:00,33.1,47,976.4,27.2,0.2
2022-09-13T17:00,32.0,54,977.5,18.7,0.3
2022-09-13T18:00,30.2,64,978.0,12.4,0.2
2022-09-13T19:00,30.1,65,978.7,12.6,0.0
2022-09-13T20:00,29.7,65,979.5,13.7,0.0
2022-09-13T21:00,29.1,68,980.2,12.8,0.0
2022-09-13T22:00,28.9,69,980.6,15.5,0.0
2022-09-13T23:00,28.8,67,980.6,18.5,0.0
2022-09-14T00:00,28.4,67,980.5,19.6,0.0
2022-09-14T01:00,28.1,69,980.2,18.9,0.0
2022-09-14T02:00,27.6,71,979.6,18.5,0.0
2022-09-14T03:00,27.2,74,979.5,18.0,0.0
2022-09-14T04:00,27.0,75,979.5,15.9,0.0
2022-09-14T05:00,26.6,78,980.2,13.2,0.0
2022-09-14T06:00,25.2,86,980.9,20.4,1.2
2022-09-14T07:00,25.4,86,980.8,20.5,1.4
2022-09-14T08:00,27.0,79,981.1,17.3,0.1
2022-09-14T09:00,28.3,71,981.5,21.1,0.1
2022-09-14T10:00,29.7,65,981.5,26.0,0.0
2022-09-14T11:00,30.5,62,980.8,27.3,0.0
2022-09-14T12:00,29.4,66,980.3,30.2,0.3
2022-09-14T13:00,29.7,71,979.3,24.0,1.6
2022-09-14T14:00,29.0,70,978.3,27.9,0.4
2022-09-14T15:00,28.1,77,977.6,18.4,0.5
2022-09-14T16:00,28.5,74,977.5,19.8,0.3
2022-09-14T17:00,26.8,85,978.2,14.9,0.0
2022-09-14T18:00,26.9,84,978.9,17.9,0.1
2022-09-14T19:00,26.6,84,979.3,17.1,0.1
2022-09-14T20:00,26.3,85,979.7,15.0,0.0
2022-09-14T21:00,26.3,86,980.3,14.0,0.0
2022-09-14T22:00,26.0,86,980.6,13.9,0.0
2022-09-14T23:00,25.8,87,980.6,13.4,0.0
2022-09-15T00:00,25.6,88,980.1,14.8,0.1
2022-09-15T01:00,25.5,88,979.4,15.5,0.4
2022-09-15T02:00,25.2,91,978.6,13.0,0.3
2022-09-15T03:00,24.9,92,978.2,13.2,0.1
2022-09-15T04:00,24.6,92,978.2,12.4,0.7
2022-09-15T05:00,24.8,93,978.1,10.5,0.1
2022-09-15T06:00,24.9,92,978.5,14.4,0.0
2022-09-15T07:00,25.6,88,979.1,15.3,0.0
2022-09-15T08:00,26.9,81,979.3,16.0,0.0
2022-09-15T09:00,28.6,72,979.4,13.9,0.0
2022-09-15T10:00,29.4,69,979.4,15.2,0.0
2022-09-15T11:00,30.1,66,978.8,15.6,0.1
2022-09-15T12:00,28.5,76,978.3,17.6,1.0
2022-09-15T13:00,26.1,91,977.8,14.9,3.1
2022-09-15T14:00,28.1,81,976.7,10.5,0.5
2022-09-15T15:00,27.0,79,976.0,23.2,0.8
2022-09-15T16:00,26.8,83,976.3,18.4,0.4
2022-09-15T17:00,25.7,85,976.7,17.3,0.2
2022-09-15T18:00,25.6,85,977.1,14.5,0.0
2022-09-15T19:00,25.2,87,977.4,13.2,0.0
2022-09-15T20:00,24.7,89,978.0,14.3,0.0
2022-09-15T21:00,24.2,94,978.2,13.8,0.5
2022-09-15T22:00,24.4,96,978.2,9.7,0.6
2022-09-15T23:00,24.5,95,978.2,11.0,0.3
2022-09-16T00:00,24.2,95,977.6,13.3,0.4
2022-09-16T01:00,24.2,96,977.0,12.7,0.2
2022-09-16T02:00,24.1,95,976.5,12.1,0.0
2022-09-16T03:00,23.5,97,976.1,13.4,0.0
2022-09-16T04:00,23.5,97,975.9,10.4,0.0
2022-09-16T05:00,23.4,95,976.5,6.6,0.0
2022-09-16T06:00,23.6,95,976.5,5.0,0.0
2022-09-16T07:00,24.5,89,977.0,7.2,0.0
2022-09-16T08:00,25.8,82,977.1,8.1,0.1
2022-09-16T09:00,27.5,75,977.4,10.0,0.1
2022-09-16T10:00,28.4,70,977.4,10.8,0.1
2022-09-16T11:00,30.0,64,976.7,11.3,0.0
2022-09-16T12:00,30.9,62,976.0,13.6,0.0
2022-09-16T13:00,30.7,63,975.0,15.1,0.2
2022-09-16T14:00,30.8,62,974.0,15.0,0.0
2022-09-16T15:00,30.7,63,973.3,14.0,0.0
2022-09-16T16:00,30.5,64,973.0,11.9,0.0
2022-09-16T17:00,24.2,95,974.4,10.4,0.0
2022-09-16T18:00,24.6,91,974.6,3.2,8.8
2022-09-16T19:00,24.4,93,975.0,7.6,3.0
2022-09-16T20:00,24.6,93,975.2,2.0,0.5
2022-09-16T21:00,24.7,91,975.5,3.7,0.0
2022-09-16T22:00,24.7,90,975.4,8.6,0.0
2022-09-16T23:00,24.8,90,975.5,11.5,0.0
2022-09-17T00:00,24.9,90,975.4,8.0,0.0
2022-09-17T01:00,24.3,93,975.0,3.5,0.0
2022-09-17T02:00,24.1,94,974.9,3.6,0.0
2022-09-17T03:00,24.5,91,975.5,10.6,0.0
2022-09-17T04:00,24.4,89,975.9,8.9,0.0
2022-09-17T05:00,23.6,94,976.3,3.1,0.0
2022-09-17T06:00,24.0,94,976.9,5.0,0.0
2022-09-17T07:00,25.7,88,977.7,6.4,0.0
2022-09-17T08:00,27.8,77,978.4,8.8,0.0
2022-09-17T09:00,29.6,70,979.2,12.0,0.0
2022-09-17T10:00,31.1,64,979.6,13.2,0.0
2022-09-17T11:00,32.1,60,979.4,13.6,0.0
2022-09-17T12:00,32.9,56,978.9,13.5,0.0
2022-09-17T13:00,33.2,55,978.0,14.5,0.0
2022-09-17T14:00,33.3,54,977.4,14.3,0.0
2022-09-17T15:00,33.5,52,976.9,12.5,0.0
2022-09-17T16:00,33.2,52,976.7,12.8,0.0
2022-09-17T17:00,26.4,83,977.8,14.2,0.0
2022-09-17T18:00,25.3,83,978.1,11.6,0.8
2022-09-17T19:00,25.8,84,978.6,6.2,0.0
2022-09-17T20:00,25.5,84,979.8,9.2,0.0
2022-09-17T21:00,25.0,88,980.4,9.8,0.0
2022-09-17T22:00,24.6,91,980.8,8.4,0.0
2022-09-17T23:00,24.3,93,980.7,7.6,0.0
2022-09-18T00:00,24.0,95,980.5,5.1,0.0
2022-09-18T01:00,23.6,96,980.1,4.6,0.0
2022-09-18T02:00,23.7,97,979.7,6.3,0.0
2022-09-18T03:00,23.4,99,979.8,7.0,0.0
2022-09-18T04:00,23.3,99,980.1,6.3,0.0
2022-09-18T05:00,23.9,98,980.8,4.5,0.0
2022-09-18T06:00,24.3,96,981.4,5.2,0.0
2022-09-18T07:00,25.4,92,982.1,1.9,0.0
2022-09-18T08:00,27.3,83,982.5,0.4,0.0
2022-09-18T09:00,29.3,75,982.9,4.4,0.0
2022-09-18T10:00,30.8,68,982.9,10.2,0.2
2022-09-18T11:00,31.6,63,982.4,12.1,0.1
2022-09-18T12:00,32.3,59,981.9,11.3,0.1
2022-09-18T13:00,32.9,57,980.8,11.1,0.0
2022-09-18T14:00,33.2,56,980.1,11.3,0.0
2022-09-18T15:00,33.0,54,979.4,11.4,0.0
2022-09-18T16:00,32.6,55,979.0,12.0,0.0
2022-09-18T17:00,31.6,61,979.8,8.4,0.0
2022-09-18T18:00,29.7,69,979.7,5.9,0.0
2022-09-18T19:00,28.6,75,980.0,5.3,0.0
2022-09-18T20:00,27.8,80,980.7,6.0,0.0
2022-09-18T21:00,26.9,87,981.2,6.6,0.0
2022-09-18T22:00,26.7,87,981.3,4.5,0.0
2022-09-18T23:00,26.5,87,981.4,5.0,0.0
2022-09-19T00:00,26.1,88,981.2,5.2,0.0
2022-09-19T01:00,25.6,90,981.1,5.0,0.0
2022-09-19T02:00,25.4,90,980.6,5.9,0.0
2022-09-19T03:00,25.2,90,980.5,6.4,0.0
2022-09-19T04:00,24.9,91,980.6,4.7,0.0
2022-09-19T05:00,24.7,94,981.1,5.8,0.0
2022-09-19T06:00,25.6,90,981.6,3.3,0.0
2022-09-19T07:00,27.2,84,982.3,4.5,0.0
2022-09-19T08:00,29.1,75,982.7,5.6,0.0
2022-09-19T09:00,30.5,67,983.2,7.2,0.0
2022-09-19T10:00,31.5,61,983.1,7.2,0.0
2022-09-19T11:00,32.4,54,982.6,9.4,0.0
2022-09-19T12:00,33.1,49,982.0,10.1,0.0
2022-09-19T13:00,33.4,48,981.2,10.8,0.0
2022-09-19T14:00,33.5,47,980.1,10.8,0.0
2022-09-19T15:00,33.3,46,979.2,12.3,0.0
2022-09-19T16:00,32.9,48,978.9,13.0,0.0
2022-09-19T17:00,28.2,75,980.1,8.4,0.0
2022-09-19T18:00,27.8,77,979.8,2.9,0.0
2022-09-19T19:00,27.5,81,980.4,3.8,0.0
2022-09-19T20:00,27.1,85,981.4,4.5,0.0
2022-09-19T21:00,26.8,86,981.6,4.2,0.0
2022-09-19T22:00,26.8,85,982.1,4.8,0.0
2022-09-19T23:00,26.4,87,981.8,4.3,0.0
2022-09-20T00:00,26.0,90,981.6,3.9,0.0
2022-09-20T01:00,25.6,92,981.1,3.6,0.0
2022-09-20T02:00,25.2,94,980.8,3.7,0.0
2022-09-20T03:00,24.9,97,980.5,3.8,0.0
2022-09-20T04:00,24.8,97,980.7,2.7,0.0
2022-09-20T05:00,23.9,94,981.3,6.8,0.0
2022-09-20T06:00,24.4,91,981.8,5.5,0.1
2022-09-20T07:00,25.0,90,982.5,6.9,0.1
2022-09-20T08:00,26.4,83,982.8,4.7,0.0
2022-09-20T09:00,27.9,78,983.5,6.0,0.0
2022-09-20T10:00,29.1,74,983.2,6.1,0.0
2022-09-20T11:00,30.5,71,982.7,8.4,0.2
2022-09-20T12:00,31.1,68,981.7,5.8,0.2
2022-09-20T13:00,31.9,64,980.5,5.8,0.1
2022-09-20T14:00,32.0,62,978.8,4.5,0.1
2022-09-20T15:00,31.8,61,978.1,7.0,0.0
2022-09-20T16:00,29.8,70,978.1,9.3,0.5
2022-09-20T17:00,27.0,85,979.5,9.2,0.1
2022-09-20T18:00,26.2,89,980.5,5.5,0.3
2022-09-20T19:00,26.1,89,980.9,3.3,0.7
2022-09-20T20:00,25.9,94,981.3,1.4,0.0
2022-09-20T21:00,25.9,94,981.8,2.2,0.0
2022-09-20T22:00,25.7,94,981.8,5.1,0.0
2022-09-20T23:00,25.5,96,981.8,6.8,0.0
2022-09-21T00:00,25.3,95,981.3,6.2,0.0
2022-09-21T01:00,25.0,96,980.8,4.3,0.0
2022-09-21T02:00,24.5,98,980.7,5.5,0.0
2022-09-21T03:00,25.2,94,980.2,1.6,0.0
2022-09-21T04:00,24.9,94,980.4,2.3,0.0
2022-09-21T05:00,24.9,98,980.9,1.8,0.0
2022-09-21T06:00,25.3,96,981.6,1.6,0.0
2022-09-21T07:00,26.1,92,982.1,1.1,0.0
2022-09-21T08:00,27.5,85,982.3,2.6,0.0
2022-09-21T09:00,29.3,76,982.7,2.4,0.0
2022-09-21T10:00,30.2,71,982.7,4.0,0.1
2022-09-21T11:00,30.3,71,982.1,7.7,0.1
2022-09-21T12:00,31.2,67,981.4,8.2,0.1
2022-09-21T13:00,31.5,64,980.6,9.4,0.1
2022-09-21T14:00,31.3,64,979.3,6.9,0.2
2022-09-21T15:00,29.2,73,978.8,8.1,0.5
2022-09-21T16:00,28.8,75,978.8,6.5,0.1
2022-09-21T17:00,27.8,78,979.9,10.5,0.0
2022-09-21T18:00,27.3,85,980.5,7.4,0.5
2022-09-21T19:00,27.0,87,981.2,6.4,0.0
2022-09-21T20:00,26.7,87,981.5,6.0,0.0
2022-09-21T21:00,26.4,88,981.5,7.8,0.0
2022-09-21T22:00,26.0,89,981.7,7.4,0.0
2022-09-21T23:00,25.6,91,981.1,6.6,0.0
2022-09-22T00:00,25.4,92,980.5,7.4,0.0
2022-09-22T01:00,25.2,92,980.1,5.9,0.0
2022-09-22T02:00,25.0,93,979.7,6.3,0.0
2022-09-22T03:00,24.9,93,979.4,5.5,0.0
2022-09-22T04:00,24.9,93,979.8,7.6,0.0
2022-09-22T05:00,23.8,94,980.2,6.8,0.7
2022-09-22T06:00,24.2,93,980.5,13.8,0.2
2022-09-22T07:00,24.1,96,981.1,17.0,1.0
2022-09-22T08:00,23.8,97,981.8,13.9,3.8
2022-09-22T09:00,24.6,93,982.0,8.1,1.0
2022-09-22T10:00,25.7,91,981.9,13.8,4.2
2022-09-22T11:00,26.4,87,981.5,15.8,2.5
2022-09-22T12:00,26.1,90,980.9,15.3,2.3
2022-09-22T13:00,24.8,93,979.7,16.9,2.2
2022-09-22T14:00,26.1,86,978.8,17.7,0.4
2022-09-22T15:00,26.6,86,978.4,16.6,0.3
2022-09-22T16:00,26.8,83,978.1,16.5,0.8
2022-09-22T17:00,25.2,94,979.1,12.4,1.4
2022-09-22T18:00,25.0,95,979.2,7.1,0.3
2022-09-22T19:00,25.0,95,979.3,6.4,0.7
2022-09-22T20:00,25.1,95,980.0,6.7,0.9
2022-09-22T21:00,25.0,93,980.5,2.7,1.4
2022-09-22T22:00,24.4,95,980.8,7.0,2.9
2022-09-22T23:00,23.6,96,980.9,8.5,6.9
2022-09-23T00:00,23.8,95,980.1,13.4,0.9
2022-09-23T01:00,24.1,96,979.9,10.4,1.3
2022-09-23T02:00,23.9,96,979.4,12.7,2.8
2022-09-23T03:00,23.9,95,979.2,11.5,1.2
2022-09-23T04:00,23.6,97,979.5,13.2,2.0
2022-09-23T05:00,24.1,97,979.3,10.6,10.2
2022-09-23T06:00,23.6,98,980.3,11.9,3.4
2022-09-23T07:00,23.5,98,980.7,10.5,3.0
2022-09-23T08:00,23.6,98,981.1,13.9,1.9
2022-09-23T09:00,24.0,96,981.3,13.7,2.4
2022-09-23T10:00,25.3,91,981.2,17.6,1.1
2022-09-23T11:00,25.7,91,981.0,17.7,1.5
2022-09-23T12:00,25.8,91,980.2,15.1,0.9
2022-09-23T13:00,26.6,86,978.7,13.4,1.0
2022-09-23T14:00,28.1,82,977.5,11.6,0.5
2022-09-23T15:00,26.2,88,977.3,11.1,1.9
2022-09-23T16:00,24.8,89,977.5,13.6,0.4
2022-09-23T17:00,24.8,91,978.0,10.9,0.0
2022-09-23T18:00,24.5,95,978.4,10.4,2.3
2022-09-23T19:00,24.6,96,978.5,11.3,2.1
2022-09-23T20:00,24.6,96,979.1,9.9,2.4
2022-09-23T21:00,24.6,97,979.3,10.8,1.4
2022-09-23T22:00,24.5,97,979.1,10.0,1.7
2022-09-23T23:00,24.6,96,978.8,10.2,1.9
2022-09-24T00:00,24.3,97,978.4,15.6,1.1
2022-09-24T01:00,23.7,98,978.3,13.4,1.4
2022-09-24T02:00,23.6,98,977.8,11.2,1.3
2022-09-24T03:00,23.4,99,977.5,8.0,2.6
2022-09-24T04:00,23.5,99,977.9,9.4,1.0
2022-09-24T05:00,24.1,96,977.8,12.6,0.9
2022-09-24T06:00,24.0,96,978.4,16.2,0.6
2022-09-24T07:00,23.8,97,978.9,17.7,0.3
2022-09-24T08:00,24.4,94,979.6,16.2,0.2
2022-09-24T09:00,25.0,92,979.8,20.0,0.1
2022-09-24T10:00,25.6,87,979.8,20.8,0.8
2022-09-24T11:00,25.5,90,979.5,21.3,5.5
2022-09-24T12:00,25.7,93,978.5,16.2,1.8
2022-09-24T13:00,27.0,83,977.5,19.7,2.2
2022-09-24T14:00,26.3,88,976.8,14.3,4.8
2022-09-24T15:00,26.1,88,975.9,16.7,4.4
2022-09-24T16:00,25.3,91,975.6,14.1,3.6
2022-09-24T17:00,24.8,94,976.5,22.8,1.0
2022-09-24T18:00,24.8,91,976.9,20.2,0.8
2022-09-24T19:00,24.5,94,977.4,17.1,1.2
2022-09-24T20:00,24.3,95,977.7,15.8,2.3
2022-09-24T21:00,24.0,96,978.0,14.0,3.1
2022-09-24T22:00,24.0,97,978.1,14.3,0.5
2022-09-24T23:00,24.2,97,978.0,15.1,0.0
2022-09-25T00:00,24.1,97,977.5,14.8,0.0
2022-09-25T01:00,24.0,98,977.3,14.9,0.0
2022-09-25T02:00,24.0,97,976.5,12.9,0.0
2022-09-25T03:00,23.9,96,976.3,11.4,0.1
2022-09-25T04:00,23.7,97,976.8,13.0,0.1
2022-09-25T05:00,23.6,98,977.9,7.6,0.1
2022-09-25T06:00,24.1,96,978.9,8.5,0.5
2022-09-25T07:00,24.8,92,979.8,12.1,0.1
2022-09-25T08:00,25.6,86,980.8,14.5,0.0
2022-09-25T09:00,27.0,79,981.4,16.0,0.0
2022-09-25T10:00,28.2,73,981.9,15.5,0.0
2022-09-25T11:00,29.2,67,982.0,16.0,0.0
2022-09-25T12:00,30.0,64,981.7,12.2,0.0
2022-09-25T13:00,30.5,61,981.1,12.2,0.0
2022-09-25T14:00,30.8,59,980.4,11.8,0.0
2022-09-25T15:00,30.7,60,980.1,11.1,0.0
2022-09-25T16:00,30.2,63,980.0,9.7,0.0
2022-09-25T17:00,25.9,88,981.0,7.4,0.0
2022-09-25T18:00,25.6,88,981.7,4.6,0.0
2022-09-25T19:00,25.1,91,982.5,3.5,0.0
2022-09-25T20:00,25.6,87,983.5,1.1,0.0
2022-09-25T21:00,25.0,92,984.1,3.2,0.0
2022-09-25T22:00,24.6,94,984.3,4.3,0.0
2022-09-25T23:00,25.1,91,984.5,2.3,0.0
2022-09-26T00:00,24.8,92,984.2,1.3,0.0
2022-09-26T01:00,24.4,95,983.6,1.6,0.0
2022-09-26T02:00,24.1,96,983.3,1.1,0.0
2022-09-26T03:00,22.7,99,983.1,4.3,0.0
2022-09-26T04:00,22.6,100,983.1,4.2,0.0
2022-09-26T05:00,23.5,100,983.9,3.6,0.0
2022-09-26T06:00,23.8,98,984.5,4.7,0.0
2022-09-26T07:00,24.2,96,985.3,5.4,0.0
2022-09-26T08:00,25.9,88,986.2,6.3,0.0
2022-09-26T09:00,27.6,82,986.5,7.1,0.0
2022-09-26T10:00,29.1,74,986.5,9.4,0.1
2022-09-26T11:00,30.0,71,986.2,11.5,0.0
2022-09-26T12:00,30.6,69,985.4,12.5,0.0
2022-09-26T13:00,30.9,66,984.4,13.0,0.0
2022-09-26T14:00,31.0,63,983.1,13.2,0.0
2022-09-26T15:00,30.6,66,982.1,13.3,0.0
2022-09-26T16:00,30.1,64,981.6,14.8,0.0
2022-09-26T17:00,28.7,74,982.5,9.0,0.0
2022-09-26T18:00,27.7,77,982.7,8.4,0.0
2022-09-26T19:00,27.1,80,983.3,10.6,0.0
2022-09-26T20:00,26.5,82,983.9,7.2,0.0
2022-09-26T21:00,25.8,85,983.8,8.2,0.0
2022-09-26T22:00,25.2,88,984.0,7.3,0.0
2022-09-26T23:00,24.5,92,983.8,5.1,0.0
2022-09-27T00:00,23.9,94,983.6,5.1,0.0
2022-09-27T01:00,23.4,95,983.1,5.0,0.0
2022-09-27T02:00,23.1,96,982.6,5.2,0.0
2022-09-27T03:00,22.8,97,982.5,4.7,0.0
2022-09-27T04:00,22.6,97,982.4,5.9,0.0
2022-09-27T05:00,22.8,97,983.0,7.0,0.0
2022-09-27T06:00,23.2,95,983.2,7.5,0.0
2022-09-27T07:00,24.3,92,983.9,7.3,0.0
2022-09-27T08:00,26.0,85,984.3,7.6,0.0
2022-09-27T09:00,27.8,75,984.5,8.4,0.0
2022-09-27T10:00,29.2,68,984.7,9.2,0.0
2022-09-27T11:00,30.3,62,984.1,11.9,0.0
2022-09-27T12:00,30.9,58,983.5,13.5,0.0
2022-09-27T13:00,31.4,56,982.5,13.1,0.0
2022-09-27T14:00,31.4,55,981.5,13.0,0.0
2022-09-27T15:00,31.3,56,981.0,12.1,0.0
2022-09-27T16:00,30.7,59,980.9,11.2,0.0
2022-09-27T17:00,29.0,68,981.3,6.5,0.0
2022-09-27T18:00,27.6,73,981.5,5.6,0.0
2022-09-27T19:00,27.1,75,982.0,6.3,0.0
2022-09-27T20:00,26.2,81,982.5,5.6,0.0
2022-09-27T21:00,25.4,86,982.9,6.4,0.0
2022-09-27T22:00,24.8,89,982.6,7.0,0.0
2022-09-27T23:00,24.6,88,982.4,6.0,0.0
2022-09-28T00:00,25.3,82,982.3,4.3,0.0
2022-09-28T01:00,25.3,81,982.0,3.4,0.0
2022-09-28T02:00,23.7,90,981.6,4.5,0.0
2022-09-28T03:00,23.3,91,981.5,4.6,0.0
2022-09-28T04:00,22.9,93,981.4,4.7,0.0
2022-09-28T05:00,23.2,94,982.2,5.4,0.0
2022-09-28T06:00,23.8,91,982.6,6.5,0.0
2022-09-28T07:00,25.1,88,983.2,6.9,0.0
2022-09-28T08:00,26.9,81,983.3,6.2,0.0
2022-09-28T09:00,28.6,74,983.6,7.0,0.0
2022-09-28T10:00,29.9,67,983.5,8.0,0.0
2022-09-28T11:00,31.0,61,983.2,7.6,0.0
2022-09-28T12:00,31.7,57,982.6,7.8,0.0
2022-09-28T13:00,32.1,53,981.8,9.0,0.0
2022-09-28T14:00,32.0,52,980.7,10.5,0.2
2022-09-28T15:00,32.0,50,980.0,9.5,0.0
2022-09-28T16:00,31.3,55,979.5,9.2,0.0
2022-09-28T17:00,29.6,65,979.9,9.1,0.0
2022-09-28T18:00,27.9,73,980.2,8.8,0.0
2022-09-28T19:00,26.8,79,980.5,5.5,0.0
2022-09-28T20:00,26.2,83,981.0,5.5,0.0
2022-09-28T21:00,25.2,89,981.3,7.8,0.0
2022-09-28T22:00,25.2,88,981.5,7.1,0.0
2022-09-28T23:00,24.7,89,981.6,6.9,0.0
2022-09-29T00:00,24.2,91,981.4,6.4,0.0
2022-09-29T01:00,24.1,91,981.4,3.9,0.0
2022-09-29T02:00,23.7,93,981.3,5.0,0.0
2022-09-29T03:00,23.4,94,981.0,5.4,0.0
2022-09-29T04:00,23.0,95,980.9,4.8,0.0
2022-09-29T05:00,22.8,95,981.7,4.5,0.0
2022-09-29T06:00,23.6,91,982.5,4.9,0.0
2022-09-29T07:00,24.9,88,983.0,6.2,0.0
2022-09-29T08:00,26.7,81,983.5,7.1,0.0
2022-09-29T09:00,28.3,75,983.9,8.8,0.0
2022-09-29T10:00,29.6,69,983.7,10.4,0.0
2022-09-29T11:00,30.7,63,983.5,11.8,0.0
2022-09-29T12:00,31.3,59,982.7,13.3,0.0
2022-09-29T13:00,31.6,56,981.9,14.0,0.0
2022-09-29T14:00,31.7,54,981.1,14.8,0.0
2022-09-29T15:00,31.6,52,980.3,14.5,0.0
2022-09-29T16:00,31.1,56,979.9,13.3,0.0
2022-09-29T17:00,29.8,66,979.9,8.5,0.0
2022-09-29T18:00,28.2,71,980.2,7.2,0.0
2022-09-29T19:00,27.4,75,980.7,7.6,0.0
2022-09-29T20:00,26.9,76,981.3,7.7,0.0
2022-09-29T21:00,26.1,80,981.7,6.4,0.0
2022-09-29T22:00,24.9,87,982.1,8.2,0.0
2022-09-29T23:00,26.3,78,982.2,5.6,0.0
2022-09-30T00:00,26.1,79,982.1,3.8,0.0
2022-09-30T01:00,24.1,88,982.1,3.4,0.0
2022-09-30T02:00,23.3,92,981.8,5.2,0.0
2022-09-30T03:00,23.0,93,981.8,4.6,0.0
2022-09-30T04:00,23.2,92,981.9,5.1,0.0
2022-09-30T05:00,23.1,95,982.5,4.4,0.0
2022-09-30T06:00,23.7,93,983.4,3.2,0.0
2022-09-30T07:00,25.2,87,983.8,5.8,0.0
2022-09-30T08:00,27.3,80,983.9,6.5,0.0
2022-09-30T09:00,28.9,72,984.2,7.4,0.0
2022-09-30T10:00,30.0,65,984.1,10.7,0.0
2022-09-30T11:00,30.9,60,983.5,11.8,0.0
2022-09-30T12:00,31.6,55,982.9,12.8,0.0
2022-09-30T13:00,31.9,53,982.0,13.7,0.0
2022-09-30T14:00,31.9,52,981.2,14.3,0.0
2022-09-30T15:00,31.7,53,980.7,13.0,0.0
2022-09-30T16:00,31.2,56,980.3,12.3,0.0
2022-09-30T17:00,29.9,66,980.3,7.2,0.0
2022-09-30T18:00,28.3,71,980.4,6.6,0.0
2022-09-30T19:00,27.6,76,981.0,6.7,0.0
2022-09-30T20:00,26.9,79,981.4,6.6,0.0
2022-09-30T21:00,25.8,85,981.7,8.4,0.0
2022-09-30T22:00,25.3,86,981.8,9.0,0.0
2022-09-30T23:00,25.0,86,981.7,8.2,0.0
2023-06-01T00:00,21.7,85,982.8,5.4,0.0
2023-06-01T01:00,21.1,90,982.0,5.5,0.0
2023-06-01T02:00,20.5,93,981.5,7.1,0.0
2023-06-01T03:00,20.3,94,981.6,5.5,0.0
2023-06-01T04:00,20.0,95,982.0,6.6,0.0
2023-06-01T05:00,19.9,94,982.7,5.1,0.0
2023-06-01T06:00,21.6,86,983.7,5.0,0.0
2023-06-01T07:00,23.4,78,984.1,4.7,0.0
2023-06-01T08:00,25.9,66,984.3,4.1,0.0
2023-06-01T09:00,28.1,52,984.2,3.0,0.0
2023-06-01T10:00,29.8,45,983.7,2.0,0.0
2023-06-01T11:00,31.2,41,983.5,4.7,0.0
2023-06-01T12:00,32.3,39,982.9,7.3,0.0
2023-06-01T13:00,33.2,38,982.0,9.3,0.0
2023-06-01T14:00,33.6,37,981.2,10.2,0.0
2023-06-01T15:00,31.4,42,980.9,11.2,0.4
2023-06-01T16:00,32.0,39,980.6,12.2,0.0
2023-06-01T17:00,29.7,50,981.3,15.3,0.0
2023-06-01T18:00,28.0,61,981.2,16.4,0.0
2023-06-01T19:00,26.7,68,981.7,10.6,0.0
2023-06-01T20:00,26.2,70,981.9,5.0,0.0
2023-06-01T21:00,26.2,69,982.2,11.2,0.0
2023-06-01T22:00,25.9,68,981.2,6.2,0.0
2023-06-01T23:00,25.0,71,980.9,8.0,0.0
2023-06-02T00:00,24.3,72,980.4,9.2,0.0
2023-06-02T01:00,24.1,71,981.1,17.8,0.0
2023-06-02T02:00,22.9,76,980.4,8.7,0.4
2023-06-02T03:00,22.5,83,979.0,7.4,0.9
2023-06-02T04:00,22.0,86,980.6,15.2,0.0
2023-06-02T05:00,23.2,75,981.4,14.5,0.0
2023-06-02T06:00,23.8,74,982.5,14.0,0.0
2023-06-02T07:00,24.7,62,982.9,13.0,0.0
2023-06-02T08:00,26.1,55,983.3,10.8,0.0
2023-06-02T09:00,27.9,47,983.9,9.8,0.0
2023-06-02T10:00,29.7,41,984.0,7.5,0.0
2023-06-02T11:00,31.1,38,983.4,6.1,0.0
2023-06-02T12:00,32.0,38,982.8,7.2,0.0
2023-06-02T13:00,32.6,37,981.9,8.5,0.0
2023-06-02T14:00,33.0,37,981.1,10.0,0.0
2023-06-02T15:00,32.9,37,980.5,11.3,0.0
2023-06-02T16:00,32.4,39,980.4,12.5,0.0
2023-06-02T17:00,30.6,46,981.0,9.0,0.0
2023-06-02T18:00,30.3,47,980.9,6.5,0.0
2023-06-02T19:00,28.5,55,981.2,4.8,0.0
2023-06-02T20:00,27.7,58,981.2,6.1,0.0
2023-06-02T21:00,27.0,58,981.5,7.2,0.0
2023-06-02T22:00,25.8,62,981.7,5.4,0.0
2023-06-02T23:00,24.5,69,981.3,7.6,0.0
2023-06-03T00:00,24.7,67,981.0,5.9,0.0
2023-06-03T01:00,23.7,70,980.5,7.1,0.0
2023-06-03T02:00,23.3,71,980.3,6.3,0.0
2023-06-03T03:00,23.0,72,980.3,5.2,0.0
2023-06-03T04:00,22.7,72,980.5,5.6,0.0
2023-06-03T05:00,23.7,70,981.1,5.4,0.0
2023-06-03T06:00,25.0,66,982.1,6.6,0.0
2023-06-03T07:00,26.5,61,982.9,4.0,0.0
2023-06-03T08:00,28.8,53,983.4,5.1,0.0
2023-06-03T09:00,30.7,46,983.8,6.4,0.0
2023-06-03T10:00,31.9,44,983.8,8.1,0.0
2023-06-03T11:00,33.0,41,983.4,11.3,0.0
2023-06-03T12:00,33.9,37,982.5,11.7,0.0
2023-06-03T13:00,34.5,35,981.7,10.8,0.0
2023-06-03T14:00,34.9,33,981.1,11.0,0.0
2023-06-03T15:00,34.8,33,980.7,11.1,0.0
2023-06-03T16:00,34.4,34,980.3,10.3,0.0
2023-06-03T17:00,34.7,34,980.4,8.4,0.0
2023-06-03T18:00,33.3,39,980.7,8.0,0.0
2023-06-03T19:00,31.2,45,980.9,8.7,0.0
2023-06-03T20:00,30.1,48,980.7,8.0,0.0
2023-06-03T21:00,28.8,51,981.1,6.8,0.0
2023-06-03T22:00,27.4,55,981.7,5.7,0.0
2023-06-03T23:00,26.9,61,981.4,8.6,0.0
2023-06-04T00:00,26.0,67,980.7,6.3,0.0
2023-06-04T01:00,24.6,74,980.3,5.4,0.0
2023-06-04T02:00,24.5,75,980.1,8.7,0.0
2023-06-04T03:00,24.3,75,980.2,9.8,0.0
2023-06-04T04:00,23.9,77,980.4,8.4,0.0
2023-06-04T05:00,25.1,72,982.6,12.6,0.0
2023-06-04T06:00,25.8,70,982.7,10.5,0.0
2023-06-04T07:00,27.2,64,983.1,9.2,0.0
2023-06-04T08:00,29.5,54,983.1,8.2,0.0
2023-06-04T09:00,31.6,46,983.2,9.4,0.0
2023-06-04T10:00,33.5,38,982.9,9.1,0.0
2023-06-04T11:00,34.8,34,982.5,10.5,0.0
2023-06-04T12:00,35.8,33,982.0,12.5,0.0
2023-06-04T13:00,36.2,32,981.2,12.5,0.0
2023-06-04T14:00,31.6,49,981.8,10.5,1.6
2023-06-04T15:00,33.5,41,980.5,9.5,0.0
2023-06-04T16:00,33.8,39,979.7,8.2,0.0
2023-06-04T17:00,30.7,59,980.2,10.8,0.0
2023-06-04T18:00,30.7,59,979.8,9.7,0.0
2023-06-04T19:00,29.8,63,979.9,13.5,0.0
2023-06-04T20:00,28.9,65,980.1,10.4,0.0
2023-06-04T21:00,27.8,65,980.5,11.2,0.0
2023-06-04T22:00,26.9,65,980.9,12.6,0.0
2023-06-04T23:00,26.4,67,980.7,12.6,0.0
2023-06-05T00:00,26.2,69,980.1,12.3,0.0
2023-06-05T01:00,25.8,71,979.5,11.7,0.0
2023-06-05T02:00,25.5,73,979.1,12.8,0.0
2023-06-05T03:00,25.3,75,979.1,12.2,0.0
2023-06-05T04:00,25.1,76,979.4,13.1,0.0
2023-06-05T05:00,25.9,73,979.3,14.3,0.0
2023-06-05T06:00,27.0,70,980.3,13.7,0.0
2023-06-05T07:00,28.6,62,981.0,14.1,0.0
2023-06-05T08:00,30.6,54,981.3,14.8,0.0
2023-06-05T09:00,32.9,44,981.6,15.7,0.0
2023-06-05T10:00,34.7,35,981.9,15.9,0.0
2023-06-05T11:00,35.9,31,981.6,15.2,0.0
2023-06-05T12:00,36.6,28,980.9,13.9,0.0
2023-06-05T13:00,36.9,28,980.0,14.7,0.0
2023-06-05T14:00,37.1,26,979.1,14.7,0.0
2023-06-05T15:00,36.9,27,978.7,13.4,0.0
2023-06-05T16:00,36.5,27,978.7,12.6,0.0
2023-06-05T17:00,36.6,27,977.8,18.7,0.0
2023-06-05T18:00,27.8,57,979.2,26.8,0.0
2023-06-05T19:00,28.0,57,979.9,7.6,0.1
2023-06-05T20:00,28.2,57,979.2,5.2,0.0
2023-06-05T21:00,27.5,59,979.6,5.4,0.0
2023-06-05T22:00,27.2,59,980.0,5.4,0.0
2023-06-05T23:00,27.3,55,979.6,9.2,0.0
2023-06-06T00:00,26.8,55,979.1,9.9,0.0
2023-06-06T01:00,26.4,55,978.7,11.3,0.0
2023-06-06T02:00,26.0,57,978.4,10.6,0.0
2023-06-06T03:00,25.7,58,978.5,10.1,0.0
2023-06-06T04:00,25.2,61,978.6,8.7,0.0
2023-06-06T05:00,24.1,70,979.9,4.1,0.0
2023-06-06T06:00,26.3,61,980.4,4.2,0.0
2023-06-06T07:00,28.3,55,981.3,1.9,0.0
2023-06-06T08:00,31.2,46,981.6,4.1,0.0
2023-06-06T09:00,34.2,36,981.9,6.0,0.0
2023-06-06T10:00,36.2,30,981.9,7.6,0.0
2023-06-06T11:00,37.5,25,981.2,9.6,0.0
2023-06-06T12:00,38.2,22,980.6,13.5,0.0
2023-06-06T13:00,38.8,20,979.7,15.3,0.0
2023-06-06T14:00,37.8,20,979.0,19.0,0.0
2023-06-06T15:00,37.4,21,978.3,17.8,0.0
2023-06-06T16:00,37.3,20,978.0,16.1,0.0
2023-06-06T17:00,35.2,32,978.0,9.7,0.0
2023-06-06T18:00,33.0,38,978.3,7.2,0.0
2023-06-06T19:00,32.5,39,978.5,2.2,0.0
2023-06-06T20:00,30.5,45,978.9,5.8,0.0
2023-06-06T21:00,29.1,52,979.0,6.8,0.0
2023-06-06T22:00,28.5,53,979.4,5.8,0.0
2023-06-06T23:00,27.7,55,979.3,5.9,0.0
2023-06-07T00:00,27.2,57,979.0,5.8,0.0
2023-06-07T01:00,26.7,54,978.9,8.9,0.0
2023-06-07T02:00,25.9,56,978.8,9.1,0.0
2023-06-07T03:00,25.4,57,978.9,7.2,0.0
2023-06-07T04:00,25.0,59,979.0,6.8,0.0
2023-06-07T05:00,25.7,58,979.4,7.7,0.0
2023-06-07T06:00,27.1,52,980.3,9.6,0.0
2023-06-07T07:00,29.3,46,981.1,7.5,0.0
2023-06-07T08:00,32.0,39,981.3,7.6,0.0
2023-06-07T09:00,34.4,33,981.2,7.9,0.0
2023-06-07T10:00,36.1,28,981.1,8.8,0.0
2023-06-07T11:00,37.4,24,980.7,11.9,0.0
2023-06-07T12:00,38.1,21,980.3,14.3,0.0
2023-06-07T13:00,38.2,20,979.7,16.9,0.0
2023-06-07T14:00,38.4,20,978.9,20.5,0.0
2023-06-07T15:00,37.3,22,978.3,18.9,0.0
2023-06-07T16:00,36.6,23,978.0,18.2,0.0
2023-06-07T17:00,37.5,21,977.8,15.4,0.0
2023-06-07T18:00,36.1,24,978.3,13.8,0.0
2023-06-07T19:00,33.9,28,978.3,11.5,0.0
2023-06-07T20:00,32.4,32,978.9,10.7,0.0
2023-06-07T21:00,30.8,36,979.4,8.9,0.0
2023-06-07T22:00,29.7,39,979.9,9.1,0.0
2023-06-07T23:00,29.1,40,979.8,8.5,0.0
2023-06-08T00:00,28.2,42,979.3,7.1,0.0
2023-06-08T01:00,26.9,46,978.8,5.6,0.0
2023-06-08T02:00,26.3,49,978.6,6.0,0.0
2023-06-08T03:00,25.7,50,978.6,7.6,0.0
2023-06-08T04:00,25.1,52,979.1,7.2,0.0
2023-06-08T05:00,25.8,55,979.9,6.4,0.0
2023-06-08T06:00,27.7,51,980.4,8.2,0.0
2023-06-08T07:00,29.6,49,981.0,6.5,0.0
2023-06-08T08:00,32.3,43,981.4,6.8,0.0
2023-06-08T09:00,34.8,35,981.4,6.3,0.0
2023-06-08T10:00,36.5,29,981.3,8.2,0.0
2023-06-08T11:00,38.0,25,980.7,11.3,0.0
2023-06-08T12:00,38.8,23,979.9,14.5,0.0
2023-06-08T13:00,39.3,22,979.2,17.9,0.0
2023-06-08T14:00,39.3,22,978.5,20.3,0.0
2023-06-08T15:00,38.9,22,978.0,21.6,0.0
2023-06-08T16:00,38.2,23,977.4,19.3,0.0
2023-06-08T17:00,37.4,23,977.2,18.6,0.0
2023-06-08T18:00,37.4,21,976.3,13.7,0.0
2023-06-08T19:00,34.9,25,976.5,15.8,0.0
2023-06-08T20:00,33.6,28,977.3,14.5,0.0
2023-06-08T21:00,31.7,31,977.5,7.0,0.0
2023-06-08T22:00,29.9,36,977.4,8.5,0.0
2023-06-08T23:00,29.4,37,977.1,6.7,0.0
2023-06-09T00:00,28.9,37,976.7,6.2,0.0
2023-06-09T01:00,28.4,39,976.4,11.2,0.0
2023-06-09T02:00,27.8,41,976.2,9.7,0.0
2023-06-09T03:00,27.0,45,976.1,9.0,0.0
2023-06-09T04:00,26.4,47,976.1,9.0,0.0
2023-06-09T05:00,26.0,49,976.4,10.1,0.0
2023-06-09T06:00,29.1,51,977.8,11.9,0.0
2023-06-09T07:00,31.5,44,978.0,10.8,0.0
2023-06-09T08:00,33.7,38,978.7,13.7,0.0
2023-06-09T09:00,36.0,33,978.8,15.6,0.0
2023-06-09T10:00,37.8,29,978.4,18.5,0.0
2023-06-09T11:00,39.1,27,977.7,16.4,0.0
2023-06-09T12:00,40.1,24,976.8,17.2,0.0
2023-06-09T13:00,40.8,22,976.0,20.6,0.0
2023-06-09T14:00,40.4,22,974.9,20.8,0.0
2023-06-09T15:00,40.7,22,973.9,19.2,0.0
2023-06-09T16:00,40.7,21,973.2,18.7,0.0
2023-06-09T17:00,39.7,21,973.0,21.9,0.0
2023-06-09T18:00,38.4,27,973.9,17.3,0.0
2023-06-09T19:00,36.0,32,974.3,18.7,0.0
2023-06-09T20:00,34.5,35,974.4,18.7,0.0
2023-06-09T21:00,33.3,38,974.8,13.0,0.0
2023-06-09T22:00,32.5,41,974.8,13.2,0.0
2023-06-09T23:00,32.1,41,974.5,13.7,0.0
2023-06-10T00:00,31.3,42,974.2,11.7,0.0
2023-06-10T01:00,30.7,43,973.7,11.3,0.0
2023-06-10T02:00,30.0,46,973.8,10.2,0.0
2023-06-10T03:00,29.3,48,973.9,11.4,0.0
2023-06-10T04:00,28.8,50,974.2,11.6,0.0
2023-06-10T05:00,30.7,48,975.1,6.3,0.0
2023-06-10T06:00,26.5,65,976.5,20.1,0.0
2023-06-10T07:00,30.1,52,976.6,7.7,0.0
2023-06-10T08:00,34.7,37,976.7,12.4,0.0
2023-06-10T09:00,36.5,34,976.8,16.2,0.0
2023-06-10T10:00,37.7,34,976.8,17.3,0.0
2023-06-10T11:00,39.5,29,976.3,16.9,0.0
2023-06-10T12:00,40.4,26,975.6,17.7,0.0
2023-06-10T13:00,39.8,26,975.3,21.4,0.0
2023-06-10T14:00,39.1,29,974.4,17.9,0.0
2023-06-10T15:00,39.4,26,973.7,17.3,0.0
2023-06-10T16:00,38.9,27,973.7,20.5,0.0
2023-06-10T17:00,39.1,23,973.0,20.4,0.0
2023-06-10T18:00,37.6,28,973.5,16.1,0.0
2023-06-10T19:00,36.1,32,973.9,11.8,0.0
2023-06-10T20:00,34.6,36,974.5,9.4,0.0
2023-06-10T21:00,32.7,42,975.1,7.4,0.0
2023-06-10T22:00,31.6,49,975.2,6.1,0.0
2023-06-10T23:00,31.0,53,975.0,6.0,0.0
2023-06-11T00:00,30.2,56,974.7,7.6,0.0
2023-06-11T01:00,29.5,59,974.3,10.2,0.0
2023-06-11T02:00,29.1,60,974.4,10.8,0.0
2023-06-11T03:00,28.8,61,974.4,11.3,0.0
2023-06-11T04:00,28.9,56,974.5,11.8,0.0
2023-06-11T05:00,28.2,65,975.4,10.4,0.0
2023-06-11T06:00,28.9,63,976.4,13.7,0.0
2023-06-11T07:00,30.5,58,976.9,8.8,0.0
2023-06-11T08:00,33.1,51,977.2,10.4,0.0
2023-06-11T09:00,34.8,43,977.3,14.6,0.0
2023-06-11T10:00,36.5,36,977.2,17.3,0.0
2023-06-11T11:00,37.8,33,976.6,20.5,0.0
2023-06-11T12:00,38.6,32,975.8,20.7,0.0
2023-06-11T13:00,39.0,31,974.9,21.4,0.0
2023-06-11T14:00,39.2,31,973.6,21.9,0.0
2023-06-11T15:00,39.1,31,973.0,21.5,0.0
2023-06-11T16:00,38.9,31,972.7,21.3,0.0
2023-06-11T17:00,37.2,33,973.4,20.0,0.0
2023-06-11T18:00,36.4,34,973.8,17.4,0.0
2023-06-11T19:00,35.1,37,974.1,15.6,0.0
2023-06-11T20:00,34.2,41,974.4,15.0,0.0
2023-06-11T21:00,33.3,45,975.0,13.7,0.0
2023-06-11T22:00,32.6,48,975.3,14.3,0.0
2023-06-11T23:00,32.0,51,974.9,13.4,0.0
2023-06-12T00:00,31.3,54,974.5,11.2,0.0
2023-06-12T01:00,30.5,57,974.1,8.6,0.0
2023-06-12T02:00,29.9,59,974.3,9.0,0.0
2023-06-12T03:00,29.4,62,974.3,9.6,0.0
2023-06-12T04:00,29.0,63,974.6,9.4,0.0
2023-06-12T05:00,29.0,65,974.8,9.1,0.0
2023-06-12T06:00,29.8,63,975.4,10.4,0.0
2023-06-12T07:00,31.5,58,975.8,12.1,0.0
2023-06-12T08:00,33.8,51,976.3,15.3,0.0
2023-06-12T09:00,35.8,44,976.4,18.8,0.0
2023-06-12T10:00,37.3,39,976.1,22.8,0.0
2023-06-12T11:00,38.4,35,975.8,26.0,0.0
2023-06-12T12:00,39.3,33,975.3,26.9,0.0
2023-06-12T13:00,40.4,29,974.5,25.7,0.0
2023-06-12T14:00,41.0,27,973.8,26.0,0.0
2023-06-12T15:00,40.9,26,973.1,26.4,0.0
2023-06-12T16:00,40.5,25,972.9,25.6,0.0
2023-06-12T17:00,38.1,31,972.9,22.5,0.0
2023-06-12T18:00,37.8,31,973.2,19.7,0.0
2023-06-12T19:00,36.5,34,973.3,11.9,0.0
2023-06-12T20:00,35.4,40,974.0,11.0,0.0
2023-06-12T21:00,34.7,44,974.4,10.7,0.0
2023-06-12T22:00,34.0,46,975.1,10.9,0.0
2023-06-12T23:00,33.3,47,975.2,12.5,0.0
2023-06-13T00:00,32.6,48,975.0,12.7,0.0
2023-06-13T01:00,31.8,50,974.7,12.6,0.0
2023-06-13T02:00,31.2,51,974.6,13.0,0.0
2023-06-13T03:00,30.4,53,974.7,15.2,0.0
2023-06-13T04:00,30.2,50,975.0,14.4,0.0
2023-06-13T05:00,30.6,60,974.9,13.0,0.0
2023-06-13T06:00,31.8,54,975.6,15.2,0.0
2023-06-13T07:00,33.6,46,976.3,16.7,0.0
2023-06-13T08:00,36.0,37,976.8,22.3,0.0
2023-06-13T09:00,37.1,34,977.1,27.6,0.0
2023-06-13T10:00,38.3,32,976.7,29.1,0.0
2023-06-13T11:00,39.8,29,976.2,30.6,0.0
2023-06-13T12:00,41.1,25,975.4,29.6,0.0
2023-06-13T13:00,41.5,23,974.2,28.4,0.0
2023-06-13T14:00,41.9,20,973.1,28.5,0.0
2023-06-13T15:00,41.6,18,972.2,29.3,0.0
2023-06-13T16:00,41.0,18,972.0,27.9,0.0
2023-06-13T17:00,41.1,20,971.5,26.9,0.0
2023-06-13T18:00,39.9,22,971.8,20.8,0.0
2023-06-13T19:00,37.7,26,972.5,15.9,0.0
2023-06-13T20:00,36.2,29,973.0,14.5,0.0
2023-06-13T21:00,35.3,29,973.9,16.7,0.0
2023-06-13T22:00,35.0,30,974.5,21.7,0.0
2023-06-13T23:00,34.5,32,974.8,20.8,0.0
2023-06-14T00:00,33.7,36,974.6,18.8,0.0
2023-06-14T01:00,33.0,39,974.5,17.5,0.0
2023-06-14T02:00,32.0,41,974.3,17.1,0.0
2023-06-14T03:00,31.4,41,974.5,17.7,0.0
2023-06-14T04:00,31.4,41,974.9,19.1,0.0
2023-06-14T05:00,30.7,49,975.2,15.9,0.0
2023-06-14T06:00,31.5,46,976.4,16.4,0.0
2023-06-14T07:00,33.1,42,977.0,18.7,0.0
2023-06-14T08:00,34.8,41,977.5,24.2,0.0
2023-06-14T09:00,36.6,40,977.6,28.3,0.0
2023-06-14T10:00,38.2,35,977.5,30.0,0.0
2023-06-14T11:00,39.2,31,977.3,29.1,0.0
2023-06-14T12:00,40.2,27,976.4,27.6,0.0
2023-06-14T13:00,40.5,26,975.5,27.1,0.0
2023-06-14T14:00,40.4,26,974.7,27.6,0.0
2023-06-14T15:00,40.2,25,974.2,26.6,0.0
2023-06-14T16:00,39.2,27,973.9,25.9,0.0
2023-06-14T17:00,38.0,31,973.6,25.2,0.0
2023-06-14T18:00,37.5,32,973.7,21.5,0.0
2023-06-14T19:00,37.2,32,974.2,18.2,0.0
2023-06-14T20:00,35.8,35,975.2,17.1,0.0
2023-06-14T21:00,35.0,37,976.0,15.8,0.0
2023-06-14T22:00,33.7,42,976.0,12.3,0.0
2023-06-14T23:00,32.9,44,976.0,10.5,0.0
2023-06-15T00:00,32.2,46,975.7,10.2,0.0
2023-06-15T01:00,31.6,48,975.2,9.9,0.0
2023-06-15T02:00,31.3,48,975.0,12.9,0.0
2023-06-15T03:00,31.2,47,975.0,17.7,0.0
2023-06-15T04:00,31.7,45,975.5,21.7,0.0
2023-06-15T05:00,31.0,52,975.6,24.2,0.0
2023-06-15T06:00,32.0,48,976.5,24.7,0.0
2023-06-15T07:00,33.3,43,977.5,30.4,0.0
2023-06-15T08:00,32.3,48,978.8,30.8,0.0
2023-06-15T09:00,33.5,45,979.5,25.8,0.0
2023-06-15T10:00,35.2,41,979.3,26.8,0.0
2023-06-15T11:00,36.3,38,978.8,26.8,0.0
2023-06-15T12:00,36.3,38,978.2,25.6,0.0
2023-06-15T13:00,37.0,36,977.3,23.6,0.0
2023-06-15T14:00,37.2,36,976.8,21.9,0.0
2023-06-15T15:00,37.4,36,976.1,22.2,0.0
2023-06-15T16:00,37.0,35,975.5,21.6,0.0
2023-06-15T17:00,34.3,43,976.6,6.2,0.0
2023-06-15T18:00,33.4,51,975.9,6.4,0.4
2023-06-15T19:00,32.1,58,976.1,8.6,0.0
2023-06-15T20:00,31.1,62,976.4,3.7,0.0
2023-06-15T21:00,30.5,64,976.9,3.7,0.0
2023-06-15T22:00,30.3,63,977.4,5.4,0.0
2023-06-15T23:00,30.3,56,977.3,7.6,0.0
2023-06-16T00:00,29.8,55,976.9,7.4,0.0
2023-06-16T01:00,29.4,56,976.5,8.7,0.0
2023-06-16T02:00,29.0,58,976.4,7.2,0.0
2023-06-16T03:00,28.6,60,976.4,7.7,0.0
2023-06-16T04:00,28.8,60,976.8,9.4,0.0
2023-06-16T05:00,27.4,66,977.0,19.3,0.0
2023-06-16T06:00,27.4,70,977.2,18.2,0.3
2023-06-16T07:00,30.2,58,977.7,11.6,0.0
2023-06-16T08:00,32.4,50,978.4,15.6,0.0
2023-06-16T09:00,33.9,45,978.4,18.5,0.0
2023-06-16T10:00,35.6,39,978.0,21.6,0.0
2023-06-16T11:00,36.8,36,977.4,20.2,0.0
2023-06-16T12:00,37.7,34,976.9,19.6,0.0
2023-06-16T13:00,38.7,32,976.2,19.6,0.0
2023-06-16T14:00,33.4,47,977.0,28.1,0.3
2023-06-16T15:00,30.4,64,976.2,20.9,0.6
2023-06-16T16:00,32.5,55,975.7,17.8,0.0
2023-06-16T17:00,35.5,42,975.4,8.7,0.0
2023-06-16T18:00,34.7,44,975.7,10.6,0.0
2023-06-16T19:00,33.3,48,976.1,11.2,0.0
2023-06-16T20:00,32.6,51,976.6,7.9,0.0
2023-06-16T21:00,32.3,52,977.1,6.3,0.0
2023-06-16T22:00,32.2,54,977.3,7.0,0.0
2023-06-16T23:00,31.5,57,977.1,10.4,0.0
2023-06-17T00:00,30.7,60,976.7,10.2,0.0
2023-06-17T01:00,30.2,61,976.1,7.2,0.0
2023-06-17T02:00,29.6,63,975.8,6.6,0.0
2023-06-17T03:00,29.2,65,975.9,9.5,0.0
2023-06-17T04:00,29.1,67,976.5,15.0,0.0
2023-06-17T05:00,26.3,82,976.6,8.6,0.0
2023-06-17T06:00,28.0,78,977.5,15.2,0.2
2023-06-17T07:00,29.4,70,978.1,14.0,0.1
2023-06-17T08:00,32.2,56,978.5,10.7,0.0
2023-06-17T09:00,34.5,45,978.9,12.0,0.0
2023-06-17T10:00,36.1,40,978.5,12.2,0.0
2023-06-17T11:00,37.3,37,978.1,11.3,0.0
2023-06-17T12:00,38.2,35,977.5,11.0,0.0
2023-06-17T13:00,38.7,33,976.5,10.5,0.0
2023-06-17T14:00,39.1,32,975.4,8.4,0.0
2023-06-17T15:00,39.3,31,974.7,12.1,0.0
2023-06-17T16:00,38.4,33,974.0,10.9,0.0
2023-06-17T17:00,33.8,49,974.4,3.0,0.0
2023-06-17T18:00,34.3,46,975.4,10.2,0.0
2023-06-17T19:00,33.8,47,975.4,3.1,0.0
2023-06-17T20:00,32.7,53,976.3,13.4,0.0
2023-06-17T21:00,30.6,65,977.1,12.6,0.0
2023-06-17T22:00,30.1,66,977.6,12.4,0.0
2023-06-17T23:00,29.2,71,978.0,14.7,0.0
2023-06-18T00:00,28.8,72,977.6,11.7,0.0
2023-06-18T01:00,28.8,70,976.9,5.8,0.0
2023-06-18T02:00,28.8,70,976.7,2.6,0.0
2023-06-18T03:00,28.9,70,976.8,0.8,0.0
2023-06-18T04:00,28.6,72,977.2,8.7,0.0
2023-06-18T05:00,28.4,83,977.0,4.7,0.0
2023-06-18T06:00,29.6,76,977.7,6.5,0.0
2023-06-18T07:00,30.2,71,978.5,9.9,2.2
2023-06-18T08:00,30.5,71,978.6,7.2,1.3
2023-06-18T09:00,32.2,62,978.5,6.8,0.1
2023-06-18T10:00,33.8,55,978.4,8.0,0.0
2023-06-18T11:00,35.2,50,978.1,7.9,0.0
2023-06-18T12:00,36.5,45,977.2,8.9,0.0
2023-06-18T13:00,37.4,41,975.7,10.0,0.0
2023-06-18T14:00,37.9,38,974.5,10.5,0.0
2023-06-18T15:00,38.7,35,973.8,11.5,0.0
2023-06-18T16:00,34.4,48,974.0,17.7,0.4
2023-06-18T17:00,32.6,55,974.5,14.4,0.0
2023-06-18T18:00,32.6,55,974.7,11.3,0.0
2023-06-18T19:00,32.1,58,975.2,10.9,0.0
2023-06-18T20:00,31.6,60,975.8,10.8,0.0
2023-06-18T21:00,31.3,60,976.3,11.2,0.0
2023-06-18T22:00,30.7,59,976.7,9.1,0.0
2023-06-18T23:00,30.1,61,977.0,10.0,0.0
2023-06-19T00:00,29.5,64,976.9,9.7,0.0
2023-06-19T01:00,29.1,64,976.1,9.4,0.0
2023-06-19T02:00,28.8,65,975.6,7.9,0.0
2023-06-19T03:00,28.7,66,975.6,5.4,0.0
2023-06-19T04:00,28.7,66,975.6,8.0,0.0
2023-06-19T05:00,28.4,75,975.5,5.6,0.0
2023-06-19T06:00,28.9,73,976.4,7.6,0.3
2023-06-19T07:00,27.7,88,976.8,7.0,1.8
2023-06-19T08:00,27.6,88,977.4,7.9,1.1
2023-06-19T09:00,27.4,89,977.1,6.1,1.6
2023-06-19T10:00,27.6,89,976.6,8.9,1.2
2023-06-19T11:00,27.6,88,976.2,10.1,0.5
2023-06-19T12:00,28.6,78,975.8,9.2,0.1
2023-06-19T13:00,29.6,72,975.2,8.6,0.0
2023-06-19T14:00,30.5,67,974.6,9.5,0.0
2023-06-19T15:00,32.3,60,974.0,10.6,0.0
2023-06-19T16:00,32.2,58,973.5,12.9,0.0
2023-06-19T17:00,31.7,62,973.6,8.3,0.0
2023-06-19T18:00,32.1,61,973.8,5.8,0.0
2023-06-19T19:00,31.5,65,974.1,9.7,0.0
2023-06-19T20:00,31.1,67,974.2,12.6,0.0
2023-06-19T21:00,30.6,69,974.5,11.9,0.0
2023-06-19T22:00,30.4,68,974.8,11.6,0.0
2023-06-19T23:00,30.4,67,974.8,12.5,0.0
2023-06-20T00:00,30.0,67,974.7,10.7,0.0
2023-06-20T01:00,29.1,69,974.3,8.8,0.0
2023-06-20T02:00,26.2,87,974.3,2.9,4.2
2023-06-20T03:00,26.8,85,973.7,3.3,0.0
2023-06-20T04:00,27.2,83,974.1,4.0,0.0
2023-06-20T05:00,27.0,81,974.7,3.1,8.2
2023-06-20T06:00,27.2,83,975.7,5.1,0.4
2023-06-20T07:00,26.1,87,976.6,18.7,2.6
2023-06-20T08:00,26.4,83,977.2,20.6,1.0
2023-06-20T09:00,28.7,73,977.6,7.9,0.1
2023-06-20T10:00,31.7,61,977.0,7.3,0.1
2023-06-20T11:00,33.6,55,976.6,12.5,0.0
2023-06-20T12:00,34.3,53,976.2,13.2,0.0
2023-06-20T13:00,34.6,51,975.1,11.5,0.0
2023-06-20T14:00,35.7,47,973.8,10.7,0.0
2023-06-20T15:00,36.5,43,973.3,11.3,0.0
2023-06-20T16:00,36.4,42,973.2,11.6,0.0
2023-06-20T17:00,34.1,52,974.3,7.9,0.0
2023-06-20T18:00,33.4,57,974.6,4.1,0.0
2023-06-20T19:00,31.8,70,975.0,3.5,0.0
2023-06-20T20:00,30.8,66,975.7,12.6,0.0
2023-06-20T21:00,29.8,68,976.2,11.0,0.0
2023-06-20T22:00,29.0,72,976.7,9.2,0.0
2023-06-20T23:00,28.6,74,976.6,8.1,0.0
2023-06-21T00:00,28.0,76,976.6,7.8,0.0
2023-06-21T01:00,27.7,78,976.2,10.0,0.0
2023-06-21T02:00,26.8,84,976.5,10.3,0.3
2023-06-21T03:00,26.8,85,976.1,11.5,0.0
2023-06-21T04:00,26.3,86,976.4,10.3,0.0
2023-06-21T05:00,28.1,78,976.6,18.0,0.0
2023-06-21T06:00,27.6,79,977.1,9.0,0.0
2023-06-21T07:00,25.9,91,978.0,4.4,6.3
2023-06-21T08:00,26.1,89,978.7,7.9,2.0
2023-06-21T09:00,26.4,89,978.7,2.9,3.2
2023-06-21T10:00,25.7,93,979.3,8.7,7.6
2023-06-21T11:00,27.1,86,978.2,3.8,0.6
2023-06-21T12:00,30.2,75,977.6,3.4,0.0
2023-06-21T13:00,31.7,70,976.6,4.6,0.0
2023-06-21T14:00,32.9,67,975.4,5.4,0.0
2023-06-21T15:00,33.7,64,974.6,5.5,0.0
2023-06-21T16:00,34.0,62,973.9,3.1,0.0
2023-06-21T17:00,35.6,53,974.0,5.5,0.0
2023-06-21T18:00,33.2,61,974.5,13.9,0.1
2023-06-21T19:00,30.6,73,974.9,5.2,0.2
2023-06-21T20:00,30.1,77,975.5,7.6,0.0
2023-06-21T21:00,30.3,73,976.0,4.0,0.0
2023-06-21T22:00,30.0,76,976.2,3.9,0.0
2023-06-21T23:00,29.9,76,976.3,6.6,0.0
2023-06-22T00:00,29.7,77,976.1,6.4,0.0
2023-06-22T01:00,29.5,77,975.7,8.1,0.0
2023-06-22T02:00,29.3,76,975.5,7.5,0.0
2023-06-22T03:00,28.4,81,975.4,17.2,0.5
2023-06-22T04:00,28.2,85,976.2,10.5,0.0
2023-06-22T05:00,28.9,83,976.5,10.6,0.1
2023-06-22T06:00,27.3,88,978.3,13.6,1.3
2023-06-22T07:00,27.1,89,978.0,8.0,0.1
2023-06-22T08:00,30.1,79,978.3,4.7,0.0
2023-06-22T09:00,31.7,72,979.1,2.5,0.0
2023-06-22T10:00,32.4,68,978.8,2.5,0.1
2023-06-22T11:00,32.5,68,978.3,7.2,0.6
2023-06-22T12:00,32.6,68,977.5,9.4,0.0
2023-06-22T13:00,33.2,67,976.9,10.5,0.0
2023-06-22T14:00,34.0,64,975.9,0.5,0.0
2023-06-22T15:00,34.5,61,974.9,7.2,0.0
2023-06-22T16:00,33.9,62,975.0,11.2,0.0
2023-06-22T17:00,36.1,52,974.4,5.2,0.0
2023-06-22T18:00,34.9,60,974.4,4.3,0.0
2023-06-22T19:00,33.5,62,974.6,7.3,0.0
2023-06-22T20:00,32.3,67,975.1,6.4,0.0
2023-06-22T21:00,31.5,72,975.6,3.9,0.0
2023-06-22T22:00,31.3,71,976.0,10.8,0.0
2023-06-22T23:00,30.8,72,975.9,10.4,0.0
2023-06-23T00:00,30.2,74,975.9,9.8,0.0
2023-06-23T01:00,29.8,73,975.8,9.0,0.0
2023-06-23T02:00,29.7,73,975.3,5.9,0.0
2023-06-23T03:00,26.1,94,976.6,18.4,5.6
2023-06-23T04:00,27.2,87,975.9,8.0,0.2
2023-06-23T05:00,27.8,92,976.8,18.2,0.1
2023-06-23T06:00,27.5,91,976.6,11.9,0.1
2023-06-23T07:00,27.9,89,977.1,9.1,0.0
2023-06-23T08:00,29.0,84,977.9,10.0,0.0
2023-06-23T09:00,29.9,80,978.8,13.4,0.0
2023-06-23T10:00,30.9,74,978.3,9.7,0.0
2023-06-23T11:00,32.7,67,978.2,6.1,0.0
2023-06-23T12:00,33.9,63,977.8,11.7,0.0
2023-06-23T13:00,34.7,60,977.0,10.4,0.0
2023-06-23T14:00,34.9,60,975.9,4.5,0.0
2023-06-23T15:00,35.3,58,975.1,2.5,0.0
2023-06-23T16:00,35.4,57,974.8,4.0,0.0
2023-06-23T17:00,33.6,68,974.5,5.2,0.1
2023-06-23T18:00,32.6,78,974.6,2.0,0.0
2023-06-23T19:00,30.8,85,974.9,5.1,0.0
2023-06-23T20:00,30.7,83,975.4,7.9,0.0
2023-06-23T21:00,30.3,80,975.7,7.7,0.0
2023-06-23T22:00,29.9,80,976.2,4.7,0.0
2023-06-23T23:00,29.3,85,976.1,5.4,0.0
2023-06-24T00:00,29.1,84,975.8,2.5,0.0
2023-06-24T01:00,29.0,84,975.0,4.3,0.0
2023-06-24T02:00,28.4,88,974.7,4.0,0.0
2023-06-24T03:00,28.2,89,974.4,4.0,0.0
2023-06-24T04:00,27.7,90,976.0,17.7,0.7
2023-06-24T05:00,28.9,79,975.9,6.6,3.7
2023-06-24T06:00,27.9,83,977.3,10.8,6.3
2023-06-24T07:00,28.2,85,976.5,2.5,0.0
2023-06-24T08:00,29.0,81,977.4,9.4,0.0
2023-06-24T09:00,29.4,82,977.4,13.7,0.0
2023-06-24T10:00,30.8,75,977.0,10.3,0.0
2023-06-24T11:00,32.2,69,976.8,6.5,0.0
2023-06-24T12:00,32.7,67,976.5,4.3,0.0
2023-06-24T13:00,33.7,63,975.6,4.2,0.0
2023-06-24T14:00,34.3,62,974.9,3.6,0.0
2023-06-24T15:00,34.5,60,974.0,3.4,0.0
2023-06-24T16:00,34.5,61,973.3,4.0,0.0
2023-06-24T17:00,34.4,59,973.6,5.9,0.0
2023-06-24T18:00,33.5,63,974.5,8.7,0.0
2023-06-24T19:00,32.3,69,975.0,8.8,0.0
2023-06-24T20:00,31.5,73,975.5,9.7,0.0
2023-06-24T21:00,31.0,75,975.4,8.4,0.0
2023-06-24T22:00,30.5,77,975.5,10.3,0.0
2023-06-24T23:00,30.2,79,975.7,12.6,0.0
2023-06-25T00:00,29.6,83,975.1,7.5,0.0
2023-06-25T01:00,29.0,86,974.5,7.2,0.0
2023-06-25T02:00,28.6,89,975.0,15.2,0.0
2023-06-25T03:00,26.6,94,975.5,10.3,8.4
2023-06-25T04:00,26.7,96,974.9,11.5,0.6
2023-06-25T05:00,26.1,94,976.3,7.0,0.3
2023-06-25T06:00,26.2,95,977.6,5.9,0.7
2023-06-25T07:00,26.1,95,978.1,2.6,1.6
2023-06-25T08:00,26.5,93,978.1,1.6,1.0
2023-06-25T09:00,27.0,93,978.7,8.7,0.6
2023-06-25T10:00,27.7,88,978.5,5.8,0.2
2023-06-25T11:00,28.7,83,978.2,3.6,0.0
2023-06-25T12:00,29.8,77,978.1,6.5,0.1
2023-06-25T13:00,30.6,74,977.1,5.8,0.1
2023-06-25T14:00,31.3,69,976.3,3.3,0.0
2023-06-25T15:00,32.0,65,975.7,2.3,0.0
2023-06-25T16:00,32.3,63,975.1,4.3,0.0
2023-06-25T17:00,28.6,81,975.4,9.7,0.0
2023-06-25T18:00,27.9,85,975.7,9.8,0.0
2023-06-25T19:00,26.8,91,976.0,6.2,0.0
2023-06-25T20:00,26.3,94,976.8,4.5,0.0
2023-06-25T21:00,26.1,95,977.5,4.6,0.0
2023-06-25T22:00,26.0,96,978.2,4.1,0.0
2023-06-25T23:00,25.8,96,978.4,4.1,0.0
2023-06-26T00:00,25.6,97,978.2,3.6,0.0
2023-06-26T01:00,25.7,96,977.5,5.5,0.0
2023-06-26T02:00,25.5,97,976.8,6.6,0.0
2023-06-26T03:00,25.4,97,976.7,7.6,0.0
2023-06-26T04:00,25.1,97,976.9,5.9,0.0
2023-06-26T05:00,25.3,95,978.2,5.0,0.2
2023-06-26T06:00,25.7,93,978.1,6.6,0.0
2023-06-26T07:00,26.3,89,979.2,5.5,0.0
2023-06-26T08:00,26.8,86,979.2,4.8,0.0
2023-06-26T09:00,28.4,78,979.3,3.5,0.0
2023-06-26T10:00,30.2,70,979.2,5.5,0.1
2023-06-26T11:00,31.2,66,979.0,6.2,0.0
2023-06-26T12:00,32.2,63,978.4,5.5,0.0
2023-06-26T13:00,32.4,62,977.4,3.6,0.0
2023-06-26T14:00,32.7,61,976.1,5.4,0.0
2023-06-26T15:00,32.8,59,975.2,5.9,0.1
2023-06-26T16:00,32.8,60,974.8,6.7,0.0
2023-06-26T17:00,27.4,89,975.5,6.5,1.5
2023-06-26T18:00,27.6,88,975.4,5.6,0.3
2023-06-26T19:00,27.1,91,976.1,2.3,0.0
2023-06-26T20:00,27.0,92,976.9,2.1,0.0
2023-06-26T21:00,27.0,92,977.7,2.4,0.0
2023-06-26T22:00,26.5,94,978.2,2.9,0.6
2023-06-26T23:00,26.2,95,978.4,3.2,3.0
2023-06-27T00:00,26.0,94,977.5,4.0,0.4
2023-06-27T01:00,25.4,96,976.6,8.0,2.6
2023-06-27T02:00,25.3,96,976.2,3.6,0.8
2023-06-27T03:00,25.2,97,976.6,5.2,0.1
2023-06-27T04:00,25.4,96,976.4,3.6,0.1
2023-06-27T05:00,25.6,94,977.0,10.9,0.0
2023-06-27T06:00,25.7,94,977.1,6.8,1.9
2023-06-27T07:00,26.6,91,977.3,1.1,0.1
2023-06-27T08:00,27.7,88,977.3,1.6,0.0
2023-06-27T09:00,29.4,79,977.7,2.5,0.0
2023-06-27T10:00,30.8,75,977.9,2.0,0.0
2023-06-27T11:00,31.9,72,977.7,3.6,0.1
2023-06-27T12:00,32.7,68,977.0,6.4,0.1
2023-06-27T13:00,33.5,63,975.8,7.9,0.1
2023-06-27T14:00,33.6,62,974.8,8.2,0.0
2023-06-27T15:00,33.6,62,974.3,8.7,0.0
2023-06-27T16:00,32.7,66,974.4,8.0,0.0
2023-06-27T17:00,29.5,77,975.3,17.7,1.7
2023-06-27T18:00,29.2,77,975.5,10.6,0.1
2023-06-27T19:00,28.6,81,976.2,9.6,0.0
2023-06-27T20:00,28.0,83,976.6,10.1,0.0
2023-06-27T21:00,27.7,84,977.6,9.7,0.0
2023-06-27T22:00,27.4,86,978.4,10.1,0.0
2023-06-27T23:00,27.2,88,978.4,8.9,0.0
2023-06-28T00:00,26.9,90,978.1,8.5,0.0
2023-06-28T01:00,26.8,91,977.8,8.2,0.0
2023-06-28T02:00,26.7,91,977.2,7.0,0.0
2023-06-28T03:00,26.6,91,977.1,5.4,0.0
2023-06-28T04:00,26.5,92,977.4,4.9,0.0
2023-06-28T05:00,26.6,89,977.4,12.4,0.2
2023-06-28T06:00,26.1,90,978.9,13.5,6.1
2023-06-28T07:00,26.0,88,979.3,3.0,4.9
2023-06-28T08:00,27.1,86,979.8,4.8,0.1
2023-06-28T09:00,28.7,81,979.6,9.4,0.1
2023-06-28T10:00,31.0,71,979.5,13.3,0.1
2023-06-28T11:00,32.2,67,979.2,12.4,0.1
2023-06-28T12:00,33.0,66,978.3,13.2,0.1
2023-06-28T13:00,33.5,64,977.3,11.8,0.0
2023-06-28T14:00,34.0,61,976.4,10.9,0.0
2023-06-28T15:00,34.0,60,975.8,11.1,0.0
2023-06-28T16:00,32.3,67,975.5,12.1,0.5
2023-06-28T17:00,29.2,79,976.6,6.4,0.0
2023-06-28T18:00,29.5,81,976.7,7.6,0.0
2023-06-28T19:00,29.1,84,976.9,6.6,0.0
2023-06-28T20:00,28.7,87,977.6,3.4,0.0
2023-06-28T21:00,28.5,88,978.2,3.8,0.0
2023-06-28T22:00,28.3,88,979.0,5.4,0.0
2023-06-28T23:00,27.9,89,978.9,5.7,0.0
2023-06-29T00:00,27.5,89,978.5,6.4,0.0
2023-06-29T01:00,27.3,89,978.0,6.1,0.0
2023-06-29T02:00,27.2,89,977.6,6.6,0.0
2023-06-29T03:00,27.1,90,977.2,7.9,0.0
2023-06-29T04:00,27.0,91,977.4,7.0,0.0
2023-06-29T05:00,26.7,91,977.4,11.7,0.0
2023-06-29T06:00,25.8,93,978.2,12.5,2.5
2023-06-29T07:00,26.6,90,978.9,5.3,0.8
2023-06-29T08:00,26.2,90,979.7,15.0,6.9
2023-06-29T09:00,26.2,89,979.1,13.8,0.4
2023-06-29T10:00,28.8,79,979.0,15.2,0.3
2023-06-29T11:00,29.8,76,978.4,15.0,0.3
2023-06-29T12:00,30.8,70,977.7,16.9,0.1
2023-06-29T13:00,32.0,65,976.6,15.5,0.0
2023-06-29T14:00,32.4,64,975.6,13.1,0.0
2023-06-29T15:00,32.3,65,974.9,11.6,0.0
2023-06-29T16:00,32.1,64,974.2,12.9,0.2
2023-06-29T17:00,30.6,74,974.8,9.1,0.1
2023-06-29T18:00,29.6,79,975.2,2.2,0.0
2023-06-29T19:00,28.8,83,975.5,5.9,0.1
2023-06-29T20:00,28.2,88,975.5,5.8,0.0
2023-06-29T21:00,27.7,90,976.2,4.2,0.0
2023-06-29T22:00,27.4,92,976.7,6.1,0.0
2023-06-29T23:00,27.1,92,976.4,5.1,0.0
2023-06-30T00:00,26.2,93,977.2,13.4,3.1
2023-06-30T01:00,26.1,93,976.6,4.7,0.1
2023-06-30T02:00,25.8,95,976.2,7.4,1.8
2023-06-30T03:00,25.3,96,976.0,5.4,2.4
2023-06-30T04:00,25.4,95,976.3,4.6,0.1
2023-06-30T05:00,26.8,91,976.0,7.2,0.0
2023-06-30T06:00,27.3,89,976.4,8.6,0.0
2023-06-30T07:00,27.4,88,976.3,11.4,0.0
2023-06-30T08:00,28.5,82,977.0,11.8,0.1
2023-06-30T09:00,30.1,73,976.8,13.0,0.0
2023-06-30T10:00,31.8,66,976.9,12.9,0.0
2023-06-30T11:00,32.8,62,976.8,10.9,0.0
2023-06-30T12:00,33.5,60,976.4,9.0,0.0
2023-06-30T13:00,33.8,59,975.2,6.1,0.0
2023-06-30T14:00,33.9,60,974.1,3.4,0.1
2023-06-30T15:00,33.8,60,973.2,3.3,0.0
2023-06-30T16:00,31.5,70,973.1,10.5,3.1
2023-06-30T17:00,28.3,83,974.4,12.3,0.0
2023-06-30T18:00,28.2,84,974.0,9.8,1.9
2023-06-30T19:00,27.8,86,974.5,9.1,0.0
2023-06-30T20:00,27.5,87,975.0,7.9,0.0
2023-06-30T21:00,27.2,89,975.7,5.8,0.0
2023-06-30T22:00,27.0,90,976.0,6.8,0.0
2023-06-30T23:00,26.8,90,976.1,6.5,0.0
2023-07-01T00:00,26.6,90,976.1,5.7,0.0
2023-07-01T01:00,26.3,90,975.9,5.3,0.0
2023-07-01T02:00,26.0,91,975.6,5.0,0.0
2023-07-01T03:00,25.8,92,975.5,7.6,0.0
2023-07-01T04:00,25.5,92,975.5,10.5,0.0
2023-07-01T05:00,24.8,92,976.0,23.2,0.0
2023-07-01T06:00,24.6,92,975.6,12.4,0.2
2023-07-01T07:00,26.4,85,976.2,13.8,0.0
2023-07-01T08:00,28.8,76,976.9,11.2,0.0
2023-07-01T09:00,30.4,69,977.2,9.9,0.0
2023-07-01T10:00,31.7,65,977.6,8.4,0.1
2023-07-01T11:00,32.7,62,977.2,7.4,0.0
2023-07-01T12:00,33.5,59,976.6,8.7,0.1
2023-07-01T13:00,33.5,60,975.8,11.0,0.2
2023-07-01T14:00,33.7,59,974.9,11.8,0.0
2023-07-01T15:00,32.8,61,975.0,10.8,1.1
2023-07-01T16:00,32.9,60,974.6,8.8,0.1
2023-07-01T17:00,30.7,74,975.1,13.2,0.0
2023-07-01T18:00,30.0,76,975.6,12.6,0.1
2023-07-01T19:00,29.3,80,976.5,8.4,0.0
2023-07-01T20:00,28.6,83,976.9,8.4,0.0
2023-07-01T21:00,28.3,85,977.7,9.2,0.0
2023-07-01T22:00,27.9,87,978.4,9.3,0.0
2023-07-01T23:00,27.7,88,978.5,9.6,0.0
2023-07-02T00:00,27.4,89,978.4,9.5,0.0
2023-07-02T01:00,27.1,90,977.8,7.6,0.0
2023-07-02T02:00,26.8,91,977.3,8.1,0.0
2023-07-02T03:00,26.4,93,977.4,3.3,0.0
2023-07-02T04:00,25.9,93,977.6,1.8,0.5
2023-07-02T05:00,26.5,94,976.9,6.4,0.1
2023-07-02T06:00,26.9,90,977.5,8.0,0.0
2023-07-02T07:00,27.9,85,978.2,6.2,0.0
2023-07-02T08:00,29.3,79,978.5,4.1,0.0
2023-07-02T09:00,30.7,73,978.8,2.6,0.0
2023-07-02T10:00,32.1,66,978.7,5.5,0.1
2023-07-02T11:00,33.1,61,978.0,9.2,0.1
2023-07-02T12:00,33.9,57,977.3,10.3,0.0
2023-07-02T13:00,34.3,55,976.3,10.5,0.1
2023-07-02T14:00,35.0,53,975.3,8.6,0.0
2023-07-02T15:00,35.3,51,974.7,8.5,0.0
2023-07-02T16:00,35.2,51,974.2,7.8,0.0
2023-07-02T17:00,34.2,57,975.0,8.0,0.0
2023-07-02T18:00,33.5,62,975.2,3.9,0.0
2023-07-02T19:00,31.7,69,975.7,5.1,0.0
2023-07-02T20:00,30.9,72,976.3,8.4,0.0
2023-07-02T21:00,30.2,73,976.8,9.1,0.0
2023-07-02T22:00,29.6,75,977.5,8.9,0.0
2023-07-02T23:00,29.1,77,977.6,10.2,0.0
2023-07-03T00:00,28.7,79,977.6,11.2,0.0
2023-07-03T01:00,28.4,80,977.5,11.0,0.0
2023-07-03T02:00,28.1,80,977.3,10.3,0.0
2023-07-03T03:00,27.8,82,977.4,8.8,0.0
2023-07-03T04:00,27.6,83,977.6,8.0,0.0
2023-07-03T05:00,27.1,89,977.0,6.0,0.0
2023-07-03T06:00,27.9,86,977.1,6.1,0.0
2023-07-03T07:00,29.5,79,977.8,8.6,0.0
2023-07-03T08:00,30.2,76,978.3,10.8,0.1
2023-07-03T09:00,31.4,71,978.4,4.2,0.0
2023-07-03T10:00,32.5,68,978.4,3.1,0.0
2023-07-03T11:00,33.8,62,977.8,4.6,0.1
2023-07-03T12:00,34.7,58,977.4,7.8,0.1
2023-07-03T13:00,35.3,55,976.2,8.7,0.0
2023-07-03T14:00,35.8,53,975.2,7.8,0.0
2023-07-03T15:00,36.1,51,974.4,7.6,0.0
2023-07-03T16:00,36.2,49,973.9,7.7,0.0
2023-07-03T17:00,36.6,50,973.5,4.3,0.0
2023-07-03T18:00,35.0,60,974.2,0.0,0.2
2023-07-03T19:00,30.1,77,975.3,20.7,2.8
2023-07-03T20:00,28.6,84,975.3,11.3,0.3
2023-07-03T21:00,27.9,85,976.1,15.8,0.9
2023-07-03T22:00,28.5,81,976.0,11.5,0.0
2023-07-03T23:00,28.3,82,976.0,11.4,0.0
2023-07-04T00:00,27.8,83,976.5,1.0,1.0
2023-07-04T01:00,26.7,87,975.6,15.7,1.4
2023-07-04T02:00,26.8,86,975.2,14.2,0.0
2023-07-04T03:00,26.5,88,974.4,9.4,0.0
2023-07-04T04:00,26.1,93,975.1,15.9,0.0
2023-07-04T05:00,28.9,84,974.6,7.2,0.0
2023-07-04T06:00,27.6,88,975.5,12.4,0.1
2023-07-04T07:00,27.4,84,976.2,16.6,0.0
2023-07-04T08:00,29.6,75,975.9,10.6,0.0
2023-07-04T09:00,31.8,67,976.2,11.1,0.0
2023-07-04T10:00,33.4,63,976.4,11.0,0.0
2023-07-04T11:00,34.7,59,976.1,9.4,0.0
2023-07-04T12:00,35.6,56,975.6,8.3,0.0
2023-07-04T13:00,36.3,53,974.7,6.1,0.0
2023-07-04T14:00,36.7,51,973.4,6.8,0.0
2023-07-04T15:00,36.7,50,972.3,6.2,0.0
2023-07-04T16:00,36.1,51,971.8,4.7,0.0
2023-07-04T17:00,31.5,72,973.5,1.1,0.0
2023-07-04T18:00,31.8,70,973.7,6.5,0.0
2023-07-04T19:00,30.8,75,973.7,10.3,0.0
2023-07-04T20:00,29.8,81,974.4,10.9,0.0
2023-07-04T21:00,29.0,83,975.4,12.7,0.0
2023-07-04T22:00,28.4,84,976.0,11.9,0.0
2023-07-04T23:00,28.1,85,976.1,10.7,0.0
2023-07-05T00:00,27.9,86,975.6,10.7,0.0
2023-07-05T01:00,27.8,86,975.3,11.5,0.0
2023-07-05T02:00,27.7,88,974.9,12.9,0.0
2023-07-05T03:00,27.6,89,974.5,13.9,0.0
2023-07-05T04:00,27.3,90,974.3,12.8,0.0
2023-07-05T05:00,27.5,91,974.6,13.7,0.0
2023-07-05T06:00,25.7,96,975.6,16.3,1.4
2023-07-05T07:00,24.4,96,976.5,8.0,9.8
2023-07-05T08:00,25.4,94,976.6,3.3,1.3
2023-07-05T09:00,27.7,85,976.2,10.4,0.3
2023-07-05T10:00,29.7,77,976.3,13.1,0.1
2023-07-05T11:00,31.4,71,976.4,12.0,0.1
2023-07-05T12:00,31.7,70,975.6,11.0,0.0
2023-07-05T13:00,32.2,67,974.5,9.4,0.0
2023-07-05T14:00,32.9,63,973.7,7.4,0.0
2023-07-05T15:00,33.6,60,973.3,8.0,0.0
2023-07-05T16:00,33.3,61,972.2,10.7,0.0
2023-07-05T17:00,29.8,80,974.0,11.4,0.0
2023-07-05T18:00,30.3,76,974.5,10.1,0.0
2023-07-05T19:00,29.8,78,975.0,8.8,0.0
2023-07-05T20:00,29.2,81,975.5,9.4,0.0
2023-07-05T21:00,28.8,82,976.1,10.3,0.0
2023-07-05T22:00,28.4,82,976.4,12.2,0.0
2023-07-05T23:00,28.1,84,976.8,12.4,0.0
2023-07-06T00:00,27.8,85,976.7,11.7,0.0
2023-07-06T01:00,27.4,87,976.7,11.5,0.0
2023-07-06T02:00,27.0,89,976.7,10.2,0.0
2023-07-06T03:00,26.7,91,976.3,10.4,0.0
2023-07-06T04:00,26.4,92,976.1,11.6,0.0
2023-07-06T05:00,25.6,93,976.1,14.7,0.0
2023-07-06T06:00,25.3,90,976.8,10.9,3.3
2023-07-06T07:00,26.4,86,977.3,11.5,0.2
2023-07-06T08:00,27.2,80,978.0,10.2,0.2
2023-07-06T09:00,29.0,74,978.5,10.6,0.1
2023-07-06T10:00,29.7,73,978.5,9.9,0.1
2023-07-06T11:00,31.0,69,978.2,9.2,0.0
2023-07-06T12:00,32.3,62,977.6,10.9,0.0
2023-07-06T13:00,33.1,59,977.0,9.5,0.0
2023-07-06T14:00,33.0,59,976.3,10.0,0.1
2023-07-06T15:00,33.0,58,975.4,8.4,0.3
2023-07-06T16:00,33.1,59,974.6,8.4,0.3
2023-07-06T17:00,30.1,72,975.6,12.1,0.2
2023-07-06T18:00,29.7,73,976.2,12.3,0.0
2023-07-06T19:00,29.3,74,976.8,10.1,0.0
2023-07-06T20:00,29.0,76,977.2,8.9,0.0
2023-07-06T21:00,28.7,77,977.7,7.9,0.0
2023-07-06T22:00,28.4,79,978.3,7.4,0.0
2023-07-06T23:00,28.4,79,978.4,7.1,0.0
2023-07-07T00:00,28.1,81,978.3,6.9,0.0
2023-07-07T01:00,27.8,83,977.9,6.6,0.0
2023-07-07T02:00,27.6,84,977.3,7.3,0.0
2023-07-07T03:00,25.9,93,977.4,4.0,1.6
2023-07-07T04:00,26.0,91,976.8,6.9,0.6
2023-07-07T05:00,26.0,93,977.5,6.2,0.1
2023-07-07T06:00,25.2,95,978.4,15.8,0.4
2023-07-07T07:00,24.9,95,978.5,3.1,1.1
2023-07-07T08:00,27.1,85,979.1,9.0,0.2
2023-07-07T09:00,29.1,79,979.4,12.1,0.0
2023-07-07T10:00,29.6,78,979.2,10.9,0.1
2023-07-07T11:00,30.9,72,979.0,13.6,0.1
2023-07-07T12:00,31.5,70,978.6,12.7,0.1
2023-07-07T13:00,31.9,68,977.3,7.0,0.1
2023-07-07T14:00,32.8,65,976.2,9.4,0.1
2023-07-07T15:00,33.3,60,975.0,9.6,0.0
2023-07-07T16:00,32.8,62,974.8,13.1,0.0
2023-07-07T17:00,29.1,83,975.9,6.5,0.3
2023-07-07T18:00,27.5,89,976.7,8.2,5.1
2023-07-07T19:00,27.8,90,977.3,8.4,0.1
2023-07-07T20:00,27.7,91,977.9,3.5,0.0
2023-07-07T21:00,27.6,92,978.4,4.0,0.0
2023-07-07T22:00,27.6,93,979.1,5.2,0.0
2023-07-07T23:00,27.5,93,979.2,7.7,0.0
2023-07-08T00:00,27.4,95,978.7,8.3,0.0
2023-07-08T01:00,27.1,96,978.0,7.6,0.0
2023-07-08T02:00,26.9,96,977.4,8.2,0.0
2023-07-08T03:00,26.1,97,978.1,7.8,6.4
2023-07-08T04:00,26.1,96,977.9,5.5,4.2
2023-07-08T05:00,26.2,93,978.0,7.4,1.1
2023-07-08T06:00,26.7,94,978.2,7.4,0.3
2023-07-08T07:00,27.0,96,978.9,10.5,0.5
2023-07-08T08:00,27.9,90,978.6,14.8,0.6
2023-07-08T09:00,28.6,84,978.7,14.5,2.0
2023-07-08T10:00,29.6,80,978.9,14.5,0.3
2023-07-08T11:00,27.1,86,978.9,21.9,10.7
2023-07-08T12:00,26.6,93,978.1,11.3,1.7
2023-07-08T13:00,27.6,88,977.2,11.6,0.5
2023-07-08T14:00,27.9,87,976.2,13.4,0.4
2023-07-08T15:00,29.6,79,976.0,13.9,0.2
2023-07-08T16:00,29.1,79,976.0,14.3,1.3
2023-07-08T17:00,26.9,92,976.3,12.2,1.0
2023-07-08T18:00,27.0,93,976.4,12.7,2.4
2023-07-08T19:00,26.8,94,977.0,10.5,0.7
2023-07-08T20:00,26.6,94,977.3,12.1,0.1
2023-07-08T21:00,26.3,95,977.9,11.0,0.0
2023-07-08T22:00,26.3,95,978.0,8.5,0.0
2023-07-08T23:00,26.1,97,977.7,10.1,0.0
2023-07-09T00:00,25.9,96,977.4,14.8,0.7
2023-07-09T01:00,25.6,96,976.5,15.7,0.1
2023-07-09T02:00,25.6,96,976.4,14.0,0.0
2023-07-09T03:00,25.4,96,976.0,12.1,0.1
2023-07-09T04:00,25.1,98,976.2,8.1,0.5
2023-07-09T05:00,25.6,94,976.1,8.5,0.7
2023-07-09T06:00,25.5,97,976.6,8.1,10.6
2023-07-09T07:00,25.5,97,976.9,11.9,3.2
2023-07-09T08:00,26.1,93,977.5,13.8,0.6
2023-07-09T09:00,25.9,95,978.3,14.7,4.3
2023-07-09T10:00,26.1,94,978.7,15.0,4.8
2023-07-09T11:00,26.5,90,978.2,16.5,2.5
2023-07-09T12:00,27.8,85,977.6,15.8,0.2
2023-07-09T13:00,28.5,82,976.8,14.4,0.1
2023-07-09T14:00,30.8,74,976.3,12.4,0.1
2023-07-09T15:00,30.8,76,975.6,10.8,0.1
2023-07-09T16:00,29.8,78,975.5,10.9,0.4
2023-07-09T17:00,28.5,86,976.3,7.2,0.0
2023-07-09T18:00,28.1,92,976.8,8.7,0.6
2023-07-09T19:00,27.5,94,977.1,10.4,0.1
2023-07-09T20:00,27.2,95,977.2,6.2,0.0
2023-07-09T21:00,27.1,95,977.7,8.0,0.0
2023-07-09T22:00,27.0,96,977.7,8.1,0.0
2023-07-09T23:00,26.9,97,977.8,8.4,0.0
2023-07-10T00:00,26.8,97,977.7,8.2,0.0
2023-07-10T01:00,26.5,97,977.2,7.4,0.0
2023-07-10T02:00,26.3,98,976.8,7.4,0.6
2023-07-10T03:00,26.2,97,976.7,6.4,2.9
2023-07-10T04:00,25.8,96,977.3,6.5,5.0
2023-07-10T05:00,26.0,97,977.2,2.5,4.0
2023-07-10T06:00,26.0,97,977.5,4.0,11.5
2023-07-10T07:00,26.3,95,977.6,4.7,0.2
2023-07-10T08:00,27.1,92,977.9,4.8,0.5
2023-07-10T09:00,28.0,88,978.0,9.2,0.3
2023-07-10T10:00,29.1,83,978.1,5.2,0.2
2023-07-10T11:00,30.9,74,977.8,3.8,0.1
2023-07-10T12:00,29.5,77,977.3,11.6,0.3
2023-07-10T13:00,30.6,77,977.0,2.9,0.3
2023-07-10T14:00,29.6,80,976.0,8.3,3.1
2023-07-10T15:00,30.1,80,975.4,4.7,0.2
2023-07-10T16:00,31.0,77,974.9,4.6,0.1
2023-07-10T17:00,28.1,89,976.1,13.0,4.0
2023-07-10T18:00,27.4,93,976.6,10.5,0.7
2023-07-10T19:00,26.9,93,976.9,8.5,0.1
2023-07-10T20:00,26.5,95,977.1,7.6,0.0
2023-07-10T21:00,26.1,97,977.1,3.6,0.0
2023-07-10T22:00,26.1,97,977.3,3.8,0.0
2023-07-10T23:00,26.0,98,977.4,3.7,0.0
2023-07-11T00:00,25.6,99,977.2,4.0,0.0
2023-07-11T01:00,26.0,98,977.0,2.9,0.0
2023-07-11T02:00,25.9,96,976.5,2.4,0.1
2023-07-11T03:00,25.7,97,976.4,5.6,0.1
2023-07-11T04:00,25.2,99,976.6,8.6,1.7
2023-07-11T05:00,25.6,97,976.9,11.6,0.9
2023-07-11T06:00,25.9,95,977.2,10.3,0.0
2023-07-11T07:00,26.2,93,977.6,10.2,0.0
2023-07-11T08:00,27.1,88,978.0,7.6,0.0
2023-07-11T09:00,28.5,82,978.4,6.5,0.0
2023-07-11T10:00,30.0,75,978.3,6.7,0.1
2023-07-11T11:00,31.2,71,977.9,8.3,0.0
2023-07-11T12:00,32.0,67,977.5,7.2,0.0
2023-07-11T13:00,32.5,65,976.8,5.3,0.0
2023-07-11T14:00,32.9,62,975.6,4.1,0.0
2023-07-11T15:00,33.3,60,974.9,4.7,0.0
2023-07-11T16:00,33.1,60,974.6,3.5,0.0
2023-07-11T17:00,29.5,83,975.8,7.6,0.0
2023-07-11T18:00,29.3,83,975.9,8.9,0.0
2023-07-11T19:00,28.6,87,976.2,6.8,0.0
2023-07-11T20:00,28.1,90,976.6,4.7,0.0
2023-07-11T21:00,27.8,92,977.3,6.5,0.0
2023-07-11T22:00,27.5,93,977.8,7.6,0.0
2023-07-11T23:00,27.2,94,977.8,7.2,0.0
2023-07-12T00:00,27.0,95,977.3,4.9,0.0
2023-07-12T01:00,26.6,97,976.6,4.8,0.0
2023-07-12T02:00,26.4,98,976.4,4.7,0.0
2023-07-12T03:00,26.2,99,976.2,4.7,0.0
2023-07-12T04:00,26.1,99,976.3,6.5,0.0
2023-07-12T05:00,25.7,99,976.6,12.2,0.0
2023-07-12T06:00,25.7,99,976.7,7.1,0.3
2023-07-12T07:00,26.7,94,977.5,9.7,0.1
2023-07-12T08:00,28.0,85,977.6,5.2,0.0
2023-07-12T09:00,29.7,79,978.0,8.1,0.0
2023-07-12T10:00,30.8,75,977.8,6.7,0.0
2023-07-12T11:00,31.6,73,977.0,7.4,0.1
2023-07-12T12:00,32.4,70,976.6,9.1,0.1
2023-07-12T13:00,33.1,67,975.7,9.0,0.1
2023-07-12T14:00,33.5,65,974.8,7.9,0.1
2023-07-12T15:00,33.5,63,974.5,8.4,0.0
2023-07-12T16:00,29.0,85,974.8,15.0,5.5
2023-07-12T17:00,30.7,78,975.2,12.6,0.1
2023-07-12T18:00,27.6,90,976.2,10.1,0.8
2023-07-12T19:00,26.9,94,976.5,10.7,2.3
2023-07-12T20:00,26.9,92,976.4,5.1,0.1
2023-07-12T21:00,26.9,93,977.2,9.5,0.0
2023-07-12T22:00,26.9,95,977.6,10.0,0.0
2023-07-12T23:00,26.7,95,977.8,6.9,0.0
2023-07-13T00:00,26.5,95,977.5,5.8,0.0
2023-07-13T01:00,26.3,97,976.5,5.8,0.0
2023-07-13T02:00,26.1,98,975.7,3.3,0.0
2023-07-13T03:00,26.0,98,976.3,3.7,0.2
2023-07-13T04:00,26.0,95,976.4,9.0,0.8
2023-07-13T05:00,26.7,95,976.2,11.8,0.2
2023-07-13T06:00,26.9,91,976.7,10.5,0.0
2023-07-13T07:00,27.6,89,977.2,10.6,0.0
2023-07-13T08:00,28.8,84,977.8,13.5,0.0
2023-07-13T09:00,29.8,79,978.1,12.6,0.0
2023-07-13T10:00,30.9,74,978.1,11.5,0.1
2023-07-13T11:00,32.1,69,977.8,10.4,0.1
2023-07-13T12:00,32.9,65,977.0,8.5,0.1
2023-07-13T13:00,32.8,66,976.4,5.8,0.3
2023-07-13T14:00,33.0,67,975.6,3.5,0.0
2023-07-13T15:00,33.2,66,975.0,4.1,0.0
2023-07-13T16:00,32.2,70,975.0,7.7,0.3
2023-07-13T17:00,31.1,71,975.8,14.7,3.1
2023-07-13T18:00,30.5,74,976.0,9.9,0.0
2023-07-13T19:00,29.4,79,976.4,10.7,0.0
2023-07-13T20:00,28.6,84,977.1,7.4,0.0
2023-07-13T21:00,27.9,88,977.6,11.0,0.0
2023-07-13T22:00,27.4,91,978.2,10.6,0.0
2023-07-13T23:00,27.1,92,978.4,11.6,0.0
2023-07-14T00:00,26.8,92,978.4,10.6,0.0
2023-07-14T01:00,26.6,93,978.0,9.0,0.0
2023-07-14T02:00,26.4,95,977.1,7.3,0.0
2023-07-14T03:00,26.2,96,977.3,8.2,0.0
2023-07-14T04:00,25.9,97,977.9,9.9,0.0
2023-07-14T05:00,25.7,93,978.1,10.0,0.0
2023-07-14T06:00,26.1,93,978.3,7.9,0.2
2023-07-14T07:00,27.0,87,978.8,4.2,0.0
2023-07-14T08:00,28.1,80,979.1,1.8,0.0
2023-07-14T09:00,29.5,76,979.4,3.1,0.0
2023-07-14T10:00,31.0,71,979.4,5.5,0.0
2023-07-14T11:00,32.0,68,978.9,4.0,0.1
2023-07-14T12:00,32.6,65,978.2,3.6,0.1
2023-07-14T13:00,33.3,61,977.4,3.3,0.0
2023-07-14T14:00,33.8,59,976.2,4.6,0.0
2023-07-14T15:00,33.7,59,975.4,6.7,0.0
2023-07-14T16:00,33.7,60,974.8,6.0,0.0
2023-07-14T17:00,28.0,91,975.6,3.6,0.0
2023-07-14T18:00,26.2,95,976.8,14.4,10.2
2023-07-14T19:00,26.2,93,977.4,3.7,8.8
2023-07-14T20:00,26.5,92,977.2,5.6,1.0
2023-07-14T21:00,26.7,91,978.0,3.6,0.4
2023-07-14T22:00,26.5,92,978.1,4.7,0.2
2023-07-14T23:00,26.4,92,978.5,4.5,0.1
2023-07-15T00:00,26.2,95,978.1,3.6,0.0
2023-07-15T01:00,26.2,95,977.1,4.1,0.0
2023-07-15T02:00,26.0,95,976.7,4.4,0.0
2023-07-15T03:00,26.3,94,976.4,4.0,0.0
2023-07-15T04:00,26.1,95,976.8,4.1,0.3
2023-07-15T05:00,27.0,95,977.2,5.7,0.6
2023-07-15T06:00,27.5,93,977.8,1.4,0.2
2023-07-15T07:00,27.6,92,978.3,6.3,0.5
2023-07-15T08:00,28.6,86,978.5,4.7,0.1
2023-07-15T09:00,30.0,80,978.7,2.7,0.0
2023-07-15T10:00,31.2,74,978.6,1.5,0.0
2023-07-15T11:00,32.3,71,978.2,2.5,0.0
2023-07-15T12:00,32.9,69,977.6,4.3,0.0
2023-07-15T13:00,33.1,67,976.5,5.9,0.1
2023-07-15T14:00,33.3,66,974.9,4.2,0.0
2023-07-15T15:00,33.2,66,974.1,5.1,0.0
2023-07-15T16:00,28.5,85,975.4,20.7,8.4
2023-07-15T17:00,28.2,88,976.2,7.1,0.2
2023-07-15T18:00,28.1,90,976.4,4.6,0.7
2023-07-15T19:00,27.6,94,977.1,7.2,0.3
2023-07-15T20:00,26.8,96,977.5,10.7,1.1
2023-07-15T21:00,26.9,97,978.2,8.7,0.3
2023-07-15T22:00,26.2,96,979.1,10.1,4.3
2023-07-15T23:00,26.1,96,978.8,9.7,0.6
2023-07-16T00:00,26.0,96,978.1,6.0,1.3
2023-07-16T01:00,25.5,97,977.3,12.9,5.9
2023-07-16T02:00,25.4,96,977.4,4.7,1.9
2023-07-16T03:00,25.2,97,977.4,6.4,5.6
2023-07-16T04:00,25.2,98,977.6,8.5,0.3
2023-07-16T05:00,26.2,96,977.6,7.6,0.1
2023-07-16T06:00,26.1,97,977.6,10.7,1.1
2023-07-16T07:00,25.8,97,978.1,12.2,0.5
2023-07-16T08:00,26.6,94,979.0,6.0,0.7
2023-07-16T09:00,27.9,86,979.1,4.0,1.6
2023-07-16T10:00,29.7,76,978.8,1.3,0.0
2023-07-16T11:00,30.8,72,978.2,3.1,0.1
2023-07-16T12:00,32.1,66,977.8,3.7,0.1
2023-07-16T13:00,32.4,67,976.9,4.3,0.2
2023-07-16T14:00,32.7,67,975.8,4.3,0.1
2023-07-16T15:00,32.9,66,975.2,5.4,0.0
2023-07-16T16:00,32.9,66,974.8,3.3,0.0
2023-07-16T17:00,30.3,79,975.6,5.5,0.9
2023-07-16T18:00,30.6,78,976.3,3.8,0.7
2023-07-16T19:00,29.2,88,976.6,3.4,0.8
2023-07-16T20:00,28.9,90,976.8,3.4,0.0
2023-07-16T21:00,28.2,92,977.6,3.2,0.0
2023-07-16T22:00,27.8,95,977.9,4.1,0.0
2023-07-16T23:00,27.9,95,977.9,3.2,0.0
2023-07-17T00:00,28.3,91,977.7,2.1,0.0
2023-07-17T01:00,28.2,91,977.2,0.8,0.0
2023-07-17T02:00,27.3,96,976.7,4.2,0.0
2023-07-17T03:00,26.9,93,976.5,4.3,0.0
2023-07-17T04:00,26.3,96,977.1,2.3,1.7
2023-07-17T05:00,27.3,98,976.7,3.6,1.3
2023-07-17T06:00,28.3,91,976.8,3.1,0.0
2023-07-17T07:00,29.0,87,977.7,6.8,0.0
2023-07-17T08:00,29.7,83,977.9,1.3,1.0
2023-07-17T09:00,30.1,80,978.1,3.7,0.3
2023-07-17T10:00,29.9,80,977.9,8.2,0.2
2023-07-17T11:00,27.4,91,978.0,10.1,5.0
2023-07-17T12:00,30.7,74,976.9,2.9,0.3
2023-07-17T13:00,32.1,69,976.0,6.0,0.1
2023-07-17T14:00,32.8,66,974.8,4.0,0.0
2023-07-17T15:00,33.1,65,973.8,1.5,0.0
2023-07-17T16:00,33.3,63,973.4,1.8,0.0
2023-07-17T17:00,30.1,80,974.0,3.1,0.0
2023-07-17T18:00,28.8,85,974.8,8.7,0.6
2023-07-17T19:00,28.3,87,975.4,8.6,0.9
2023-07-17T20:00,27.7,92,975.8,6.1,0.4
2023-07-17T21:00,27.4,92,976.4,6.1,0.0
2023-07-17T22:00,27.2,92,977.0,6.1,0.0
2023-07-17T23:00,27.1,92,977.0,7.1,0.0
2023-07-18T00:00,27.1,92,976.7,9.2,0.0
2023-07-18T01:00,27.1,93,976.0,7.7,0.0
2023-07-18T02:00,27.0,95,975.6,9.4,0.0
2023-07-18T03:00,26.1,98,975.9,9.2,2.5
2023-07-18T04:00,26.2,99,976.2,7.8,0.3
2023-07-18T05:00,25.4,94,976.3,8.9,6.1
2023-07-18T06:00,26.3,92,976.8,5.9,0.2
2023-07-18T07:00,27.0,90,977.3,2.9,0.0
2023-07-18T08:00,28.4,84,978.0,9.7,0.1
2023-07-18T09:00,29.3,80,978.3,13.2,0.2
2023-07-18T10:00,29.9,78,978.2,13.5,0.2
2023-07-18T11:00,31.5,72,977.4,14.0,0.1
2023-07-18T12:00,30.9,71,976.9,12.3,0.4
2023-07-18T13:00,31.5,73,976.0,8.4,1.1
2023-07-18T14:00,31.7,70,975.1,10.3,0.0
2023-07-18T15:00,29.6,80,974.6,8.3,1.9
2023-07-18T16:00,30.7,77,973.9,8.9,0.2
2023-07-18T17:00,28.3,87,974.6,8.1,0.0
2023-07-18T18:00,27.6,88,975.2,15.5,0.0
2023-07-18T19:00,27.1,90,975.7,10.1,0.0
2023-07-18T20:00,27.0,91,976.3,8.0,0.1
2023-07-18T21:00,27.0,92,976.8,8.4,0.0
2023-07-18T22:00,26.8,93,977.0,10.9,0.0
2023-07-18T23:00,26.8,94,977.0,10.0,0.0
2023-07-19T00:00,26.8,95,976.7,9.0,0.0
2023-07-19T01:00,26.7,96,976.5,8.4,0.0
2023-07-19T02:00,26.6,97,976.1,8.4,0.0
2023-07-19T03:00,26.4,97,975.8,9.7,0.0
2023-07-19T04:00,26.3,97,976.1,10.2,0.0
2023-07-19T05:00,27.1,97,976.5,10.9,0.0
2023-07-19T06:00,27.6,95,977.0,7.2,0.1
2023-07-19T07:00,28.3,91,977.4,13.0,0.3
2023-07-19T08:00,27.4,89,978.0,12.7,7.6
2023-07-19T09:00,28.8,82,978.2,12.7,0.1
2023-07-19T10:00,29.7,79,978.1,10.8,0.0
2023-07-19T11:00,30.6,77,977.3,10.3,0.1
2023-07-19T12:00,31.7,72,976.7,11.5,0.2
2023-07-19T13:00,32.3,68,975.7,12.5,0.0
2023-07-19T14:00,33.0,64,975.1,12.8,0.0
2023-07-19T15:00,32.9,65,974.3,12.2,0.0
2023-07-19T16:00,32.6,65,973.7,10.8,0.7
2023-07-19T17:00,29.9,83,975.2,9.9,0.1
2023-07-19T18:00,29.5,83,974.8,5.8,0.1
2023-07-19T19:00,28.6,88,974.9,3.6,0.0
2023-07-19T20:00,27.9,93,975.7,3.1,0.0
2023-07-19T21:00,27.6,95,976.1,2.7,0.0
2023-07-19T22:00,27.5,95,976.4,3.6,0.0
2023-07-19T23:00,27.3,95,976.3,3.6,0.0
2023-07-20T00:00,27.2,94,976.2,4.7,0.0
2023-07-20T01:00,27.1,94,975.9,4.1,0.0
2023-07-20T02:00,26.9,95,976.0,4.4,0.0
2023-07-20T03:00,27.1,94,976.0,4.3,0.0
2023-07-20T04:00,27.2,92,975.8,5.8,0.0
2023-07-20T05:00,28.4,84,976.6,5.4,0.0
2023-07-20T06:00,28.4,85,977.1,7.1,0.9
2023-07-20T07:00,28.5,86,977.5,6.1,0.7
2023-07-20T08:00,27.7,86,978.1,10.7,2.9
2023-07-20T09:00,30.2,78,977.9,6.2,0.1
2023-07-20T10:00,32.0,73,977.4,8.6,0.0
2023-07-20T11:00,33.0,68,976.8,7.1,0.0
2023-07-20T12:00,34.0,62,976.4,4.3,0.0
2023-07-20T13:00,34.7,59,975.6,4.0,0.0
2023-07-20T14:00,35.1,56,974.8,4.0,0.0
2023-07-20T15:00,35.2,55,973.8,5.1,0.0
2023-07-20T16:00,34.9,56,973.3,7.3,0.0
2023-07-20T17:00,32.5,73,973.7,6.4,0.0
2023-07-20T18:00,28.5,92,975.2,16.8,13.0
2023-07-20T19:00,27.7,91,975.1,1.3,2.6
2023-07-20T20:00,27.9,91,975.6,6.2,0.0
2023-07-20T21:00,27.6,92,976.9,2.7,0.7
2023-07-20T22:00,27.2,91,977.3,6.8,2.8
2023-07-20T23:00,27.4,91,977.2,4.7,0.0
2023-07-21T00:00,27.5,90,976.6,4.5,0.0
2023-07-21T01:00,27.6,90,976.1,7.2,0.0
2023-07-21T02:00,27.7,89,976.1,6.3,0.0
2023-07-21T03:00,27.8,88,976.6,6.6,0.0
2023-07-21T04:00,27.9,88,976.8,8.5,0.0
2023-07-21T05:00,26.5,91,977.4,6.8,0.0
2023-07-21T06:00,27.9,86,978.0,4.7,0.0
2023-07-21T07:00,28.9,85,978.6,3.3,0.0
2023-07-21T08:00,30.6,79,978.9,0.0,0.0
2023-07-21T09:00,32.3,73,979.2,2.5,0.0
2023-07-21T10:00,33.7,68,978.8,8.8,0.0
2023-07-21T11:00,34.6,62,978.4,10.6,0.1
2023-07-21T12:00,34.9,59,978.0,13.1,0.0
2023-07-21T13:00,35.0,59,977.1,14.1,0.0
2023-07-21T14:00,35.3,56,975.8,14.3,0.0
2023-07-21T15:00,35.6,54,975.4,11.5,0.0
2023-07-21T16:00,35.1,55,975.7,11.6,0.0
2023-07-21T17:00,33.9,61,975.7,10.5,0.0
2023-07-21T18:00,32.8,70,976.3,6.5,0.0
2023-07-21T19:00,29.2,86,977.7,15.5,4.0
2023-07-21T20:00,28.9,84,977.9,12.1,0.1
2023-07-21T21:00,29.3,83,979.5,11.2,0.0
2023-07-21T22:00,29.6,85,979.9,12.1,0.0
2023-07-21T23:00,29.5,84,980.2,10.0,0.0
2023-07-22T00:00,28.7,87,979.5,5.9,0.0
2023-07-22T01:00,28.4,87,979.1,7.3,0.0
2023-07-22T02:00,28.5,83,979.1,11.2,0.0
2023-07-22T03:00,28.5,83,979.5,10.8,0.0
2023-07-22T04:00,28.3,86,979.4,10.0,0.0
2023-07-22T05:00,27.5,87,980.2,7.4,0.0
2023-07-22T06:00,27.2,92,980.9,12.6,1.4
2023-07-22T07:00,28.4,90,980.9,9.4,0.0
2023-07-22T08:00,30.7,82,981.5,13.7,0.0
2023-07-22T09:00,31.9,75,981.9,16.4,0.1
2023-07-22T10:00,29.9,80,982.6,16.6,4.2
2023-07-22T11:00,29.9,80,981.9,13.4,0.0
2023-07-22T12:00,32.3,74,981.1,14.2,0.1
2023-07-22T13:00,33.8,65,980.1,19.7,0.2
2023-07-22T14:00,34.2,61,978.8,19.9,0.0
2023-07-22T15:00,33.9,61,977.8,18.4,0.0
2023-07-22T16:00,33.8,62,977.3,18.4,0.0
2023-07-22T17:00,34.3,60,978.0,15.3,0.0
2023-07-22T18:00,33.1,64,978.0,15.3,0.0
2023-07-22T19:00,31.8,71,978.5,13.3,0.0
2023-07-22T20:00,31.1,73,979.3,13.1,0.0
2023-07-22T21:00,30.7,73,980.5,13.5,0.0
2023-07-22T22:00,30.3,74,981.0,14.6,0.0
2023-07-22T23:00,29.9,74,981.3,13.8,0.0
2023-07-23T00:00,29.5,75,981.2,13.7,0.0
2023-07-23T01:00,29.1,76,980.8,14.2,0.0
2023-07-23T02:00,28.8,77,980.6,13.9,0.0
2023-07-23T03:00,28.5,79,980.4,12.3,0.0
2023-07-23T04:00,28.3,81,980.7,13.0,0.0
2023-07-23T05:00,29.1,78,981.0,14.8,0.0
2023-07-23T06:00,29.4,78,981.3,15.3,0.0
2023-07-23T07:00,30.0,77,981.8,14.0,0.0
2023-07-23T08:00,30.8,74,982.0,18.7,0.0
2023-07-23T09:00,31.1,73,982.3,21.9,0.1
2023-07-23T10:00,31.8,71,982.2,17.1,0.1
2023-07-23T11:00,33.1,68,981.6,18.0,0.0
2023-07-23T12:00,33.5,65,980.6,17.7,0.2
2023-07-23T13:00,34.1,63,979.4,17.6,0.1
2023-07-23T14:00,34.2,62,978.4,18.2,0.0
2023-07-23T15:00,34.1,62,977.6,17.0,0.0
2023-07-23T16:00,33.5,64,976.8,17.1,0.0
2023-07-23T17:00,32.3,70,977.5,12.7,0.0
2023-07-23T18:00,31.6,72,977.5,11.4,0.0
2023-07-23T19:00,30.8,74,978.1,9.8,0.0
2023-07-23T20:00,30.1,78,978.4,7.6,0.1
2023-07-23T21:00,30.0,79,979.2,9.7,0.0
2023-07-23T22:00,29.9,77,979.4,12.0,0.0
2023-07-23T23:00,29.5,79,979.2,12.0,0.0
2023-07-24T00:00,29.1,81,979.4,10.7,0.0
2023-07-24T01:00,28.7,83,979.1,10.9,0.0
2023-07-24T02:00,28.4,85,978.9,10.6,0.0
2023-07-24T03:00,28.2,86,978.8,10.2,0.0
2023-07-24T04:00,27.9,87,978.7,8.3,0.0
2023-07-24T05:00,27.9,87,978.8,11.5,0.0
2023-07-24T06:00,28.3,88,979.2,10.8,0.0
2023-07-24T07:00,28.9,84,979.3,13.0,0.0
2023-07-24T08:00,30.2,78,980.0,13.6,0.0
2023-07-24T09:00,31.2,75,979.5,13.9,0.1
2023-07-24T10:00,32.0,72,979.1,15.0,0.2
2023-07-24T11:00,33.1,68,978.9,14.4,0.1
2023-07-24T12:00,33.7,65,977.9,15.5,0.1
2023-07-24T13:00,33.9,64,977.4,15.0,0.1
2023-07-24T14:00,34.1,63,976.3,12.1,0.0
2023-07-24T15:00,34.0,63,975.2,9.4,0.0
2023-07-24T16:00,33.8,63,974.5,7.2,0.0
2023-07-24T17:00,30.2,81,974.5,9.8,1.0
2023-07-24T18:00,28.0,90,975.8,12.3,4.4
2023-07-24T19:00,27.7,90,976.2,6.4,1.0
2023-07-24T20:00,27.7,93,977.0,10.7,0.1
2023-07-24T21:00,27.7,90,977.9,11.6,0.1
2023-07-24T22:00,27.5,91,978.7,8.9,0.6
2023-07-24T23:00,27.4,93,978.7,10.0,0.0
2023-07-25T00:00,27.2,94,978.6,13.6,1.5
2023-07-25T01:00,26.7,95,978.0,10.1,0.0
2023-07-25T02:00,25.6,94,978.4,10.1,5.9
2023-07-25T03:00,25.6,94,977.5,4.9,0.2
2023-07-25T04:00,25.6,94,977.4,11.8,0.2
2023-07-25T05:00,26.4,93,977.7,12.8,0.1
2023-07-25T06:00,26.6,91,978.0,3.1,3.6
2023-07-25T07:00,27.1,90,978.6,7.3,0.1
2023-07-25T08:00,27.7,88,979.2,10.0,0.0
2023-07-25T09:00,29.2,83,979.7,10.3,0.0
2023-07-25T10:00,30.8,77,979.5,11.3,0.0
2023-07-25T11:00,31.5,73,979.3,9.2,0.0
2023-07-25T12:00,32.8,70,978.6,8.5,0.0
2023-07-25T13:00,33.2,68,977.5,9.4,0.1
2023-07-25T14:00,33.8,65,976.5,7.1,0.1
2023-07-25T15:00,34.1,63,975.9,8.2,0.0
2023-07-25T16:00,34.1,63,975.5,7.6,0.0
2023-07-25T17:00,31.4,72,976.5,10.0,0.0
2023-07-25T18:00,30.2,78,976.9,14.9,0.0
2023-07-25T19:00,29.5,81,977.5,6.9,0.0
2023-07-25T20:00,29.2,83,978.3,5.1,0.0
2023-07-25T21:00,29.1,84,979.4,5.4,0.0
2023-07-25T22:00,28.6,86,980.1,8.9,0.0
2023-07-25T23:00,27.3,90,979.7,10.9,0.0
2023-07-26T00:00,26.3,94,979.6,10.1,0.9
2023-07-26T01:00,25.7,97,979.3,10.5,3.3
2023-07-26T02:00,26.1,95,979.3,12.8,0.4
2023-07-26T03:00,26.3,95,978.8,6.4,0.0
2023-07-26T04:00,26.0,97,978.8,7.2,0.0
2023-07-26T05:00,26.5,97,979.2,10.1,0.0
2023-07-26T06:00,26.2,95,980.1,10.1,4.9
2023-07-26T07:00,25.6,99,981.2,13.0,2.4
2023-07-26T08:00,25.6,95,981.5,12.3,3.7
2023-07-26T09:00,25.8,94,982.2,10.3,0.8
2023-07-26T10:00,26.4,90,982.1,14.3,0.4
2023-07-26T11:00,27.4,84,981.6,10.0,0.5
2023-07-26T12:00,28.5,80,981.0,9.0,0.3
2023-07-26T13:00,29.3,77,980.4,8.2,0.1
2023-07-26T14:00,29.3,77,979.2,8.0,0.0
2023-07-26T15:00,29.5,76,978.3,7.7,0.0
2023-07-26T16:00,29.7,76,977.6,6.6,0.0
2023-07-26T17:00,27.4,89,978.5,4.7,0.0
2023-07-26T18:00,27.3,91,978.5,0.5,0.3
2023-07-26T19:00,27.2,92,978.9,2.5,0.2
2023-07-26T20:00,26.8,95,979.4,2.2,0.1
2023-07-26T21:00,26.6,96,980.3,3.0,0.0
2023-07-26T22:00,26.6,96,980.7,4.0,0.0
2023-07-26T23:00,26.3,98,980.5,4.4,0.0
2023-07-27T00:00,26.5,97,980.4,2.9,0.0
2023-07-27T01:00,26.4,98,979.8,3.2,0.0
2023-07-27T02:00,26.4,98,979.2,4.0,0.1
2023-07-27T03:00,26.4,98,978.5,5.4,0.4
2023-07-27T04:00,26.3,98,978.9,5.5,0.1
2023-07-27T05:00,26.8,96,979.4,7.6,0.0
2023-07-27T06:00,27.3,95,979.5,7.9,0.0
2023-07-27T07:00,28.2,91,979.9,6.5,0.0
2023-07-27T08:00,28.8,85,980.6,4.9,3.3
2023-07-27T09:00,28.1,87,981.1,8.9,5.3
2023-07-27T10:00,28.8,83,980.7,6.8,0.1
2023-07-27T11:00,29.9,80,980.0,4.6,0.0
2023-07-27T12:00,30.6,78,979.3,3.8,0.1
2023-07-27T13:00,31.4,74,978.5,4.8,0.1
2023-07-27T14:00,31.6,74,977.4,4.1,0.1
2023-07-27T15:00,31.7,72,976.6,3.1,0.0
2023-07-27T16:00,31.7,71,976.0,5.5,0.1
2023-07-27T17:00,30.4,74,976.7,6.8,0.1
2023-07-27T18:00,28.8,89,977.3,7.1,1.0
2023-07-27T19:00,28.4,89,977.1,4.0,0.2
2023-07-27T20:00,28.0,92,977.7,2.2,0.0
2023-07-27T21:00,27.9,93,978.7,3.2,0.0
2023-07-27T22:00,27.8,94,979.3,4.1,0.0
2023-07-27T23:00,27.5,95,979.0,3.3,0.0
2023-07-28T00:00,27.1,97,978.3,3.7,0.0
2023-07-28T01:00,27.1,96,977.6,2.9,0.0
2023-07-28T02:00,27.0,97,977.0,3.6,0.0
2023-07-28T03:00,27.0,97,976.4,1.9,0.0
2023-07-28T04:00,26.8,97,976.1,3.1,0.0
2023-07-28T05:00,26.9,95,976.5,2.9,0.0
2023-07-28T06:00,26.6,94,977.5,8.4,4.8
2023-07-28T07:00,26.9,93,977.8,8.1,0.1
2023-07-28T08:00,27.3,91,977.9,4.6,0.1
2023-07-28T09:00,28.7,84,978.4,2.5,0.1
2023-07-28T10:00,29.8,78,978.3,4.4,0.2
2023-07-28T11:00,31.1,73,977.9,3.8,0.1
2023-07-28T12:00,32.2,69,977.1,5.5,0.1
2023-07-28T13:00,32.9,65,976.2,7.1,0.1
2023-07-28T14:00,32.7,65,975.0,6.9,0.1
2023-07-28T15:00,30.7,74,974.1,6.5,2.8
2023-07-28T16:00,29.6,79,974.0,5.1,3.9
2023-07-28T17:00,27.0,89,975.1,6.6,0.8
2023-07-28T18:00,26.7,92,975.7,7.6,3.8
2023-07-28T19:00,26.7,92,975.9,10.2,4.6
2023-07-28T20:00,26.7,94,976.4,7.9,1.7
2023-07-28T21:00,26.6,95,977.0,7.6,1.2
2023-07-28T22:00,26.3,94,977.0,9.0,1.5
2023-07-28T23:00,26.3,94,976.9,6.9,1.0
2023-07-29T00:00,26.4,95,976.4,3.8,0.5
2023-07-29T01:00,25.7,95,975.9,6.2,3.2
2023-07-29T02:00,25.9,95,974.5,4.0,0.3
2023-07-29T03:00,25.6,93,974.6,3.1,2.1
2023-07-29T04:00,25.6,95,975.0,7.1,1.3
2023-07-29T05:00,24.7,94,975.0,7.7,0.8
2023-07-29T06:00,25.2,94,975.9,6.6,0.1
2023-07-29T07:00,26.2,89,976.3,11.3,0.1
2023-07-29T08:00,27.3,84,976.8,11.3,0.0
2023-07-29T09:00,29.0,77,977.4,11.2,0.0
2023-07-29T10:00,29.8,74,977.7,11.3,0.1
2023-07-29T11:00,30.9,71,977.6,9.7,0.1
2023-07-29T12:00,31.1,69,977.0,9.4,0.1
2023-07-29T13:00,31.4,68,976.1,8.7,0.0
2023-07-29T14:00,28.5,78,975.6,13.5,2.0
2023-07-29T15:00,29.3,77,974.4,7.2,0.2
2023-07-29T16:00,30.4,74,973.8,8.1,0.0
2023-07-29T17:00,29.1,78,974.9,0.5,0.1
2023-07-29T18:00,29.2,78,974.8,2.1,0.1
2023-07-29T19:00,28.1,88,975.5,4.1,0.1
2023-07-29T20:00,27.8,88,976.2,4.8,0.0
2023-07-29T21:00,27.3,90,976.9,5.6,0.0
2023-07-29T22:00,27.1,90,977.2,5.2,0.0
2023-07-29T23:00,26.8,92,976.9,5.2,0.0
2023-07-30T00:00,26.5,93,976.2,4.4,0.0
2023-07-30T01:00,26.3,94,975.8,8.4,0.0
2023-07-30T02:00,26.1,94,975.8,10.5,0.0
2023-07-30T03:00,25.7,94,975.9,11.9,0.0
2023-07-30T04:00,25.0,93,976.1,14.0,1.3
2023-07-30T05:00,25.3,96,975.9,11.5,0.3
2023-07-30T06:00,25.8,94,976.3,9.2,0.1
2023-07-30T07:00,26.5,90,976.6,11.2,0.0
2023-07-30T08:00,27.9,83,976.9,11.0,0.0
2023-07-30T09:00,28.8,79,977.3,10.7,0.1
2023-07-30T10:00,30.1,73,977.2,9.4,0.2
2023-07-30T11:00,31.3,68,976.8,9.7,0.1
2023-07-30T12:00,32.3,64,976.0,10.1,0.1
2023-07-30T13:00,32.8,62,975.1,10.3,0.0
2023-07-30T14:00,33.0,60,974.0,10.5,0.0
2023-07-30T15:00,33.1,60,973.1,10.5,0.0
2023-07-30T16:00,32.9,61,972.7,11.0,0.0
2023-07-30T17:00,32.0,66,973.3,13.5,0.0
2023-07-30T18:00,30.7,75,973.4,7.6,0.0
2023-07-30T19:00,29.6,83,973.9,4.8,0.0
2023-07-30T20:00,28.8,85,974.5,2.9,0.1
2023-07-30T21:00,28.4,87,975.3,5.6,0.0
2023-07-30T22:00,28.3,86,975.7,8.8,0.0
2023-07-30T23:00,28.2,86,975.7,9.8,0.0
2023-07-31T00:00,27.8,86,975.7,10.7,0.0
2023-07-31T01:00,27.5,86,975.2,14.8,0.0
2023-07-31T02:00,26.5,88,975.1,18.6,0.0
2023-07-31T03:00,26.1,90,975.1,14.1,0.1
2023-07-31T04:00,26.0,93,975.2,12.3,0.0
2023-07-31T05:00,25.1,95,975.5,10.0,0.0
2023-07-31T06:00,25.5,95,975.8,7.2,0.3
2023-07-31T07:00,26.3,91,975.9,9.7,0.2
2023-07-31T08:00,27.6,88,976.1,9.5,0.0
2023-07-31T09:00,29.6,81,976.6,9.7,0.0
2023-07-31T10:00,31.3,73,976.5,12.4,0.1
2023-07-31T11:00,32.3,70,976.4,11.4,0.1
2023-07-31T12:00,33.1,66,975.9,10.5,0.0
2023-07-31T13:00,33.6,64,975.2,10.5,0.0
2023-07-31T14:00,33.5,63,974.2,12.9,0.0
2023-07-31T15:00,33.6,62,973.5,12.6,0.0
2023-07-31T16:00,33.3,61,973.1,14.3,0.0
2023-07-31T17:00,33.3,61,973.2,11.6,0.0
2023-07-31T18:00,32.0,66,973.0,11.5,0.0
2023-07-31T19:00,30.8,71,973.6,14.5,0.0
2023-07-31T20:00,29.6,76,974.1,13.0,0.0
2023-07-31T21:00,29.0,78,975.0,12.3,0.0
2023-07-31T22:00,28.7,81,975.0,11.9,0.0
2023-07-31T23:00,28.3,83,975.1,12.8,0.0
2023-08-01T00:00,28.1,84,975.0,12.7,0.0
2023-08-01T01:00,27.7,85,974.6,13.0,0.0
2023-08-01T02:00,27.3,87,974.2,12.6,0.0
2023-08-01T03:00,27.1,87,973.9,13.3,0.0
2023-08-01T04:00,26.9,87,974.1,14.1,0.0
2023-08-01T05:00,27.3,84,974.3,13.6,0.0
2023-08-01T06:00,27.7,83,974.8,15.4,0.0
2023-08-01T07:00,28.3,82,975.0,15.3,0.0
2023-08-01T08:00,29.6,78,975.3,16.6,0.0
2023-08-01T09:00,30.7,75,975.4,18.0,0.0
2023-08-01T10:00,32.0,72,975.1,16.5,0.1
2023-08-01T11:00,33.1,67,975.0,14.5,0.1
2023-08-01T12:00,33.9,62,974.7,13.8,0.0
2023-08-01T13:00,34.1,60,973.8,14.8,0.0
2023-08-01T14:00,34.6,56,972.7,16.2,0.0
2023-08-01T15:00,34.4,57,972.2,18.7,0.0
2023-08-01T16:00,33.9,59,971.9,18.4,0.0
2023-08-01T17:00,33.0,66,972.2,15.7,0.0
2023-08-01T18:00,31.2,75,972.8,17.7,0.0
2023-08-01T19:00,30.0,76,972.7,13.8,0.0
2023-08-01T20:00,29.7,77,973.3,11.7,0.0
2023-08-01T21:00,29.4,79,974.1,11.2,0.0
2023-08-01T22:00,29.4,80,974.2,12.1,0.0
2023-08-01T23:00,29.5,80,974.6,14.2,0.0
2023-08-02T00:00,29.3,78,974.6,17.3,0.0
2023-08-02T01:00,29.0,77,974.2,16.2,0.0
2023-08-02T02:00,28.5,82,973.7,15.1,0.0
2023-08-02T03:00,28.4,83,973.9,15.9,0.0
2023-08-02T04:00,28.3,82,974.3,16.0,0.0
2023-08-02T05:00,27.8,87,974.0,13.2,0.0
2023-08-02T06:00,28.5,84,974.5,13.6,0.0
2023-08-02T07:00,29.3,81,975.2,12.9,0.0
2023-08-02T08:00,30.4,76,975.5,16.9,0.0
2023-08-02T09:00,31.4,73,975.7,17.4,0.0
2023-08-02T10:00,32.6,70,976.2,16.7,0.0
2023-08-02T11:00,33.7,66,975.5,17.8,0.1
2023-08-02T12:00,34.7,62,974.8,16.1,0.0
2023-08-02T13:00,34.9,60,974.1,14.1,0.0
2023-08-02T14:00,35.1,59,973.2,13.1,0.0
2023-08-02T15:00,34.3,62,972.5,14.3,0.1
2023-08-02T16:00,31.9,72,973.0,8.7,0.2
2023-08-02T17:00,28.5,86,974.0,1.5,0.1
2023-08-02T18:00,28.6,86,973.7,1.8,0.0
2023-08-02T19:00,28.3,87,974.2,8.7,0.1
2023-08-02T20:00,28.2,90,974.8,4.3,0.0
2023-08-02T21:00,27.8,92,975.7,8.1,0.2
2023-08-02T22:00,27.5,92,975.6,7.7,0.6
2023-08-02T23:00,27.3,93,975.7,8.8,0.0
2023-08-03T00:00,27.1,92,975.6,9.5,0.0
2023-08-03T01:00,26.8,93,975.1,7.6,0.0
2023-08-03T02:00,26.8,94,974.6,9.1,0.0
2023-08-03T03:00,26.8,96,974.4,9.6,0.0
2023-08-03T04:00,26.8,93,974.1,11.3,0.0
2023-08-03T05:00,26.5,90,974.5,14.3,0.0
2023-08-03T06:00,27.2,86,974.9,17.0,0.0
2023-08-03T07:00,28.2,84,975.5,15.8,0.0
2023-08-03T08:00,29.3,79,976.1,17.7,0.0
2023-08-03T09:00,30.3,75,976.0,18.0,0.0
2023-08-03T10:00,31.4,71,976.2,17.1,0.0
2023-08-03T11:00,32.3,68,975.9,16.0,0.1
2023-08-03T12:00,33.1,66,975.3,14.8,0.1
2023-08-03T13:00,33.8,64,974.3,16.1,0.1
2023-08-03T14:00,34.1,62,973.4,16.6,0.0
2023-08-03T15:00,33.9,62,972.8,17.4,0.1
2023-08-03T16:00,33.7,64,972.4,14.7,0.3
2023-08-03T17:00,32.1,72,973.5,6.1,0.7
2023-08-03T18:00,28.0,90,974.5,8.3,8.0
2023-08-03T19:00,27.5,92,974.5,10.5,0.1
2023-08-03T20:00,27.7,92,975.0,7.0,0.0
2023-08-03T21:00,27.8,92,975.7,7.7,0.0
2023-08-03T22:00,27.8,90,976.1,8.3,0.0
2023-08-03T23:00,27.5,91,976.5,8.2,0.1
2023-08-04T00:00,27.1,92,976.2,8.0,0.1
2023-08-04T01:00,27.0,93,975.9,4.1,0.1
2023-08-04T02:00,26.8,93,975.7,3.1,0.0
2023-08-04T03:00,26.5,95,976.1,8.4,0.2
2023-08-04T04:00,26.0,97,976.1,6.1,0.6
2023-08-04T05:00,28.0,89,975.6,9.4,0.2
2023-08-04T06:00,28.0,90,976.4,3.3,1.5
2023-08-04T07:00,27.7,92,976.7,3.4,0.0
2023-08-04T08:00,27.8,90,977.3,5.8,0.3
2023-08-04T09:00,28.7,88,978.3,3.1,0.6
2023-08-04T10:00,29.3,84,978.3,2.7,1.1
2023-08-04T11:00,29.5,84,978.1,3.6,0.6
2023-08-04T12:00,29.9,83,977.7,3.2,0.4
2023-08-04T13:00,30.5,81,977.0,3.1,0.5
2023-08-04T14:00,31.0,78,976.2,4.6,0.4
2023-08-04T15:00,31.7,75,975.5,7.4,0.2
2023-08-04T16:00,31.7,74,975.3,8.7,0.2
2023-08-04T17:00,30.3,79,976.2,5.8,0.3
2023-08-04T18:00,30.3,79,976.3,2.1,0.1
2023-08-04T19:00,26.7,95,977.8,9.3,3.4
2023-08-04T20:00,27.2,92,978.7,1.5,0.5
2023-08-04T21:00,27.2,93,979.0,3.6,0.2
2023-08-04T22:00,27.0,94,978.8,4.0,0.0
2023-08-04T23:00,26.7,97,979.0,3.2,0.0
2023-08-05T00:00,26.5,98,978.6,2.5,0.0
2023-08-05T01:00,26.3,99,977.9,3.3,0.0
2023-08-05T02:00,26.4,98,977.7,3.2,0.0
2023-08-05T03:00,26.4,98,977.4,3.9,0.0
2023-08-05T04:00,26.4,97,977.5,5.1,0.0
2023-08-05T05:00,27.3,89,978.1,3.0,0.0
2023-08-05T06:00,27.3,92,978.6,4.7,0.6
2023-08-05T07:00,27.4,92,979.5,4.8,2.4
2023-08-05T08:00,28.0,90,980.0,5.9,0.2
2023-08-05T09:00,28.2,88,980.7,11.0,0.6
2023-08-05T10:00,29.3,82,980.5,7.2,0.2
2023-08-05T11:00,30.9,77,979.9,7.3,0.5
2023-08-05T12:00,32.0,74,979.0,8.1,0.1
2023-08-05T13:00,32.9,68,978.0,10.3,0.1
2023-08-05T14:00,33.6,63,977.1,12.1,0.0
2023-08-05T15:00,33.7,64,976.0,12.9,0.0
2023-08-05T16:00,33.5,64,975.3,12.7,0.0
2023-08-05T17:00,32.3,69,976.5,8.1,0.0
2023-08-05T18:00,31.5,77,976.8,4.4,0.0
2023-08-05T19:00,30.1,82,977.5,5.0,0.0
2023-08-05T20:00,29.8,82,978.1,5.8,0.0
2023-08-05T21:00,29.0,88,978.6,6.1,0.0
2023-08-05T22:00,29.0,86,978.8,3.6,0.0
2023-08-05T23:00,28.9,84,978.6,8.9,0.1
2023-08-06T00:00,28.7,83,977.9,8.3,0.0
2023-08-06T01:00,28.2,82,977.1,8.7,0.0
2023-08-06T02:00,27.9,80,976.5,9.4,0.0
2023-08-06T03:00,28.0,79,976.3,11.8,0.0
2023-08-06T04:00,27.9,79,976.3,13.1,0.0
2023-08-06T05:00,28.3,78,976.7,13.9,0.0
2023-08-06T06:00,28.2,76,977.0,15.3,0.0
2023-08-06T07:00,28.9,75,977.3,14.3,0.0
2023-08-06T08:00,29.8,72,977.5,17.4,0.0
2023-08-06T09:00,30.9,70,977.6,18.2,0.0
2023-08-06T10:00,32.2,66,977.5,18.5,0.0
2023-08-06T11:00,33.4,62,977.0,19.0,0.0
2023-08-06T12:00,34.0,59,975.9,19.1,0.0
2023-08-06T13:00,34.6,57,974.8,19.4,0.0
2023-08-06T14:00,34.8,57,973.6,18.6,0.0
2023-08-06T15:00,34.7,56,972.6,19.8,0.0
2023-08-06T16:00,33.1,63,972.2,18.4,0.5
2023-08-06T17:00,32.4,67,973.3,10.9,0.0
2023-08-06T18:00,30.7,75,973.7,7.1,0.1
2023-08-06T19:00,26.0,91,974.3,5.2,1.2
2023-08-06T20:00,26.7,91,974.8,0.5,0.1
2023-08-06T21:00,27.0,92,975.2,4.3,0.0
2023-08-06T22:00,27.2,89,974.9,8.9,0.0
2023-08-06T23:00,27.9,82,974.5,13.2,0.0
2023-08-07T00:00,27.9,77,974.1,13.9,0.0
2023-08-07T01:00,27.4,77,973.5,13.1,0.0
2023-08-07T02:00,27.2,77,973.5,12.8,0.0
2023-08-07T03:00,27.2,76,973.4,14.8,0.0
2023-08-07T04:00,27.2,76,973.4,17.6,0.0
2023-08-07T05:00,27.5,74,973.0,18.6,0.0
2023-08-07T06:00,27.6,75,973.5,19.2,0.0
2023-08-07T07:00,28.2,74,974.0,19.5,0.0
2023-08-07T08:00,29.1,72,974.9,21.6,0.0
2023-08-07T09:00,30.2,69,975.0,22.0,0.0
2023-08-07T10:00,31.4,66,975.0,20.9,0.0
2023-08-07T11:00,32.4,62,974.6,19.8,0.0
2023-08-07T12:00,32.8,60,974.0,17.0,0.0
2023-08-07T13:00,33.5,57,973.0,16.2,0.1
2023-08-07T14:00,34.0,55,972.1,16.6,0.0
2023-08-07T15:00,34.2,54,971.4,18.1,0.0
2023-08-07T16:00,34.0,55,971.0,16.2,0.0
2023-08-07T17:00,32.4,61,971.8,13.9,0.0
2023-08-07T18:00,31.1,66,972.2,11.2,0.0
2023-08-07T19:00,29.9,70,972.7,8.4,0.0
2023-08-07T20:00,29.3,71,973.2,11.1,0.0
2023-08-07T21:00,29.3,68,974.0,16.2,0.0
2023-08-07T22:00,28.8,71,974.4,14.6,0.0
2023-08-07T23:00,28.7,71,974.3,15.8,0.0
2023-08-08T00:00,28.6,70,974.1,16.9,0.0
2023-08-08T01:00,28.2,70,973.5,18.0,0.0
2023-08-08T02:00,27.6,71,973.4,19.0,0.0
2023-08-08T03:00,27.2,73,973.3,19.2,0.0
2023-08-08T04:00,26.9,74,973.6,19.6,0.0
2023-08-08T05:00,27.5,74,973.6,22.0,0.0
2023-08-08T06:00,27.5,76,974.0,22.4,0.0
2023-08-08T07:00,28.1,76,974.6,22.8,0.0
2023-08-08T08:00,29.0,74,975.0,24.5,0.0
2023-08-08T09:00,30.0,72,975.1,24.5,0.0
2023-08-08T10:00,31.3,67,975.4,23.1,0.0
2023-08-08T11:00,32.5,64,975.1,21.3,0.0
2023-08-08T12:00,33.3,60,974.8,19.2,0.0
2023-08-08T13:00,33.8,57,974.7,17.9,0.0
2023-08-08T14:00,34.4,54,974.2,17.1,0.0
2023-08-08T15:00,34.0,56,973.9,18.0,0.0
2023-08-08T16:00,33.8,57,973.8,16.6,0.0
2023-08-08T17:00,32.6,62,974.5,12.1,0.0
2023-08-08T18:00,31.7,66,974.8,9.7,0.0
2023-08-08T19:00,30.8,68,975.3,8.9,0.0
2023-08-08T20:00,30.3,68,975.8,9.7,0.0
2023-08-08T21:00,30.4,66,976.6,13.5,0.0
2023-08-08T22:00,30.0,65,977.2,15.2,0.0
2023-08-08T23:00,29.4,65,977.2,16.0,0.0
2023-08-09T00:00,29.0,66,976.9,17.1,0.0
2023-08-09T01:00,28.5,68,976.7,15.3,0.0
2023-08-09T02:00,28.1,70,976.6,15.9,0.0
2023-08-09T03:00,27.7,71,976.7,16.9,0.0
2023-08-09T04:00,27.4,72,977.0,16.6,0.0
2023-08-09T05:00,27.7,73,977.1,18.4,0.0
2023-08-09T06:00,27.8,74,978.2,18.7,0.0
2023-08-09T07:00,28.4,75,978.9,17.3,0.0
2023-08-09T08:00,29.2,73,979.3,19.5,0.0
2023-08-09T09:00,30.3,70,979.6,20.2,0.0
2023-08-09T10:00,31.8,66,979.7,19.9,0.0
2023-08-09T11:00,33.1,60,979.7,17.7,0.0
2023-08-09T12:00,33.5,57,979.3,13.8,0.0
2023-08-09T13:00,34.0,55,978.7,11.7,0.0
2023-08-09T14:00,34.4,54,977.6,11.7,0.0
2023-08-09T15:00,34.5,53,977.0,11.8,0.0
2023-08-09T16:00,34.5,52,976.7,11.6,0.0
2023-08-09T17:00,33.2,59,977.7,11.2,0.0
2023-08-09T18:00,32.2,62,977.8,8.1,0.0
2023-08-09T19:00,31.4,63,978.4,7.3,0.0
2023-08-09T20:00,30.6,66,978.6,7.3,0.0
2023-08-09T21:00,30.3,67,979.3,8.7,0.0
2023-08-09T22:00,29.5,69,979.5,11.1,0.0
2023-08-09T23:00,29.2,65,979.5,14.3,0.0
2023-08-10T00:00,28.9,65,979.3,14.2,0.0
2023-08-10T01:00,28.4,69,978.8,14.1,0.0
2023-08-10T02:00,28.0,72,978.6,13.0,0.0
2023-08-10T03:00,27.6,74,979.0,10.5,0.0
2023-08-10T04:00,27.3,77,978.8,13.0,0.0
2023-08-10T05:00,28.0,75,978.9,13.8,0.0
2023-08-10T06:00,28.1,76,979.6,14.5,0.0
2023-08-10T07:00,28.9,74,980.3,15.1,0.0
2023-08-10T08:00,29.9,70,980.5,17.3,0.0
2023-08-10T09:00,31.0,67,981.0,17.5,0.0
2023-08-10T10:00,32.1,63,981.2,16.6,0.0
2023-08-10T11:00,33.2,58,981.0,14.0,0.0
2023-08-10T12:00,33.7,56,980.5,10.8,0.0
2023-08-10T13:00,34.0,54,979.9,9.5,0.0
2023-08-10T14:00,33.9,53,979.1,8.6,0.0
2023-08-10T15:00,33.9,53,978.6,8.3,0.0
2023-08-10T16:00,33.7,53,978.2,9.8,0.0
2023-08-10T17:00,31.5,66,979.1,9.4,0.0
2023-08-10T18:00,28.7,78,979.6,9.7,1.2
2023-08-10T19:00,27.8,86,979.6,11.3,0.5
2023-08-10T20:00,27.5,84,980.2,11.0,0.0
2023-08-10T21:00,27.6,83,980.6,7.8,0.0
2023-08-10T22:00,27.8,83,980.7,6.7,0.0
2023-08-10T23:00,27.8,83,980.7,6.2,0.0
2023-08-11T00:00,27.6,84,980.4,9.7,0.0
2023-08-11T01:00,27.4,85,979.9,9.1,0.0
2023-08-11T02:00,27.2,84,979.6,7.8,0.0
2023-08-11T03:00,27.3,82,979.4,8.7,0.0
2023-08-11T04:00,27.5,77,979.8,10.8,0.0
2023-08-11T05:00,27.9,73,979.9,11.3,0.0
2023-08-11T06:00,28.3,68,980.8,13.4,0.0
2023-08-11T07:00,29.1,68,981.2,12.0,0.0
2023-08-11T08:00,30.4,65,981.4,13.5,0.0
2023-08-11T09:00,31.6,62,981.6,14.8,0.0
2023-08-11T10:00,32.9,58,981.3,15.7,0.0
2023-08-11T11:00,33.9,53,980.5,13.9,0.0
2023-08-11T12:00,34.4,50,980.1,12.6,0.1
2023-08-11T13:00,34.6,49,979.2,13.9,0.1
2023-08-11T14:00,34.6,49,978.1,13.6,0.1
2023-08-11T15:00,34.4,50,977.3,14.0,0.1
2023-08-11T16:00,34.0,51,977.0,13.8,0.0
2023-08-11T17:00,33.5,58,978.1,4.2,0.0
2023-08-11T18:00,30.4,78,978.5,4.6,1.1
2023-08-11T19:00,29.8,81,978.4,5.3,0.1
2023-08-11T20:00,30.3,71,978.7,7.5,0.0
2023-08-11T21:00,30.1,69,979.3,7.9,0.0
2023-08-11T22:00,29.6,70,979.1,9.5,0.0
2023-08-11T23:00,29.4,69,978.8,11.8,0.0
2023-08-12T00:00,29.2,68,978.4,13.2,0.0
2023-08-12T01:00,28.9,66,978.2,14.2,0.0
2023-08-12T02:00,28.7,63,978.1,15.7,0.0
2023-08-12T03:00,28.5,62,978.1,16.6,0.0
2023-08-12T04:00,28.2,62,978.2,15.9,0.0
2023-08-12T05:00,28.3,60,978.4,15.4,0.0
2023-08-12T06:00,28.2,62,978.8,15.7,0.0
2023-08-12T07:00,28.9,64,979.1,15.3,0.0
2023-08-12T08:00,30.1,62,979.4,18.1,0.0
2023-08-12T09:00,31.5,59,979.8,19.7,0.0
2023-08-12T10:00,32.9,55,979.8,20.7,0.0
2023-08-12T11:00,33.9,51,979.1,19.1,0.0
2023-08-12T12:00,34.8,48,978.3,16.7,0.0
2023-08-12T13:00,35.3,45,977.1,16.2,0.0
2023-08-12T14:00,35.3,44,976.0,18.0,0.0
2023-08-12T15:00,35.3,43,975.4,17.4,0.0
2023-08-12T16:00,34.8,46,974.8,16.7,0.0
2023-08-12T17:00,33.5,52,975.7,13.4,0.0
2023-08-12T18:00,32.4,54,975.5,13.7,0.0
2023-08-12T19:00,31.8,53,975.7,16.1,0.0
2023-08-12T20:00,31.3,54,976.0,14.2,0.0
2023-08-12T21:00,30.7,56,976.6,14.0,0.0
2023-08-12T22:00,30.3,57,976.7,15.0,0.0
2023-08-12T23:00,29.9,60,976.6,16.3,0.0
2023-08-13T00:00,29.5,63,976.1,15.8,0.0
2023-08-13T01:00,29.2,63,975.3,16.3,0.0
2023-08-13T02:00,28.8,64,974.9,17.3,0.0
2023-08-13T03:00,28.3,66,974.8,17.5,0.0
2023-08-13T04:00,27.9,68,974.9,17.5,0.0
2023-08-13T05:00,27.7,70,975.2,17.4,0.0
2023-08-13T06:00,27.6,72,975.5,17.0,0.0
2023-08-13T07:00,28.4,72,975.9,16.3,0.0
2023-08-13T08:00,29.7,68,976.2,18.8,0.0
2023-08-13T09:00,31.2,64,976.8,18.4,0.0
2023-08-13T10:00,32.6,59,976.9,17.3,0.0
2023-08-13T11:00,33.9,55,976.4,14.8,0.0
2023-08-13T12:00,34.5,51,975.8,13.1,0.1
2023-08-13T13:00,35.2,48,975.2,11.4,0.1
2023-08-13T14:00,35.6,47,974.2,11.4,0.2
2023-08-13T15:00,35.2,47,973.9,11.3,0.2
2023-08-13T16:00,34.8,49,973.8,11.6,0.1
2023-08-13T17:00,32.6,59,974.9,11.5,0.0
2023-08-13T18:00,31.8,62,975.2,9.7,0.0
2023-08-13T19:00,31.0,64,975.7,10.4,0.0
2023-08-13T20:00,30.4,65,976.4,13.0,0.0
2023-08-13T21:00,30.0,64,977.1,14.3,0.0
2023-08-13T22:00,29.7,63,977.4,15.1,0.0
2023-08-13T23:00,29.6,63,977.5,14.4,0.0
2023-08-14T00:00,29.4,63,977.6,13.2,0.0
2023-08-14T01:00,28.9,65,977.0,11.5,0.0
2023-08-14T02:00,28.3,68,976.8,9.2,0.0
2023-08-14T03:00,27.7,71,976.9,7.3,0.0
2023-08-14T04:00,27.3,73,977.6,8.2,0.0
2023-08-14T05:00,26.8,75,978.7,6.9,0.0
2023-08-14T06:00,27.3,75,979.4,8.0,0.0
2023-08-14T07:00,28.1,74,980.3,7.2,0.0
2023-08-14T08:00,29.2,69,980.7,7.2,0.0
2023-08-14T09:00,30.0,65,981.1,5.9,0.0
2023-08-14T10:00,30.7,62,981.2,4.9,0.0
2023-08-14T11:00,32.0,58,981.0,8.6,0.0
2023-08-14T12:00,32.8,54,980.5,11.5,0.0
2023-08-14T13:00,33.1,53,979.8,12.5,0.0
2023-08-14T14:00,33.3,52,978.9,13.1,0.0
2023-08-14T15:00,33.5,51,978.2,12.4,0.0
2023-08-14T16:00,33.0,53,978.0,11.0,0.0
2023-08-14T17:00,31.5,60,978.3,7.9,0.0
2023-08-14T18:00,30.2,67,978.9,9.5,0.0
2023-08-14T19:00,28.7,76,979.5,12.6,0.0
2023-08-14T20:00,28.2,80,980.1,10.2,0.0
2023-08-14T21:00,27.9,82,980.7,10.5,0.0
2023-08-14T22:00,27.6,83,980.8,10.9,0.0
2023-08-14T23:00,27.2,85,980.7,9.7,0.0
2023-08-15T00:00,26.8,87,980.4,7.0,0.0
2023-08-15T01:00,26.5,89,980.1,6.7,0.0
2023-08-15T02:00,26.3,89,979.3,7.1,0.0
2023-08-15T03:00,26.0,90,979.0,6.1,0.0
2023-08-15T04:00,25.8,91,979.4,5.6,0.0
2023-08-15T05:00,26.2,94,980.0,7.2,0.0
2023-08-15T06:00,26.9,91,980.5,4.9,0.0
2023-08-15T07:00,27.4,87,981.0,4.0,0.1
2023-08-15T08:00,28.8,76,981.1,4.9,0.0
2023-08-15T09:00,30.9,67,981.7,4.7,0.0
2023-08-15T10:00,32.2,61,981.5,5.8,0.0
2023-08-15T11:00,33.2,58,981.2,7.9,0.0
2023-08-15T12:00,34.0,55,980.4,7.3,0.0
2023-08-15T13:00,34.3,54,979.7,6.0,0.0
2023-08-15T14:00,34.6,52,978.6,5.2,0.0
2023-08-15T15:00,34.7,52,977.8,4.6,0.0
2023-08-15T16:00,34.7,52,977.3,7.1,0.0
2023-08-15T17:00,32.2,59,978.9,6.6,0.0
2023-08-15T18:00,31.3,67,979.0,9.7,0.0
2023-08-15T19:00,30.0,73,979.3,4.7,0.0
2023-08-15T20:00,29.6,78,979.6,1.8,0.0
2023-08-15T21:00,28.7,82,980.2,2.4,0.0
2023-08-15T22:00,28.1,87,980.4,3.3,0.0
2023-08-15T23:00,27.6,87,980.4,2.9,0.0
2023-08-16T00:00,27.3,87,980.3,3.3,0.0
2023-08-16T01:00,27.0,87,979.9,3.2,0.0
2023-08-16T02:00,26.9,85,979.5,4.1,0.0
2023-08-16T03:00,26.8,84,979.4,5.3,0.0
2023-08-16T04:00,26.8,83,979.6,5.8,0.0
2023-08-16T05:00,25.6,89,980.0,10.5,0.0
2023-08-16T06:00,26.5,89,980.5,8.5,0.1
2023-08-16T07:00,28.0,83,980.9,8.0,0.0
2023-08-16T08:00,30.0,72,981.2,11.2,0.0
2023-08-16T09:00,32.0,63,981.4,13.1,0.0
2023-08-16T10:00,33.7,55,981.3,12.4,0.0
2023-08-16T11:00,34.4,52,980.8,11.5,0.0
2023-08-16T12:00,35.2,51,980.0,11.3,0.0
2023-08-16T13:00,35.7,49,979.0,13.4,0.0
2023-08-16T14:00,36.0,48,978.1,15.1,0.0
2023-08-16T15:00,35.9,47,977.0,15.5,0.0
2023-08-16T16:00,35.4,47,976.5,16.8,0.0
2023-08-16T17:00,34.4,50,977.6,15.1,0.0
2023-08-16T18:00,33.2,55,977.4,10.7,0.0
2023-08-16T19:00,31.8,60,977.9,7.2,0.0
2023-08-16T20:00,30.3,72,978.1,7.1,0.0
2023-08-16T21:00,30.0,69,978.9,5.1,0.0
2023-08-16T22:00,29.8,68,978.9,5.4,0.0
2023-08-16T23:00,29.2,70,978.9,5.9,0.0
2023-08-17T00:00,29.0,71,978.7,6.3,0.0
2023-08-17T01:00,28.6,72,978.2,6.4,0.0
2023-08-17T02:00,28.1,73,978.0,6.2,0.0
2023-08-17T03:00,27.8,73,978.1,7.0,0.0
2023-08-17T04:00,27.8,71,978.4,11.3,0.0
2023-08-17T05:00,28.6,68,978.7,14.4,0.0
2023-08-17T06:00,29.0,67,979.5,15.8,0.0
2023-08-17T07:00,29.9,64,980.2,16.2,0.0
2023-08-17T08:00,31.3,58,980.5,19.7,0.0
2023-08-17T09:00,33.0,54,980.7,20.2,0.0
2023-08-17T10:00,34.3,49,980.7,20.3,0.0
2023-08-17T11:00,35.1,46,980.2,19.3,0.0
2023-08-17T12:00,35.7,44,979.7,18.4,0.0
2023-08-17T13:00,36.0,42,978.7,18.9,0.0
2023-08-17T14:00,36.0,42,977.7,18.9,0.0
2023-08-17T15:00,36.0,42,976.7,18.4,0.0
2023-08-17T16:00,35.6,43,976.6,18.0,0.0
2023-08-17T17:00,34.6,50,977.3,12.2,0.0
2023-08-17T18:00,33.6,54,977.7,8.0,0.0
2023-08-17T19:00,32.3,58,978.2,6.6,0.0
2023-08-17T20:00,31.6,60,978.5,6.3,0.0
2023-08-17T21:00,30.8,65,979.0,6.0,0.0
2023-08-17T22:00,30.3,66,979.2,5.4,0.0
2023-08-17T23:00,30.1,66,979.1,5.9,0.0
2023-08-18T00:00,29.8,67,978.8,8.2,0.0
2023-08-18T01:00,29.3,68,978.3,6.9,0.0
2023-08-18T02:00,29.1,67,977.9,9.3,0.0
2023-08-18T03:00,29.2,63,977.7,12.7,0.0
2023-08-18T04:00,28.6,65,978.0,9.4,0.0
2023-08-18T05:00,28.3,65,979.0,10.1,0.0
2023-08-18T06:00,28.4,66,979.5,11.3,0.0
2023-08-18T07:00,29.3,64,979.9,12.4,0.0
2023-08-18T08:00,30.9,60,980.5,15.1,0.0
2023-08-18T09:00,32.6,55,981.0,14.7,0.0
2023-08-18T10:00,34.0,51,981.0,13.3,0.0
2023-08-18T11:00,35.1,48,980.4,11.7,0.0
2023-08-18T12:00,35.9,45,979.4,10.4,0.0
2023-08-18T13:00,35.8,44,978.7,7.8,0.0
2023-08-18T14:00,36.0,44,978.0,10.2,0.0
2023-08-18T15:00,36.1,44,977.2,9.4,0.0
2023-08-18T16:00,35.8,45,977.0,8.7,0.1
2023-08-18T17:00,34.7,50,977.0,11.5,0.0
2023-08-18T18:00,33.3,61,977.8,8.2,0.0
2023-08-18T19:00,31.5,70,978.2,13.8,0.0
2023-08-18T20:00,30.1,75,978.8,9.4,0.0
2023-08-18T21:00,29.6,77,979.3,6.6,0.0
2023-08-18T22:00,29.2,79,979.8,4.8,0.0
2023-08-18T23:00,28.9,80,979.6,5.1,0.0
2023-08-19T00:00,28.5,83,979.4,3.8,0.0
2023-08-19T01:00,28.2,84,979.1,4.2,0.0
2023-08-19T02:00,28.0,86,978.7,4.3,0.0
2023-08-19T03:00,27.8,87,978.7,5.4,0.0
2023-08-19T04:00,27.6,89,978.9,6.8,0.0
2023-08-19T05:00,27.9,87,979.0,3.8,0.0
2023-08-19T06:00,27.2,87,980.2,19.1,2.5
2023-08-19T07:00,26.2,91,980.7,11.9,3.9
2023-08-19T08:00,26.9,89,980.8,7.0,0.1
2023-08-19T09:00,28.7,84,981.1,5.4,0.1
2023-08-19T10:00,31.1,75,981.1,7.9,0.0
2023-08-19T11:00,32.0,73,980.6,10.4,0.0
2023-08-19T12:00,33.0,65,980.1,12.8,0.0
2023-08-19T13:00,32.7,66,979.7,10.8,0.7
2023-08-19T14:00,33.8,61,978.4,8.3,0.0
2023-08-19T15:00,34.1,59,977.4,7.4,0.0
2023-08-19T16:00,33.7,60,977.3,8.2,0.0
2023-08-19T17:00,33.9,55,977.7,9.1,0.1
2023-08-19T18:00,32.9,61,978.4,7.0,0.0
2023-08-19T19:00,31.8,67,978.6,4.7,0.0
2023-08-19T20:00,31.1,70,979.0,6.1,0.0
2023-08-19T21:00,30.6,73,979.8,8.7,0.0
2023-08-19T22:00,30.3,74,980.1,9.1,0.0
2023-08-19T23:00,30.0,76,980.2,8.4,0.0
2023-08-20T00:00,29.6,78,980.0,9.3,0.0
2023-08-20T01:00,29.2,80,979.8,8.6,0.0
2023-08-20T02:00,28.7,81,979.5,7.6,0.0
2023-08-20T03:00,28.4,82,979.4,8.2,0.0
2023-08-20T04:00,28.2,83,979.8,7.8,0.0
2023-08-20T05:00,27.8,91,980.1,8.2,0.0
2023-08-20T06:00,28.3,91,980.6,7.9,0.0
2023-08-20T07:00,29.6,85,981.0,8.3,0.0
2023-08-20T08:00,31.1,76,981.1,13.4,0.0
2023-08-20T09:00,32.8,66,981.3,17.3,0.0
2023-08-20T10:00,33.9,58,981.5,18.0,0.0
2023-08-20T11:00,34.9,53,981.0,17.1,0.0
2023-08-20T12:00,35.3,51,980.7,16.6,0.0
2023-08-20T13:00,35.5,51,980.0,15.5,0.1
2023-08-20T14:00,35.8,50,978.8,13.2,0.0
2023-08-20T15:00,35.8,50,977.8,11.8,0.0
2023-08-20T16:00,35.5,50,977.2,10.6,0.0
2023-08-20T17:00,34.4,54,978.2,6.8,0.0
2023-08-20T18:00,33.5,59,978.3,5.1,0.0
2023-08-20T19:00,32.4,64,979.0,5.8,0.0
2023-08-20T20:00,31.8,67,979.2,6.8,0.0
2023-08-20T21:00,31.2,71,979.5,6.5,0.0
2023-08-20T22:00,30.5,75,979.8,7.6,0.0
2023-08-20T23:00,29.9,78,979.7,10.9,0.0
2023-08-21T00:00,29.3,81,979.5,10.1,0.0
2023-08-21T01:00,28.9,83,979.1,9.8,0.0
2023-08-21T02:00,28.6,85,978.8,8.4,0.0
2023-08-21T03:00,28.3,87,978.7,7.7,0.0
2023-08-21T04:00,28.0,88,978.8,5.0,0.0
2023-08-21T05:00,28.6,86,978.8,4.3,0.0
2023-08-21T06:00,29.0,85,979.5,5.3,0.0
2023-08-21T07:00,30.3,79,979.9,4.5,0.0
2023-08-21T08:00,32.0,71,980.1,5.2,0.0
2023-08-21T09:00,33.4,65,980.3,7.9,0.0
2023-08-21T10:00,34.3,59,980.1,6.5,0.0
2023-08-21T11:00,34.7,57,979.5,2.6,0.1
2023-08-21T12:00,34.5,58,978.9,6.6,0.5
2023-08-21T13:00,35.1,57,978.2,6.5,0.1
2023-08-21T14:00,35.8,56,977.2,1.8,0.0
2023-08-21T15:00,36.3,53,976.1,0.8,0.0
2023-08-21T16:00,36.1,52,975.8,2.4,0.0
2023-08-21T17:00,36.2,49,976.6,3.0,0.0
2023-08-21T18:00,34.3,57,977.0,7.3,0.1
2023-08-21T19:00,31.7,71,977.7,14.7,0.0
2023-08-21T20:00,31.0,73,978.1,12.0,0.0
2023-08-21T21:00,30.9,73,978.7,10.2,0.0
2023-08-21T22:00,30.3,74,979.1,14.6,0.0
2023-08-21T23:00,30.2,74,979.0,12.4,0.0
2023-08-22T00:00,29.9,75,978.4,12.3,0.0
2023-08-22T01:00,29.5,77,977.6,11.1,0.0
2023-08-22T02:00,29.4,77,977.1,7.3,0.0
2023-08-22T03:00,27.5,92,977.3,10.1,3.6
2023-08-22T04:00,27.4,91,977.0,11.5,0.2
2023-08-22T05:00,29.1,86,976.5,8.1,0.0
2023-08-22T06:00,28.8,90,977.4,1.3,2.5
2023-08-22T07:00,29.3,89,977.1,2.2,0.0
2023-08-22T08:00,30.2,83,977.7,4.9,0.0
2023-08-22T09:00,31.6,77,977.9,5.7,0.0
2023-08-22T10:00,32.9,72,977.9,4.3,0.0
2023-08-22T11:00,34.0,68,977.7,4.4,0.0
2023-08-22T12:00,34.7,65,976.9,6.6,0.0
2023-08-22T13:00,35.4,62,976.1,5.3,0.0
2023-08-22T14:00,35.1,62,974.8,8.7,0.0
2023-08-22T15:00,34.8,65,974.2,8.6,0.1
2023-08-22T16:00,32.0,75,974.7,18.0,0.6
2023-08-22T17:00,29.1,83,975.3,5.5,0.1
2023-08-22T18:00,29.7,82,975.6,13.0,0.0
2023-08-22T19:00,28.5,85,976.3,14.0,3.7
2023-08-22T20:00,28.1,84,976.3,14.0,0.0
2023-08-22T21:00,28.3,84,977.4,8.9,0.0
2023-08-22T22:00,27.9,89,977.3,4.6,1.2
2023-08-22T23:00,27.6,89,977.0,7.6,0.6
2023-08-23T00:00,26.6,95,977.8,10.8,4.9
2023-08-23T01:00,26.8,95,976.5,9.0,0.4
2023-08-23T02:00,26.7,95,975.6,6.9,0.2
2023-08-23T03:00,26.7,95,974.9,8.5,0.2
2023-08-23T04:00,26.8,93,975.3,10.0,0.1
2023-08-23T05:00,28.0,86,975.2,20.9,0.6
2023-08-23T06:00,28.0,84,975.7,18.9,0.2
2023-08-23T07:00,28.0,83,976.3,17.1,0.1
2023-08-23T08:00,28.0,87,977.1,6.2,1.8
2023-08-23T09:00,28.0,88,977.1,7.0,1.5
2023-08-23T10:00,28.6,87,977.0,1.1,1.7
2023-08-23T11:00,29.1,87,977.3,2.9,0.7
2023-08-23T12:00,29.9,81,976.8,2.3,0.3
2023-08-23T13:00,29.6,82,976.4,4.1,0.4
2023-08-23T14:00,29.2,84,975.5,6.2,0.4
2023-08-23T15:00,28.3,90,974.9,8.8,0.6
2023-08-23T16:00,28.1,92,974.5,7.2,0.5
2023-08-23T17:00,28.0,86,976.1,0.7,0.2
2023-08-23T18:00,27.9,87,975.9,2.1,0.4
2023-08-23T19:00,27.4,92,975.7,5.4,0.0
2023-08-23T20:00,26.8,96,976.2,2.8,0.1
2023-08-23T21:00,26.7,98,976.7,8.0,0.1
2023-08-23T22:00,26.1,97,976.6,12.4,0.0
2023-08-23T23:00,25.6,97,976.8,10.5,0.1
2023-08-24T00:00,25.2,97,976.3,7.5,0.0
2023-08-24T01:00,24.9,97,975.5,8.5,0.0
2023-08-24T02:00,24.8,97,974.9,5.4,0.0
2023-08-24T03:00,24.9,98,975.1,4.5,0.0
2023-08-24T04:00,25.0,98,975.3,3.1,0.0
2023-08-24T05:00,26.7,78,975.4,13.7,0.0
2023-08-24T06:00,26.8,77,976.0,12.6,0.0
2023-08-24T07:00,27.6,76,976.5,10.2,0.0
2023-08-24T08:00,28.8,71,976.6,14.8,0.0
2023-08-24T09:00,30.1,67,977.0,17.0,0.0
2023-08-24T10:00,31.1,64,976.8,15.3,0.0
2023-08-24T11:00,32.2,59,976.3,13.6,0.0
2023-08-24T12:00,32.6,58,975.3,14.1,0.0
2023-08-24T13:00,32.9,57,974.9,14.4,0.0
2023-08-24T14:00,33.1,55,974.1,15.0,0.0
2023-08-24T15:00,33.3,55,973.3,16.1,0.0
2023-08-24T16:00,32.7,56,972.9,16.4,0.0
2023-08-24T17:00,31.4,62,974.5,12.3,0.0
2023-08-24T18:00,30.3,67,974.4,8.3,0.0
2023-08-24T19:00,29.2,72,974.4,6.0,0.0
2023-08-24T20:00,28.4,75,974.9,6.7,0.0
2023-08-24T21:00,28.2,73,975.8,10.7,0.0
2023-08-24T22:00,28.1,69,976.2,13.7,0.0
2023-08-24T23:00,27.6,69,976.1,14.3,0.0
2023-08-25T00:00,27.3,69,975.6,14.5,0.0
2023-08-25T01:00,26.7,71,974.9,12.8,0.0
2023-08-25T02:00,26.2,73,974.8,11.9,0.0
2023-08-25T03:00,25.9,74,974.6,11.3,0.0
2023-08-25T04:00,25.7,76,974.8,11.3,0.0
2023-08-25T05:00,26.8,74,974.4,16.2,0.0
2023-08-25T06:00,27.2,73,975.1,15.9,0.0
2023-08-25T07:00,28.2,71,975.8,13.7,0.0
2023-08-25T08:00,29.5,65,976.3,16.6,0.0
2023-08-25T09:00,30.5,62,976.5,16.7,0.0
2023-08-25T10:00,31.5,60,976.4,16.2,0.0
2023-08-25T11:00,32.8,55,976.2,16.1,0.0
2023-08-25T12:00,33.4,54,975.7,13.4,0.0
2023-08-25T13:00,33.4,54,975.1,12.6,0.0
2023-08-25T14:00,33.6,53,974.4,13.4,0.0
2023-08-25T15:00,33.9,51,974.0,14.3,0.0
2023-08-25T16:00,33.6,53,974.1,14.6,0.0
2023-08-25T17:00,32.9,57,975.1,10.8,0.0
2023-08-25T18:00,31.6,61,975.2,9.9,0.0
2023-08-25T19:00,30.6,62,975.7,9.0,0.0
2023-08-25T20:00,30.5,62,976.1,10.5,0.0
2023-08-25T21:00,30.2,63,976.8,11.4,0.0
2023-08-25T22:00,29.6,63,977.1,11.6,0.0
2023-08-25T23:00,28.9,62,977.2,15.8,0.0
2023-08-26T00:00,28.5,62,977.2,16.9,0.0
2023-08-26T01:00,28.0,64,976.8,16.9,0.0
2023-08-26T02:00,28.0,64,976.7,14.1,0.0
2023-08-26T03:00,27.9,65,976.5,14.1,0.0
2023-08-26T04:00,27.3,68,976.9,12.0,0.0
2023-08-26T05:00,27.4,69,976.8,13.3,0.0
2023-08-26T06:00,27.8,68,977.5,15.0,0.0
2023-08-26T07:00,28.6,67,978.2,13.3,0.0
2023-08-26T08:00,29.8,64,978.2,16.3,0.0
2023-08-26T09:00,31.2,60,978.6,18.9,0.0
2023-08-26T10:00,32.4,55,978.5,18.6,0.0
2023-08-26T11:00,33.1,52,978.2,16.3,0.0
2023-08-26T12:00,33.7,49,977.8,14.0,0.0
2023-08-26T13:00,34.0,48,977.2,13.7,0.0
2023-08-26T14:00,34.3,47,976.6,13.8,0.0
2023-08-26T15:00,34.3,47,976.1,13.3,0.0
2023-08-26T16:00,33.8,47,975.7,14.8,0.0
2023-08-26T17:00,32.6,54,976.1,12.0,0.0
2023-08-26T18:00,31.3,60,976.5,9.4,0.0
2023-08-26T19:00,30.2,64,976.9,6.9,0.0
2023-08-26T20:00,29.4,67,977.4,7.2,0.0
2023-08-26T21:00,29.0,68,978.1,7.3,0.0
2023-08-26T22:00,28.8,66,978.3,9.0,0.0
2023-08-26T23:00,28.7,64,978.6,11.1,0.0
2023-08-27T00:00,28.6,62,978.5,14.8,0.0
2023-08-27T01:00,28.3,60,978.0,16.7,0.0
2023-08-27T02:00,27.9,61,977.7,16.1,0.0
2023-08-27T03:00,27.4,62,977.4,15.7,0.0
2023-08-27T04:00,27.1,63,977.4,15.6,0.0
2023-08-27T05:00,27.3,62,977.6,17.0,0.0
2023-08-27T06:00,27.6,62,978.1,18.4,0.0
2023-08-27T07:00,28.3,62,978.2,17.0,0.0
2023-08-27T08:00,29.6,59,978.5,20.5,0.0
2023-08-27T09:00,31.0,56,978.9,22.7,0.0
2023-08-27T10:00,32.3,52,978.7,23.2,0.0
2023-08-27T11:00,33.5,48,978.3,21.1,0.0
2023-08-27T12:00,34.1,46,977.5,19.0,0.0
2023-08-27T13:00,34.5,45,976.9,17.8,0.0
2023-08-27T14:00,34.7,45,975.9,17.6,0.0
2023-08-27T15:00,34.8,43,975.1,18.4,0.0
2023-08-27T16:00,32.7,49,975.2,15.5,0.0
2023-08-27T17:00,32.2,53,975.2,13.0,0.1
2023-08-27T18:00,31.1,58,975.7,9.2,0.0
2023-08-27T19:00,30.2,57,976.0,11.0,0.0
2023-08-27T20:00,30.1,56,976.9,14.1,0.0
2023-08-27T21:00,29.5,57,977.5,14.9,0.0
2023-08-27T22:00,28.9,59,977.6,16.2,0.0
2023-08-27T23:00,28.1,63,977.6,14.8,0.0
2023-08-28T00:00,28.0,64,977.2,13.4,0.0
2023-08-28T01:00,27.7,65,976.6,13.0,0.0
2023-08-28T02:00,27.5,63,976.3,12.4,0.0
2023-08-28T03:00,27.2,62,976.3,13.0,0.0
2023-08-28T04:00,26.9,62,976.4,13.8,0.0
2023-08-28T05:00,27.6,62,976.4,19.1,0.0
2023-08-28T06:00,27.5,64,977.1,18.1,0.0
2023-08-28T07:00,28.2,65,978.0,17.8,0.0
2023-08-28T08:00,29.4,61,978.4,22.0,0.0
2023-08-28T09:00,30.7,57,978.5,22.0,0.0
2023-08-28T10:00,32.3,53,978.6,22.5,0.0
2023-08-28T11:00,33.5,50,978.4,21.0,0.0
2023-08-28T12:00,34.3,49,978.0,19.4,0.0
2023-08-28T13:00,34.8,49,977.4,17.3,0.0
2023-08-28T14:00,30.6,62,976.6,15.0,2.2
2023-08-28T15:00,31.0,62,976.0,6.2,0.0
2023-08-28T16:00,32.3,58,975.7,12.6,0.0
2023-08-28T17:00,31.3,59,976.4,9.0,0.0
2023-08-28T18:00,29.6,69,976.6,10.5,0.0
2023-08-28T19:00,28.5,73,976.9,9.5,0.0
2023-08-28T20:00,27.7,77,977.5,8.7,0.0
2023-08-28T21:00,27.0,78,977.9,9.1,0.0
2023-08-28T22:00,26.5,77,978.2,9.3,0.0
2023-08-28T23:00,26.3,77,978.4,9.0,0.0
2023-08-29T00:00,26.0,77,978.3,8.2,0.0
2023-08-29T01:00,25.8,76,978.0,8.4,0.0
2023-08-29T02:00,25.9,75,978.3,8.9,0.0
2023-08-29T03:00,26.0,74,978.5,10.9,0.0
2023-08-29T04:00,26.0,72,978.8,11.5,0.0
2023-08-29T05:00,26.8,69,979.2,11.7,0.0
2023-08-29T06:00,27.1,69,979.9,12.4,0.0
2023-08-29T07:00,28.2,67,980.8,13.6,0.0
2023-08-29T08:00,29.8,62,981.1,17.7,0.0
2023-08-29T09:00,31.2,59,981.4,19.1,0.0
2023-08-29T10:00,32.6,56,981.1,19.3,0.0
2023-08-29T11:00,33.8,51,980.8,18.2,0.0
2023-08-29T12:00,34.6,47,979.8,15.4,0.0
2023-08-29T13:00,34.9,45,979.0,13.6,0.0
2023-08-29T14:00,35.0,45,978.4,13.0,0.0
2023-08-29T15:00,34.9,45,977.7,13.8,0.0
2023-08-29T16:00,34.8,45,977.5,13.4,0.0
2023-08-29T17:00,33.9,47,978.4,10.1,0.0
2023-08-29T18:00,32.5,50,978.7,6.5,0.0
2023-08-29T19:00,31.8,49,979.1,9.1,0.0
2023-08-29T20:00,31.0,49,979.8,9.6,0.0
2023-08-29T21:00,29.8,56,980.2,7.1,0.0
2023-08-29T22:00,28.7,63,980.3,5.5,0.0
2023-08-29T23:00,28.3,62,980.4,9.1,0.0
2023-08-30T00:00,28.1,62,980.1,10.0,0.0
2023-08-30T01:00,27.4,65,979.8,9.2,0.0
2023-08-30T02:00,26.9,68,979.8,11.3,0.0
2023-08-30T03:00,26.7,68,980.0,11.7,0.0
2023-08-30T04:00,26.6,68,980.3,11.6,0.0
2023-08-30T05:00,27.2,69,980.7,11.3,0.0
2023-08-30T06:00,27.6,69,981.3,11.3,0.0
2023-08-30T07:00,28.8,67,982.1,10.1,0.0
2023-08-30T08:00,30.3,62,982.5,13.0,0.0
2023-08-30T09:00,31.8,58,982.8,13.6,0.0
2023-08-30T10:00,33.3,54,982.6,14.5,0.0
2023-08-30T11:00,34.5,48,982.4,15.5,0.0
2023-08-30T12:00,35.5,43,981.7,14.5,0.0
2023-08-30T13:00,36.1,40,981.0,14.0,0.0
2023-08-30T14:00,36.4,39,980.1,14.5,0.0
2023-08-30T15:00,36.3,37,979.4,14.5,0.0
2023-08-30T16:00,35.9,37,979.3,14.2,0.0
2023-08-30T17:00,34.0,44,980.1,12.8,0.0
2023-08-30T18:00,32.4,49,980.3,9.7,0.0
2023-08-30T19:00,31.0,54,980.7,7.9,0.0
2023-08-30T20:00,30.2,58,981.2,8.6,0.0
2023-08-30T21:00,29.3,62,981.5,7.1,0.0
2023-08-30T22:00,27.9,70,981.3,7.6,0.0
2023-08-30T23:00,27.7,72,981.4,6.4,0.0
2023-08-31T00:00,27.3,73,981.0,4.7,0.0
2023-08-31T01:00,26.6,75,980.6,4.0,0.0
2023-08-31T02:00,26.4,75,980.4,6.1,0.0
2023-08-31T03:00,26.0,76,980.3,6.0,0.0
2023-08-31T04:00,25.7,78,980.7,5.9,0.0
2023-08-31T05:00,26.4,79,981.4,6.2,0.0
2023-08-31T06:00,27.3,76,982.2,8.0,0.0
2023-08-31T07:00,29.0,72,982.8,7.3,0.0
2023-08-31T08:00,31.1,64,983.2,6.9,0.0
2023-08-31T09:00,33.0,55,983.7,8.1,0.0
2023-08-31T10:00,34.6,45,983.6,13.5,0.0
2023-08-31T11:00,35.1,43,983.1,14.4,0.0
2023-08-31T12:00,35.7,42,982.7,13.5,0.0
2023-08-31T13:00,36.3,40,981.7,12.9,0.0
2023-08-31T14:00,36.4,41,980.9,13.7,0.0
2023-08-31T15:00,36.4,39,980.3,14.2,0.0
2023-08-31T16:00,36.1,40,980.2,13.8,0.0
2023-08-31T17:00,34.7,44,980.6,11.9,0.0
2023-08-31T18:00,33.3,48,980.7,8.0,0.0
2023-08-31T19:00,31.5,55,981.1,5.6,0.0
2023-08-31T20:00,30.6,59,981.5,5.8,0.0
2023-08-31T21:00,30.0,61,981.7,6.2,0.0
2023-08-31T22:00,29.0,69,981.8,7.6,0.0
2023-08-31T23:00,29.6,68,981.8,5.8,0.0
2023-09-01T00:00,28.4,73,981.2,5.6,0.0
2023-09-01T01:00,27.6,77,980.7,5.4,0.0
2023-09-01T02:00,27.5,73,980.5,4.6,0.0
2023-09-01T03:00,26.9,75,980.5,4.8,0.0
2023-09-01T04:00,26.7,75,980.7,6.3,0.0
2023-09-01T05:00,27.5,74,981.4,8.0,0.0
2023-09-01T06:00,28.2,72,982.0,9.8,0.0
2023-09-01T07:00,29.4,70,982.8,8.7,0.0
2023-09-01T08:00,31.7,61,983.4,9.4,0.0
2023-09-01T09:00,33.7,53,983.6,10.8,0.0
2023-09-01T10:00,35.3,45,983.3,13.5,0.0
2023-09-01T11:00,36.2,40,982.9,15.6,0.0
2023-09-01T12:00,36.9,37,982.4,15.8,0.0
2023-09-01T13:00,37.3,36,981.6,16.4,0.0
2023-09-01T14:00,37.1,37,980.5,18.6,0.0
2023-09-01T15:00,36.9,37,980.0,19.3,0.0
2023-09-01T16:00,36.4,37,979.4,16.6,0.0
2023-09-01T17:00,35.3,39,980.3,14.7,0.0
2023-09-01T18:00,34.0,42,980.5,10.6,0.0
2023-09-01T19:00,32.9,44,980.4,9.5,0.0
2023-09-01T20:00,31.6,47,980.9,8.9,0.0
2023-09-01T21:00,30.7,49,981.0,8.3,0.0
2023-09-01T22:00,29.9,51,980.8,8.0,0.0
2023-09-01T23:00,29.0,55,980.4,7.6,0.0
2023-09-02T00:00,28.1,58,980.0,7.0,0.0
2023-09-02T01:00,27.7,59,979.7,7.9,0.0
2023-09-02T02:00,27.4,59,979.4,9.4,0.0
2023-09-02T03:00,27.3,58,979.5,13.7,0.0
2023-09-02T04:00,27.3,58,979.8,11.8,0.0
2023-09-02T05:00,27.7,60,980.4,10.8,0.0
2023-09-02T06:00,27.9,61,981.3,11.9,0.0
2023-09-02T07:00,29.2,61,981.9,11.5,0.0
2023-09-02T08:00,31.4,54,982.2,12.4,0.0
2023-09-02T09:00,33.5,50,982.5,15.0,0.0
2023-09-02T10:00,34.9,42,982.6,20.0,0.0
2023-09-02T11:00,36.0,38,982.1,22.1,0.0
2023-09-02T12:00,36.7,36,981.3,23.4,0.0
2023-09-02T13:00,37.1,35,980.5,22.6,0.0
2023-09-02T14:00,37.2,34,979.3,22.3,0.0
2023-09-02T15:00,37.1,34,978.2,21.9,0.0
2023-09-02T16:00,36.8,34,977.5,20.4,0.0
2023-09-02T17:00,35.2,42,978.3,18.3,0.0
2023-09-02T18:00,33.9,46,978.5,14.6,0.0
2023-09-02T19:00,32.5,51,978.8,8.2,0.0
2023-09-02T20:00,30.8,60,979.3,6.4,0.0
2023-09-02T21:00,29.9,64,979.9,7.7,0.0
2023-09-02T22:00,29.3,67,979.8,7.1,0.0
2023-09-02T23:00,29.1,65,979.9,4.9,0.0
2023-09-03T00:00,28.3,68,979.5,5.5,0.0
2023-09-03T01:00,28.0,68,979.2,5.4,0.0
2023-09-03T02:00,27.6,69,978.8,6.5,0.0
2023-09-03T03:00,27.0,71,978.3,7.2,0.0
2023-09-03T04:00,26.4,73,978.4,8.7,0.0
2023-09-03T05:00,26.3,74,979.4,10.7,0.0
2023-09-03T06:00,26.6,74,979.9,12.7,0.0
2023-09-03T07:00,28.0,71,980.6,13.4,0.0
2023-09-03T08:00,30.2,61,980.8,15.3,0.0
2023-09-03T09:00,32.1,46,981.1,18.4,0.0
2023-09-03T10:00,33.5,38,981.1,19.7,0.0
2023-09-03T11:00,34.9,36,981.0,21.1,0.0
2023-09-03T12:00,35.7,37,980.3,22.0,0.0
2023-09-03T13:00,36.3,36,979.5,22.0,0.0
2023-09-03T14:00,36.6,34,978.5,21.7,0.0
2023-09-03T15:00,36.7,33,977.4,21.1,0.0
2023-09-03T16:00,36.5,34,977.0,19.5,0.0
2023-09-03T17:00,35.3,37,977.6,17.1,0.0
2023-09-03T18:00,33.8,40,977.7,13.9,0.0
2023-09-03T19:00,32.4,45,978.1,11.4,0.0
2023-09-03T20:00,31.2,49,978.4,7.5,0.0
2023-09-03T21:00,29.6,56,978.7,7.0,0.0
2023-09-03T22:00,29.4,56,978.9,5.8,0.0
2023-09-03T23:00,28.6,59,979.0,5.9,0.0
2023-09-04T00:00,27.7,62,978.8,5.4,0.0
2023-09-04T01:00,27.1,65,978.5,5.6,0.0
2023-09-04T02:00,26.6,67,978.4,5.8,0.0
2023-09-04T03:00,26.3,68,978.4,6.6,0.0
2023-09-04T04:00,26.0,69,978.3,6.7,0.0
2023-09-04T05:00,25.6,71,978.2,8.8,0.0
2023-09-04T06:00,26.0,70,979.2,9.8,0.0
2023-09-04T07:00,27.8,67,980.0,10.6,0.0
2023-09-04T08:00,30.1,57,980.1,11.5,0.0
2023-09-04T09:00,32.3,48,980.6,13.7,0.0
2023-09-04T10:00,34.1,42,980.4,15.1,0.0
2023-09-04T11:00,35.5,37,979.8,16.4,0.0
2023-09-04T12:00,36.5,34,978.9,17.2,0.0
2023-09-04T13:00,37.2,32,978.1,18.1,0.0
2023-09-04T14:00,37.3,32,977.2,18.6,0.0
2023-09-04T15:00,37.1,32,976.3,18.1,0.0
2023-09-04T16:00,36.7,33,975.9,17.4,0.0
2023-09-04T17:00,35.2,37,976.8,17.1,0.0
2023-09-04T18:00,33.8,41,977.4,13.5,0.0
2023-09-04T19:00,32.6,47,978.0,11.1,0.0
2023-09-04T20:00,31.5,51,979.0,10.1,0.0
2023-09-04T21:00,30.9,53,979.7,11.1,0.0
2023-09-04T22:00,29.9,57,979.6,8.2,0.0
2023-09-04T23:00,28.8,63,979.8,10.5,0.0
2023-09-05T00:00,28.0,73,979.5,8.8,0.0
2023-09-05T01:00,27.5,78,979.3,9.0,0.0
2023-09-05T02:00,27.2,81,978.9,9.5,0.0
2023-09-05T03:00,26.9,82,978.9,9.7,0.0
2023-09-05T04:00,26.5,84,979.3,5.4,0.0
2023-09-05T05:00,26.7,86,979.7,5.7,0.0
2023-09-05T06:00,27.7,81,980.2,4.7,0.0
2023-09-05T07:00,29.0,76,980.9,5.1,0.0
2023-09-05T08:00,30.7,70,981.2,5.8,0.0
2023-09-05T09:00,32.4,65,981.4,6.8,0.0
2023-09-05T10:00,33.7,62,981.3,8.0,0.1
2023-09-05T11:00,34.4,58,980.7,9.2,0.1
2023-09-05T12:00,35.5,50,979.9,10.3,0.0
2023-09-05T13:00,35.8,49,978.8,11.2,0.0
2023-09-05T14:00,36.2,47,977.8,12.5,0.0
2023-09-05T15:00,33.1,55,978.0,9.1,0.0
2023-09-05T16:00,29.3,73,978.5,4.7,5.8
2023-09-05T17:00,34.1,48,977.9,12.2,0.1
2023-09-05T18:00,32.7,54,978.8,10.8,0.0
2023-09-05T19:00,31.4,59,979.2,7.6,0.0
2023-09-05T20:00,30.5,64,979.8,5.5,0.0
2023-09-05T21:00,29.8,67,980.5,7.3,0.0
2023-09-05T22:00,29.4,69,980.6,7.6,0.0
2023-09-05T23:00,28.9,73,980.6,5.2,0.0
2023-09-06T00:00,28.1,81,980.6,5.0,0.0
2023-09-06T01:00,27.7,82,980.1,3.1,0.0
2023-09-06T02:00,27.2,83,979.9,4.3,0.0
2023-09-06T03:00,27.1,83,980.2,6.3,0.0
2023-09-06T04:00,26.7,86,980.6,5.5,0.0
2023-09-06T05:00,24.3,96,982.3,21.4,0.0
2023-09-06T06:00,25.7,91,982.1,6.6,0.8
2023-09-06T07:00,26.1,91,982.4,3.5,0.6
2023-09-06T08:00,28.1,81,982.6,3.2,0.2
2023-09-06T09:00,30.7,67,982.9,5.5,0.0
2023-09-06T10:00,33.0,55,982.8,6.6,0.0
2023-09-06T11:00,34.5,47,982.2,7.1,0.0
2023-09-06T12:00,35.5,43,981.5,7.2,0.0
2023-09-06T13:00,36.2,42,980.6,8.8,0.0
2023-09-06T14:00,36.2,43,979.5,9.7,0.0
2023-09-06T15:00,35.2,44,978.8,9.1,0.1
2023-09-06T16:00,34.9,44,978.3,3.6,0.0
2023-09-06T17:00,35.4,40,978.6,4.3,0.0
2023-09-06T18:00,34.9,42,979.2,4.1,0.0
2023-09-06T19:00,32.9,49,979.7,6.9,0.0
2023-09-06T20:00,32.0,54,980.4,10.0,0.0
2023-09-06T21:00,30.9,61,980.6,5.6,0.0
2023-09-06T22:00,30.1,65,980.7,5.7,0.0
2023-09-06T23:00,29.5,68,980.6,6.0,0.0
2023-09-07T00:00,29.0,69,980.3,6.6,0.0
2023-09-07T01:00,28.6,71,979.8,7.2,0.0
2023-09-07T02:00,28.2,73,979.5,7.1,0.0
2023-09-07T03:00,27.7,75,979.7,6.2,0.0
2023-09-07T04:00,27.2,79,979.9,5.0,0.0
2023-09-07T05:00,27.0,78,980.9,4.4,0.0
2023-09-07T06:00,28.2,72,981.2,5.0,0.0
2023-09-07T07:00,30.2,65,981.5,6.2,0.0
2023-09-07T08:00,32.6,54,982.2,7.6,0.0
2023-09-07T09:00,34.3,48,982.2,5.8,0.0
2023-09-07T10:00,35.4,44,981.9,6.0,0.0
2023-09-07T11:00,36.4,40,981.3,5.1,0.0
2023-09-07T12:00,37.4,36,980.4,5.1,0.0
2023-09-07T13:00,38.0,34,979.5,5.6,0.0
2023-09-07T14:00,38.4,32,978.3,8.2,0.0
2023-09-07T15:00,37.8,32,977.5,9.6,0.0
2023-09-07T16:00,37.1,34,977.2,3.6,0.0
2023-09-07T17:00,31.1,66,978.0,5.5,0.0
2023-09-07T18:00,31.6,62,978.6,4.2,0.0
2023-09-07T19:00,30.7,68,978.9,4.7,0.0
2023-09-07T20:00,30.0,75,979.4,1.6,0.0
2023-09-07T21:00,29.9,76,980.3,1.5,0.0
2023-09-07T22:00,29.7,74,980.6,5.1,0.0
2023-09-07T23:00,29.4,71,980.7,9.5,0.0
2023-09-08T00:00,29.0,70,980.2,6.9,0.0
2023-09-08T01:00,28.8,71,979.7,5.5,0.0
2023-09-08T02:00,28.3,75,979.3,5.0,0.0
2023-09-08T03:00,28.0,78,979.2,5.2,0.0
2023-09-08T04:00,28.1,78,979.5,3.6,0.0
2023-09-08T05:00,25.5,89,980.4,3.6,0.0
2023-09-08T06:00,26.4,86,980.9,3.6,0.1
2023-09-08T07:00,27.6,83,981.5,0.4,0.0
2023-09-08T08:00,29.6,71,981.6,4.7,0.0
2023-09-08T09:00,31.8,60,982.2,7.4,0.0
2023-09-08T10:00,33.6,51,982.3,9.7,0.0
2023-09-08T11:00,34.7,46,981.8,11.0,0.0
2023-09-08T12:00,35.4,44,980.9,10.1,0.0
2023-09-08T13:00,36.1,42,979.9,10.4,0.0
2023-09-08T14:00,36.6,41,978.6,10.7,0.0
2023-09-08T15:00,32.6,56,978.3,20.3,1.0
2023-09-08T16:00,33.2,54,978.1,11.9,0.1
2023-09-08T17:00,31.4,60,978.5,17.2,0.0
2023-09-08T18:00,29.9,69,979.1,14.1,0.0
2023-09-08T19:00,29.4,74,979.9,16.4,0.0
2023-09-08T20:00,28.4,76,980.4,16.4,0.0
2023-09-08T21:00,27.9,81,981.2,14.1,0.0
2023-09-08T22:00,27.5,84,981.1,13.2,0.0
2023-09-08T23:00,26.9,88,980.8,9.4,0.1
2023-09-09T00:00,26.8,89,980.1,6.9,0.0
2023-09-09T01:00,26.8,90,979.8,4.5,0.0
2023-09-09T02:00,26.6,91,979.4,8.0,0.0
2023-09-09T03:00,26.5,91,979.3,7.1,0.0
2023-09-09T04:00,26.4,91,979.4,10.2,0.0
2023-09-09T05:00,25.4,91,980.2,10.8,0.9
2023-09-09T06:00,25.9,92,980.5,8.1,0.3
2023-09-09T07:00,26.7,88,980.8,9.2,0.2
2023-09-09T08:00,27.4,85,981.1,14.1,0.2
2023-09-09T09:00,27.7,82,981.4,12.2,0.1
2023-09-09T10:00,28.8,76,981.4,18.1,0.1
2023-09-09T11:00,29.9,71,980.7,19.3,0.2
2023-09-09T12:00,32.0,60,980.1,23.3,0.1
2023-09-09T13:00,32.4,57,979.0,25.1,0.0
2023-09-09T14:00,32.1,57,977.9,25.4,0.0
2023-09-09T15:00,31.0,60,977.5,22.4,0.0
2023-09-09T16:00,30.9,62,977.4,19.6,0.0
2023-09-09T17:00,26.9,85,978.8,17.5,0.0
2023-09-09T18:00,26.6,84,978.8,14.2,0.1
2023-09-09T19:00,26.3,85,979.0,12.0,0.0
2023-09-09T20:00,26.5,81,979.2,10.7,0.3
2023-09-09T21:00,26.2,82,979.4,11.0,0.0
2023-09-09T22:00,25.9,82,979.0,12.2,0.0
2023-09-09T23:00,25.7,86,978.9,10.0,0.0
2023-09-10T00:00,25.4,90,978.6,11.2,0.0
2023-09-10T01:00,24.9,95,978.1,11.0,2.7
2023-09-10T02:00,24.7,94,977.1,13.0,0.4
2023-09-10T03:00,24.8,95,977.0,12.0,0.1
2023-09-10T04:00,25.0,94,977.1,11.5,0.1
2023-09-10T05:00,24.2,97,977.1,17.6,0.1
2023-09-10T06:00,24.2,96,977.7,17.3,9.6
2023-09-10T07:00,24.4,95,978.1,13.8,5.5
2023-09-10T08:00,24.9,93,978.5,10.8,5.9
2023-09-10T09:00,25.4,90,978.9,13.4,0.7
2023-09-10T10:00,27.2,82,979.0,14.4,0.3
2023-09-10T11:00,28.2,78,978.4,16.1,0.3
2023-09-10T12:00,28.8,78,977.7,14.3,0.1
2023-09-10T13:00,30.0,72,976.4,13.4,0.1
2023-09-10T14:00,26.4,88,976.2,16.5,7.4
2023-09-10T15:00,27.6,84,975.8,15.1,1.8
2023-09-10T16:00,28.4,79,975.3,17.0,0.1
2023-09-10T17:00,27.7,81,976.4,13.5,0.1
2023-09-10T18:00,26.9,85,977.1,10.8,0.0
2023-09-10T19:00,26.3,89,977.6,8.8,0.0
2023-09-10T20:00,25.8,91,977.9,7.8,0.0
2023-09-10T21:00,25.4,94,978.2,6.9,0.0
2023-09-10T22:00,25.0,96,978.2,6.6,0.0
2023-09-10T23:00,24.8,97,978.2,9.2,0.0
2023-09-11T00:00,24.6,97,977.9,8.9,0.0
2023-09-11T01:00,24.6,97,977.8,7.4,0.0
2023-09-11T02:00,24.6,96,977.4,6.9,0.0
2023-09-11T03:00,24.4,97,977.1,6.0,0.0
2023-09-11T04:00,24.3,98,977.1,3.9,0.0
2023-09-11T05:00,23.9,93,977.5,10.4,0.0
2023-09-11T06:00,24.2,92,978.1,5.6,0.0
2023-09-11T07:00,25.1,89,978.7,4.7,0.0
2023-09-11T08:00,26.5,83,979.3,6.3,0.0
2023-09-11T09:00,28.6,74,979.5,10.3,0.0
2023-09-11T10:00,29.6,72,979.7,11.3,0.0
2023-09-11T11:00,30.5,70,979.0,12.5,0.2
2023-09-11T12:00,31.6,63,977.9,13.4,0.0
2023-09-11T13:00,32.1,60,977.3,16.4,0.1
2023-09-11T14:00,30.7,68,976.4,19.8,0.6
2023-09-11T15:00,30.5,71,975.5,12.1,0.1
2023-09-11T16:00,30.7,68,975.4,15.3,0.0
2023-09-11T17:00,30.4,69,976.7,8.5,0.0
2023-09-11T18:00,29.5,70,977.3,7.9,0.0
2023-09-11T19:00,28.5,75,977.7,10.1,0.0
2023-09-11T20:00,27.8,77,978.4,12.6,0.0
2023-09-11T21:00,26.8,82,978.9,10.5,0.0
2023-09-11T22:00,26.2,87,979.0,9.1,0.0
2023-09-11T23:00,25.9,90,979.0,9.3,0.0
2023-09-12T00:00,25.6,91,978.5,8.9,0.0
2023-09-12T01:00,25.2,93,978.1,6.7,0.0
2023-09-12T02:00,24.9,95,977.7,4.4,0.0
2023-09-12T03:00,24.6,97,977.7,3.5,0.0
2023-09-12T04:00,24.4,98,978.3,3.3,0.0
2023-09-12T05:00,25.1,98,978.1,4.3,0.0
2023-09-12T06:00,25.8,94,978.9,5.4,0.0
2023-09-12T07:00,26.9,89,979.4,1.5,0.0
2023-09-12T08:00,28.5,81,979.9,2.2,0.0
2023-09-12T09:00,30.2,71,980.1,3.3,0.0
2023-09-12T10:00,31.6,62,980.1,6.2,0.0
2023-09-12T11:00,32.3,58,979.5,9.6,0.0
2023-09-12T12:00,32.7,56,979.1,9.5,0.0
2023-09-12T13:00,33.1,55,978.2,8.4,0.0
2023-09-12T14:00,33.4,55,977.3,7.1,0.0
2023-09-12T15:00,33.4,55,976.6,5.2,0.0
2023-09-12T16:00,33.2,55,976.1,3.7,0.0
2023-09-12T17:00,29.9,76,977.4,8.2,0.0
2023-09-12T18:00,29.1,79,977.4,5.0,0.0
2023-09-12T19:00,28.5,83,977.5,2.8,0.0
2023-09-12T20:00,28.0,86,978.2,2.8,0.0
2023-09-12T21:00,27.7,87,978.5,3.2,0.0
2023-09-12T22:00,27.6,87,978.8,6.8,0.0
2023-09-12T23:00,27.6,85,979.0,8.1,0.0
2023-09-13T00:00,27.3,85,978.7,7.0,0.0
2023-09-13T01:00,27.0,85,978.2,6.6,0.0
2023-09-13T02:00,26.6,87,978.2,4.7,0.0
2023-09-13T03:00,26.5,87,978.2,6.5,0.0
2023-09-13T04:00,26.4,88,978.4,7.6,0.0
2023-09-13T05:00,26.9,93,978.6,4.7,0.0
2023-09-13T06:00,27.6,90,978.6,6.2,0.0
2023-09-13T07:00,28.4,88,979.9,10.3,0.2
2023-09-13T08:00,29.5,83,980.2,4.4,0.0
2023-09-13T09:00,30.6,79,980.5,5.6,0.1
2023-09-13T10:00,31.8,72,980.3,4.4,0.0
2023-09-13T11:00,32.4,69,979.9,5.4,0.1
2023-09-13T12:00,32.9,66,979.3,5.1,0.1
2023-09-13T13:00,33.4,63,978.2,4.7,0.0
2023-09-13T14:00,33.7,61,977.2,4.7,0.0
2023-09-13T15:00,33.6,60,976.4,4.0,0.0
2023-09-13T16:00,33.4,60,976.1,3.3,0.0
2023-09-13T17:00,33.7,63,976.7,4.9,0.0
2023-09-13T18:00,32.1,72,977.0,4.7,0.0
2023-09-13T19:00,28.4,86,978.3,16.3,6.8
2023-09-13T20:00,27.7,89,978.5,5.4,0.1
2023-09-13T21:00,27.7,92,978.9,2.7,0.0
2023-09-13T22:00,27.6,92,979.0,3.7,0.0
2023-09-13T23:00,27.7,93,979.5,5.8,0.0
2023-09-14T00:00,27.5,92,979.1,5.2,0.0
2023-09-14T01:00,27.3,93,978.7,4.0,0.0
2023-09-14T02:00,27.0,94,978.7,3.4,0.0
2023-09-14T03:00,27.1,93,978.8,5.4,0.0
2023-09-14T04:00,27.1,92,978.8,6.9,0.0
2023-09-14T05:00,26.9,89,980.0,10.0,0.0
2023-09-14T06:00,27.1,89,980.2,8.5,0.0
2023-09-14T07:00,28.1,86,981.2,8.9,0.0
2023-09-14T08:00,29.1,81,981.7,15.3,0.0
2023-09-14T09:00,30.9,74,982.1,11.5,0.0
2023-09-14T10:00,32.3,69,981.9,10.1,0.0
2023-09-14T11:00,33.1,66,981.7,9.4,0.1
2023-09-14T12:00,33.7,63,980.9,8.3,0.0
2023-09-14T13:00,34.1,59,979.7,7.9,0.0
2023-09-14T14:00,33.2,61,978.9,8.9,0.1
2023-09-14T15:00,32.7,64,978.3,8.6,0.3
2023-09-14T16:00,30.4,78,978.2,10.8,0.1
2023-09-14T17:00,29.7,79,977.6,9.9,0.0
2023-09-14T18:00,27.4,90,978.7,13.5,4.8
2023-09-14T19:00,27.4,91,978.5,5.7,0.1
2023-09-14T20:00,27.5,91,979.1,7.4,0.0
2023-09-14T21:00,27.2,91,980.9,14.0,0.0
2023-09-14T22:00,27.0,86,980.9,12.6,0.0
2023-09-14T23:00,26.7,88,980.8,8.9,0.0
2023-09-15T00:00,26.5,90,980.8,4.4,0.0
2023-09-15T01:00,26.2,92,980.1,2.2,0.0
2023-09-15T02:00,26.0,94,979.4,4.0,0.0
2023-09-15T03:00,25.6,96,979.4,3.0,0.0
2023-09-15T04:00,25.5,97,979.7,2.5,0.0
2023-09-15T05:00,26.3,97,981.3,9.0,0.0
2023-09-15T06:00,26.6,96,981.8,11.6,1.6
2023-09-15T07:00,26.6,95,982.1,7.6,1.9
2023-09-15T08:00,26.5,96,982.2,7.5,1.1
2023-09-15T09:00,27.2,94,983.1,5.2,0.6
2023-09-15T10:00,27.4,91,983.8,14.6,0.4
2023-09-15T11:00,28.4,86,983.1,7.9,0.1
2023-09-15T12:00,29.7,81,982.6,8.1,0.0
2023-09-15T13:00,31.0,76,981.4,9.0,0.0
2023-09-15T14:00,31.6,73,979.8,7.2,0.0
2023-09-15T15:00,32.0,70,978.5,5.5,0.0
2023-09-15T16:00,31.9,70,977.9,6.0,0.0
2023-09-15T17:00,31.4,74,978.6,3.1,0.0
2023-09-15T18:00,29.8,81,979.2,7.9,0.0
2023-09-15T19:00,28.9,86,980.2,12.4,0.0
2023-09-15T20:00,28.2,90,981.1,12.0,0.0
2023-09-15T21:00,27.8,90,981.5,9.2,0.0
2023-09-15T22:00,27.5,91,981.6,8.2,0.0
2023-09-15T23:00,27.3,92,981.3,9.0,0.0
2023-09-16T00:00,27.2,92,980.8,9.2,0.0
2023-09-16T01:00,26.9,93,980.2,7.7,0.0
2023-09-16T02:00,26.7,94,979.9,6.3,0.0
2023-09-16T03:00,26.6,93,979.5,6.6,0.0
2023-09-16T04:00,26.4,93,979.7,5.8,0.0
2023-09-16T05:00,27.0,89,980.1,9.9,0.0
2023-09-16T06:00,27.4,87,980.7,10.3,0.0
2023-09-16T07:00,28.2,85,981.5,8.8,0.0
2023-09-16T08:00,29.5,80,981.7,11.6,0.0
2023-09-16T09:00,30.8,72,981.9,15.5,0.0
2023-09-16T10:00,31.5,70,981.8,20.2,0.0
2023-09-16T11:00,31.0,68,981.1,23.9,1.1
2023-09-16T12:00,30.9,71,980.5,21.6,0.4
2023-09-16T13:00,30.9,70,979.5,21.7,0.2
2023-09-16T14:00,31.1,68,978.6,18.7,0.1
2023-09-16T15:00,30.2,72,978.0,17.5,0.3
2023-09-16T16:00,29.7,74,978.1,15.6,0.0
2023-09-16T17:00,26.7,93,978.9,11.6,0.0
2023-09-16T18:00,27.3,92,979.2,11.4,1.3
2023-09-16T19:00,27.3,93,979.4,14.3,1.0
2023-09-16T20:00,27.1,93,980.2,14.4,2.6
2023-09-16T21:00,26.9,93,980.1,17.0,0.7
2023-09-16T22:00,26.9,92,980.1,15.9,0.1
2023-09-16T23:00,26.7,92,979.8,12.6,0.0
2023-09-17T00:00,26.5,93,979.1,13.3,0.0
2023-09-17T01:00,26.3,93,978.9,13.7,0.0
2023-09-17T02:00,26.1,94,978.6,13.7,0.0
2023-09-17T03:00,26.0,95,978.5,13.0,0.0
2023-09-17T04:00,25.9,95,978.5,13.4,0.0
2023-09-17T05:00,25.3,94,978.4,20.9,0.0
2023-09-17T06:00,25.2,94,979.3,17.6,0.1
2023-09-17T07:00,26.2,90,979.8,18.4,0.1
2023-09-17T08:00,27.6,86,979.5,20.2,0.1
2023-09-17T09:00,28.3,83,980.1,22.3,0.3
2023-09-17T10:00,29.4,77,979.6,21.0,0.1
2023-09-17T11:00,30.7,71,978.9,21.7,0.1
2023-09-17T12:00,31.7,69,978.5,22.5,0.1
2023-09-17T13:00,29.5,75,977.8,20.2,1.4
2023-09-17T14:00,27.5,82,977.0,15.1,1.5
2023-09-17T15:00,28.2,83,976.2,15.8,0.2
2023-09-17T16:00,28.1,80,976.6,19.1,0.2
2023-09-17T17:00,26.2,90,976.3,11.1,0.2
2023-09-17T18:00,26.7,90,977.1,12.3,0.4
2023-09-17T19:00,25.3,93,978.1,12.9,1.5
2023-09-17T20:00,26.1,91,978.3,15.9,0.2
2023-09-17T21:00,26.3,92,978.6,15.0,0.0
2023-09-17T22:00,26.2,93,978.9,14.8,0.0
2023-09-17T23:00,26.0,93,978.7,14.5,0.0
2023-09-18T00:00,25.8,92,978.6,14.0,0.0
2023-09-18T01:00,25.5,91,978.4,13.4,0.0
2023-09-18T02:00,25.2,91,978.2,13.7,0.0
2023-09-18T03:00,24.9,92,978.5,13.9,0.0
2023-09-18T04:00,24.7,90,978.5,13.9,0.0
2023-09-18T05:00,25.1,92,978.7,15.8,0.0
2023-09-18T06:00,25.3,89,979.3,14.0,0.0
2023-09-18T07:00,26.2,86,979.8,14.5,0.0
2023-09-18T08:00,27.8,77,980.1,18.7,0.0
2023-09-18T09:00,29.1,71,980.3,21.8,0.0
2023-09-18T10:00,30.4,65,980.6,23.1,0.0
2023-09-18T11:00,30.8,64,980.4,22.4,0.0
2023-09-18T12:00,31.5,63,979.7,20.9,0.0
2023-09-18T13:00,31.7,63,978.8,20.1,0.0
2023-09-18T14:00,31.6,63,977.7,19.1,0.0
2023-09-18T15:00,31.5,62,976.6,17.1,0.0
2023-09-18T16:00,31.5,61,976.6,14.5,0.0
2023-09-18T17:00,30.1,70,978.3,7.1,0.0
2023-09-18T18:00,29.0,74,979.0,7.6,0.0
2023-09-18T19:00,28.0,80,979.6,7.2,0.0
2023-09-18T20:00,27.3,85,980.8,9.2,0.1
2023-09-18T21:00,25.8,89,981.3,9.2,1.6
2023-09-18T22:00,25.6,92,981.8,13.3,0.2
2023-09-18T23:00,25.2,93,981.7,11.0,0.2
2023-09-19T00:00,25.1,94,981.7,11.5,0.0
2023-09-19T01:00,24.9,94,981.3,10.5,0.0
2023-09-19T02:00,24.7,94,981.0,9.0,0.0
2023-09-19T03:00,24.6,95,980.9,7.0,0.1
2023-09-19T04:00,24.6,95,980.8,7.6,0.0
2023-09-19T05:00,25.2,90,981.0,10.8,0.0
2023-09-19T06:00,25.8,88,981.7,10.4,0.0
2023-09-19T07:00,26.8,88,982.3,10.0,0.0
2023-09-19T08:00,28.3,82,982.8,9.4,0.0
2023-09-19T09:00,30.0,76,983.3,10.5,0.0
2023-09-19T10:00,31.3,66,983.1,10.7,0.1
2023-09-19T11:00,32.2,60,982.8,10.6,0.0
2023-09-19T12:00,32.8,57,982.3,11.0,0.0
2023-09-19T13:00,33.0,57,981.5,10.8,0.0
2023-09-19T14:00,33.1,56,980.6,8.9,0.0
2023-09-19T15:00,32.7,57,979.9,7.7,0.0
2023-09-19T16:00,32.4,58,979.3,6.6,0.0
2023-09-19T17:00,31.1,68,980.5,5.7,0.0
2023-09-19T18:00,29.5,74,980.8,6.6,0.0
2023-09-19T19:00,28.5,78,981.4,5.4,0.0
2023-09-19T20:00,28.1,78,982.3,6.2,0.0
2023-09-19T21:00,27.9,77,982.7,8.8,0.0
2023-09-19T22:00,27.5,81,982.9,7.3,0.0
2023-09-19T23:00,26.9,85,983.1,5.3,0.0
2023-09-20T00:00,26.3,89,983.0,4.6,0.0
2023-09-20T01:00,26.1,91,982.8,4.4,0.0
2023-09-20T02:00,26.0,91,982.8,4.3,0.0
2023-09-20T03:00,25.8,93,982.8,5.4,0.0
2023-09-20T04:00,25.5,94,982.7,4.8,0.0
2023-09-20T05:00,27.3,83,982.8,8.0,0.0
2023-09-20T06:00,27.7,82,983.2,5.4,0.0
2023-09-20T07:00,28.8,80,983.4,4.6,0.0
2023-09-20T08:00,30.2,72,984.0,5.6,0.0
2023-09-20T09:00,31.5,65,984.2,3.8,0.0
2023-09-20T10:00,32.5,62,984.0,1.9,0.0
2023-09-20T11:00,32.8,60,983.6,1.5,0.1
2023-09-20T12:00,32.9,61,982.6,1.9,0.0
2023-09-20T13:00,33.1,61,981.4,2.3,0.0
2023-09-20T14:00,31.8,65,980.5,9.2,0.6
2023-09-20T15:00,31.4,65,979.8,5.5,0.2
2023-09-20T16:00,31.2,67,979.2,4.0,0.0
2023-09-20T17:00,31.9,67,979.5,6.0,0.0
2023-09-20T18:00,29.9,77,980.0,6.6,0.0
2023-09-20T19:00,29.3,78,980.5,6.2,0.0
2023-09-20T20:00,28.9,80,981.2,6.6,0.0
2023-09-20T21:00,28.8,78,981.7,6.1,0.0
2023-09-20T22:00,28.3,79,982.0,6.3,0.0
2023-09-20T23:00,28.0,81,982.0,6.9,0.0
2023-09-21T00:00,27.5,83,981.9,7.7,0.0
2023-09-21T01:00,27.0,88,981.8,7.2,0.0
2023-09-21T02:00,26.7,89,981.4,6.6,0.0
2023-09-21T03:00,26.3,91,981.6,4.7,0.0
2023-09-21T04:00,26.0,92,981.4,4.3,0.0
2023-09-21T05:00,27.6,87,981.5,3.9,0.0
2023-09-21T06:00,27.8,89,981.8,2.6,0.0
2023-09-21T07:00,28.7,86,982.2,1.9,0.0
2023-09-21T08:00,30.4,79,983.1,5.2,0.0
2023-09-21T09:00,29.9,80,983.4,7.0,0.4
2023-09-21T10:00,30.8,76,983.5,4.3,0.0
2023-09-21T11:00,31.7,73,983.1,1.3,0.1
2023-09-21T12:00,32.6,67,982.2,2.5,0.1
2023-09-21T13:00,33.2,62,981.1,5.2,0.0
2023-09-21T14:00,33.5,59,979.9,7.5,0.0
2023-09-21T15:00,33.2,59,979.0,7.1,0.0
2023-09-21T16:00,32.2,60,979.0,13.1,0.1
2023-09-21T17:00,28.8,79,980.1,22.0,0.0
2023-09-21T18:00,26.9,90,979.6,7.0,1.0
2023-09-21T19:00,26.4,92,980.6,11.1,0.9
2023-09-21T20:00,26.8,90,981.2,12.4,0.0
2023-09-21T21:00,26.8,89,981.4,8.1,0.0
2023-09-21T22:00,26.6,91,981.8,5.1,0.0
2023-09-21T23:00,26.6,90,981.8,6.3,0.0
2023-09-22T00:00,26.6,89,981.5,8.3,0.0
2023-09-22T01:00,26.4,90,981.1,6.5,0.0
2023-09-22T02:00,25.7,95,980.8,7.2,0.0
2023-09-22T03:00,25.7,95,981.1,7.6,0.0
2023-09-22T04:00,25.3,96,981.5,7.6,0.0
2023-09-22T05:00,26.3,94,981.3,7.0,0.0
2023-09-22T06:00,27.1,90,982.1,3.3,0.0
2023-09-22T07:00,28.3,84,982.7,5.9,0.0
2023-09-22T08:00,29.3,81,983.3,6.4,0.0
2023-09-22T09:00,30.6,78,983.4,6.8,0.0
2023-09-22T10:00,31.5,74,983.4,5.4,0.1
2023-09-22T11:00,32.3,66,982.9,4.9,0.1
2023-09-22T12:00,33.1,61,982.3,6.0,0.0
2023-09-22T13:00,33.2,61,981.6,5.4,0.0
2023-09-22T14:00,33.3,61,980.6,6.5,0.0
2023-09-22T15:00,33.0,62,979.7,8.0,0.1
2023-09-22T16:00,31.8,65,979.6,10.5,0.0
2023-09-22T17:00,32.7,61,979.6,5.9,0.0
2023-09-22T18:00,31.1,66,980.2,6.3,0.0
2023-09-22T19:00,30.1,71,980.6,7.3,0.0
2023-09-22T20:00,29.1,78,981.4,6.2,0.0
2023-09-22T21:00,28.5,81,982.0,6.5,0.0
2023-09-22T22:00,28.2,81,981.8,7.3,0.0
2023-09-22T23:00,27.4,86,981.9,5.4,0.0
2023-09-23T00:00,27.0,89,981.8,4.9,0.0
2023-09-23T01:00,26.4,93,981.5,8.6,0.0
2023-09-23T02:00,26.1,95,981.4,9.5,0.0
2023-09-23T03:00,25.9,97,981.1,10.0,0.0
2023-09-23T04:00,25.6,97,981.0,8.9,0.0
2023-09-23T05:00,25.8,98,981.3,11.2,0.0
2023-09-23T06:00,26.2,95,982.0,7.4,0.0
2023-09-23T07:00,27.0,92,983.4,5.6,0.0
2023-09-23T08:00,28.1,86,984.2,1.6,0.0
2023-09-23T09:00,29.5,80,984.6,3.3,0.1
2023-09-23T10:00,30.9,72,984.4,6.9,0.0
2023-09-23T11:00,31.7,70,984.0,5.6,0.2
2023-09-23T12:00,32.3,68,983.3,4.7,0.2
2023-09-23T13:00,32.8,64,982.3,3.3,0.0
2023-09-23T14:00,32.5,63,981.2,4.7,0.1
2023-09-23T15:00,31.8,62,980.8,13.7,0.7
2023-09-23T16:00,30.9,70,980.6,10.9,0.1
2023-09-23T17:00,30.6,71,981.0,4.1,0.0
2023-09-23T18:00,29.2,79,980.9,4.4,0.0
2023-09-23T19:00,29.2,76,981.4,1.8,0.0
2023-09-23T20:00,27.5,87,982.3,4.0,0.0
2023-09-23T21:00,26.9,90,982.7,5.4,0.0
2023-09-23T22:00,26.5,91,982.9,5.6,0.0
2023-09-23T23:00,26.2,93,982.5,5.0,0.0
2023-09-24T00:00,25.9,94,982.2,4.7,0.0
2023-09-24T01:00,25.6,95,981.9,4.7,0.0
2023-09-24T02:00,25.5,96,981.5,4.2,0.0
2023-09-24T03:00,25.3,96,981.5,5.0,0.0
2023-09-24T04:00,25.3,96,981.5,6.1,0.0
2023-09-24T05:00,25.6,96,982.4,5.9,0.0
2023-09-24T06:00,25.6,96,982.9,4.1,0.0
2023-09-24T07:00,26.7,93,983.6,9.5,0.0
2023-09-24T08:00,26.8,85,984.0,7.2,0.2
2023-09-24T09:00,25.9,84,984.4,14.8,0.1
2023-09-24T10:00,28.9,74,983.9,4.7,0.1
2023-09-24T11:00,30.6,68,983.6,9.4,0.0
2023-09-24T12:00,31.9,61,982.6,11.8,0.0
2023-09-24T13:00,32.6,57,981.6,12.5,0.0
2023-09-24T14:00,32.8,54,980.6,12.0,0.5
2023-09-24T15:00,32.6,56,979.8,12.8,0.0
2023-09-24T16:00,32.2,57,979.1,11.5,0.0
2023-09-24T17:00,29.7,67,979.9,9.1,0.0
2023-09-24T18:00,28.4,74,980.2,5.9,0.0
2023-09-24T19:00,27.6,79,980.5,5.2,0.0
2023-09-24T20:00,26.7,85,981.1,5.5,0.0
2023-09-24T21:00,26.2,88,981.9,6.0,0.0
2023-09-24T22:00,25.9,88,982.1,5.2,0.0
2023-09-24T23:00,26.3,85,982.0,3.9,0.0
2023-09-25T00:00,26.4,84,981.7,3.6,0.0
2023-09-25T01:00,25.9,87,981.5,3.1,0.0
2023-09-25T02:00,25.2,91,981.5,4.1,0.0
2023-09-25T03:00,24.8,92,981.5,4.6,0.0
2023-09-25T04:00,24.6,93,981.7,4.9,0.0
2023-09-25T05:00,24.8,94,982.0,5.6,0.0
2023-09-25T06:00,25.3,91,982.6,8.4,0.0
2023-09-25T07:00,26.4,87,983.3,8.4,0.0
2023-09-25T08:00,28.0,81,983.7,7.3,0.0
2023-09-25T09:00,29.7,74,983.9,6.5,0.0
2023-09-25T10:00,31.2,66,983.7,5.0,0.0
2023-09-25T11:00,32.1,60,983.6,2.6,0.0
2023-09-25T12:00,32.6,56,983.1,4.9,0.0
2023-09-25T13:00,32.9,54,982.1,7.8,0.0
2023-09-25T14:00,32.9,52,981.3,8.4,0.0
2023-09-25T15:00,32.8,52,980.5,7.2,0.0
2023-09-25T16:00,32.4,54,980.2,6.4,0.0
2023-09-25T17:00,31.4,65,980.8,9.4,0.0
2023-09-25T18:00,29.6,74,980.9,4.0,0.2
2023-09-25T19:00,28.3,83,981.5,2.8,0.0
2023-09-25T20:00,27.9,83,982.2,4.1,0.0
2023-09-25T21:00,27.4,85,982.9,4.4,0.0
2023-09-25T22:00,27.3,83,983.1,5.4,0.0
2023-09-25T23:00,26.4,87,983.0,6.3,0.0
2023-09-26T00:00,26.2,86,982.7,5.2,0.0
2023-09-26T01:00,25.9,88,982.4,5.6,0.0
2023-09-26T02:00,25.7,90,982.1,4.9,0.0
2023-09-26T03:00,25.4,92,982.3,6.2,0.0
2023-09-26T04:00,24.9,94,982.4,4.2,0.0
2023-09-26T05:00,25.8,88,982.9,5.8,0.0
2023-09-26T06:00,26.0,89,983.7,4.7,0.0
2023-09-26T07:00,26.6,87,984.3,5.5,0.0
2023-09-26T08:00,28.5,79,985.0,3.6,0.0
2023-09-26T09:00,30.2,69,985.3,2.9,0.0
2023-09-26T10:00,31.2,63,985.2,2.1,0.1
2023-09-26T11:00,32.0,58,984.8,5.4,0.0
2023-09-26T12:00,32.6,55,984.0,6.5,0.0
2023-09-26T13:00,32.8,53,983.2,7.6,0.0
2023-09-26T14:00,32.9,51,982.5,7.6,0.0
2023-09-26T15:00,32.9,51,981.9,6.8,0.0
2023-09-26T16:00,32.4,52,981.5,8.3,0.0
2023-09-26T17:00,32.0,59,981.4,9.4,0.0
2023-09-26T18:00,29.7,70,982.0,6.8,0.1
2023-09-26T19:00,29.2,72,982.5,7.0,0.0
2023-09-26T20:00,28.4,72,983.2,9.0,0.0
2023-09-26T21:00,27.5,73,983.7,8.0,0.0
2023-09-26T22:00,26.6,74,983.8,6.9,0.0
2023-09-26T23:00,25.9,77,983.5,6.0,0.0
2023-09-27T00:00,25.4,79,983.3,5.5,0.0
2023-09-27T01:00,24.9,82,983.0,5.4,0.0
2023-09-27T02:00,24.3,85,982.8,5.2,0.0
2023-09-27T03:00,23.8,87,982.9,5.4,0.0
2023-09-27T04:00,23.3,89,983.1,6.2,0.0
2023-09-27T05:00,23.9,89,983.7,6.2,0.0
2023-09-27T06:00,24.5,87,984.4,6.9,0.0
2023-09-27T07:00,26.0,82,984.7,6.9,0.0
2023-09-27T08:00,28.1,74,985.4,6.9,0.0
2023-09-27T09:00,29.9,66,985.6,9.0,0.0
2023-09-27T10:00,31.1,58,985.1,11.5,0.0
2023-09-27T11:00,32.0,53,984.5,13.0,0.0
2023-09-27T12:00,32.7,48,983.3,14.0,0.0
2023-09-27T13:00,33.3,44,982.4,13.9,0.0
2023-09-27T14:00,33.3,42,981.8,13.6,0.0
2023-09-27T15:00,33.1,42,981.2,12.8,0.0
2023-09-27T16:00,32.4,43,981.0,12.5,0.0
2023-09-27T17:00,30.1,50,981.1,6.7,0.0
2023-09-27T18:00,27.3,57,981.2,7.4,0.0
2023-09-27T19:00,26.6,58,981.5,7.1,0.0
2023-09-27T20:00,26.1,59,982.3,7.6,0.0
2023-09-27T21:00,25.8,62,982.6,8.4,0.0
2023-09-27T22:00,25.4,65,982.5,8.9,0.0
2023-09-27T23:00,24.9,66,982.2,8.7,0.0
2023-09-28T00:00,24.1,69,981.8,8.2,0.0
2023-09-28T01:00,23.0,74,981.6,6.8,0.0
2023-09-28T02:00,22.5,77,981.5,6.6,0.0
2023-09-28T03:00,21.8,80,981.5,6.0,0.0
2023-09-28T04:00,21.6,81,981.7,6.8,0.0
2023-09-28T05:00,20.6,87,982.7,7.1,0.0
2023-09-28T06:00,21.4,84,983.4,5.9,0.0
2023-09-28T07:00,23.3,78,983.9,8.7,0.0
2023-09-28T08:00,26.0,70,984.8,5.6,0.0
2023-09-28T09:00,28.7,60,985.4,6.9,0.0
2023-09-28T10:00,30.6,52,985.2,8.9,0.0
2023-09-28T11:00,31.7,47,984.9,7.7,0.0
2023-09-28T12:00,32.5,43,984.0,9.2,0.0
2023-09-28T13:00,33.0,40,983.0,11.8,0.0
2023-09-28T14:00,33.1,39,982.0,12.9,0.0
2023-09-28T15:00,32.8,39,981.2,11.8,0.0
2023-09-28T16:00,32.2,41,980.9,12.1,0.0
2023-09-28T17:00,29.6,53,980.7,6.4,0.0
2023-09-28T18:00,26.6,60,980.4,10.0,0.0
2023-09-28T19:00,25.6,64,981.0,10.8,0.0
2023-09-28T20:00,25.5,65,981.6,7.3,0.0
2023-09-28T21:00,25.4,61,982.3,8.9,0.0
2023-09-28T22:00,24.6,59,982.2,7.7,0.0
2023-09-28T23:00,23.7,62,982.2,7.1,0.0
2023-09-29T00:00,22.7,66,981.6,6.8,0.0
2023-09-29T01:00,21.6,73,981.1,9.7,0.0
2023-09-29T02:00,22.0,70,980.9,8.4,0.0
2023-09-29T03:00,21.1,74,980.9,8.5,0.0
2023-09-29T04:00,20.4,77,981.1,6.2,0.0
2023-09-29T05:00,20.9,81,982.3,4.3,0.0
2023-09-29T06:00,21.5,80,982.7,5.1,0.0
2023-09-29T07:00,23.3,76,983.6,6.8,0.0
2023-09-29T08:00,26.0,68,984.8,5.3,0.0
2023-09-29T09:00,28.5,61,985.1,5.5,0.0
2023-09-29T10:00,30.5,53,985.1,5.1,0.0
2023-09-29T11:00,31.9,43,984.5,7.4,0.0
2023-09-29T12:00,32.6,39,983.7,8.7,0.0
2023-09-29T13:00,33.0,37,982.7,8.2,0.0
2023-09-29T14:00,33.2,36,981.9,6.8,0.0
2023-09-29T15:00,33.1,37,981.1,6.4,0.0
2023-09-29T16:00,32.5,39,980.7,7.5,0.0
2023-09-29T17:00,30.6,57,980.6,5.7,0.0
2023-09-29T18:00,28.0,64,980.8,9.3,0.0
2023-09-29T19:00,27.3,68,981.4,9.3,0.0
2023-09-29T20:00,26.5,71,982.1,6.5,0.0
2023-09-29T21:00,26.1,70,982.5,7.9,0.0
2023-09-29T22:00,25.5,67,982.8,7.7,0.0
2023-09-29T23:00,24.5,68,982.9,6.6,0.0
2023-09-30T00:00,23.9,71,982.5,6.6,0.0
2023-09-30T01:00,23.5,73,982.1,7.0,0.0
2023-09-30T02:00,23.0,75,981.6,7.6,0.0
2023-09-30T03:00,23.2,73,981.3,9.1,0.0
2023-09-30T04:00,22.8,75,981.1,8.3,0.0
2023-09-30T05:00,22.9,80,981.8,7.0,0.0
2023-09-30T06:00,23.5,78,982.5,5.3,0.0
2023-09-30T07:00,24.6,75,983.4,11.2,0.0
2023-09-30T08:00,26.7,70,984.2,8.1,0.0
2023-09-30T09:00,29.2,62,984.6,7.5,0.0
2023-09-30T10:00,31.2,56,984.7,9.7,0.0
2023-09-30T11:00,32.8,48,984.4,11.8,0.0
2023-09-30T12:00,33.8,43,983.5,13.4,0.0
2023-09-30T13:00,34.5,35,982.5,15.0,0.0
2023-09-30T14:00,34.8,31,981.4,16.6,0.0
2023-09-30T15:00,34.5,32,980.7,17.6,0.0
2023-09-30T16:00,33.5,36,980.4,16.9,0.0
2023-09-30T17:00,30.6,40,980.7,8.3,0.0
2023-09-30T18:00,28.1,48,980.8,8.3,0.0
2023-09-30T19:00,27.6,48,981.3,12.0,0.0
2023-09-30T20:00,27.2,49,981.8,13.3,0.0
2023-09-30T21:00,26.9,51,982.3,13.1,0.0
2023-09-30T22:00,26.5,54,982.6,12.7,0.0
2023-09-30T23:00,25.9,57,982.3,11.2,0.0
2024-06-01T00:00,32.4,16,974.6,10.6,0.0
2024-06-01T01:00,32.8,14,974.4,10.5,0.0
2024-06-01T02:00,32.7,14,974.4,13.0,0.0
2024-06-01T03:00,32.2,16,974.5,16.6,0.0
2024-06-01T04:00,32.3,17,974.9,12.6,0.0
2024-06-01T05:00,31.3,20,975.5,9.7,0.0
2024-06-01T06:00,35.9,15,976.8,22.7,0.0
2024-06-01T07:00,37.6,18,977.5,26.4,0.0
2024-06-01T08:00,38.4,19,978.2,19.2,0.0
2024-06-01T09:00,40.2,19,978.6,16.3,0.0
2024-06-01T10:00,42.4,17,978.2,16.5,0.0
2024-06-01T11:00,43.4,12,978.0,18.2,0.0
2024-06-01T12:00,43.3,10,977.4,15.1,0.0
2024-06-01T13:00,43.6,10,976.9,11.8,0.0
2024-06-01T14:00,44.0,10,976.2,14.4,0.0
2024-06-01T15:00,43.2,11,975.9,20.5,0.0
2024-06-01T16:00,42.5,11,975.9,20.5,0.0
2024-06-01T17:00,40.5,14,976.4,18.9,0.0
2024-06-01T18:00,36.7,20,978.2,26.3,0.0
2024-06-01T19:00,36.1,22,978.3,18.4,0.0
2024-06-01T20:00,35.4,23,978.4,14.3,0.0
2024-06-01T21:00,34.0,28,978.4,5.4,0.0
2024-06-01T22:00,33.9,26,978.2,5.2,0.0
2024-06-01T23:00,33.5,26,978.1,12.0,0.0
2024-06-02T00:00,33.0,28,977.5,20.7,0.0
2024-06-02T01:00,32.5,32,977.1,13.4,0.0
2024-06-02T02:00,32.1,34,977.5,4.1,0.0
2024-06-02T03:00,31.6,33,977.8,9.8,0.0
2024-06-02T04:00,31.4,32,978.0,9.1,0.0
2024-06-02T05:00,30.5,36,978.1,6.5,0.0
2024-06-02T06:00,32.1,39,978.9,3.1,0.0
2024-06-02T07:00,33.0,38,979.6,7.6,0.0
2024-06-02T08:00,35.1,31,980.1,5.2,0.0
2024-06-02T09:00,37.1,27,980.8,10.1,0.0
2024-06-02T10:00,38.7,23,980.7,5.6,0.0
2024-06-02T11:00,40.0,22,980.2,3.1,0.0
2024-06-02T12:00,41.4,20,979.6,2.8,0.0
2024-06-02T13:00,40.8,20,979.1,14.4,0.0
2024-06-02T14:00,40.9,19,978.1,16.1,0.0
2024-06-02T15:00,41.3,17,977.5,17.1,0.0
2024-06-02T16:00,40.6,18,977.2,17.4,0.0
2024-06-02T17:00,40.1,19,977.3,13.8,0.0
2024-06-02T18:00,41.0,9,976.3,12.5,0.0
2024-06-02T19:00,39.2,10,976.4,10.7,0.0
2024-06-02T20:00,38.4,11,976.9,13.9,0.0
2024-06-02T21:00,35.1,20,977.8,16.6,0.0
2024-06-02T22:00,34.0,29,978.1,18.2,0.0
2024-06-02T23:00,33.2,32,978.0,15.5,0.0
2024-06-03T00:00,32.4,34,977.7,15.6,0.0
2024-06-03T01:00,31.9,36,977.3,15.7,0.0
2024-06-03T02:00,31.3,37,977.0,15.5,0.0
2024-06-03T03:00,30.7,39,977.0,15.1,0.0
2024-06-03T04:00,30.1,42,977.2,16.3,0.0
2024-06-03T05:00,29.6,44,977.9,15.6,0.0
2024-06-03T06:00,30.1,46,978.9,14.0,0.0
2024-06-03T07:00,32.0,43,979.5,14.1,0.0
2024-06-03T08:00,34.3,39,979.7,14.7,0.0
2024-06-03T09:00,36.8,34,980.0,14.9,0.0
2024-06-03T10:00,39.5,27,979.5,16.9,0.0
2024-06-03T11:00,41.7,19,978.9,17.5,0.0
2024-06-03T12:00,42.9,13,978.3,17.3,0.0
2024-06-03T13:00,43.7,12,977.3,15.3,0.0
2024-06-03T14:00,44.2,11,976.1,13.0,0.0
2024-06-03T15:00,44.4,11,975.2,14.5,0.0
2024-06-03T16:00,43.8,11,974.6,18.0,0.0
2024-06-03T17:00,42.9,11,974.3,20.2,0.0
2024-06-03T18:00,42.1,12,974.2,9.5,0.0
2024-06-03T19:00,37.1,16,974.7,8.6,0.0
2024-06-03T20:00,37.8,13,975.6,9.2,0.0
2024-06-03T21:00,36.7,13,976.0,13.1,0.0
2024-06-03T22:00,35.8,14,976.4,10.7,0.0
2024-06-03T23:00,33.9,17,976.1,8.0,0.0
2024-06-04T00:00,31.7,20,975.5,7.1,0.0
2024-06-04T01:00,31.3,20,975.2,7.2,0.0
2024-06-04T02:00,30.9,20,974.7,7.4,0.0
2024-06-04T03:00,31.0,20,974.9,11.1,0.0
2024-06-04T04:00,31.1,20,975.5,14.5,0.0
2024-06-04T05:00,31.2,23,976.3,16.9,0.0
2024-06-04T06:00,31.4,29,978.0,8.2,0.0
2024-06-04T07:00,33.9,27,978.5,8.2,0.0
2024-06-04T08:00,36.8,22,979.3,10.7,0.0
2024-06-04T09:00,39.2,19,979.6,6.6,0.0
2024-06-04T10:00,40.8,16,979.5,3.1,0.0
2024-06-04T11:00,42.1,14,979.1,7.3,0.0
2024-06-04T12:00,42.7,14,978.1,15.9,0.0
2024-06-04T13:00,42.8,15,977.3,19.0,0.0
2024-06-04T14:00,43.1,16,976.5,19.5,0.0
2024-06-04T15:00,42.9,16,975.6,20.7,0.0
2024-06-04T16:00,42.6,16,975.2,24.1,0.0
2024-06-04T17:00,41.8,16,975.2,17.6,0.0
2024-06-04T18:00,41.0,14,975.7,13.4,0.0
2024-06-04T19:00,38.5,16,975.4,8.4,0.0
2024-06-04T20:00,37.6,17,975.8,10.4,0.0
2024-06-04T21:00,34.7,20,976.1,8.8,0.0
2024-06-04T22:00,33.3,22,976.6,8.8,0.0
2024-06-04T23:00,33.2,21,976.8,9.0,0.0
2024-06-05T00:00,33.3,20,976.7,8.6,0.0
2024-06-05T01:00,32.0,22,976.4,7.2,0.0
2024-06-05T02:00,30.2,25,975.8,8.1,0.0
2024-06-05T03:00,30.9,23,976.0,11.4,0.0
2024-06-05T04:00,31.5,21,976.7,12.7,0.0
2024-06-05T05:00,31.6,22,977.6,12.9,0.0
2024-06-05T06:00,33.5,27,978.3,18.0,0.0
2024-06-05T07:00,35.4,27,979.2,14.4,0.0
2024-06-05T08:00,36.6,27,979.9,18.2,0.0
2024-06-05T09:00,38.4,28,980.5,21.7,0.0
2024-06-05T10:00,39.7,27,979.9,22.2,0.0
2024-06-05T11:00,41.7,21,979.3,22.2,0.0
2024-06-05T12:00,39.3,27,979.8,24.9,0.0
2024-06-05T13:00,40.7,22,979.1,24.5,0.0
2024-06-05T14:00,40.3,20,977.9,14.8,0.0
2024-06-05T15:00,40.5,21,977.7,23.0,0.0
2024-06-05T16:00,40.3,22,977.1,19.2,0.0
2024-06-05T17:00,39.6,23,976.8,14.9,0.0
2024-06-05T18:00,41.3,12,975.3,25.4,0.0
2024-06-05T19:00,40.6,14,976.0,23.1,0.0
2024-06-05T20:00,38.3,15,977.3,10.5,0.0
2024-06-05T21:00,35.6,29,977.9,10.4,0.0
2024-06-05T22:00,34.7,33,978.2,8.7,0.0
2024-06-05T23:00,33.9,34,978.5,9.7,0.0
2024-06-06T00:00,33.6,34,978.2,10.5,0.0
2024-06-06T01:00,32.4,36,977.8,6.8,0.0
2024-06-06T02:00,32.4,32,977.6,8.4,0.0
2024-06-06T03:00,32.4,27,977.9,9.1,0.0
2024-06-06T04:00,31.6,27,978.2,10.4,0.0
2024-06-06T05:00,30.7,28,978.7,12.3,0.0
2024-06-06T06:00,28.2,51,981.7,12.0,0.0
2024-06-06T07:00,30.2,46,983.5,13.8,0.0
2024-06-06T08:00,32.0,40,984.1,11.7,0.0
2024-06-06T09:00,34.4,33,984.7,17.8,0.0
2024-06-06T10:00,35.8,27,984.0,10.7,0.0
2024-06-06T11:00,37.4,24,983.2,10.4,0.0
2024-06-06T12:00,38.3,24,982.2,10.5,0.0
2024-06-06T13:00,39.4,22,981.2,12.3,0.0
2024-06-06T14:00,40.5,20,980.2,12.7,0.0
2024-06-06T15:00,40.8,19,979.2,14.0,0.0
2024-06-06T16:00,40.6,19,978.4,17.2,0.0
2024-06-06T17:00,39.8,20,978.0,20.0,0.0
2024-06-06T18:00,38.3,16,978.1,15.7,0.0
2024-06-06T19:00,36.5,20,978.1,15.8,0.0
2024-06-06T20:00,35.1,24,978.7,15.4,0.0
2024-06-06T21:00,34.2,28,979.1,11.3,0.0
2024-06-06T22:00,33.1,31,979.1,8.1,0.0
2024-06-06T23:00,32.5,33,979.0,9.1,0.0
2024-06-07T00:00,31.7,35,978.6,8.0,0.0
2024-06-07T01:00,30.6,38,978.0,6.5,0.0
2024-06-07T02:00,30.2,39,977.9,7.2,0.0
2024-06-07T03:00,29.6,40,977.9,7.5,0.0
2024-06-07T04:00,29.2,41,978.2,8.3,0.0
2024-06-07T05:00,28.9,41,978.8,9.5,0.0
2024-06-07T06:00,30.6,46,979.9,11.1,0.0
2024-06-07T07:00,32.2,42,980.1,13.1,0.0
2024-06-07T08:00,34.0,38,980.4,13.9,0.0
2024-06-07T09:00,36.0,33,980.5,14.3,0.0
2024-06-07T10:00,37.9,27,980.3,16.3,0.0
2024-06-07T11:00,39.4,23,979.8,18.8,0.0
2024-06-07T12:00,40.7,21,978.9,20.0,0.0
2024-06-07T13:00,41.7,18,977.9,21.1,0.0
2024-06-07T14:00,42.2,17,976.7,21.4,0.0
2024-06-07T15:00,42.2,16,975.6,22.1,0.0
2024-06-07T16:00,41.5,16,974.9,21.3,0.0
2024-06-07T17:00,40.9,16,974.8,22.4,0.0
2024-06-07T18:00,35.9,29,975.8,21.8,0.0
2024-06-07T19:00,35.1,29,975.8,15.6,0.0
2024-06-07T20:00,34.6,28,976.4,18.0,0.0
2024-06-07T21:00,34.0,29,977.0,15.6,0.0
2024-06-07T22:00,33.4,30,977.2,13.6,0.0
2024-06-07T23:00,32.4,31,977.3,13.2,0.0
2024-06-08T00:00,31.7,32,977.0,12.1,0.0
2024-06-08T01:00,30.9,34,976.6,10.8,0.0
2024-06-08T02:00,30.2,35,976.4,11.2,0.0
2024-06-08T03:00,29.7,36,976.5,10.7,0.0
2024-06-08T04:00,29.1,37,976.7,9.6,0.0
2024-06-08T05:00,28.3,39,977.0,8.2,0.0
2024-06-08T06:00,29.6,42,978.3,11.2,0.0
2024-06-08T07:00,31.5,38,979.0,11.3,0.0
2024-06-08T08:00,34.2,33,979.3,15.6,0.0
2024-06-08T09:00,36.7,27,979.3,21.4,0.0
2024-06-08T10:00,38.7,20,978.9,24.1,0.0
2024-06-08T11:00,40.1,17,978.4,25.5,0.0
2024-06-08T12:00,39.4,18,977.8,25.6,0.0
2024-06-08T13:00,40.0,18,977.3,24.7,0.0
2024-06-08T14:00,40.2,18,976.9,24.2,0.0
2024-06-08T15:00,39.5,18,976.2,22.2,0.0
2024-06-08T16:00,39.6,18,975.1,19.3,0.0
2024-06-08T17:00,39.1,18,974.7,16.4,0.0
2024-06-08T18:00,38.1,21,975.1,12.6,0.0
2024-06-08T19:00,35.8,24,975.3,10.9,0.0
2024-06-08T20:00,34.2,26,976.0,8.0,0.0
2024-06-08T21:00,33.3,27,976.8,13.1,0.0
2024-06-08T22:00,32.5,30,976.8,11.3,0.0
2024-06-08T23:00,31.6,32,977.0,10.2,0.0
2024-06-09T00:00,30.8,34,977.0,9.7,0.0
2024-06-09T01:00,30.1,35,976.4,9.3,0.0
2024-06-09T02:00,29.7,36,976.4,10.5,0.0
2024-06-09T03:00,29.6,35,976.4,11.8,0.0
2024-06-09T04:00,29.0,36,976.5,11.1,0.0
2024-06-09T05:00,28.3,38,976.5,9.7,0.0
2024-06-09T06:00,29.0,41,978.1,13.0,0.0
2024-06-09T07:00,31.0,37,978.5,12.2,0.0
2024-06-09T08:00,33.6,31,979.1,14.0,0.0
2024-06-09T09:00,36.0,26,979.2,17.6,0.0
2024-06-09T10:00,37.9,21,979.0,19.4,0.0
2024-06-09T11:00,39.5,18,978.5,18.3,0.0
2024-06-09T12:00,40.9,15,977.7,18.2,0.0
2024-06-09T13:00,41.8,13,976.7,18.7,0.0
2024-06-09T14:00,42.2,12,976.0,19.2,0.0
2024-06-09T15:00,42.2,11,975.3,19.5,0.0
2024-06-09T16:00,41.7,11,974.9,19.8,0.0
2024-06-09T17:00,41.0,11,974.4,17.8,0.0
2024-06-09T18:00,39.4,9,975.1,11.4,0.0
2024-06-09T19:00,36.2,12,975.1,8.5,0.0
2024-06-09T20:00,34.9,13,975.6,8.4,0.0
2024-06-09T21:00,33.1,15,976.3,7.2,0.0
2024-06-09T22:00,31.9,17,976.5,7.9,0.0
2024-06-09T23:00,31.7,17,976.6,7.9,0.0
2024-06-10T00:00,31.3,17,976.5,10.2,0.0
2024-06-10T01:00,30.5,18,976.3,9.4,0.0
2024-06-10T02:00,29.8,20,976.2,8.0,0.0
2024-06-10T03:00,29.3,21,976.2,7.8,0.0
2024-06-10T04:00,28.7,23,976.3,7.4,0.0
2024-06-10T05:00,27.9,25,976.7,6.9,0.0
2024-06-10T06:00,29.2,29,977.6,9.1,0.0
2024-06-10T07:00,31.1,27,978.4,11.6,0.0
2024-06-10T08:00,33.8,24,979.0,10.1,0.0
2024-06-10T09:00,36.5,21,979.0,10.3,0.0
2024-06-10T10:00,38.8,18,978.8,11.6,0.0
2024-06-10T11:00,40.5,15,978.6,14.2,0.0
2024-06-10T12:00,41.8,13,977.9,16.0,0.0
2024-06-10T13:00,42.7,13,976.9,18.7,0.0
2024-06-10T14:00,43.0,13,976.1,21.1,0.0
2024-06-10T15:00,42.7,13,975.5,22.2,0.0
2024-06-10T16:00,42.2,13,975.4,21.7,0.0
2024-06-10T17:00,41.5,14,975.2,20.2,0.0
2024-06-10T18:00,40.4,14,975.6,18.2,0.0
2024-06-10T19:00,38.5,15,975.8,16.4,0.0
2024-06-10T20:00,37.0,16,976.2,13.1,0.0
2024-06-10T21:00,36.2,17,976.4,12.6,0.0
2024-06-10T22:00,35.5,18,976.8,13.4,0.0
2024-06-10T23:00,34.6,19,976.8,13.1,0.0
2024-06-11T00:00,33.7,19,976.5,10.3,0.0
2024-06-11T01:00,32.3,20,975.9,8.1,0.0
2024-06-11T02:00,31.5,21,975.5,8.0,0.0
2024-06-11T03:00,30.4,23,975.6,8.6,0.0
2024-06-11T04:00,29.4,25,975.9,6.8,0.0
2024-06-11T05:00,28.9,27,976.2,8.3,0.0
2024-06-11T06:00,29.9,33,977.9,10.4,0.0
2024-06-11T07:00,32.0,30,978.3,9.4,0.0
2024-06-11T08:00,34.7,26,978.6,11.2,0.0
2024-06-11T09:00,37.3,22,978.8,10.5,0.0
2024-06-11T10:00,39.2,20,978.6,10.7,0.0
2024-06-11T11:00,40.8,17,978.1,11.8,0.0
2024-06-11T12:00,42.1,15,977.5,13.0,0.0
2024-06-11T13:00,43.0,13,976.5,16.5,0.0
2024-06-11T14:00,43.2,12,975.7,17.9,0.0
2024-06-11T15:00,43.1,12,975.0,20.0,0.0
2024-06-11T16:00,42.6,11,974.6,19.5,0.0
2024-06-11T17:00,41.8,11,974.0,18.7,0.0
2024-06-11T18:00,40.5,13,974.6,10.4,0.0
2024-06-11T19:00,37.5,15,974.6,7.5,0.0
2024-06-11T20:00,36.5,16,975.1,8.8,0.0
2024-06-11T21:00,34.6,17,975.4,7.7,0.0
2024-06-11T22:00,34.1,18,975.9,8.3,0.0
2024-06-11T23:00,32.4,20,975.6,8.4,0.0
2024-06-12T00:00,31.6,21,975.3,8.1,0.0
2024-06-12T01:00,30.7,23,975.1,7.2,0.0
2024-06-12T02:00,30.3,23,975.1,6.1,0.0
2024-06-12T03:00,29.7,24,975.4,7.7,0.0
2024-06-12T04:00,29.1,25,975.7,7.7,0.0
2024-06-12T05:00,28.8,26,975.9,7.2,0.0
2024-06-12T06:00,30.7,29,977.5,11.5,0.0
2024-06-12T07:00,32.8,26,978.2,11.3,0.0
2024-06-12T08:00,36.0,22,978.7,13.7,0.0
2024-06-12T09:00,38.8,18,978.9,15.4,0.0
2024-06-12T10:00,40.6,16,978.8,16.2,0.0
2024-06-12T11:00,42.0,14,978.2,15.9,0.0
2024-06-12T12:00,43.2,12,977.4,16.0,0.0
2024-06-12T13:00,43.9,11,976.7,17.1,0.0
2024-06-12T14:00,44.1,10,975.8,16.4,0.0
2024-06-12T15:00,44.1,10,974.8,18.2,0.0
2024-06-12T16:00,44.0,10,974.0,16.7,0.0
2024-06-12T17:00,43.4,10,973.3,16.3,0.0
2024-06-12T18:00,41.0,13,973.6,5.6,0.0
2024-06-12T19:00,37.4,16,973.7,8.0,0.0
2024-06-12T20:00,36.9,15,974.2,8.8,0.0
2024-06-12T21:00,36.6,15,975.2,13.2,0.0
2024-06-12T22:00,36.0,15,975.4,12.8,0.0
2024-06-12T23:00,35.1,16,975.1,8.2,0.0
2024-06-13T00:00,33.4,18,975.1,12.2,0.0
2024-06-13T01:00,32.6,19,975.0,11.2,0.0
2024-06-13T02:00,31.6,21,974.9,10.9,0.0
2024-06-13T03:00,30.9,21,974.8,11.9,0.0
2024-06-13T04:00,30.5,21,975.7,13.7,0.0
2024-06-13T05:00,29.6,23,976.1,9.9,0.0
2024-06-13T06:00,32.6,38,977.0,16.7,0.0
2024-06-13T07:00,34.4,36,977.3,20.2,0.0
2024-06-13T08:00,36.3,31,977.4,26.6,0.0
2024-06-13T09:00,38.4,27,977.4,28.1,0.0
2024-06-13T10:00,40.3,22,977.3,26.1,0.0
2024-06-13T11:00,42.2,18,976.6,24.8,0.0
2024-06-13T12:00,43.8,15,975.8,22.3,0.0
2024-06-13T13:00,44.7,11,974.7,21.8,0.0
2024-06-13T14:00,44.9,11,973.7,20.7,0.0
2024-06-13T15:00,44.7,11,972.7,22.0,0.0
2024-06-13T16:00,44.0,11,972.1,23.4,0.0
2024-06-13T17:00,43.2,12,972.1,23.3,0.0
2024-06-13T18:00,41.4,13,972.9,13.7,0.0
2024-06-13T19:00,38.9,16,973.1,11.9,0.0
2024-06-13T20:00,37.7,17,973.5,14.6,0.0
2024-06-13T21:00,36.6,21,974.1,16.2,0.0
2024-06-13T22:00,35.7,24,974.5,15.1,0.0
2024-06-13T23:00,35.2,24,974.7,17.3,0.0
2024-06-14T00:00,35.0,26,974.5,18.1,0.0
2024-06-14T01:00,34.6,27,973.9,18.0,0.0
2024-06-14T02:00,34.1,27,973.9,20.8,0.0
2024-06-14T03:00,34.2,26,974.1,22.8,0.0
2024-06-14T04:00,33.6,27,974.4,22.0,0.0
2024-06-14T05:00,32.8,29,975.0,20.2,0.0
2024-06-14T06:00,33.7,30,975.0,20.7,0.0
2024-06-14T07:00,35.0,30,975.7,22.7,0.0
2024-06-14T08:00,36.6,31,976.0,26.7,0.0
2024-06-14T09:00,38.1,32,976.4,31.5,0.0
2024-06-14T10:00,39.7,29,976.3,31.4,0.0
2024-06-14T11:00,40.6,27,975.7,30.1,0.0
2024-06-14T12:00,42.0,24,975.1,29.7,0.0
2024-06-14T13:00,43.1,20,974.3,24.6,0.0
2024-06-14T14:00,43.3,18,973.9,19.3,0.0
2024-06-14T15:00,43.4,17,973.2,19.4,0.0
2024-06-14T16:00,43.2,17,972.8,22.0,0.0
2024-06-14T17:00,42.0,19,972.6,25.4,0.0
2024-06-14T18:00,37.4,32,974.0,21.1,0.0
2024-06-14T19:00,36.5,34,974.1,16.5,0.0
2024-06-14T20:00,36.0,35,974.3,20.2,0.0
2024-06-14T21:00,35.7,35,974.8,16.4,0.0
2024-06-14T22:00,35.0,35,974.9,16.9,0.0
2024-06-14T23:00,34.4,35,975.1,18.0,0.0
2024-06-15T00:00,33.8,36,975.0,17.8,0.0
2024-06-15T01:00,33.6,35,974.6,18.4,0.0
2024-06-15T02:00,33.5,34,974.6,17.3,0.0
2024-06-15T03:00,33.1,33,974.8,19.1,0.0
2024-06-15T04:00,32.8,32,975.0,20.2,0.0
2024-06-15T05:00,32.2,34,975.4,19.4,0.0
2024-06-15T06:00,32.8,39,976.0,20.2,0.0
2024-06-15T07:00,34.1,37,976.6,21.7,0.0
2024-06-15T08:00,35.8,34,976.9,24.4,0.0
2024-06-15T09:00,37.7,31,976.7,27.1,0.0
2024-06-15T10:00,39.5,28,976.5,28.3,0.0
2024-06-15T11:00,41.0,25,976.1,27.4,0.0
2024-06-15T12:00,42.4,21,975.6,25.3,0.0
2024-06-15T13:00,43.0,18,974.8,23.5,0.0
2024-06-15T14:00,43.3,17,974.1,21.3,0.0
2024-06-15T15:00,43.3,17,973.4,20.3,0.0
2024-06-15T16:00,43.2,16,972.9,19.6,0.0
2024-06-15T17:00,42.7,17,972.4,20.5,0.0
2024-06-15T18:00,41.4,18,972.4,17.4,0.0
2024-06-15T19:00,39.5,20,972.5,12.9,0.0
2024-06-15T20:00,38.1,23,973.2,11.9,0.0
2024-06-15T21:00,37.1,25,973.9,11.2,0.0
2024-06-15T22:00,36.2,26,974.3,10.4,0.0
2024-06-15T23:00,35.3,28,974.5,10.7,0.0
2024-06-16T00:00,34.7,30,974.4,11.0,0.0
2024-06-16T01:00,33.6,32,974.4,12.9,0.0
2024-06-16T02:00,33.4,31,974.3,15.9,0.0
2024-06-16T03:00,33.2,32,974.7,15.9,0.0
2024-06-16T04:00,32.8,32,975.0,16.2,0.0
2024-06-16T05:00,32.8,30,975.5,16.9,0.0
2024-06-16T06:00,33.3,36,976.5,14.9,0.0
2024-06-16T07:00,35.1,33,977.0,17.3,0.0
2024-06-16T08:00,37.1,32,977.2,21.9,0.0
2024-06-16T09:00,38.9,30,977.2,24.3,0.0
2024-06-16T10:00,40.5,28,977.4,25.1,0.0
2024-06-16T11:00,42.0,25,976.9,24.0,0.0
2024-06-16T12:00,43.1,20,976.1,23.0,0.0
2024-06-16T13:00,43.7,18,975.4,23.0,0.0
2024-06-16T14:00,44.0,17,974.3,22.1,0.0
2024-06-16T15:00,44.1,17,973.6,23.3,0.0
2024-06-16T16:00,43.6,17,973.2,23.2,0.0
2024-06-16T17:00,43.0,17,972.8,23.2,0.0
2024-06-16T18:00,42.3,17,972.9,19.1,0.0
2024-06-16T19:00,40.5,19,973.4,14.5,0.0
2024-06-16T20:00,39.2,20,973.9,13.3,0.0
2024-06-16T21:00,37.8,22,974.5,10.0,0.0
2024-06-16T22:00,36.4,24,974.9,10.6,0.0
2024-06-16T23:00,36.0,25,974.9,10.9,0.0
2024-06-17T00:00,35.4,26,974.7,11.5,0.0
2024-06-17T01:00,34.9,27,974.2,11.9,0.0
2024-06-17T02:00,34.6,27,974.2,13.7,0.0
2024-06-17T03:00,34.6,29,974.4,16.9,0.0
2024-06-17T04:00,34.2,31,974.9,17.1,0.0
2024-06-17T05:00,33.7,34,975.3,17.8,0.0
2024-06-17T06:00,34.3,36,976.3,19.1,0.0
2024-06-17T07:00,36.0,34,976.9,19.9,0.0
2024-06-17T08:00,37.8,31,977.3,23.9,0.0
2024-06-17T09:00,39.2,28,977.5,25.5,0.0
2024-06-17T10:00,40.9,26,977.1,26.4,0.0
2024-06-17T11:00,42.2,24,976.9,26.1,0.0
2024-06-17T12:00,43.4,22,976.4,26.1,0.0
2024-06-17T13:00,43.6,21,975.5,26.5,0.0
2024-06-17T14:00,44.0,20,974.7,26.8,0.0
2024-06-17T15:00,43.9,20,973.9,26.6,0.0
2024-06-17T16:00,43.6,20,973.4,26.1,0.0
2024-06-17T17:00,43.1,20,972.8,24.6,0.0
2024-06-17T18:00,43.1,16,972.5,20.0,0.0
2024-06-17T19:00,41.3,18,973.0,15.5,0.0
2024-06-17T20:00,39.4,20,973.5,10.1,0.0
2024-06-17T21:00,38.0,22,974.0,9.4,0.0
2024-06-17T22:00,37.2,23,974.5,10.9,0.0
2024-06-17T23:00,36.5,23,974.4,10.9,0.0
2024-06-18T00:00,35.9,24,973.8,11.6,0.0
2024-06-18T01:00,35.2,25,973.5,12.4,0.0
2024-06-18T02:00,35.1,26,973.2,13.7,0.0
2024-06-18T03:00,34.9,28,973.4,15.9,0.0
2024-06-18T04:00,34.6,31,973.6,17.7,0.0
2024-06-18T05:00,34.5,32,974.1,19.8,0.0
2024-06-18T06:00,35.1,34,975.0,16.6,0.0
2024-06-18T07:00,36.7,33,975.3,20.8,0.0
2024-06-18T08:00,38.0,35,975.6,26.9,0.0
2024-06-18T09:00,39.4,33,975.6,30.9,0.0
2024-06-18T10:00,40.8,30,975.5,30.3,0.0
2024-06-18T11:00,42.1,27,975.0,28.2,0.0
2024-06-18T12:00,42.8,26,973.9,27.9,0.0
2024-06-18T13:00,43.5,24,973.0,26.2,0.0
2024-06-18T14:00,44.2,20,971.9,25.0,0.0
2024-06-18T15:00,44.0,20,971.0,24.2,0.0
2024-06-18T16:00,43.8,19,970.0,24.7,0.0
2024-06-18T17:00,43.1,19,969.5,25.3,0.0
2024-06-18T18:00,42.2,11,970.3,18.2,0.0
2024-06-18T19:00,39.8,14,970.5,12.7,0.0
2024-06-18T20:00,38.2,16,970.9,10.9,0.0
2024-06-18T21:00,37.1,18,971.5,11.2,0.0
2024-06-18T22:00,36.7,21,972.0,14.2,0.0
2024-06-18T23:00,36.4,23,972.1,15.9,0.0
2024-06-19T00:00,36.0,26,971.6,16.6,0.0
2024-06-19T01:00,35.6,30,971.2,14.3,0.0
2024-06-19T02:00,35.3,33,971.2,17.0,0.0
2024-06-19T03:00,35.3,37,971.3,21.9,0.0
2024-06-19T04:00,34.8,41,971.6,22.9,0.0
2024-06-19T05:00,34.4,44,972.3,23.4,0.0
2024-06-19T06:00,33.7,48,972.8,18.6,0.1
2024-06-19T07:00,33.8,49,972.9,20.0,0.0
2024-06-19T08:00,37.0,39,973.0,25.3,0.0
2024-06-19T09:00,36.6,40,973.6,32.1,0.0
2024-06-19T10:00,38.0,37,972.9,28.5,0.0
2024-06-19T11:00,39.8,34,972.6,27.1,0.2
2024-06-19T12:00,40.5,32,971.7,26.9,0.0
2024-06-19T13:00,39.6,32,971.6,23.2,0.5
2024-06-19T14:00,41.3,29,970.8,14.4,0.0
2024-06-19T15:00,41.3,28,970.3,21.3,0.0
2024-06-19T16:00,41.1,28,969.9,16.6,0.0
2024-06-19T17:00,40.4,27,969.6,17.8,0.0
2024-06-19T18:00,37.3,30,969.3,21.0,0.0
2024-06-19T19:00,37.8,27,970.2,4.3,0.0
2024-06-19T20:00,35.7,37,970.2,15.3,0.0
2024-06-19T21:00,35.3,37,970.7,9.8,0.0
2024-06-19T22:00,34.7,37,971.7,6.2,0.0
2024-06-19T23:00,34.1,37,971.9,4.6,0.0
2024-06-20T00:00,33.4,39,971.7,7.4,0.0
2024-06-20T01:00,33.6,36,970.9,4.2,0.0
2024-06-20T02:00,33.1,37,970.8,7.4,0.0
2024-06-20T03:00,33.5,35,971.1,11.7,0.0
2024-06-20T04:00,33.8,35,971.4,13.6,0.0
2024-06-20T05:00,33.5,38,971.7,14.5,0.0
2024-06-20T06:00,25.6,77,974.6,13.3,1.4
2024-06-20T07:00,25.5,89,974.2,11.0,3.2
2024-06-20T08:00,27.8,74,976.3,10.0,0.3
2024-06-20T09:00,29.2,66,976.3,12.7,0.0
2024-06-20T10:00,31.7,55,976.7,11.0,0.0
2024-06-20T11:00,33.9,48,976.3,8.7,0.0
2024-06-20T12:00,36.1,41,975.5,5.5,0.0
2024-06-20T13:00,37.7,37,974.1,6.4,0.0
2024-06-20T14:00,38.6,34,972.9,6.1,0.0
2024-06-20T15:00,39.3,33,971.7,5.4,0.0
2024-06-20T16:00,39.0,32,971.4,4.8,0.0
2024-06-20T17:00,38.9,31,971.3,5.6,0.0
2024-06-20T18:00,36.8,37,971.5,5.0,0.0
2024-06-20T19:00,36.1,38,972.3,7.0,0.0
2024-06-20T20:00,35.7,38,972.7,9.9,0.0
2024-06-20T21:00,35.3,39,973.4,8.7,0.0
2024-06-20T22:00,34.5,41,974.1,3.9,0.0
2024-06-20T23:00,34.1,44,974.7,3.3,0.0
2024-06-21T00:00,33.1,46,974.8,4.7,0.0
2024-06-21T01:00,32.4,49,974.6,3.7,0.0
2024-06-21T02:00,32.0,49,974.5,4.9,0.0
2024-06-21T03:00,31.5,56,974.6,9.5,0.0
2024-06-21T04:00,26.6,75,976.5,28.2,1.8
2024-06-21T05:00,25.4,79,976.3,18.7,0.2
2024-06-21T06:00,26.3,77,975.3,15.7,0.1
2024-06-21T07:00,28.0,69,976.0,6.0,0.0
2024-06-21T08:00,30.0,61,976.8,11.4,0.0
2024-06-21T09:00,32.1,53,977.7,10.8,0.0
2024-06-21T10:00,33.8,47,977.4,8.5,0.0
2024-06-21T11:00,33.9,46,977.0,8.2,0.0
2024-06-21T12:00,35.0,44,976.5,6.5,0.0
2024-06-21T13:00,37.0,39,975.7,7.3,0.0
2024-06-21T14:00,38.0,37,974.7,9.5,0.0
2024-06-21T15:00,38.1,36,973.5,9.4,0.0
2024-06-21T16:00,38.3,35,972.8,10.4,0.0
2024-06-21T17:00,37.8,35,972.4,13.2,0.0
2024-06-21T18:00,32.9,53,973.8,9.8,0.0
2024-06-21T19:00,32.3,55,974.6,7.3,0.0
2024-06-21T20:00,32.0,56,975.0,7.0,0.0
2024-06-21T21:00,31.8,56,975.8,7.6,0.0
2024-06-21T22:00,31.5,57,976.0,6.6,0.0
2024-06-21T23:00,31.3,57,975.8,6.4,0.0
2024-06-22T00:00,31.1,58,975.4,7.2,0.0
2024-06-22T01:00,30.8,59,975.1,6.5,0.0
2024-06-22T02:00,30.6,60,974.9,4.5,0.0
2024-06-22T03:00,30.3,62,974.8,4.0,0.0
2024-06-22T04:00,30.2,63,975.1,3.1,0.0
2024-06-22T05:00,30.1,63,975.2,3.6,0.0
2024-06-22T06:00,29.9,65,975.7,8.6,0.0
2024-06-22T07:00,31.0,60,976.4,10.4,0.0
2024-06-22T08:00,32.4,56,976.5,10.7,0.0
2024-06-22T09:00,33.5,53,976.7,9.7,0.0
2024-06-22T10:00,35.4,47,976.6,8.1,0.0
2024-06-22T11:00,36.8,41,976.3,6.1,0.0
2024-06-22T12:00,37.4,38,975.8,4.8,0.0
2024-06-22T13:00,36.7,38,975.1,5.7,0.0
2024-06-22T14:00,37.4,36,974.0,5.6,0.0
2024-06-22T15:00,38.4,34,973.1,6.5,0.0
2024-06-22T16:00,38.5,33,972.9,8.8,0.0
2024-06-22T17:00,37.8,34,972.7,10.1,0.0
2024-06-22T18:00,34.8,46,974.1,12.3,0.0
2024-06-22T19:00,34.0,49,974.8,10.7,0.0
2024-06-22T20:00,33.4,52,975.2,10.1,0.0
2024-06-22T21:00,33.0,54,976.0,7.2,0.0
2024-06-22T22:00,32.7,56,976.3,7.2,0.0
2024-06-22T23:00,32.3,57,976.4,8.0,0.0
2024-06-23T00:00,32.0,59,976.3,9.7,0.0
2024-06-23T01:00,31.7,60,976.3,10.3,0.0
2024-06-23T02:00,31.3,61,976.0,9.2,0.0
2024-06-23T03:00,30.9,63,975.7,7.6,0.0
2024-06-23T04:00,30.5,64,975.7,5.8,0.0
2024-06-23T05:00,30.2,65,976.1,7.3,0.0
2024-06-23T06:00,30.5,65,977.6,6.8,0.0
2024-06-23T07:00,31.9,63,978.6,14.4,0.0
2024-06-23T08:00,32.8,61,978.3,15.5,0.0
2024-06-23T09:00,34.1,56,978.3,14.0,0.0
2024-06-23T10:00,35.4,52,978.1,12.9,0.0
2024-06-23T11:00,36.8,46,977.7,11.5,0.0
2024-06-23T12:00,38.1,43,976.8,11.9,0.0
2024-06-23T13:00,38.9,39,975.8,10.8,0.0
2024-06-23T14:00,39.4,37,974.5,10.9,0.0
2024-06-23T15:00,39.5,35,973.5,9.4,0.0
2024-06-23T16:00,37.3,37,973.3,9.2,0.2
2024-06-23T17:00,37.4,38,972.9,9.0,0.1
2024-06-23T18:00,36.9,40,973.3,7.6,0.0
2024-06-23T19:00,36.1,42,974.0,7.0,0.0
2024-06-23T20:00,35.5,45,974.4,8.7,0.0
2024-06-23T21:00,34.7,48,974.9,10.9,0.0
2024-06-23T22:00,34.0,50,975.3,12.0,0.0
2024-06-23T23:00,33.3,54,975.7,13.2,0.0
2024-06-24T00:00,32.8,56,975.4,12.4,0.0
2024-06-24T01:00,32.4,58,975.1,10.3,0.0
2024-06-24T02:00,31.9,60,974.6,7.7,0.0
2024-06-24T03:00,31.5,61,974.3,5.9,0.0
2024-06-24T04:00,31.3,62,974.5,5.1,0.0
2024-06-24T05:00,31.0,63,974.8,5.5,0.0
2024-06-24T06:00,32.3,62,975.7,2.6,0.0
2024-06-24T07:00,33.6,58,976.5,3.3,0.0
2024-06-24T08:00,34.5,54,976.8,9.1,0.0
2024-06-24T09:00,32.8,61,976.5,6.6,1.7
2024-06-24T10:00,33.8,57,976.7,6.6,0.0
2024-06-24T11:00,35.3,52,976.5,7.2,0.0
2024-06-24T12:00,37.3,45,975.6,7.0,0.0
2024-06-24T13:00,38.5,40,974.6,5.5,0.0
2024-06-24T14:00,39.3,37,973.5,5.0,0.0
2024-06-24T15:00,39.5,35,972.3,4.9,0.0
2024-06-24T16:00,39.4,35,971.8,7.8,0.0
2024-06-24T17:00,38.3,36,971.9,13.8,0.0
2024-06-24T18:00,33.5,54,973.5,15.1,0.0
2024-06-24T19:00,33.0,56,973.4,13.1,0.0
2024-06-24T20:00,32.5,59,973.9,13.0,0.0
2024-06-24T21:00,32.1,60,974.3,9.4,0.0
2024-06-24T22:00,31.8,62,974.5,7.0,0.0
2024-06-24T23:00,31.5,63,974.6,7.4,0.0
2024-06-25T00:00,31.2,65,974.4,9.1,0.0
2024-06-25T01:00,30.9,67,974.1,9.5,0.0
2024-06-25T02:00,30.4,70,973.5,8.7,0.0
2024-06-25T03:00,30.1,73,973.5,9.3,0.0
2024-06-25T04:00,29.9,75,973.7,8.8,0.0
2024-06-25T05:00,29.8,76,974.4,9.5,0.0
2024-06-25T06:00,30.1,78,975.4,4.3,0.0
2024-06-25T07:00,31.2,74,975.3,3.1,0.0
2024-06-25T08:00,32.6,68,975.2,2.1,0.0
2024-06-25T09:00,33.4,63,975.8,5.9,0.1
2024-06-25T10:00,34.8,55,975.3,7.9,0.2
2024-06-25T11:00,30.5,73,975.1,13.1,3.5
2024-06-25T12:00,32.5,64,974.6,4.1,0.0
2024-06-25T13:00,34.0,59,973.6,5.3,0.1
2024-06-25T14:00,35.0,56,972.9,6.0,0.1
2024-06-25T15:00,35.8,52,972.1,3.9,0.0
2024-06-25T16:00,36.2,50,971.3,4.5,0.0
2024-06-25T17:00,36.2,49,971.1,6.7,0.0
2024-06-25T18:00,36.6,44,971.7,10.4,0.0
2024-06-25T19:00,35.6,48,972.4,10.2,0.0
2024-06-25T20:00,34.5,53,973.0,15.3,0.0
2024-06-25T21:00,33.1,60,973.4,12.0,0.0
2024-06-25T22:00,32.7,62,973.7,10.5,0.0
2024-06-25T23:00,32.4,64,974.1,11.3,0.0
2024-06-26T00:00,32.1,66,973.7,7.4,0.0
2024-06-26T01:00,31.8,68,973.0,6.5,0.0
2024-06-26T02:00,30.3,75,972.9,7.6,1.9
2024-06-26T03:00,27.7,86,973.7,10.3,7.5
2024-06-26T04:00,27.8,87,972.9,3.4,0.1
2024-06-26T05:00,26.8,93,974.8,19.4,8.2
2024-06-26T06:00,29.2,87,974.1,7.4,1.0
2024-06-26T07:00,30.1,82,975.0,2.9,0.3
2024-06-26T08:00,29.2,88,975.8,9.8,0.5
2024-06-26T09:00,28.2,90,975.7,12.5,3.3
2024-06-26T10:00,28.6,86,975.9,14.3,0.5
2024-06-26T11:00,30.5,76,975.7,10.0,0.0
2024-06-26T12:00,32.4,68,974.6,12.6,0.0
2024-06-26T13:00,33.0,65,973.8,13.7,0.0
2024-06-26T14:00,34.3,59,973.3,13.7,0.0
2024-06-26T15:00,34.2,58,972.7,13.7,0.0
2024-06-26T16:00,34.3,57,972.1,13.0,0.0
2024-06-26T17:00,34.0,58,971.7,11.5,0.0
2024-06-26T18:00,32.9,63,973.3,14.7,0.0
2024-06-26T19:00,32.1,65,974.3,11.9,0.0
2024-06-26T20:00,31.5,68,975.1,10.8,0.0
2024-06-26T21:00,31.3,69,975.8,11.1,0.0
2024-06-26T22:00,30.8,72,976.2,11.0,0.0
2024-06-26T23:00,30.5,74,976.7,11.6,0.0
2024-06-27T00:00,30.1,76,976.2,12.6,0.0
2024-06-27T01:00,29.5,78,975.5,12.8,0.0
2024-06-27T02:00,27.0,89,976.2,21.7,2.7
2024-06-27T03:00,26.6,93,975.8,19.1,1.8
2024-06-27T04:00,25.5,96,976.9,20.3,2.6
2024-06-27T05:00,25.4,95,977.3,16.5,1.1
2024-06-27T06:00,27.0,91,977.5,14.7,0.1
2024-06-27T07:00,27.4,87,978.3,17.0,0.1
2024-06-27T08:00,26.7,90,978.3,16.6,0.6
2024-06-27T09:00,27.4,90,977.8,10.9,0.7
2024-06-27T10:00,28.3,86,978.1,13.1,0.5
2024-06-27T11:00,28.9,81,978.5,13.4,0.3
2024-06-27T12:00,29.4,79,978.1,16.7,0.2
2024-06-27T13:00,28.6,83,977.3,15.6,0.4
2024-06-27T14:00,29.2,81,976.2,12.5,0.2
2024-06-27T15:00,29.3,81,975.5,14.0,0.1
2024-06-27T16:00,29.1,82,974.8,12.7,0.1
2024-06-27T17:00,29.6,78,974.7,11.3,0.0
2024-06-27T18:00,30.4,72,975.2,14.0,0.0
2024-06-27T19:00,29.8,74,975.7,10.5,0.0
2024-06-27T20:00,29.3,77,976.3,9.5,0.0
2024-06-27T21:00,29.0,80,977.2,6.5,0.0
2024-06-27T22:00,28.6,82,977.9,5.7,0.0
2024-06-27T23:00,28.2,85,978.1,5.8,0.0
2024-06-28T00:00,28.0,86,977.6,9.2,0.0
2024-06-28T01:00,27.7,88,976.8,9.7,0.0
2024-06-28T02:00,27.6,89,976.8,9.9,0.0
2024-06-28T03:00,25.6,96,977.3,14.8,5.2
2024-06-28T04:00,25.7,95,976.7,8.6,0.3
2024-06-28T05:00,25.7,96,976.8,9.4,0.3
2024-06-28T06:00,25.9,95,977.6,10.8,2.9
2024-06-28T07:00,25.9,96,977.3,9.5,3.4
2024-06-28T08:00,25.9,95,977.3,10.0,3.2
2024-06-28T09:00,25.8,95,977.6,10.9,2.2
2024-06-28T10:00,26.3,93,977.5,11.0,1.5
2024-06-28T11:00,27.1,89,977.0,8.2,0.9
2024-06-28T12:00,28.2,83,976.6,6.9,0.5
2024-06-28T13:00,28.6,80,975.5,7.7,0.3
2024-06-28T14:00,29.3,76,974.7,6.4,0.1
2024-06-28T15:00,29.9,73,974.2,5.4,0.1
2024-06-28T16:00,30.4,71,973.5,3.6,0.0
2024-06-28T17:00,30.6,71,973.1,6.2,0.0
2024-06-28T18:00,30.4,72,973.6,10.1,0.0
2024-06-28T19:00,29.4,77,974.0,7.9,0.0
2024-06-28T20:00,28.8,80,974.8,8.1,0.0
2024-06-28T21:00,28.5,83,975.7,8.1,0.0
2024-06-28T22:00,28.2,84,975.8,6.8,0.0
2024-06-28T23:00,27.8,85,975.4,7.6,0.0
2024-06-29T00:00,27.6,86,974.9,8.3,0.0
2024-06-29T01:00,27.3,87,974.6,6.5,0.0
2024-06-29T02:00,27.0,89,973.9,3.6,0.0
2024-06-29T03:00,26.8,90,974.1,4.6,0.0
2024-06-29T04:00,26.6,91,974.3,6.8,0.0
2024-06-29T05:00,26.5,92,974.4,5.9,0.0
2024-06-29T06:00,26.8,93,975.2,4.2,3.1
2024-06-29T07:00,27.0,90,975.7,10.6,3.5
2024-06-29T08:00,27.7,88,975.8,11.7,0.5
2024-06-29T09:00,29.4,79,975.5,10.4,0.0
2024-06-29T10:00,31.5,71,975.6,8.5,0.1
2024-06-29T11:00,32.5,68,975.6,6.2,0.2
2024-06-29T12:00,32.9,67,975.3,7.5,0.3
2024-06-29T13:00,32.1,68,974.6,9.2,3.2
2024-06-29T14:00,30.5,77,974.2,11.3,7.3
2024-06-29T15:00,29.8,78,973.0,3.4,0.7
2024-06-29T16:00,30.5,76,972.7,4.0,0.0
2024-06-29T17:00,30.6,77,972.6,7.1,0.0
2024-06-29T18:00,31.1,70,973.5,5.0,0.0
2024-06-29T19:00,30.6,74,973.7,2.9,0.0
2024-06-29T20:00,30.0,76,974.2,4.6,0.0
2024-06-29T21:00,29.7,77,975.0,7.2,0.0
2024-06-29T22:00,29.5,78,975.3,9.8,0.0
2024-06-29T23:00,29.2,79,975.4,11.4,0.0
2024-06-30T00:00,29.0,79,974.8,9.0,0.0
2024-06-30T01:00,28.9,80,974.4,9.2,0.0
2024-06-30T02:00,28.6,81,974.0,5.0,0.0
2024-06-30T03:00,28.6,81,974.3,1.1,0.1
2024-06-30T04:00,27.6,91,974.8,4.0,1.5
2024-06-30T05:00,27.3,93,974.9,3.9,0.0
2024-06-30T06:00,27.1,88,974.8,5.0,0.0
2024-06-30T07:00,28.0,84,975.3,4.5,0.0
2024-06-30T08:00,29.2,81,975.5,4.1,0.0
2024-06-30T09:00,30.6,74,975.7,6.5,0.1
2024-06-30T10:00,31.2,74,975.5,7.3,0.2
2024-06-30T11:00,32.8,67,975.3,8.1,0.0
2024-06-30T12:00,33.1,66,974.5,7.1,0.0
2024-06-30T13:00,33.5,65,973.7,6.4,0.1
2024-06-30T14:00,34.4,60,972.5,6.8,0.0
2024-06-30T15:00,34.8,58,971.5,7.2,0.0
2024-06-30T16:00,34.8,57,971.1,5.2,0.0
2024-06-30T17:00,34.6,58,970.7,5.2,0.0
2024-06-30T18:00,33.2,64,971.4,4.3,0.0
2024-06-30T19:00,32.0,71,971.9,3.3,0.0
2024-06-30T20:00,31.4,73,972.4,5.5,0.0
2024-06-30T21:00,30.7,75,973.3,7.4,0.0
2024-06-30T22:00,30.2,76,973.3,11.2,0.0
2024-06-30T23:00,26.8,90,974.8,15.6,9.9
2024-07-01T00:00,26.5,92,973.6,4.8,7.1
2024-07-01T01:00,26.4,93,973.4,3.9,0.4
2024-07-01T02:00,26.2,95,973.2,6.8,0.2
2024-07-01T03:00,26.1,94,973.1,3.3,2.2
2024-07-01T04:00,26.0,96,972.9,8.4,0.2
2024-07-01T05:00,25.9,96,973.0,5.4,0.1
2024-07-01T06:00,27.9,87,972.3,6.8,0.0
2024-07-01T07:00,28.7,83,972.9,7.4,0.0
2024-07-01T08:00,29.8,79,973.3,9.2,0.0
2024-07-01T09:00,31.1,73,973.5,11.8,0.2
2024-07-01T10:00,32.0,70,973.2,9.2,0.1
2024-07-01T11:00,33.0,67,972.8,8.4,0.0
2024-07-01T12:00,31.7,71,972.2,10.1,0.8
2024-07-01T13:00,32.3,69,971.0,5.2,0.0
2024-07-01T14:00,33.7,66,970.0,6.8,0.0
2024-07-01T15:00,34.1,63,969.3,9.4,0.0
2024-07-01T16:00,33.7,66,968.7,7.7,0.2
2024-07-01T17:00,33.8,65,968.5,7.2,0.0
2024-07-01T18:00,32.5,66,968.9,7.7,0.0
2024-07-01T19:00,31.1,77,969.9,4.3,0.0
2024-07-01T20:00,30.7,82,970.7,1.5,0.0
2024-07-01T21:00,30.4,77,971.2,5.4,0.0
2024-07-01T22:00,30.0,80,971.3,8.6,0.0
2024-07-01T23:00,29.4,81,970.7,10.9,0.0
2024-07-02T00:00,28.1,84,971.3,9.2,0.4
2024-07-02T01:00,27.4,92,970.7,11.2,1.0
2024-07-02T02:00,26.4,95,970.8,9.2,4.3
2024-07-02T03:00,26.5,93,970.3,4.0,5.7
2024-07-02T04:00,26.4,94,970.8,6.3,0.2
2024-07-02T05:00,26.4,94,970.6,4.6,0.0
2024-07-02T06:00,28.2,87,969.8,5.2,0.2
2024-07-02T07:00,28.6,85,970.5,3.1,0.0
2024-07-02T08:00,29.9,79,971.0,8.4,0.0
2024-07-02T09:00,29.8,80,972.2,4.2,0.1
2024-07-02T10:00,29.1,83,972.3,4.8,0.6
2024-07-02T11:00,29.5,82,971.6,6.4,0.1
2024-07-02T12:00,30.6,79,971.3,6.1,0.0
2024-07-02T13:00,32.0,74,970.7,6.2,0.0
2024-07-02T14:00,32.5,73,970.0,6.5,0.0
2024-07-02T15:00,33.2,70,969.2,6.7,0.0
2024-07-02T16:00,33.6,68,969.2,7.2,0.0
2024-07-02T17:00,33.3,68,969.2,7.6,0.0
2024-07-02T18:00,29.7,85,969.5,8.3,0.1
2024-07-02T19:00,29.3,86,969.9,14.9,0.0
2024-07-02T20:00,28.8,84,970.7,12.6,0.0
2024-07-02T21:00,28.5,87,971.5,11.5,0.0
2024-07-02T22:00,27.5,92,972.6,7.9,1.0
2024-07-02T23:00,27.5,93,972.1,10.1,0.4
2024-07-03T00:00,27.2,95,972.1,14.4,0.0
2024-07-03T01:00,26.7,96,972.1,16.1,0.1
2024-07-03T02:00,26.2,97,972.2,10.2,0.5
2024-07-03T03:00,26.1,96,972.1,7.9,0.1
2024-07-03T04:00,26.1,96,972.0,7.6,0.0
2024-07-03T05:00,26.0,96,972.5,6.9,0.0
2024-07-03T06:00,29.3,80,971.9,11.7,0.0
2024-07-03T07:00,29.6,79,971.7,8.1,0.1
2024-07-03T08:00,30.9,74,972.4,4.4,0.0
2024-07-03T09:00,32.2,70,973.2,2.5,0.0
2024-07-03T10:00,32.4,70,974.1,3.4,0.2
2024-07-03T11:00,31.5,74,974.0,5.4,0.9
2024-07-03T12:00,32.1,73,973.6,6.3,0.0
2024-07-03T13:00,32.6,72,973.1,5.0,0.0
2024-07-03T14:00,32.9,71,972.4,7.4,0.0
2024-07-03T15:00,32.6,72,971.7,10.3,0.0
2024-07-03T16:00,32.8,71,971.9,12.2,0.0
2024-07-03T17:00,32.4,72,971.9,13.1,0.0
2024-07-03T18:00,28.4,83,973.6,12.8,0.0
2024-07-03T19:00,27.7,87,974.0,10.8,0.2
2024-07-03T20:00,27.3,90,974.5,8.2,0.1
2024-07-03T21:00,27.2,91,975.1,8.1,0.2
2024-07-03T22:00,27.0,96,976.7,2.9,0.1
2024-07-03T23:00,27.0,93,976.0,4.9,0.0
2024-07-04T00:00,26.7,95,975.9,2.1,0.0
2024-07-04T01:00,26.5,97,975.3,6.6,0.0
2024-07-04T02:00,26.4,95,974.9,8.2,0.1
2024-07-04T03:00,26.1,95,974.8,9.8,0.0
2024-07-04T04:00,25.9,96,974.8,8.0,0.0
2024-07-04T05:00,25.7,96,975.3,9.4,0.2
2024-07-04T06:00,25.5,95,976.7,7.7,2.4
2024-07-04T07:00,25.5,95,977.0,7.8,2.1
2024-07-04T08:00,25.7,95,977.3,8.2,0.8
2024-07-04T09:00,26.5,91,977.2,9.5,0.5
2024-07-04T10:00,28.7,78,977.3,9.8,0.4
2024-07-04T11:00,28.7,78,977.1,7.6,0.1
2024-07-04T12:00,29.9,72,976.4,8.2,0.3
2024-07-04T13:00,31.2,68,975.2,10.2,0.3
2024-07-04T14:00,31.0,68,974.3,11.3,0.1
2024-07-04T15:00,31.1,67,973.8,7.9,0.0
2024-07-04T16:00,31.6,65,973.4,9.1,0.0
2024-07-04T17:00,31.4,66,973.1,11.1,0.0
2024-07-04T18:00,29.9,72,973.7,7.5,0.0
2024-07-04T19:00,29.1,77,974.2,5.8,0.0
2024-07-04T20:00,28.2,81,974.5,5.4,0.0
2024-07-04T21:00,27.6,83,974.9,6.7,0.0
2024-07-04T22:00,27.3,84,975.0,5.2,0.0
2024-07-04T23:00,27.0,86,974.9,4.0,0.0
2024-07-05T00:00,26.8,91,974.5,3.0,0.0
2024-07-05T01:00,26.9,90,973.7,1.8,0.0
2024-07-05T02:00,26.6,90,973.5,2.2,0.0
2024-07-05T03:00,26.5,90,973.3,4.1,0.0
2024-07-05T04:00,26.2,93,973.4,7.7,0.0
2024-07-05T05:00,26.2,94,973.0,8.0,0.0
2024-07-05T06:00,26.7,92,973.1,9.8,0.0
2024-07-05T07:00,27.2,89,973.7,8.7,0.0
2024-07-05T08:00,27.8,86,974.1,8.1,0.1
2024-07-05T09:00,27.9,85,974.4,12.7,0.1
2024-07-05T10:00,27.1,89,974.1,12.4,0.3
2024-07-05T11:00,28.7,80,973.6,6.6,0.1
2024-07-05T12:00,29.8,76,972.8,10.8,0.1
2024-07-05T13:00,30.4,73,971.9,7.8,0.0
2024-07-05T14:00,30.2,75,970.9,9.7,0.0
2024-07-05T15:00,30.2,75,970.6,10.2,0.0
2024-07-05T16:00,29.8,76,969.6,12.4,0.0
2024-07-05T17:00,29.4,79,969.5,12.1,0.0
2024-07-05T18:00,29.0,78,970.5,12.3,0.0
2024-07-05T19:00,28.0,82,970.9,13.1,0.0
2024-07-05T20:00,27.2,84,971.8,14.1,0.0
2024-07-05T21:00,26.7,86,972.1,16.2,0.0
2024-07-05T22:00,26.5,88,972.7,14.6,0.0
2024-07-05T23:00,26.5,88,972.7,11.5,0.0
2024-07-06T00:00,26.4,89,971.9,11.9,0.0
2024-07-06T01:00,26.3,90,971.1,9.8,0.0
2024-07-06T02:00,26.1,91,970.1,11.1,0.0
2024-07-06T03:00,26.0,91,969.7,8.6,0.0
2024-07-06T04:00,26.1,91,970.3,4.4,0.0
2024-07-06T05:00,26.3,90,971.1,3.1,0.3
2024-07-06T06:00,26.2,91,971.0,5.6,0.0
2024-07-06T07:00,27.1,89,971.6,9.7,0.0
2024-07-06T08:00,28.3,83,972.2,7.1,0.1
2024-07-06T09:00,29.1,80,972.5,7.2,0.2
2024-07-06T10:00,30.6,75,972.6,5.8,0.2
2024-07-06T11:00,31.5,69,972.1,8.0,0.0
2024-07-06T12:00,31.6,68,971.4,10.2,0.1
2024-07-06T13:00,32.6,65,970.8,6.4,0.0
2024-07-06T14:00,33.0,62,969.7,5.8,0.0
2024-07-06T15:00,32.9,62,969.7,10.4,0.0
2024-07-06T16:00,31.5,70,969.4,15.8,0.1
2024-07-06T17:00,30.8,73,969.8,12.6,0.0
2024-07-06T18:00,29.3,75,971.0,13.7,0.0
2024-07-06T19:00,28.1,80,971.7,11.9,0.0
2024-07-06T20:00,27.2,83,971.8,13.1,0.0
2024-07-06T21:00,26.5,86,973.2,11.5,0.0
2024-07-06T22:00,26.3,87,973.7,7.2,0.0
2024-07-06T23:00,26.1,89,973.7,6.1,0.0
2024-07-07T00:00,25.8,91,972.8,5.2,0.0
2024-07-07T01:00,25.9,91,972.5,1.8,0.0
2024-07-07T02:00,25.8,92,972.4,6.0,0.0
2024-07-07T03:00,25.8,94,972.4,4.8,0.0
2024-07-07T04:00,25.6,95,972.4,4.6,0.0
2024-07-07T05:00,25.6,96,972.9,2.3,0.0
2024-07-07T06:00,25.6,87,974.5,8.3,0.0
2024-07-07T07:00,26.3,84,974.8,5.1,0.0
2024-07-07T08:00,27.3,81,975.3,5.6,0.0
2024-07-07T09:00,29.1,75,975.1,8.0,0.0
2024-07-07T10:00,30.7,69,974.9,5.1,0.0
2024-07-07T11:00,31.9,64,974.9,2.7,0.0
2024-07-07T12:00,32.8,60,974.9,3.6,0.0
2024-07-07T13:00,33.0,58,974.5,7.3,0.1
2024-07-07T14:00,33.3,57,974.1,4.9,0.0
2024-07-07T15:00,33.5,56,973.5,6.6,0.0
2024-07-07T16:00,33.1,57,972.9,11.2,0.0
2024-07-07T17:00,32.3,60,973.4,14.2,0.0
2024-07-07T18:00,28.5,70,974.8,11.0,0.0
2024-07-07T19:00,27.7,74,975.3,8.5,0.0
2024-07-07T20:00,27.2,77,976.0,9.3,0.0
2024-07-07T21:00,26.9,79,976.7,9.8,0.0
2024-07-07T22:00,26.6,81,977.2,8.1,0.0
2024-07-07T23:00,26.4,83,977.4,8.0,0.0
2024-07-08T00:00,26.0,85,977.4,6.0,0.0
2024-07-08T01:00,25.8,87,976.8,4.7,0.0
2024-07-08T02:00,25.5,89,976.4,5.6,0.0
2024-07-08T03:00,25.3,91,976.4,7.8,0.0
2024-07-08T04:00,25.5,90,976.8,6.5,0.0
2024-07-08T05:00,25.8,88,977.1,7.3,0.0
2024-07-08T06:00,26.1,88,977.9,3.7,0.0
2024-07-08T07:00,27.2,84,978.7,7.7,0.0
2024-07-08T08:00,28.1,81,978.5,7.3,0.0
2024-07-08T09:00,29.4,75,978.6,11.2,0.0
2024-07-08T10:00,30.5,70,978.6,8.5,0.0
2024-07-08T11:00,31.8,64,978.8,10.4,0.0
2024-07-08T12:00,32.5,61,978.4,11.4,0.0
2024-07-08T13:00,32.8,60,977.8,8.5,0.0
2024-07-08T14:00,33.2,58,976.9,7.3,0.0
2024-07-08T15:00,33.1,58,976.1,8.1,0.0
2024-07-08T16:00,32.8,59,975.6,8.6,0.0
2024-07-08T17:00,32.3,61,975.2,7.0,0.0
2024-07-08T18:00,30.1,67,976.5,4.4,0.0
2024-07-08T19:00,29.0,73,977.1,7.6,0.0
2024-07-08T20:00,28.1,80,977.6,10.7,0.0
2024-07-08T21:00,27.8,84,978.2,7.9,0.0
2024-07-08T22:00,27.7,85,978.6,7.2,0.0
2024-07-08T23:00,27.5,85,978.5,8.3,0.0
2024-07-09T00:00,27.2,85,978.4,9.1,0.0
2024-07-09T01:00,26.9,86,978.3,10.9,0.0
2024-07-09T02:00,26.7,87,978.4,11.4,0.0
2024-07-09T03:00,26.5,88,978.2,10.0,0.0
2024-07-09T04:00,26.4,90,978.5,9.7,0.0
2024-07-09T05:00,26.2,91,978.5,7.6,0.0
2024-07-09T06:00,27.8,85,979.0,6.1,0.0
2024-07-09T07:00,28.8,82,979.4,7.1,0.0
2024-07-09T08:00,30.1,78,979.4,8.8,0.1
2024-07-09T09:00,30.6,77,980.2,4.0,0.2
2024-07-09T10:00,31.3,76,979.9,2.3,0.2
2024-07-09T11:00,32.0,71,979.7,8.9,1.1
2024-07-09T12:00,30.0,80,979.4,10.8,2.3
2024-07-09T13:00,30.0,79,979.1,8.7,0.9
2024-07-09T14:00,31.4,73,978.1,5.9,0.1
2024-07-09T15:00,31.9,72,977.1,5.1,0.0
2024-07-09T16:00,32.3,70,976.3,0.5,0.0
2024-07-09T17:00,32.4,69,975.5,0.8,0.0
2024-07-09T18:00,31.8,69,976.7,4.1,0.0
2024-07-09T19:00,30.6,75,976.8,4.2,0.0
2024-07-09T20:00,29.7,83,977.3,4.4,0.0
2024-07-09T21:00,29.3,85,978.4,4.0,0.0
2024-07-09T22:00,29.2,84,979.0,5.4,0.0
2024-07-09T23:00,29.0,83,979.1,5.3,0.0
2024-07-10T00:00,28.8,84,979.3,4.2,0.0
2024-07-10T01:00,28.5,87,978.9,4.0,0.0
2024-07-10T02:00,28.3,88,978.5,3.6,0.0
2024-07-10T03:00,27.9,91,977.8,3.0,0.0
2024-07-10T04:00,28.3,88,977.6,2.9,0.0
2024-07-10T05:00,26.5,94,979.0,13.9,3.9
2024-07-10T06:00,28.7,85,979.8,11.2,2.0
2024-07-10T07:00,27.3,92,980.4,7.4,3.2
2024-07-10T08:00,28.2,86,980.3,2.5,0.2
2024-07-10T09:00,29.4,81,980.7,5.6,0.1
2024-07-10T10:00,30.7,77,980.3,2.8,0.1
2024-07-10T11:00,32.0,72,979.8,3.3,0.1
2024-07-10T12:00,32.9,69,979.3,3.6,0.0
2024-07-10T13:00,33.3,67,978.3,4.3,0.0
2024-07-10T14:00,33.7,66,977.4,3.4,0.0
2024-07-10T15:00,34.1,64,976.3,3.9,0.0
2024-07-10T16:00,34.1,62,975.4,6.0,0.0
2024-07-10T17:00,33.7,63,975.1,7.0,0.0
2024-07-10T18:00,33.0,69,976.4,6.9,0.0
2024-07-10T19:00,31.7,77,976.6,5.7,0.2
2024-07-10T20:00,31.1,80,977.1,7.2,0.0
2024-07-10T21:00,30.7,81,977.6,8.0,0.0
2024-07-10T22:00,28.4,86,977.9,14.8,1.5
2024-07-10T23:00,27.8,89,977.3,13.0,0.0
2024-07-11T00:00,28.0,89,976.6,8.6,0.0
2024-07-11T01:00,28.2,88,976.2,7.6,0.0
2024-07-11T02:00,28.1,89,975.8,9.0,0.0
2024-07-11T03:00,28.3,88,975.5,10.2,0.0
2024-07-11T04:00,28.6,86,975.7,10.0,0.0
2024-07-11T05:00,27.9,89,976.4,4.0,0.7
2024-07-11T06:00,26.8,93,976.6,8.7,1.1
2024-07-11T07:00,27.2,93,976.2,9.3,0.1
2024-07-11T08:00,29.1,85,976.4,6.0,0.0
2024-07-11T09:00,31.4,76,976.5,5.4,0.0
2024-07-11T10:00,33.3,69,976.3,6.4,0.0
2024-07-11T11:00,34.6,65,975.7,10.1,0.0
2024-07-11T12:00,35.8,60,974.8,12.0,0.0
2024-07-11T13:00,36.1,57,973.6,12.8,0.0
2024-07-11T14:00,36.4,56,972.4,13.0,0.0
2024-07-11T15:00,36.4,55,971.7,11.6,0.0
2024-07-11T16:00,36.3,55,971.1,10.0,0.0
2024-07-11T17:00,35.9,56,970.6,9.0,0.0
2024-07-11T18:00,34.4,66,970.5,7.3,0.0
2024-07-11T19:00,32.8,72,971.0,4.3,0.0
2024-07-11T20:00,31.8,79,971.3,6.3,0.0
2024-07-11T21:00,27.0,87,972.8,21.0,2.0
2024-07-11T22:00,27.7,86,972.7,10.9,0.0
2024-07-11T23:00,28.0,85,972.7,7.4,0.0
2024-07-12T00:00,28.1,85,972.7,11.9,0.0
2024-07-12T01:00,28.0,86,972.1,11.2,0.0
2024-07-12T02:00,28.3,83,971.6,10.1,0.0
2024-07-12T03:00,28.5,79,971.3,11.0,0.0
2024-07-12T04:00,28.4,78,971.2,12.1,0.0
2024-07-12T05:00,28.3,78,971.5,13.0,0.0
2024-07-12T06:00,27.0,81,972.4,16.2,0.3
2024-07-12T07:00,27.9,81,972.9,10.0,0.0
2024-07-12T08:00,29.2,74,973.3,10.0,0.0
2024-07-12T09:00,30.6,69,973.6,9.0,0.0
2024-07-12T10:00,31.7,67,974.3,5.9,0.0
2024-07-12T11:00,32.9,65,974.0,5.4,0.0
2024-07-12T12:00,34.0,62,973.0,7.6,0.0
2024-07-12T13:00,34.4,61,972.2,9.1,0.0
2024-07-12T14:00,35.2,58,971.3,8.5,0.0
2024-07-12T15:00,35.3,58,969.8,3.8,0.0
2024-07-12T16:00,32.4,65,970.4,23.4,0.0
2024-07-12T17:00,28.8,82,970.6,13.3,0.2
2024-07-12T18:00,31.6,69,971.7,6.9,0.0
2024-07-12T19:00,30.5,75,972.3,3.9,0.0
2024-07-12T20:00,30.0,78,973.2,4.5,0.0
2024-07-12T21:00,29.2,82,973.8,3.4,0.0
2024-07-12T22:00,28.8,84,974.0,5.4,0.0
2024-07-12T23:00,28.4,85,973.8,6.0,0.0
2024-07-13T00:00,28.2,86,973.6,4.8,0.0
2024-07-13T01:00,27.8,88,973.5,3.3,0.0
2024-07-13T02:00,27.6,89,973.2,2.6,0.0
2024-07-13T03:00,27.5,92,972.7,4.0,0.0
2024-07-13T04:00,27.2,92,972.5,4.1,0.0
2024-07-13T05:00,27.2,89,972.9,5.1,0.0
2024-07-13T06:00,25.2,94,975.3,11.7,11.5
2024-07-13T07:00,25.5,93,974.9,2.7,0.6
2024-07-13T08:00,27.7,86,974.6,4.0,0.1
2024-07-13T09:00,29.9,77,974.9,3.2,0.0
2024-07-13T10:00,31.9,66,974.8,7.3,0.0
2024-07-13T11:00,33.0,61,974.5,8.3,0.0
2024-07-13T12:00,33.6,58,974.0,6.6,0.0
2024-07-13T13:00,34.3,56,973.5,8.0,0.0
2024-07-13T14:00,34.2,57,972.7,7.7,0.0
2024-07-13T15:00,33.9,59,971.8,8.5,0.0
2024-07-13T16:00,33.7,59,971.3,7.5,0.0
2024-07-13T17:00,33.3,60,971.0,6.9,0.0
2024-07-13T18:00,31.4,69,971.5,5.1,0.2
2024-07-13T19:00,30.3,78,971.9,4.4,0.0
2024-07-13T20:00,29.5,83,972.4,3.4,0.0
2024-07-13T21:00,29.2,85,973.0,4.4,0.0
2024-07-13T22:00,28.7,87,973.5,3.7,0.0
2024-07-13T23:00,28.3,90,973.7,4.3,0.0
2024-07-14T00:00,28.1,89,973.3,2.5,0.0
2024-07-14T01:00,27.7,91,972.9,2.2,0.0
2024-07-14T02:00,27.7,89,972.6,2.0,0.0
2024-07-14T03:00,27.9,87,972.5,2.5,0.0
2024-07-14T04:00,27.3,90,972.5,4.3,0.0
2024-07-14T05:00,27.0,92,973.0,4.1,0.0
2024-07-14T06:00,28.8,87,974.0,3.6,0.0
2024-07-14T07:00,30.2,80,974.5,4.1,0.0
2024-07-14T08:00,31.2,73,974.8,8.3,0.0
2024-07-14T09:00,31.9,70,974.6,5.7,0.0
2024-07-14T10:00,32.7,64,974.4,3.4,0.0
2024-07-14T11:00,33.0,64,974.4,1.8,0.2
2024-07-14T12:00,33.7,61,974.0,2.2,0.0
2024-07-14T13:00,34.4,57,972.9,0.5,0.1
2024-07-14T14:00,34.8,55,971.9,4.4,0.0
2024-07-14T15:00,34.9,56,971.0,4.6,0.0
2024-07-14T16:00,34.8,55,970.6,7.0,0.0
2024-07-14T17:00,34.3,56,970.8,8.5,0.0
2024-07-14T18:00,33.1,61,971.7,6.9,0.0
2024-07-14T19:00,31.8,67,972.2,6.6,0.0
2024-07-14T20:00,31.2,70,973.1,6.2,0.0
2024-07-14T21:00,30.5,74,974.0,6.4,0.0
2024-07-14T22:00,30.1,75,974.8,6.7,0.0
2024-07-14T23:00,30.0,74,974.8,7.9,0.0
2024-07-15T00:00,29.8,77,974.6,7.1,0.0
2024-07-15T01:00,29.4,80,974.2,6.6,0.0
2024-07-15T02:00,28.9,84,974.2,4.8,0.0
2024-07-15T03:00,25.5,89,975.6,21.4,0.8
2024-07-15T04:00,26.0,90,975.7,13.6,0.3
2024-07-15T05:00,25.7,92,976.4,13.8,0.0
2024-07-15T06:00,28.1,85,976.6,10.9,0.0
2024-07-15T07:00,28.5,83,977.3,12.3,0.0
2024-07-15T08:00,29.9,78,977.6,11.9,0.0
2024-07-15T09:00,31.1,74,977.9,13.0,0.2
2024-07-15T10:00,32.1,70,977.6,12.2,0.1
2024-07-15T11:00,32.7,65,977.2,13.3,0.1
2024-07-15T12:00,33.2,62,976.5,13.5,0.0
2024-07-15T13:00,31.4,71,975.9,11.8,1.2
2024-07-15T14:00,32.9,67,975.3,11.9,0.1
2024-07-15T15:00,33.2,65,974.7,10.6,0.0
2024-07-15T16:00,33.2,64,974.1,11.4,0.0
2024-07-15T17:00,32.6,66,973.9,12.9,0.2
2024-07-15T18:00,32.0,67,974.2,10.8,0.0
2024-07-15T19:00,30.9,72,974.7,10.8,0.0
2024-07-15T20:00,30.4,76,975.1,9.3,0.0
2024-07-15T21:00,29.8,79,975.9,8.9,0.0
2024-07-15T22:00,29.4,80,976.6,9.8,0.0
2024-07-15T23:00,29.1,81,976.5,8.9,0.0
2024-07-16T00:00,28.9,83,976.3,7.9,0.0
2024-07-16T01:00,28.6,85,975.7,8.0,0.3
2024-07-16T02:00,26.8,94,976.4,10.7,6.9
2024-07-16T03:00,26.5,93,976.1,6.0,3.4
2024-07-16T04:00,25.9,95,977.2,8.6,5.1
2024-07-16T05:00,25.6,97,977.5,10.4,0.8
2024-07-16T06:00,27.7,92,977.6,12.4,0.0
2024-07-16T07:00,28.8,88,978.0,12.3,0.0
2024-07-16T08:00,30.5,81,978.2,14.6,0.0
2024-07-16T09:00,31.6,76,978.4,15.5,0.1
2024-07-16T10:00,32.8,70,978.0,14.3,0.1
2024-07-16T11:00,33.6,65,977.9,12.9,0.0
2024-07-16T12:00,34.3,63,977.3,11.9,0.0
2024-07-16T13:00,34.2,64,976.5,11.9,0.1
2024-07-16T14:00,34.1,64,975.7,11.2,0.1
2024-07-16T15:00,34.2,63,974.9,10.1,0.1
2024-07-16T16:00,33.9,64,974.4,10.2,0.0
2024-07-16T17:00,33.5,64,974.0,11.2,0.0
2024-07-16T18:00,33.0,68,974.3,8.6,0.0
2024-07-16T19:00,31.7,73,974.6,8.1,0.0
2024-07-16T20:00,31.1,75,975.0,6.5,0.0
2024-07-16T21:00,30.7,77,976.1,8.6,0.0
2024-07-16T22:00,30.4,78,976.6,11.5,0.0
2024-07-16T23:00,30.2,79,976.8,12.5,0.0
2024-07-17T00:00,29.1,83,976.7,12.3,0.1
2024-07-17T01:00,28.9,85,976.0,10.6,0.0
2024-07-17T02:00,29.0,85,976.0,12.2,0.0
2024-07-17T03:00,28.8,86,975.5,13.4,0.0
2024-07-17T04:00,28.4,87,976.2,12.9,0.0
2024-07-17T05:00,28.2,88,976.9,11.3,0.0
2024-07-17T06:00,29.1,84,977.4,9.7,0.0
2024-07-17T07:00,29.9,82,978.3,12.1,0.0
2024-07-17T08:00,30.9,78,978.7,13.7,0.0
2024-07-17T09:00,31.8,74,978.7,12.6,0.0
2024-07-17T10:00,32.7,71,978.4,11.2,0.0
2024-07-17T11:00,33.5,67,978.1,11.6,0.0
2024-07-17T12:00,33.8,65,977.3,12.2,0.0
2024-07-17T13:00,34.3,64,976.6,11.4,0.1
2024-07-17T14:00,34.7,63,975.5,10.7,0.0
2024-07-17T15:00,34.6,62,974.6,8.0,0.0
2024-07-17T16:00,34.4,62,973.7,7.3,0.0
2024-07-17T17:00,34.1,63,973.6,7.3,0.0
2024-07-17T18:00,32.1,70,974.0,11.0,0.0
2024-07-17T19:00,31.3,73,974.0,8.8,0.0
2024-07-17T20:00,30.7,77,974.8,8.9,0.0
2024-07-17T21:00,30.3,78,975.4,9.1,0.0
2024-07-17T22:00,30.1,79,976.1,8.3,0.0
2024-07-17T23:00,29.8,81,976.7,7.9,0.0
2024-07-18T00:00,29.6,82,976.8,7.9,0.0
2024-07-18T01:00,29.1,85,976.0,9.3,0.7
2024-07-18T02:00,28.4,89,975.6,10.7,0.4
2024-07-18T03:00,28.0,90,975.5,11.8,0.0
2024-07-18T04:00,27.9,90,975.1,12.1,0.0
2024-07-18T05:00,27.7,90,975.6,9.5,0.0
2024-07-18T06:00,29.7,82,975.9,8.8,0.0
2024-07-18T07:00,30.6,80,976.3,8.7,0.0
2024-07-18T08:00,31.8,75,976.6,8.7,0.0
2024-07-18T09:00,32.8,70,976.6,8.0,0.0
2024-07-18T10:00,33.7,66,976.4,6.8,0.0
2024-07-18T11:00,34.4,62,976.4,7.1,0.0
2024-07-18T12:00,34.7,61,975.7,7.6,0.0
2024-07-18T13:00,34.1,63,974.6,9.8,0.5
2024-07-18T14:00,34.1,65,973.8,10.0,0.4
2024-07-18T15:00,34.7,60,972.7,6.8,0.0
2024-07-18T16:00,34.6,60,971.7,6.6,0.0
2024-07-18T17:00,34.0,63,971.6,7.1,0.0
2024-07-18T18:00,31.9,71,972.8,3.7,0.0
2024-07-18T19:00,30.6,79,973.1,4.1,0.0
2024-07-18T20:00,29.9,82,973.8,3.8,0.0
2024-07-18T21:00,29.3,85,974.8,4.2,0.0
2024-07-18T22:00,29.0,86,975.4,3.6,0.0
2024-07-18T23:00,29.0,86,975.6,5.4,0.0
2024-07-19T00:00,28.8,86,974.7,4.3,0.0
2024-07-19T01:00,28.4,89,974.1,3.6,0.0
2024-07-19T02:00,28.5,88,973.5,1.3,0.1
2024-07-19T03:00,27.8,93,973.4,2.2,0.1
2024-07-19T04:00,27.6,93,974.0,2.5,0.2
2024-07-19T05:00,27.3,96,974.5,9.7,0.1
2024-07-19T06:00,27.5,91,974.7,10.7,0.0
2024-07-19T07:00,28.3,87,974.8,9.4,0.0
2024-07-19T08:00,29.6,81,975.0,7.2,0.0
2024-07-19T09:00,30.8,76,975.3,5.8,0.0
2024-07-19T10:00,31.6,72,975.0,7.9,0.1
2024-07-19T11:00,32.7,68,974.4,8.3,0.1
2024-07-19T12:00,33.5,64,974.1,8.6,0.1
2024-07-19T13:00,34.1,61,973.3,8.3,0.1
2024-07-19T14:00,34.3,61,972.5,7.6,0.0
2024-07-19T15:00,34.4,60,971.4,8.9,0.0
2024-07-19T16:00,34.2,61,970.9,9.4,0.0
2024-07-19T17:00,33.8,62,970.8,9.8,0.0
2024-07-19T18:00,31.7,70,972.4,10.4,0.0
2024-07-19T19:00,30.8,74,973.3,10.2,0.0
2024-07-19T20:00,30.2,76,973.7,12.0,0.0
2024-07-19T21:00,29.7,78,974.5,10.3,0.0
2024-07-19T22:00,29.3,80,975.1,10.0,0.0
2024-07-19T23:00,28.9,82,974.9,7.4,0.0
2024-07-20T00:00,28.4,84,974.7,5.2,0.0
2024-07-20T01:00,27.9,88,974.2,8.3,0.0
2024-07-20T02:00,27.6,90,974.4,9.0,0.0
2024-07-20T03:00,27.4,91,974.5,9.1,0.0
2024-07-20T04:00,27.2,92,974.7,9.4,0.0
2024-07-20T05:00,27.1,92,975.0,8.9,0.0
2024-07-20T06:00,28.2,88,975.6,13.0,0.0
2024-07-20T07:00,28.8,85,975.9,10.2,0.0
2024-07-20T08:00,29.8,81,976.1,8.6,0.0
2024-07-20T09:00,31.0,76,976.5,9.5,0.0
2024-07-20T10:00,32.0,70,976.1,9.3,0.0
2024-07-20T11:00,33.3,64,975.7,8.6,0.0
2024-07-20T12:00,34.1,60,974.7,8.4,0.0
2024-07-20T13:00,34.7,58,974.1,8.6,0.1
2024-07-20T14:00,35.1,56,973.3,7.4,0.1
2024-07-20T15:00,35.1,57,972.3,6.3,0.0
2024-07-20T16:00,35.0,57,971.6,5.7,0.0
2024-07-20T17:00,34.6,59,971.8,6.4,0.0
2024-07-20T18:00,33.3,67,973.0,5.4,0.0
2024-07-20T19:00,31.9,72,973.7,5.4,0.0
2024-07-20T20:00,31.3,75,974.3,6.1,0.0
2024-07-20T21:00,30.9,77,974.8,10.0,0.0
2024-07-20T22:00,30.2,80,975.5,11.1,0.0
2024-07-20T23:00,29.7,83,975.7,9.4,0.0
2024-07-21T00:00,29.4,86,975.5,7.0,0.0
2024-07-21T01:00,29.2,88,974.9,6.2,0.0
2024-07-21T02:00,29.0,89,974.7,6.6,0.0
2024-07-21T03:00,28.8,90,974.5,6.0,0.0
2024-07-21T04:00,28.5,92,974.4,3.2,0.0
2024-07-21T05:00,27.2,95,975.3,9.9,0.7
2024-07-21T06:00,27.9,93,974.9,9.0,0.1
2024-07-21T07:00,29.0,88,975.5,9.4,0.0
2024-07-21T08:00,30.4,81,975.8,10.0,0.0
2024-07-21T09:00,31.9,75,976.1,8.9,0.0
2024-07-21T10:00,32.9,71,975.9,10.4,0.0
2024-07-21T11:00,33.4,67,975.7,12.6,0.0
2024-07-21T12:00,31.9,73,975.3,16.3,1.1
2024-07-21T13:00,33.7,68,974.3,13.5,0.0
2024-07-21T14:00,34.6,64,973.2,12.5,0.0
2024-07-21T15:00,34.8,62,972.6,11.3,0.0
2024-07-21T16:00,34.6,62,972.1,10.6,0.0
2024-07-21T17:00,34.2,63,972.1,9.2,0.0
2024-07-21T18:00,31.6,74,972.8,4.8,0.0
2024-07-21T19:00,31.2,76,972.9,8.4,0.0
2024-07-21T20:00,31.0,77,973.9,10.0,0.0
2024-07-21T21:00,30.7,79,974.8,12.2,0.0
2024-07-21T22:00,30.5,79,975.2,12.3,0.0
2024-07-21T23:00,30.2,81,975.3,13.4,0.0
2024-07-22T00:00,28.9,88,975.7,4.0,3.7
2024-07-22T01:00,28.7,90,974.8,8.9,0.3
2024-07-22T02:00,28.5,91,974.3,9.7,0.0
2024-07-22T03:00,28.4,92,974.2,10.2,0.0
2024-07-22T04:00,28.3,92,974.3,9.7,0.0
2024-07-22T05:00,27.8,90,974.9,4.8,0.7
2024-07-22T06:00,29.2,84,975.7,8.4,0.0
2024-07-22T07:00,30.0,83,976.0,9.5,0.0
2024-07-22T08:00,30.9,79,976.2,10.9,0.0
2024-07-22T09:00,32.1,74,976.4,8.9,0.0
2024-07-22T10:00,33.2,68,976.3,8.7,0.0
2024-07-22T11:00,34.1,63,976.0,8.4,0.0
2024-07-22T12:00,34.5,61,975.2,7.7,0.1
2024-07-22T13:00,34.5,61,974.6,8.5,0.0
2024-07-22T14:00,34.2,62,973.7,7.2,0.1
2024-07-22T15:00,34.3,62,972.9,4.1,0.1
2024-07-22T16:00,34.6,61,972.4,4.5,0.0
2024-07-22T17:00,34.3,62,972.1,7.9,0.0
2024-07-22T18:00,30.5,79,972.7,9.9,0.0
2024-07-22T19:00,29.8,82,973.4,9.1,0.0
2024-07-22T20:00,29.4,85,973.9,8.9,0.0
2024-07-22T21:00,29.2,87,974.9,9.7,0.0
2024-07-22T22:00,29.0,88,975.6,10.2,0.0
2024-07-22T23:00,28.8,89,975.7,10.5,0.0
2024-07-23T00:00,28.7,89,975.4,10.0,0.0
2024-07-23T01:00,28.4,91,975.1,8.8,0.0
2024-07-23T02:00,28.2,91,974.7,6.3,0.0
2024-07-23T03:00,28.0,93,974.9,5.6,0.0
2024-07-23T04:00,27.8,93,974.1,7.3,0.0
2024-07-23T05:00,27.7,94,974.2,11.4,0.0
2024-07-23T06:00,28.1,89,975.1,14.9,0.2
2024-07-23T07:00,27.0,91,975.9,3.7,2.6
2024-07-23T08:00,27.6,88,975.9,8.2,0.7
2024-07-23T09:00,28.7,85,976.2,1.1,0.0
2024-07-23T10:00,30.3,77,975.9,3.1,0.0
2024-07-23T11:00,31.7,74,975.5,1.6,0.0
2024-07-23T12:00,33.0,69,974.6,2.4,0.0
2024-07-23T13:00,34.0,65,973.3,2.4,0.0
2024-07-23T14:00,34.4,63,971.5,3.4,0.0
2024-07-23T15:00,34.8,61,970.9,2.5,0.0
2024-07-23T16:00,34.7,60,970.6,2.3,0.0
2024-07-23T17:00,34.3,61,970.4,2.3,0.0
2024-07-23T18:00,33.0,67,971.0,3.8,0.0
2024-07-23T19:00,31.0,79,971.7,6.4,0.4
2024-07-23T20:00,30.3,85,972.1,2.2,0.3
2024-07-23T21:00,29.8,87,973.0,4.4,0.0
2024-07-23T22:00,29.5,88,973.2,5.4,0.0
2024-07-23T23:00,28.5,89,973.1,13.9,0.1
2024-07-24T00:00,28.0,90,973.0,5.8,0.6
2024-07-24T01:00,27.3,92,972.3,7.4,3.6
2024-07-24T02:00,27.1,94,971.8,9.4,0.1
2024-07-24T03:00,26.7,96,971.4,8.8,0.0
2024-07-24T04:00,26.6,96,971.1,5.6,0.0
2024-07-24T05:00,26.4,96,971.3,5.2,0.0
2024-07-24T06:00,26.9,92,971.3,3.3,0.6
2024-07-24T07:00,27.1,92,972.0,2.1,1.4
2024-07-24T08:00,27.4,91,972.1,1.8,0.4
2024-07-24T09:00,28.6,87,972.3,1.9,0.0
2024-07-24T10:00,29.4,84,972.1,4.1,0.1
2024-07-24T11:00,30.4,80,971.6,6.3,0.1
2024-07-24T12:00,31.3,76,970.6,8.4,0.0
2024-07-24T13:00,32.5,70,969.7,9.5,0.0
2024-07-24T14:00,33.1,67,968.7,6.9,0.0
2024-07-24T15:00,33.6,65,967.5,6.6,0.0
2024-07-24T16:00,33.7,65,967.4,5.0,0.0
2024-07-24T17:00,33.6,65,967.2,3.8,0.0
2024-07-24T18:00,31.8,69,968.5,2.8,0.0
2024-07-24T19:00,30.5,78,968.8,3.1,0.0
2024-07-24T20:00,29.9,80,969.2,3.4,0.0
2024-07-24T21:00,29.6,81,970.0,3.6,0.0
2024-07-24T22:00,29.1,84,970.6,3.3,0.0
2024-07-24T23:00,29.0,83,970.6,6.8,0.0
2024-07-25T00:00,28.6,85,970.5,5.4,0.0
2024-07-25T01:00,28.3,88,969.7,2.8,0.0
2024-07-25T02:00,27.9,91,969.4,2.2,0.1
2024-07-25T03:00,27.8,90,969.6,9.2,0.0
2024-07-25T04:00,27.5,90,969.4,10.3,0.0
2024-07-25T05:00,27.2,92,969.7,8.4,0.0
2024-07-25T06:00,27.8,87,970.1,3.8,0.3
2024-07-25T07:00,28.2,86,970.2,3.3,0.0
2024-07-25T08:00,29.6,80,970.5,3.9,0.0
2024-07-25T09:00,31.0,75,971.0,3.8,0.0
2024-07-25T10:00,32.1,72,970.9,3.8,0.0
2024-07-25T11:00,33.0,69,970.6,3.0,0.0
2024-07-25T12:00,33.9,66,970.0,3.3,0.1
2024-07-25T13:00,34.7,61,968.8,4.4,0.0
2024-07-25T14:00,34.5,61,968.2,2.6,0.0
2024-07-25T15:00,34.1,63,967.9,3.0,0.1
2024-07-25T16:00,34.3,61,967.4,2.6,0.0
2024-07-25T17:00,34.2,61,966.9,3.8,0.0
2024-07-25T18:00,32.3,67,968.0,3.7,0.0
2024-07-25T19:00,31.2,81,968.9,3.6,0.0
2024-07-25T20:00,31.6,70,969.6,0.7,0.0
2024-07-25T21:00,30.7,76,970.6,3.3,0.0
2024-07-25T22:00,30.4,77,971.0,9.8,0.0
2024-07-25T23:00,29.6,79,971.2,11.1,0.0
2024-07-26T00:00,29.2,83,970.8,13.0,0.0
2024-07-26T01:00,28.5,86,970.4,6.8,0.1
2024-07-26T02:00,28.1,87,970.5,7.1,0.1
2024-07-26T03:00,27.9,88,970.6,5.2,0.1
2024-07-26T04:00,27.8,89,970.6,1.1,0.0
2024-07-26T05:00,27.4,93,971.1,4.0,0.0
2024-07-26T06:00,27.5,95,972.3,7.9,3.3
2024-07-26T07:00,27.7,93,972.2,7.6,1.2
2024-07-26T08:00,28.0,92,972.0,5.8,0.9
2024-07-26T09:00,28.4,93,973.1,3.4,2.0
2024-07-26T10:00,28.6,92,973.0,5.7,2.1
2024-07-26T11:00,29.5,87,972.8,5.5,0.4
2024-07-26T12:00,30.9,77,972.4,5.1,0.0
2024-07-26T13:00,31.9,70,971.6,5.9,0.0
2024-07-26T14:00,32.2,68,970.7,8.7,0.0
2024-07-26T15:00,32.7,67,969.8,9.8,0.0
2024-07-26T16:00,32.7,68,969.5,8.1,0.0
2024-07-26T17:00,32.6,69,969.6,8.0,0.0
2024-07-26T18:00,33.0,65,970.1,8.4,0.0
2024-07-26T19:00,31.8,70,970.7,6.1,0.0
2024-07-26T20:00,31.1,74,971.3,4.6,0.0
2024-07-26T21:00,30.6,77,972.3,4.1,0.0
2024-07-26T22:00,30.1,80,972.9,11.2,0.0
2024-07-26T23:00,29.3,84,972.9,8.4,0.0
2024-07-27T00:00,28.9,86,972.9,5.9,0.0
2024-07-27T01:00,28.7,88,972.5,3.6,0.0
2024-07-27T02:00,28.5,89,972.4,4.5,0.0
2024-07-27T03:00,28.3,89,972.4,4.7,0.0
2024-07-27T04:00,28.1,89,972.4,8.1,0.0
2024-07-27T05:00,28.0,91,972.6,5.4,0.0
2024-07-27T06:00,28.6,89,973.7,1.9,0.0
2024-07-27T07:00,29.4,85,974.3,2.1,0.0
2024-07-27T08:00,30.7,79,974.6,3.6,0.0
2024-07-27T09:00,31.9,75,975.0,4.0,0.0
2024-07-27T10:00,32.8,72,975.0,6.0,0.0
2024-07-27T11:00,34.0,65,974.7,5.6,0.0
2024-07-27T12:00,33.8,64,973.8,7.2,0.3
2024-07-27T13:00,31.9,72,973.8,16.1,2.7
2024-07-27T14:00,30.0,82,973.6,7.4,1.4
2024-07-27T15:00,31.1,78,973.2,6.1,0.1
2024-07-27T16:00,31.6,76,973.1,9.4,0.0
2024-07-27T17:00,31.4,77,972.7,9.4,0.0
2024-07-27T18:00,32.4,73,972.2,6.5,0.0
2024-07-27T19:00,31.5,79,972.9,3.9,0.0
2024-07-27T20:00,30.8,85,973.6,3.6,0.0
2024-07-27T21:00,30.5,84,974.5,7.6,0.0
2024-07-27T22:00,29.9,85,974.8,5.1,0.0
2024-07-27T23:00,29.5,87,974.4,2.3,0.0
2024-07-28T00:00,29.2,90,974.0,2.3,0.0
2024-07-28T01:00,28.9,93,973.9,3.1,0.0
2024-07-28T02:00,28.9,91,973.2,4.4,0.0
2024-07-28T03:00,28.8,91,973.4,5.2,0.0
2024-07-28T04:00,28.8,92,973.6,4.9,0.0
2024-07-28T05:00,28.6,92,973.9,5.3,0.0
2024-07-28T06:00,29.2,91,974.7,5.2,0.0
2024-07-28T07:00,30.5,83,975.2,5.9,0.0
2024-07-28T08:00,32.0,75,975.4,8.5,0.0
2024-07-28T09:00,33.3,67,975.6,10.1,0.0
2024-07-28T10:00,34.4,64,975.3,13.9,0.1
2024-07-28T11:00,31.8,75,975.5,15.7,5.4
2024-07-28T12:00,30.7,78,974.7,10.7,0.1
2024-07-28T13:00,32.3,74,973.6,12.3,0.4
2024-07-28T14:00,34.2,66,972.7,14.4,0.0
2024-07-28T15:00,35.0,62,972.1,11.9,0.0
2024-07-28T16:00,35.1,60,971.5,11.9,0.0
2024-07-28T17:00,34.6,61,971.4,12.3,0.0
2024-07-28T18:00,33.4,66,972.3,12.5,0.0
2024-07-28T19:00,32.4,70,972.5,10.8,0.0
2024-07-28T20:00,31.6,72,973.2,9.9,0.0
2024-07-28T21:00,31.0,75,973.7,9.3,0.0
2024-07-28T22:00,30.4,78,973.9,9.3,0.0
2024-07-28T23:00,29.9,80,974.1,9.7,0.0
2024-07-29T00:00,29.5,82,974.0,9.5,0.0
2024-07-29T01:00,29.1,84,973.8,9.2,0.0
2024-07-29T02:00,28.8,85,973.5,9.6,0.0
2024-07-29T03:00,28.6,86,973.4,9.4,0.0
2024-07-29T04:00,28.5,87,973.7,9.7,0.0
2024-07-29T05:00,28.3,88,974.0,10.8,0.0
2024-07-29T06:00,28.8,84,974.2,13.0,0.0
2024-07-29T07:00,29.8,80,975.1,15.7,0.0
2024-07-29T08:00,31.0,76,975.5,15.2,0.0
2024-07-29T09:00,32.3,70,975.7,14.7,0.0
2024-07-29T10:00,33.4,65,975.1,14.7,0.0
2024-07-29T11:00,34.4,62,974.7,13.6,0.1
2024-07-29T12:00,35.3,58,973.9,14.6,0.0
2024-07-29T13:00,35.7,57,973.0,15.3,0.1
2024-07-29T14:00,35.4,58,972.2,15.8,0.1
2024-07-29T15:00,35.2,59,971.5,15.0,0.0
2024-07-29T16:00,34.3,62,971.1,15.5,0.0
2024-07-29T17:00,33.5,65,971.1,13.9,0.0
2024-07-29T18:00,33.7,63,972.2,11.1,0.0
2024-07-29T19:00,32.8,68,973.0,7.5,0.0
2024-07-29T20:00,32.0,72,973.9,6.9,0.0
2024-07-29T21:00,31.4,75,974.8,7.4,0.0
2024-07-29T22:00,31.0,77,975.0,7.8,0.0
2024-07-29T23:00,30.7,78,975.3,8.9,0.0
2024-07-30T00:00,30.6,79,975.2,13.4,0.0
2024-07-30T01:00,30.4,79,974.7,12.8,0.0
2024-07-30T02:00,30.0,80,974.2,10.8,0.0
2024-07-30T03:00,29.6,82,974.0,11.4,0.0
2024-07-30T04:00,29.3,84,974.2,11.1,0.0
2024-07-30T05:00,29.0,86,975.2,10.5,0.0
2024-07-30T06:00,30.1,83,975.7,10.5,0.0
2024-07-30T07:00,31.0,80,976.1,11.9,0.0
2024-07-30T08:00,32.3,74,976.1,12.0,0.0
2024-07-30T09:00,33.7,66,976.2,12.7,0.1
2024-07-30T10:00,34.9,61,976.4,13.7,0.0
2024-07-30T11:00,35.7,57,976.2,12.7,0.0
2024-07-30T12:00,36.2,56,975.6,12.3,0.0
2024-07-30T13:00,36.1,56,975.1,13.3,0.0
2024-07-30T14:00,36.4,55,974.2,12.7,0.0
2024-07-30T15:00,36.3,56,973.6,11.4,0.0
2024-07-30T16:00,36.0,57,973.6,9.0,0.0
2024-07-30T17:00,35.6,57,973.0,9.8,0.0
2024-07-30T18:00,34.1,64,974.1,8.6,0.0
2024-07-30T19:00,33.1,68,974.7,4.6,0.0
2024-07-30T20:00,32.6,70,975.4,6.6,0.0
2024-07-30T21:00,32.1,72,975.5,7.9,0.0
2024-07-30T22:00,31.6,74,976.3,10.6,0.0
2024-07-30T23:00,30.5,79,975.5,10.7,0.0
2024-07-31T00:00,29.9,82,975.5,9.2,0.0
2024-07-31T01:00,29.6,83,975.5,7.9,0.0
2024-07-31T02:00,29.3,84,975.4,7.7,0.0
2024-07-31T03:00,29.2,84,975.6,3.7,0.0
2024-07-31T04:00,28.8,87,975.6,7.6,0.1
2024-07-31T05:00,28.6,87,975.6,7.2,0.0
2024-07-31T06:00,28.3,90,975.5,7.5,0.0
2024-07-31T07:00,28.6,86,975.6,6.2,0.0
2024-07-31T08:00,29.8,81,975.7,5.2,0.0
2024-07-31T09:00,31.0,77,976.3,3.1,0.0
2024-07-31T10:00,32.7,72,976.9,2.4,0.0
2024-07-31T11:00,33.9,67,976.7,1.8,0.0
2024-07-31T12:00,35.3,62,976.0,2.2,0.0
2024-07-31T13:00,36.5,58,975.1,1.8,0.0
2024-07-31T14:00,37.1,54,973.6,1.1,0.0
2024-07-31T15:00,36.7,54,973.1,3.3,0.0
2024-07-31T16:00,35.8,58,972.7,6.9,0.0
2024-07-31T17:00,33.2,69,973.0,13.6,1.6
2024-07-31T18:00,33.8,69,971.8,11.6,0.1
2024-07-31T19:00,28.6,93,973.7,10.2,21.6
2024-07-31T20:00,28.0,92,974.0,8.5,18.2
2024-07-31T21:00,27.1,97,975.4,9.9,22.6
2024-07-31T22:00,26.8,95,975.9,16.7,21.4
2024-07-31T23:00,26.5,97,975.8,17.4,30.4
2024-08-01T00:00,26.7,97,974.5,17.8,13.3
2024-08-01T01:00,27.1,96,974.3,14.1,5.7
2024-08-01T02:00,27.3,96,974.2,9.7,4.9
2024-08-01T03:00,27.4,97,974.1,8.4,3.2
2024-08-01T04:00,26.8,97,974.1,13.2,1.6
2024-08-01T05:00,26.5,98,974.3,10.4,1.2
2024-08-01T06:00,25.5,96,975.3,6.8,1.3
2024-08-01T07:00,25.7,95,975.8,2.2,0.6
2024-08-01T08:00,26.2,93,976.0,0.8,1.0
2024-08-01T09:00,27.0,90,976.2,1.9,1.1
2024-08-01T10:00,28.1,82,976.3,4.3,0.3
2024-08-01T11:00,29.2,79,976.5,4.0,0.1
2024-08-01T12:00,29.6,75,975.3,4.9,0.0
2024-08-01T13:00,30.5,72,974.5,6.6,0.1
2024-08-01T14:00,31.2,70,973.6,5.5,0.0
2024-08-01T15:00,31.2,71,972.8,4.9,0.0
2024-08-01T16:00,31.0,71,972.5,2.6,0.0
2024-08-01T17:00,31.0,71,972.2,2.6,0.1
2024-08-01T18:00,29.7,75,973.5,3.8,0.0
2024-08-01T19:00,28.8,81,974.2,4.2,0.0
2024-08-01T20:00,28.4,82,974.9,10.2,0.1
2024-08-01T21:00,27.6,84,975.6,9.1,0.1
2024-08-01T22:00,27.1,86,975.6,5.9,0.0
2024-08-01T23:00,26.7,90,975.6,2.6,0.0
2024-08-02T00:00,26.6,93,975.2,1.3,0.0
2024-08-02T01:00,26.3,95,974.6,0.7,0.0
2024-08-02T02:00,26.1,93,974.1,7.9,0.1
2024-08-02T03:00,25.9,91,973.9,9.0,0.2
2024-08-02T04:00,25.5,93,973.8,9.5,0.0
2024-08-02T05:00,25.5,93,974.0,9.3,0.0
2024-08-02T06:00,26.4,90,974.1,9.5,0.2
2024-08-02T07:00,26.8,88,974.4,9.2,0.0
2024-08-02T08:00,28.1,83,974.8,12.8,0.0
2024-08-02T09:00,29.5,77,974.9,14.8,0.0
2024-08-02T10:00,30.1,77,974.7,14.2,0.0
2024-08-02T11:00,31.1,73,974.2,16.1,0.0
2024-08-02T12:00,31.5,69,972.8,17.6,0.1
2024-08-02T13:00,31.8,69,972.5,17.0,0.1
2024-08-02T14:00,32.2,68,971.3,15.7,0.0
2024-08-02T15:00,31.1,72,971.0,15.5,0.4
2024-08-02T16:00,31.4,73,970.9,12.7,1.0
2024-08-02T17:00,30.5,75,971.3,12.0,0.9
2024-08-02T18:00,28.3,84,972.2,11.2,0.0
2024-08-02T19:00,27.7,86,972.9,9.2,0.0
2024-08-02T20:00,27.6,87,973.7,10.9,0.0
2024-08-02T21:00,27.5,89,974.5,10.0,0.0
2024-08-02T22:00,27.4,90,974.9,9.0,0.0
2024-08-02T23:00,27.4,90,974.8,10.0,0.0
2024-08-03T00:00,27.2,91,974.9,13.8,0.1
2024-08-03T01:00,26.7,90,974.4,11.3,0.1
2024-08-03T02:00,26.4,92,974.2,9.5,0.0
2024-08-03T03:00,26.1,95,974.0,9.5,0.0
2024-08-03T04:00,26.0,95,974.3,11.8,0.0
2024-08-03T05:00,26.0,95,974.6,12.6,0.0
2024-08-03T06:00,27.1,91,974.6,14.6,0.0
2024-08-03T07:00,27.9,87,975.3,17.8,0.1
2024-08-03T08:00,28.7,84,975.5,17.6,0.1
2024-08-03T09:00,30.0,78,976.1,14.8,0.1
2024-08-03T10:00,30.6,75,976.3,15.7,0.1
2024-08-03T11:00,31.3,72,976.1,17.6,0.1
2024-08-03T12:00,31.8,70,975.9,18.0,0.1
2024-08-03T13:00,32.4,69,975.1,19.6,0.1
2024-08-03T14:00,31.5,70,974.5,20.9,0.8
2024-08-03T15:00,30.9,74,973.9,18.3,0.2
2024-08-03T16:00,31.7,71,973.4,18.4,0.0
2024-08-03T17:00,31.5,71,973.6,16.6,0.0
2024-08-03T18:00,29.6,80,974.8,9.7,0.0
2024-08-03T19:00,28.8,83,975.6,6.9,0.0
2024-08-03T20:00,28.3,85,976.4,5.9,0.0
2024-08-03T21:00,28.0,87,977.3,5.5,0.0
2024-08-03T22:00,27.9,87,977.6,8.7,0.0
2024-08-03T23:00,27.6,87,977.9,10.0,0.0
2024-08-04T00:00,27.4,86,978.0,10.7,0.0
2024-08-04T01:00,27.2,86,977.4,9.3,0.0
2024-08-04T02:00,27.1,86,977.1,9.1,0.0
2024-08-04T03:00,27.0,86,977.0,9.1,0.0
2024-08-04T04:00,26.9,87,977.2,7.7,0.0
2024-08-04T05:00,26.9,87,977.3,8.0,0.0
2024-08-04T06:00,27.2,86,977.4,10.9,0.0
2024-08-04T07:00,28.1,81,977.7,11.5,0.0
2024-08-04T08:00,29.5,72,978.2,19.3,0.0
2024-08-04T09:00,30.3,69,978.5,24.0,0.0
2024-08-04T10:00,31.0,67,978.6,25.7,0.0
2024-08-04T11:00,31.9,63,978.3,25.9,0.0
2024-08-04T12:00,32.6,60,977.6,25.6,0.0
2024-08-04T13:00,33.0,59,976.4,23.2,0.0
2024-08-04T14:00,33.5,57,975.0,23.1,0.0
2024-08-04T15:00,33.4,57,974.4,25.2,0.0
2024-08-04T16:00,32.7,62,973.9,19.9,0.0
2024-08-04T17:00,32.3,64,974.0,19.4,0.0
2024-08-04T18:00,30.2,75,975.1,12.6,0.0
2024-08-04T19:00,29.4,77,975.7,13.9,0.1
2024-08-04T20:00,29.2,77,976.5,17.4,0.0
2024-08-04T21:00,29.1,77,977.5,19.8,0.0
2024-08-04T22:00,28.8,78,977.4,20.8,0.0
2024-08-04T23:00,28.4,79,977.3,22.5,0.0
2024-08-05T00:00,28.0,80,977.2,23.7,0.1
2024-08-05T01:00,27.3,83,976.8,22.4,0.2
2024-08-05T02:00,27.1,85,976.5,23.2,0.1
2024-08-05T03:00,26.9,84,976.0,24.7,0.0
2024-08-05T04:00,26.8,85,975.8,25.2,0.0
2024-08-05T05:00,26.8,86,975.8,26.0,0.0
2024-08-05T06:00,26.4,92,977.0,24.1,0.2
2024-08-05T07:00,27.2,87,977.2,28.3,0.0
2024-08-05T08:00,27.6,83,977.3,31.0,0.0
2024-08-05T09:00,27.7,83,977.7,28.4,0.0
2024-08-05T10:00,29.8,73,977.5,28.1,0.1
2024-08-05T11:00,30.5,70,977.7,27.3,0.2
2024-08-05T12:00,31.5,66,977.2,24.6,0.1
2024-08-05T13:00,32.4,62,976.5,24.5,0.1
2024-08-05T14:00,32.6,61,975.3,23.4,0.1
2024-08-05T15:00,32.5,62,974.1,22.2,0.0
2024-08-05T16:00,32.3,62,974.0,20.2,0.0
2024-08-05T17:00,31.4,66,973.6,19.1,0.0
2024-08-05T18:00,29.7,73,975.3,15.3,0.0
2024-08-05T19:00,28.9,76,975.8,13.2,0.0
2024-08-05T20:00,28.7,77,976.5,13.4,0.0
2024-08-05T21:00,28.4,79,977.2,13.6,0.0
2024-08-05T22:00,28.2,80,977.5,13.2,0.0
2024-08-05T23:00,28.2,81,977.3,13.2,0.0
2024-08-06T00:00,28.0,82,976.8,11.6,0.0
2024-08-06T01:00,27.7,84,976.2,10.9,0.0
2024-08-06T02:00,27.4,83,975.8,11.8,0.0
2024-08-06T03:00,27.1,84,975.8,10.8,0.0
2024-08-06T04:00,26.7,86,975.9,9.7,0.0
2024-08-06T05:00,26.4,88,976.0,9.0,0.0
2024-08-06T06:00,26.8,88,976.3,9.5,0.0
2024-08-06T07:00,27.6,82,976.6,10.5,0.0
2024-08-06T08:00,28.7,76,976.4,9.4,0.0
2024-08-06T09:00,29.4,74,976.3,9.8,0.1
2024-08-06T10:00,29.3,75,976.2,11.9,0.0
2024-08-06T11:00,30.0,72,975.9,12.3,0.0
2024-08-06T12:00,30.9,68,975.5,13.0,0.0
2024-08-06T13:00,31.2,66,974.9,13.4,0.0
2024-08-06T14:00,31.2,66,974.4,14.6,0.0
2024-08-06T15:00,31.3,65,973.6,14.7,0.0
2024-08-06T16:00,31.8,63,973.0,13.9,0.0
2024-08-06T17:00,31.5,64,973.1,9.7,0.0
2024-08-06T18:00,30.7,71,973.3,10.7,0.0
2024-08-06T19:00,29.4,75,974.2,9.6,0.0
2024-08-06T20:00,28.8,79,975.0,9.4,0.0
2024-08-06T21:00,28.6,80,975.9,11.7,0.0
2024-08-06T22:00,28.1,80,976.5,11.6,0.0
2024-08-06T23:00,27.5,80,976.7,11.8,0.0
2024-08-07T00:00,27.1,81,976.4,10.8,0.1
2024-08-07T01:00,26.7,83,975.8,9.5,0.0
2024-08-07T02:00,26.4,84,975.5,8.6,0.0
2024-08-07T03:00,26.6,84,975.1,7.4,0.0
2024-08-07T04:00,26.6,85,975.4,6.2,0.0
2024-08-07T05:00,26.6,86,975.8,6.4,0.1
2024-08-07T06:00,26.8,90,975.8,3.9,0.9
2024-08-07T07:00,26.8,90,976.4,5.9,0.5
2024-08-07T08:00,26.9,90,977.1,9.0,0.4
2024-08-07T09:00,26.6,91,977.4,11.2,0.4
2024-08-07T10:00,27.0,90,977.5,10.5,0.5
2024-08-07T11:00,27.6,85,977.5,8.9,0.3
2024-08-07T12:00,28.3,81,976.9,9.7,0.1
2024-08-07T13:00,29.2,77,976.4,8.2,0.1
2024-08-07T14:00,30.1,74,975.6,5.2,0.3
2024-08-07T15:00,30.0,74,975.1,1.6,0.5
2024-08-07T16:00,29.5,76,974.8,0.5,0.5
2024-08-07T17:00,28.9,78,975.2,5.6,0.5
2024-08-07T18:00,26.8,92,976.3,8.1,5.4
2024-08-07T19:00,26.9,92,976.7,7.9,0.1
2024-08-07T20:00,26.5,95,977.5,3.1,0.0
2024-08-07T21:00,26.2,93,978.4,8.3,1.3
2024-08-07T22:00,25.9,95,978.4,7.1,2.5
2024-08-07T23:00,25.5,98,978.6,7.9,1.9
2024-08-08T00:00,25.6,97,978.2,5.2,0.4
2024-08-08T01:00,25.7,96,977.7,6.8,0.3
2024-08-08T02:00,25.5,96,977.3,8.5,0.3
2024-08-08T03:00,25.6,96,977.0,6.9,0.6
2024-08-08T04:00,25.7,95,977.1,6.6,2.0
2024-08-08T05:00,25.6,96,977.3,7.6,2.3
2024-08-08T06:00,25.7,94,977.7,10.2,0.0
2024-08-08T07:00,26.0,92,978.2,10.4,0.0
2024-08-08T08:00,26.8,88,978.6,10.8,0.0
2024-08-08T09:00,27.9,83,979.2,12.3,0.2
2024-08-08T10:00,29.4,75,979.3,10.3,0.1
2024-08-08T11:00,30.6,70,979.1,9.7,0.3
2024-08-08T12:00,31.1,71,978.5,10.4,0.2
2024-08-08T13:00,31.5,69,977.5,9.7,0.0
2024-08-08T14:00,31.1,70,976.6,7.6,0.2
2024-08-08T15:00,30.9,72,976.0,6.1,0.0
2024-08-08T16:00,28.8,82,976.0,7.2,1.4
2024-08-08T17:00,29.0,81,976.3,5.0,0.5
2024-08-08T18:00,27.7,90,977.2,9.0,1.5
2024-08-08T19:00,26.8,93,978.0,7.9,0.2
2024-08-08T20:00,26.3,95,978.7,4.6,0.1
2024-08-08T21:00,26.2,96,979.3,1.6,0.0
2024-08-08T22:00,26.2,96,979.5,1.8,0.1
2024-08-08T23:00,26.0,97,979.6,2.9,0.1
2024-08-09T00:00,25.9,96,979.3,5.2,1.1
2024-08-09T01:00,25.8,96,978.7,3.7,0.1
2024-08-09T02:00,25.7,97,978.7,2.5,0.0
2024-08-09T03:00,25.6,96,978.6,5.6,0.2
2024-08-09T04:00,25.5,95,978.7,7.2,3.3
2024-08-09T05:00,25.3,96,979.0,7.1,0.8
2024-08-09T06:00,26.1,91,979.3,7.3,0.1
2024-08-09T07:00,26.6,89,980.1,5.5,0.3
2024-08-09T08:00,27.3,88,980.2,7.0,0.2
2024-08-09T09:00,28.2,84,980.2,8.0,0.0
2024-08-09T10:00,29.9,75,980.1,7.6,0.1
2024-08-09T11:00,30.6,73,979.8,7.6,0.3
2024-08-09T12:00,31.3,72,979.0,7.2,0.0
2024-08-09T13:00,31.8,71,978.7,6.9,0.1
2024-08-09T14:00,31.7,71,977.9,6.4,0.2
2024-08-09T15:00,31.6,71,977.0,5.7,0.2
2024-08-09T16:00,31.2,72,976.7,4.7,0.2
2024-08-09T17:00,26.7,94,977.4,6.4,11.5
2024-08-09T18:00,28.7,83,977.9,4.0,1.8
2024-08-09T19:00,27.0,92,978.9,1.6,2.0
2024-08-09T20:00,26.8,93,979.5,4.6,1.0
2024-08-09T21:00,25.9,94,980.4,6.9,6.3
2024-08-09T22:00,25.7,96,980.2,8.4,0.3
2024-08-09T23:00,25.7,96,979.9,5.7,0.7
2024-08-10T00:00,25.5,96,979.4,4.3,1.0
2024-08-10T01:00,25.2,97,979.2,6.6,1.1
2024-08-10T02:00,24.9,97,978.9,3.1,2.7
2024-08-10T03:00,24.9,99,978.4,4.7,2.1
2024-08-10T04:00,24.9,97,978.0,4.9,0.3
2024-08-10T05:00,25.0,97,978.7,7.2,0.4
2024-08-10T06:00,26.3,94,979.2,5.1,0.1
2024-08-10T07:00,26.7,93,979.0,9.8,0.1
2024-08-10T08:00,27.5,89,979.4,7.4,0.1
2024-08-10T09:00,28.4,84,979.6,6.7,0.0
2024-08-10T10:00,29.5,78,979.8,7.9,0.2
2024-08-10T11:00,30.1,76,978.9,3.9,0.3
2024-08-10T12:00,30.9,73,978.2,5.6,0.3
2024-08-10T13:00,31.1,71,977.6,5.4,0.3
2024-08-10T14:00,31.2,72,976.4,6.3,0.0
2024-08-10T15:00,31.2,73,975.4,7.2,0.1
2024-08-10T16:00,31.3,72,975.1,4.0,0.1
2024-08-10T17:00,28.9,82,975.4,6.6,4.1
2024-08-10T18:00,28.1,85,977.0,6.4,0.6
2024-08-10T19:00,26.6,93,977.6,3.7,1.8
2024-08-10T20:00,26.6,94,978.1,4.0,0.4
2024-08-10T21:00,26.5,94,978.5,4.9,0.5
2024-08-10T22:00,26.1,95,977.9,5.9,0.1
2024-08-10T23:00,25.9,97,977.8,3.5,0.0
2024-08-11T00:00,25.7,98,977.3,4.9,0.0
2024-08-11T01:00,25.6,97,977.0,3.7,0.0
2024-08-11T02:00,25.7,95,976.7,5.0,0.0
2024-08-11T03:00,25.8,94,976.4,3.4,0.1
2024-08-11T04:00,25.8,94,976.4,2.7,0.0
2024-08-11T05:00,25.6,94,976.8,3.8,0.4
2024-08-11T06:00,26.0,94,977.2,2.4,6.6
2024-08-11T07:00,26.2,93,977.0,8.8,1.4
2024-08-11T08:00,26.6,91,977.3,11.1,0.1
2024-08-11T09:00,27.8,87,978.2,8.2,0.2
2024-08-11T10:00,28.7,83,978.2,7.8,0.2
2024-08-11T11:00,29.6,79,977.7,9.7,0.2
2024-08-11T12:00,30.2,77,976.9,10.3,0.1
2024-08-11T13:00,30.7,74,976.2,9.1,0.0
2024-08-11T14:00,30.9,74,975.4,7.0,0.1
2024-08-11T15:00,29.1,81,974.6,4.5,1.2
2024-08-11T16:00,29.1,80,974.6,4.3,0.2
2024-08-11T17:00,29.2,81,974.5,4.7,0.0
2024-08-11T18:00,27.0,89,976.8,7.7,0.4
2024-08-11T19:00,26.5,92,976.9,8.1,0.2
2024-08-11T20:00,26.2,93,976.8,8.4,0.0
2024-08-11T21:00,26.0,95,977.4,5.6,0.0
2024-08-11T22:00,25.8,96,977.7,4.0,0.0
2024-08-11T23:00,25.8,96,977.9,5.5,0.0
2024-08-12T00:00,25.6,95,977.4,2.9,0.2
2024-08-12T01:00,25.7,95,977.2,4.0,0.2
2024-08-12T02:00,25.7,95,976.9,3.7,0.1
2024-08-12T03:00,25.6,95,976.8,3.4,0.1
2024-08-12T04:00,25.8,96,976.9,5.6,0.0
2024-08-12T05:00,25.6,95,977.2,11.1,0.2
2024-08-12T06:00,25.8,91,977.9,8.4,0.2
2024-08-12T07:00,26.4,90,978.6,10.0,0.5
2024-08-12T08:00,26.5,89,979.0,11.4,0.4
2024-08-12T09:00,26.3,91,979.3,13.6,0.1
2024-08-12T10:00,26.6,90,979.4,12.4,0.5
2024-08-12T11:00,27.3,89,978.9,8.9,0.5
2024-08-12T12:00,28.3,86,978.5,6.9,0.2
2024-08-12T13:00,28.7,83,977.6,3.8,0.1
2024-08-12T14:00,30.0,77,976.8,3.7,0.1
2024-08-12T15:00,28.2,84,976.1,8.2,5.3
2024-08-12T16:00,27.8,86,976.3,8.2,0.8
2024-08-12T17:00,27.7,86,975.8,7.0,0.7
2024-08-12T18:00,26.9,93,976.5,5.6,0.3
2024-08-12T19:00,26.8,95,977.1,5.8,0.1
2024-08-12T20:00,26.6,95,977.9,8.6,0.1
2024-08-12T21:00,26.5,95,978.9,9.8,0.0
2024-08-12T22:00,26.2,96,979.0,10.0,0.1
2024-08-12T23:00,25.9,96,978.7,9.9,0.1
2024-08-13T00:00,25.6,97,978.5,8.8,0.0
2024-08-13T01:00,25.6,97,978.4,8.8,0.0
2024-08-13T02:00,25.5,97,978.4,11.1,0.0
2024-08-13T03:00,25.4,97,978.1,9.7,0.0
2024-08-13T04:00,25.2,98,978.1,10.2,0.0
2024-08-13T05:00,25.2,98,978.5,10.0,0.0
2024-08-13T06:00,25.7,96,979.3,9.7,0.0
2024-08-13T07:00,26.5,91,979.9,11.4,0.1
2024-08-13T08:00,26.8,90,980.2,14.3,1.0
2024-08-13T09:00,27.4,88,980.6,13.2,1.0
2024-08-13T10:00,28.7,80,980.5,15.1,0.2
2024-08-13T11:00,28.8,80,980.0,14.8,0.3
2024-08-13T12:00,30.5,78,979.4,13.2,0.2
2024-08-13T13:00,30.8,74,978.4,12.4,0.4
2024-08-13T14:00,29.3,82,977.6,7.9,2.0
2024-08-13T15:00,28.1,85,977.1,10.4,3.5
2024-08-13T16:00,28.3,85,977.0,6.6,0.2
2024-08-13T17:00,28.5,84,976.8,7.3,0.0
2024-08-13T18:00,28.8,85,977.5,2.5,0.0
2024-08-13T19:00,27.7,91,978.3,3.7,0.0
2024-08-13T20:00,27.4,94,979.1,4.4,0.0
2024-08-13T21:00,27.0,95,979.9,4.3,0.0
2024-08-13T22:00,26.7,95,980.1,3.4,0.2
2024-08-13T23:00,26.6,96,980.2,3.5,0.0
2024-08-14T00:00,26.5,97,980.0,4.7,0.0
2024-08-14T01:00,26.2,98,979.2,3.1,0.0
2024-08-14T02:00,26.0,98,978.6,5.2,0.0
2024-08-14T03:00,25.9,98,978.5,6.4,0.0
2024-08-14T04:00,26.0,98,978.6,8.4,0.0
2024-08-14T05:00,26.1,96,979.2,8.7,0.1
2024-08-14T06:00,26.6,95,979.8,8.7,0.5
2024-08-14T07:00,27.1,90,980.6,10.8,0.1
2024-08-14T08:00,27.7,89,980.9,8.3,0.0
2024-08-14T09:00,28.9,84,981.4,6.1,0.1
2024-08-14T10:00,29.8,80,981.3,9.4,0.2
2024-08-14T11:00,30.0,78,980.7,8.4,0.1
2024-08-14T12:00,30.7,76,980.0,10.1,0.1
2024-08-14T13:00,28.9,84,978.7,5.5,5.0
2024-08-14T14:00,29.7,81,978.1,4.6,0.2
2024-08-14T15:00,30.0,81,977.4,6.7,0.3
2024-08-14T16:00,29.7,81,976.7,6.6,1.1
2024-08-14T17:00,29.6,82,977.0,6.5,0.0
2024-08-14T18:00,29.2,88,977.5,2.1,0.0
2024-08-14T19:00,28.1,92,977.8,4.0,0.0
2024-08-14T20:00,28.1,91,978.6,7.1,0.0
2024-08-14T21:00,27.5,94,979.5,4.3,0.0
2024-08-14T22:00,27.4,93,979.9,7.9,0.0
2024-08-14T23:00,27.1,93,979.9,8.7,0.0
2024-08-15T00:00,26.7,93,979.4,9.4,0.0
2024-08-15T01:00,26.4,95,978.7,6.9,0.0
2024-08-15T02:00,26.2,96,978.2,7.4,0.0
2024-08-15T03:00,26.1,97,978.4,10.8,0.0
2024-08-15T04:00,26.0,98,978.6,7.5,0.0
2024-08-15T05:00,26.2,97,978.6,9.4,0.0
2024-08-15T06:00,26.7,94,979.5,9.5,0.0
2024-08-15T07:00,27.5,90,979.7,12.6,0.0
2024-08-15T08:00,28.5,85,979.8,14.1,0.1
2024-08-15T09:00,29.3,81,980.3,12.7,0.3
2024-08-15T10:00,30.5,77,979.8,12.1,0.2
2024-08-15T11:00,31.6,73,979.2,13.2,0.2
2024-08-15T12:00,31.7,74,978.4,12.2,0.3
2024-08-15T13:00,32.0,74,977.6,9.8,0.5
2024-08-15T14:00,32.2,75,976.4,9.3,0.4
2024-08-15T15:00,32.0,75,976.4,5.1,2.3
2024-08-15T16:00,31.7,76,975.0,10.1,0.2
2024-08-15T17:00,31.3,77,974.7,10.3,0.1
2024-08-15T18:00,28.8,87,975.7,4.3,1.9
2024-08-15T19:00,26.5,95,977.0,6.8,3.7
2024-08-15T20:00,26.5,94,978.0,12.1,0.4
2024-08-15T21:00,26.3,93,978.5,10.9,0.2
2024-08-15T22:00,26.1,95,978.2,7.0,0.1
2024-08-15T23:00,25.9,97,978.0,3.4,0.0
2024-08-16T00:00,25.6,97,978.1,4.7,0.4
2024-08-16T01:00,25.6,97,977.6,10.1,0.2
2024-08-16T02:00,25.6,97,977.1,13.0,0.0
2024-08-16T03:00,25.5,98,977.2,11.5,0.1
2024-08-16T04:00,25.5,98,977.2,11.9,0.2
2024-08-16T05:00,25.7,96,976.7,15.5,0.0
2024-08-16T06:00,25.8,94,977.4,10.8,1.1
2024-08-16T07:00,26.6,90,977.9,12.3,0.0
2024-08-16T08:00,27.6,87,978.5,12.9,0.0
2024-08-16T09:00,28.4,84,978.8,12.2,0.1
2024-08-16T10:00,29.6,79,978.6,13.0,0.2
2024-08-16T11:00,31.0,74,978.3,14.8,0.4
2024-08-16T12:00,31.7,72,977.9,13.6,0.1
2024-08-16T13:00,32.3,68,976.8,13.2,0.1
2024-08-16T14:00,31.3,74,975.7,12.5,0.3
2024-08-16T15:00,31.0,77,974.7,8.8,1.3
2024-08-16T16:00,30.9,78,974.7,9.4,0.1
2024-08-16T17:00,27.5,90,975.1,7.8,5.7
2024-08-16T18:00,28.2,86,976.7,6.2,0.0
2024-08-16T19:00,27.0,91,977.9,13.4,3.7
2024-08-16T20:00,26.8,93,978.0,8.9,1.0
2024-08-16T21:00,26.7,94,978.9,8.4,0.0
2024-08-16T22:00,26.5,95,979.5,8.0,0.0
2024-08-16T23:00,26.4,95,979.6,9.0,0.0
2024-08-17T00:00,26.2,97,979.6,6.9,0.0
2024-08-17T01:00,26.2,97,979.5,6.6,0.0
2024-08-17T02:00,26.1,97,979.1,7.7,0.0
2024-08-17T03:00,26.0,98,979.1,5.3,0.0
2024-08-17T04:00,25.8,99,979.0,4.9,0.0
2024-08-17T05:00,25.7,99,979.3,4.5,0.0
2024-08-17T06:00,26.7,94,980.1,7.1,0.0
2024-08-17T07:00,27.3,91,980.5,6.6,0.0
2024-08-17T08:00,28.2,86,981.0,7.2,0.0
2024-08-17T09:00,29.2,81,981.3,8.2,0.1
2024-08-17T10:00,30.0,77,981.3,5.4,0.3
2024-08-17T11:00,30.8,74,980.9,2.8,0.3
2024-08-17T12:00,31.2,73,980.5,1.8,0.3
2024-08-17T13:00,31.5,73,979.7,5.4,0.1
2024-08-17T14:00,31.6,73,978.7,8.4,0.1
2024-08-17T15:00,31.9,72,977.9,9.3,0.0
2024-08-17T16:00,31.5,73,977.5,8.5,0.2
2024-08-17T17:00,28.6,82,978.4,9.6,6.3
2024-08-17T18:00,29.1,82,978.5,4.7,0.0
2024-08-17T19:00,28.3,89,979.6,3.8,0.0
2024-08-17T20:00,28.4,84,980.3,0.7,0.0
2024-08-17T21:00,27.9,90,981.1,4.8,0.0
2024-08-17T22:00,27.5,92,981.5,5.4,0.0
2024-08-17T23:00,28.1,87,981.6,2.9,0.0
2024-08-18T00:00,27.1,93,981.1,2.1,0.0
2024-08-18T01:00,27.0,93,980.6,4.6,0.0
2024-08-18T02:00,26.9,94,980.3,5.4,0.0
2024-08-18T03:00,26.6,96,980.0,5.5,0.0
2024-08-18T04:00,26.4,97,980.3,6.5,0.0
2024-08-18T05:00,26.2,96,980.4,6.5,0.0
2024-08-18T06:00,27.2,93,980.4,11.6,0.0
2024-08-18T07:00,28.2,86,981.2,11.6,0.0
2024-08-18T08:00,29.5,81,981.6,12.8,0.0
2024-08-18T09:00,30.7,76,982.0,13.6,0.0
2024-08-18T10:00,31.7,72,982.4,13.6,0.0
2024-08-18T11:00,32.1,69,982.1,13.7,0.1
2024-08-18T12:00,32.6,68,981.5,14.0,0.1
2024-08-18T13:00,32.7,67,980.9,12.4,0.0
2024-08-18T14:00,31.2,70,980.1,12.9,0.9
2024-08-18T15:00,29.3,79,978.8,14.7,1.2
2024-08-18T16:00,30.1,78,979.1,5.7,0.0
2024-08-18T17:00,30.1,79,979.2,5.9,0.0
2024-08-18T18:00,30.1,78,978.9,6.6,0.0
2024-08-18T19:00,29.1,82,979.6,5.2,0.0
2024-08-18T20:00,28.7,85,980.3,4.4,0.0
2024-08-18T21:00,28.6,84,981.1,5.7,0.0
2024-08-18T22:00,28.3,85,981.3,6.6,0.0
2024-08-18T23:00,28.0,86,981.2,6.9,0.0
2024-08-19T00:00,27.8,87,981.1,5.9,0.0
2024-08-19T01:00,27.8,86,980.7,8.4,0.0
2024-08-19T02:00,26.9,88,980.5,3.4,0.6
2024-08-19T03:00,26.5,93,980.1,1.6,0.1
2024-08-19T04:00,26.8,92,980.2,2.1,0.0
2024-08-19T05:00,26.2,96,980.1,4.7,0.0
2024-08-19T06:00,26.7,92,980.9,2.0,0.2
2024-08-19T07:00,27.5,89,981.6,4.1,0.0
2024-08-19T08:00,28.4,83,981.4,6.2,0.0
2024-08-19T09:00,29.6,78,981.4,6.3,0.0
2024-08-19T10:00,31.0,72,981.5,11.0,0.0
2024-08-19T11:00,31.6,71,981.1,11.2,0.2
2024-08-19T12:00,32.2,69,980.1,9.7,0.1
2024-08-19T13:00,32.7,67,978.9,12.7,0.0
2024-08-19T14:00,32.7,67,977.7,14.5,0.0
2024-08-19T15:00,31.7,69,977.0,17.0,0.2
2024-08-19T16:00,31.7,68,976.6,13.7,0.0
2024-08-19T17:00,31.0,72,976.5,12.5,0.0
2024-08-19T18:00,29.3,82,977.8,5.4,0.1
2024-08-19T19:00,28.4,85,978.1,4.0,0.1
2024-08-19T20:00,28.0,87,978.6,5.0,0.0
2024-08-19T21:00,27.9,88,979.4,5.6,0.0
2024-08-19T22:00,27.7,89,979.9,7.1,0.0
2024-08-19T23:00,27.6,90,979.7,7.7,0.0
2024-08-20T00:00,27.3,90,979.4,8.0,0.0
2024-08-20T01:00,27.2,90,978.7,8.0,0.0
2024-08-20T02:00,26.9,91,978.4,5.9,0.0
2024-08-20T03:00,26.5,93,978.1,4.0,0.0
2024-08-20T04:00,26.8,92,978.3,3.6,0.0
2024-08-20T05:00,26.5,93,978.6,1.4,0.0
2024-08-20T06:00,26.4,93,979.6,4.9,1.4
2024-08-20T07:00,26.6,91,980.3,6.3,0.8
2024-08-20T08:00,27.2,89,981.0,6.5,0.2
2024-08-20T09:00,27.6,87,981.1,3.2,0.1
2024-08-20T10:00,28.8,82,981.3,1.5,0.0
2024-08-20T11:00,30.1,76,980.8,1.9,0.1
2024-08-20T12:00,30.9,74,980.6,2.3,0.1
2024-08-20T13:00,31.5,74,980.0,0.5,0.2
2024-08-20T14:00,31.6,74,978.8,1.8,0.3
2024-08-20T15:00,31.6,72,977.6,1.1,0.2
2024-08-20T16:00,29.4,79,978.1,12.7,0.6
2024-08-20T17:00,27.2,90,978.5,7.1,0.3
2024-08-20T18:00,29.6,79,979.1,4.3,0.0
2024-08-20T19:00,28.2,85,979.5,8.4,0.0
2024-08-20T20:00,27.6,87,980.1,7.6,0.0
2024-08-20T21:00,27.2,89,981.2,6.1,0.0
2024-08-20T22:00,27.2,90,981.6,7.0,0.0
2024-08-20T23:00,27.0,92,981.8,5.1,0.0
2024-08-21T00:00,26.7,95,981.5,3.4,0.0
2024-08-21T01:00,26.8,93,981.1,1.8,0.0
2024-08-21T02:00,26.2,97,981.0,5.9,0.4
2024-08-21T03:00,26.0,97,980.8,1.6,1.3
2024-08-21T04:00,25.3,97,981.0,6.8,1.8
2024-08-21T05:00,25.1,98,981.3,8.7,0.2
2024-08-21T06:00,25.1,96,981.6,4.2,0.1
2024-08-21T07:00,25.7,93,981.6,2.5,0.1
2024-08-21T08:00,27.0,88,981.9,2.9,0.0
2024-08-21T09:00,28.7,82,982.7,6.4,0.0
2024-08-21T10:00,29.7,78,983.0,6.5,0.0
2024-08-21T11:00,30.8,74,982.6,5.1,0.0
2024-08-21T12:00,31.4,73,981.7,4.0,0.0
2024-08-21T13:00,31.7,72,980.7,3.3,0.1
2024-08-21T14:00,32.0,71,979.9,3.4,0.1
2024-08-21T15:00,31.7,71,978.6,7.1,0.7
2024-08-21T16:00,30.8,72,978.0,4.0,0.6
2024-08-21T17:00,31.1,71,977.9,3.2,0.0
2024-08-21T18:00,29.7,81,979.1,2.5,0.0
2024-08-21T19:00,28.7,87,979.7,4.2,0.0
2024-08-21T20:00,28.1,90,980.3,4.2,0.0
2024-08-21T21:00,27.8,93,980.8,3.7,0.0
2024-08-21T22:00,27.6,93,981.0,5.6,0.0
2024-08-21T23:00,27.4,94,980.8,5.5,0.0
2024-08-22T00:00,24.9,99,981.4,8.4,2.4
2024-08-22T01:00,25.2,96,980.6,5.1,0.1
2024-08-22T02:00,24.7,99,981.2,5.1,2.5
2024-08-22T03:00,25.1,94,980.3,7.1,0.1
2024-08-22T04:00,24.8,97,980.1,2.6,0.0
2024-08-22T05:00,24.9,96,980.3,2.9,0.0
2024-08-22T06:00,26.1,93,980.3,3.0,0.0
2024-08-22T07:00,26.9,92,980.8,3.1,0.0
2024-08-22T08:00,28.3,87,981.1,4.0,0.0
2024-08-22T09:00,29.7,81,981.3,3.6,0.0
2024-08-22T10:00,30.9,77,981.2,3.3,0.0
2024-08-22T11:00,31.7,74,980.7,3.1,0.0
2024-08-22T12:00,32.1,73,980.2,2.0,0.0
2024-08-22T13:00,32.5,73,979.2,2.3,0.0
2024-08-22T14:00,32.6,73,978.3,2.8,0.0
2024-08-22T15:00,32.8,72,976.7,4.6,0.0
2024-08-22T16:00,30.4,76,976.6,6.2,0.5
2024-08-22T17:00,29.9,79,977.0,7.2,0.4
2024-08-22T18:00,29.3,80,978.2,10.7,0.5
2024-08-22T19:00,28.1,86,979.2,8.2,0.5
2024-08-22T20:00,27.4,88,979.5,8.7,0.0
2024-08-22T21:00,26.9,90,980.1,5.5,0.0
2024-08-22T22:00,26.6,91,980.6,5.8,0.0
2024-08-22T23:00,26.3,95,980.8,2.7,0.0
2024-08-23T00:00,25.9,98,980.5,2.2,0.0
2024-08-23T01:00,25.8,99,979.9,2.6,0.0
2024-08-23T02:00,25.6,99,979.8,3.0,0.0
2024-08-23T03:00,25.6,99,979.6,4.0,0.0
2024-08-23T04:00,25.6,98,979.7,10.5,0.0
2024-08-23T05:00,25.2,97,979.9,6.4,0.0
2024-08-23T06:00,24.9,93,981.0,9.7,0.1
2024-08-23T07:00,25.6,90,981.5,9.7,0.0
2024-08-23T08:00,25.7,89,981.9,7.4,0.6
2024-08-23T09:00,26.7,84,982.4,2.6,0.1
2024-08-23T10:00,27.5,82,982.6,5.2,0.1
2024-08-23T11:00,27.9,82,982.0,6.3,0.0
2024-08-23T12:00,28.9,79,981.4,6.1,0.0
2024-08-23T13:00,28.9,78,980.5,6.2,0.0
2024-08-23T14:00,29.9,74,979.5,3.9,0.0
2024-08-23T15:00,30.4,72,978.3,3.8,0.0
2024-08-23T16:00,30.7,70,977.6,4.9,0.0
2024-08-23T17:00,30.7,70,977.2,3.7,0.0
2024-08-23T18:00,29.5,79,978.9,3.6,0.0
2024-08-23T19:00,28.4,83,979.5,4.9,0.0
2024-08-23T20:00,27.8,86,980.2,6.6,0.0
2024-08-23T21:00,27.3,88,980.4,5.6,0.0
2024-08-23T22:00,26.9,90,981.0,5.6,0.0
2024-08-23T23:00,26.5,93,981.2,3.5,0.0
2024-08-24T00:00,26.2,95,980.9,4.3,0.0
2024-08-24T01:00,25.9,96,980.6,4.0,0.0
2024-08-24T02:00,25.8,96,980.4,4.1,0.0
2024-08-24T03:00,25.9,94,980.3,5.4,0.3
2024-08-24T04:00,25.7,96,980.3,5.8,0.0
2024-08-24T05:00,25.3,98,980.5,3.4,0.0
2024-08-24T06:00,26.9,92,981.4,3.1,0.0
2024-08-24T07:00,27.2,90,981.5,1.1,0.0
2024-08-24T08:00,28.5,86,981.7,3.4,0.1
2024-08-24T09:00,27.7,83,982.4,16.6,7.3
2024-08-24T10:00,27.3,85,982.3,8.0,0.4
2024-08-24T11:00,28.3,83,981.8,7.4,0.5
2024-08-24T12:00,30.0,74,980.6,8.7,0.0
2024-08-24T13:00,30.9,72,979.9,7.9,0.1
2024-08-24T14:00,31.5,71,978.6,6.6,0.1
2024-08-24T15:00,31.5,69,977.6,6.6,0.0
2024-08-24T16:00,31.5,69,977.0,6.1,0.0
2024-08-24T17:00,31.1,71,976.7,6.1,0.0
2024-08-24T18:00,30.3,76,977.0,5.8,0.0
2024-08-24T19:00,29.0,84,977.8,5.4,0.0
2024-08-24T20:00,28.6,86,978.4,6.2,0.0
2024-08-24T21:00,28.4,86,979.0,4.8,0.0
2024-08-24T22:00,28.1,87,979.2,5.3,0.0
2024-08-24T23:00,27.9,88,979.1,7.3,0.0
2024-08-25T00:00,27.7,89,978.6,5.8,0.0
2024-08-25T01:00,26.1,92,979.3,17.2,4.0
2024-08-25T02:00,24.9,95,980.1,14.8,6.8
2024-08-25T03:00,25.0,95,979.0,16.3,2.1
2024-08-25T04:00,25.1,94,978.5,13.3,0.1
2024-08-25T05:00,25.1,94,978.2,13.4,0.0
2024-08-25T06:00,26.9,85,979.2,15.8,0.0
2024-08-25T07:00,27.6,82,979.4,19.8,0.0
2024-08-25T08:00,28.5,79,979.3,22.0,0.2
2024-08-25T09:00,29.5,75,978.9,21.4,0.1
2024-08-25T10:00,30.5,71,978.3,20.8,0.0
2024-08-25T11:00,31.4,68,978.1,20.6,0.1
2024-08-25T12:00,32.1,67,977.5,20.3,0.0
2024-08-25T13:00,32.2,66,976.7,22.0,0.1
2024-08-25T14:00,32.2,66,975.6,21.6,0.1
2024-08-25T15:00,32.1,66,974.9,20.2,0.3
2024-08-25T16:00,31.2,72,974.7,16.6,1.2
2024-08-25T17:00,30.0,76,974.9,15.6,0.1
2024-08-25T18:00,29.7,75,975.7,15.4,0.0
2024-08-25T19:00,29.2,75,976.4,13.1,0.0
2024-08-25T20:00,28.9,76,977.0,12.9,0.0
2024-08-25T21:00,28.6,79,977.7,12.0,0.0
2024-08-25T22:00,28.2,81,977.6,12.6,0.0
2024-08-25T23:00,28.0,83,977.2,13.7,0.0
2024-08-26T00:00,27.6,84,976.9,12.6,0.0
2024-08-26T01:00,27.2,86,976.6,11.5,0.0
2024-08-26T02:00,26.8,89,976.4,11.2,0.0
2024-08-26T03:00,26.5,91,976.3,9.4,0.0
2024-08-26T04:00,26.2,92,976.7,9.4,0.0
2024-08-26T05:00,26.0,93,976.8,10.1,0.0
2024-08-26T06:00,27.0,86,977.8,13.4,0.0
2024-08-26T07:00,27.8,82,978.4,16.9,0.0
2024-08-26T08:00,28.7,80,978.6,18.3,0.0
2024-08-26T09:00,29.0,74,979.2,21.1,0.5
2024-08-26T10:00,29.6,78,979.0,17.0,0.2
2024-08-26T11:00,30.9,73,978.8,19.1,0.1
2024-08-26T12:00,31.4,70,978.1,20.3,0.1
2024-08-26T13:00,31.6,69,977.0,18.9,0.0
2024-08-26T14:00,29.9,75,976.2,22.7,1.5
2024-08-26T15:00,29.4,79,975.4,14.3,0.1
2024-08-26T16:00,30.1,76,975.5,14.6,0.0
2024-08-26T17:00,29.8,75,976.0,18.0,0.0
2024-08-26T18:00,27.9,86,976.5,13.7,1.3
2024-08-26T19:00,27.1,89,977.6,11.7,0.0
2024-08-26T20:00,26.7,89,978.3,14.5,0.0
2024-08-26T21:00,26.6,88,978.9,17.6,0.0
2024-08-26T22:00,26.4,88,979.2,17.0,0.0
2024-08-26T23:00,26.3,89,979.1,16.1,0.0
2024-08-27T00:00,26.1,90,979.1,14.7,0.0
2024-08-27T01:00,25.4,92,978.8,24.1,0.1
2024-08-27T02:00,24.3,93,978.4,18.2,0.2
2024-08-27T03:00,24.4,94,977.9,14.9,0.1
2024-08-27T04:00,24.7,95,978.5,13.7,0.0
2024-08-27T05:00,25.1,95,979.0,15.7,0.0
2024-08-27T06:00,25.5,94,979.6,14.7,0.0
2024-08-27T07:00,26.6,88,980.0,20.7,0.0
2024-08-27T08:00,27.4,84,980.4,22.2,0.1
2024-08-27T09:00,28.7,80,980.6,22.2,0.1
2024-08-27T10:00,29.8,75,980.7,23.7,0.1
2024-08-27T11:00,30.6,73,980.4,22.1,0.1
2024-08-27T12:00,31.0,71,979.7,22.2,0.0
2024-08-27T13:00,31.2,70,979.0,21.6,0.1
2024-08-27T14:00,28.9,78,978.0,24.1,3.8
2024-08-27T15:00,30.1,74,977.1,17.2,0.9
2024-08-27T16:00,29.0,77,977.7,16.4,0.4
2024-08-27T17:00,29.0,77,978.0,14.2,0.1
2024-08-27T18:00,27.4,87,978.8,13.4,0.1
2024-08-27T19:00,27.0,89,979.9,8.9,0.0
2024-08-27T20:00,26.4,90,981.3,11.0,0.5
2024-08-27T21:00,25.6,93,981.9,11.5,4.0
2024-08-27T22:00,25.0,94,981.7,16.1,0.2
2024-08-27T23:00,24.9,95,981.7,11.7,0.2
2024-08-28T00:00,24.6,95,981.6,14.2,0.8
2024-08-28T01:00,24.4,96,981.2,11.7,0.2
2024-08-28T02:00,24.3,96,980.4,12.6,0.1
2024-08-28T03:00,24.2,97,980.3,11.0,0.1
2024-08-28T04:00,24.3,97,980.2,8.9,0.1
2024-08-28T05:00,24.3,97,980.3,8.3,0.0
2024-08-28T06:00,25.2,95,980.6,11.9,0.5
2024-08-28T07:00,25.9,90,980.9,14.5,0.1
2024-08-28T08:00,26.7,87,981.0,16.2,0.2
2024-08-28T09:00,27.7,84,981.4,14.8,0.1
2024-08-28T10:00,28.8,78,981.0,13.0,0.0
2024-08-28T11:00,29.9,73,980.3,13.3,0.0
2024-08-28T12:00,30.0,72,979.3,13.6,0.1
2024-08-28T13:00,30.2,72,978.3,12.5,0.1
2024-08-28T14:00,30.3,74,977.1,11.8,0.3
2024-08-28T15:00,30.3,73,976.2,7.9,0.1
2024-08-28T16:00,28.4,80,976.2,7.3,3.3
2024-08-28T17:00,28.7,80,975.8,8.7,0.1
2024-08-28T18:00,26.6,91,977.6,1.8,0.3
2024-08-28T19:00,26.5,95,978.2,5.9,0.7
2024-08-28T20:00,26.5,94,979.2,3.8,0.1
2024-08-28T21:00,26.0,93,979.5,7.2,0.6
2024-08-28T22:00,25.6,94,979.3,7.4,0.0
2024-08-28T23:00,25.3,94,979.0,6.0,0.0
2024-08-29T00:00,24.7,96,978.6,7.9,1.9
2024-08-29T01:00,24.7,95,978.0,5.2,0.6
2024-08-29T02:00,24.8,94,977.6,2.8,2.5
2024-08-29T03:00,24.4,96,977.5,5.8,2.2
2024-08-29T04:00,24.4,96,977.7,8.1,1.1
2024-08-29T05:00,24.4,97,978.2,13.3,0.4
2024-08-29T06:00,24.9,94,979.5,19.4,2.3
2024-08-29T07:00,25.1,95,980.3,13.7,2.8
2024-08-29T08:00,25.3,95,981.1,18.5,1.7
2024-08-29T09:00,25.7,94,981.8,17.1,1.5
2024-08-29T10:00,26.8,92,981.6,17.4,0.5
2024-08-29T11:00,28.3,84,981.4,16.3,0.0
2024-08-29T12:00,29.7,77,980.8,15.1,0.1
2024-08-29T13:00,30.3,71,979.7,15.1,0.1
2024-08-29T14:00,30.6,70,978.5,13.3,0.0
2024-08-29T15:00,30.8,69,977.4,10.9,0.0
2024-08-29T16:00,30.9,67,977.2,8.0,0.0
2024-08-29T17:00,30.5,70,977.3,6.7,0.0
2024-08-29T18:00,28.0,85,978.5,3.6,0.1
2024-08-29T19:00,27.1,89,979.2,5.5,0.1
2024-08-29T20:00,26.6,91,980.4,7.6,0.5
2024-08-29T21:00,26.3,92,981.2,6.5,1.1
2024-08-29T22:00,26.2,93,981.3,5.5,0.0
2024-08-29T23:00,25.9,93,981.5,7.0,0.0
2024-08-30T00:00,25.8,93,981.3,8.2,0.0
2024-08-30T01:00,25.6,93,980.9,8.3,0.0
2024-08-30T02:00,25.4,94,980.4,8.0,0.0
2024-08-30T03:00,25.2,96,980.3,9.1,0.0
2024-08-30T04:00,25.1,97,980.6,8.2,0.0
2024-08-30T05:00,25.0,98,981.2,7.4,0.0
2024-08-30T06:00,25.5,96,981.4,7.6,0.0
2024-08-30T07:00,26.4,93,982.0,6.6,0.0
2024-08-30T08:00,27.9,88,982.5,7.5,0.0
2024-08-30T09:00,29.3,82,983.0,6.1,0.1
2024-08-30T10:00,30.2,79,983.5,4.8,0.3
2024-08-30T11:00,30.8,77,982.9,3.4,0.5
2024-08-30T12:00,31.3,74,982.4,3.9,0.5
2024-08-30T13:00,31.2,73,981.4,3.9,0.4
2024-08-30T14:00,31.1,73,980.3,1.9,0.3
2024-08-30T15:00,30.4,76,979.6,5.2,0.6
2024-08-30T16:00,27.5,87,979.0,9.0,4.7
2024-08-30T17:00,27.9,87,978.9,4.6,0.0
2024-08-30T18:00,26.8,89,980.3,1.8,0.1
2024-08-30T19:00,26.6,95,981.3,2.9,0.0
2024-08-30T20:00,26.6,94,982.1,4.2,0.0
2024-08-30T21:00,26.5,94,982.8,4.9,0.0
2024-08-30T22:00,26.4,94,982.8,3.8,0.0
2024-08-30T23:00,26.1,95,982.6,5.0,0.0
2024-08-31T00:00,26.7,91,982.1,4.1,0.0
2024-08-31T01:00,26.6,91,981.7,3.5,0.0
2024-08-31T02:00,26.3,93,981.3,3.9,0.0
2024-08-31T03:00,25.7,96,981.3,5.1,0.0
2024-08-31T04:00,25.7,96,981.2,4.3,0.0
2024-08-31T05:00,25.6,96,981.2,4.5,0.0
2024-08-31T06:00,26.2,93,981.6,9.0,0.0
2024-08-31T07:00,27.2,90,982.1,8.9,0.0
2024-08-31T08:00,28.7,84,982.1,10.9,0.0
2024-08-31T09:00,30.0,77,982.1,13.3,0.0
2024-08-31T10:00,31.0,72,981.9,13.0,0.0
2024-08-31T11:00,31.8,67,981.6,12.0,0.0
2024-08-31T12:00,32.6,63,981.1,12.2,0.0
2024-08-31T13:00,33.1,61,980.4,12.5,0.0
2024-08-31T14:00,33.3,60,979.6,11.7,0.0
2024-08-31T15:00,33.2,60,978.9,12.0,0.0
2024-08-31T16:00,33.0,61,978.5,11.8,0.0
2024-08-31T17:00,32.0,67,978.3,10.0,0.0
2024-08-31T18:00,30.4,74,979.4,6.6,0.0
2024-08-31T19:00,29.5,77,980.1,6.8,0.0
2024-08-31T20:00,29.0,79,980.4,7.0,0.0
2024-08-31T21:00,28.6,80,980.7,7.2,0.0
2024-08-31T22:00,28.1,82,981.0,6.2,0.0
2024-08-31T23:00,27.6,85,980.9,5.6,0.0
2024-09-01T00:00,27.0,88,980.8,4.9,0.0
2024-09-01T01:00,26.9,88,980.1,4.6,0.0
2024-09-01T02:00,26.7,89,979.8,5.8,0.0
2024-09-01T03:00,26.4,90,979.9,7.2,0.0
2024-09-01T04:00,26.2,91,980.1,7.6,0.0
2024-09-01T05:00,25.9,93,980.6,5.8,0.0
2024-09-01T06:00,27.1,88,980.8,6.6,0.0
2024-09-01T07:00,28.1,85,981.3,7.3,0.0
2024-09-01T08:00,29.6,78,982.0,7.8,0.0
2024-09-01T09:00,30.8,71,982.1,8.9,0.0
2024-09-01T10:00,31.6,66,982.0,10.6,0.0
2024-09-01T11:00,32.4,63,981.7,9.5,0.0
2024-09-01T12:00,33.1,60,980.9,8.4,0.0
2024-09-01T13:00,33.4,59,979.7,8.7,0.0
2024-09-01T14:00,33.5,58,978.5,9.7,0.1
2024-09-01T15:00,33.2,60,977.9,10.1,0.0
2024-09-01T16:00,33.2,60,978.2,9.3,0.0
2024-09-01T17:00,32.3,66,978.4,7.6,0.0
2024-09-01T18:00,30.8,72,979.4,6.7,0.0
2024-09-01T19:00,29.7,77,979.8,5.4,0.0
2024-09-01T20:00,29.2,80,980.4,4.6,0.0
2024-09-01T21:00,29.0,79,981.3,13.0,0.0
2024-09-01T22:00,28.0,84,981.6,11.4,0.0
2024-09-01T23:00,27.4,88,982.0,13.9,0.0
2024-09-02T00:00,26.9,91,981.5,12.2,0.0
2024-09-02T01:00,26.6,94,981.2,12.2,0.0
2024-09-02T02:00,26.6,94,980.8,11.8,0.0
2024-09-02T03:00,26.4,94,981.1,13.6,0.4
2024-09-02T04:00,25.5,95,981.3,14.1,0.4
2024-09-02T05:00,25.1,94,981.4,14.0,0.2
2024-09-02T06:00,26.4,90,982.0,11.3,0.1
2024-09-02T07:00,26.7,88,982.4,12.5,0.1
2024-09-02T08:00,27.2,86,983.3,13.1,3.0
2024-09-02T09:00,27.8,85,983.3,13.8,1.7
2024-09-02T10:00,29.4,81,983.6,10.2,0.2
2024-09-02T11:00,30.4,74,982.9,11.8,0.1
2024-09-02T12:00,30.6,72,982.3,12.6,0.1
2024-09-02T13:00,31.0,71,981.1,10.9,0.1
2024-09-02T14:00,31.3,71,979.6,8.9,0.1
2024-09-02T15:00,31.5,71,978.5,7.7,0.1
2024-09-02T16:00,28.4,83,978.5,8.6,5.0
2024-09-02T17:00,28.6,83,978.3,8.6,0.1
2024-09-02T18:00,29.3,76,978.9,6.5,0.0
2024-09-02T19:00,28.2,81,979.7,6.3,0.0
2024-09-02T20:00,27.6,83,980.6,6.5,0.0
2024-09-02T21:00,27.0,86,981.8,4.7,0.0
2024-09-02T22:00,27.0,85,982.0,6.6,0.0
2024-09-02T23:00,26.9,85,982.2,9.2,0.0
2024-09-03T00:00,26.6,87,981.9,9.0,0.0
2024-09-03T01:00,26.4,89,981.5,9.0,0.0
2024-09-03T02:00,26.2,90,980.8,10.0,0.0
2024-09-03T03:00,26.0,91,980.8,9.9,0.0
2024-09-03T04:00,25.9,92,980.8,10.0,0.0
2024-09-03T05:00,25.8,93,981.2,9.7,0.0
2024-09-03T06:00,25.7,95,981.9,6.7,2.4
2024-09-03T07:00,25.5,95,982.9,8.5,4.6
2024-09-03T08:00,26.0,91,983.7,13.4,0.4
2024-09-03T09:00,26.0,90,983.9,11.5,0.1
2024-09-03T10:00,26.6,87,983.9,11.4,0.1
2024-09-03T11:00,28.9,80,983.3,9.6,0.0
2024-09-03T12:00,30.1,74,982.5,6.8,0.1
2024-09-03T13:00,31.0,73,981.6,6.0,0.1
2024-09-03T14:00,31.5,72,980.1,7.4,0.2
2024-09-03T15:00,31.6,72,978.5,7.7,0.1
2024-09-03T16:00,31.3,71,978.6,7.5,0.0
2024-09-03T17:00,30.3,76,979.1,9.1,0.2
2024-09-03T18:00,26.6,93,981.0,11.5,8.1
2024-09-03T19:00,26.3,93,981.6,1.5,1.3
2024-09-03T20:00,26.3,94,982.3,6.0,0.1
2024-09-03T21:00,26.0,96,982.5,5.0,0.0
2024-09-03T22:00,25.8,94,982.7,9.7,0.0
2024-09-03T23:00,25.4,92,981.8,9.2,0.0
2024-09-04T00:00,25.0,95,981.4,8.9,0.0
2024-09-04T01:00,24.7,97,981.0,5.6,0.0
2024-09-04T02:00,24.5,97,980.6,4.4,0.0
2024-09-04T03:00,24.5,97,980.4,5.3,0.0
2024-09-04T04:00,24.5,96,980.8,8.4,0.0
2024-09-04T05:00,24.4,97,980.8,8.0,0.0
2024-09-04T06:00,24.7,95,980.4,7.9,0.1
2024-09-04T07:00,25.6,92,980.6,2.9,0.0
2024-09-04T08:00,26.8,88,981.6,10.6,0.1
2024-09-04T09:00,27.7,84,981.8,8.6,0.1
2024-09-04T10:00,28.2,81,981.7,5.1,0.4
2024-09-04T11:00,29.2,78,981.5,2.2,0.1
2024-09-04T12:00,29.6,75,980.6,3.3,0.1
2024-09-04T13:00,30.3,73,979.5,3.1,0.0
2024-09-04T14:00,30.8,73,977.9,6.4,0.0
2024-09-04T15:00,30.8,73,976.5,10.0,0.0
2024-09-04T16:00,30.7,73,976.0,9.0,0.0
2024-09-04T17:00,30.1,74,975.8,9.3,0.0
2024-09-04T18:00,27.9,84,977.6,3.5,0.0
2024-09-04T19:00,27.3,91,977.8,1.3,0.0
2024-09-04T20:00,27.0,90,978.2,2.3,0.0
2024-09-04T21:00,26.8,91,978.4,4.0,0.0
2024-09-04T22:00,26.5,92,978.6,5.2,0.0
2024-09-04T23:00,26.1,93,978.7,6.5,0.0
2024-09-05T00:00,25.9,95,978.3,5.5,0.0
2024-09-05T01:00,25.8,95,977.9,6.0,0.0
2024-09-05T02:00,25.5,96,977.6,6.6,0.0
2024-09-05T03:00,25.2,97,977.5,5.8,0.0
2024-09-05T04:00,25.0,97,977.4,6.2,0.0
2024-09-05T05:00,24.8,98,977.9,4.3,0.0
2024-09-05T06:00,25.5,94,978.3,1.8,0.0
2024-09-05T07:00,26.6,89,978.8,1.9,0.0
2024-09-05T08:00,27.9,82,979.3,2.0,0.0
2024-09-05T09:00,29.1,74,979.6,1.1,0.0
2024-09-05T10:00,30.1,68,979.7,0.0,0.0
2024-09-05T11:00,30.9,65,979.3,0.4,0.0
2024-09-05T12:00,31.3,63,978.3,0.7,0.0
2024-09-05T13:00,31.4,64,977.1,1.5,0.0
2024-09-05T14:00,31.6,64,976.2,0.7,0.0
2024-09-05T15:00,31.5,65,975.2,2.5,0.0
2024-09-05T16:00,30.8,69,974.7,5.2,0.1
2024-09-05T17:00,28.9,80,974.9,12.8,0.5
2024-09-05T18:00,25.4,92,975.7,2.4,1.0
2024-09-05T19:00,25.6,94,976.5,4.3,0.6
2024-09-05T20:00,25.7,94,977.3,3.4,0.2
2024-09-05T21:00,25.8,94,978.0,2.2,0.2
2024-09-05T22:00,25.8,95,978.6,2.9,0.3
2024-09-05T23:00,25.5,96,978.4,4.7,0.0
2024-09-06T00:00,26.0,93,978.2,1.8,0.0
2024-09-06T01:00,25.8,95,977.9,1.1,0.0
2024-09-06T02:00,25.1,98,977.8,3.4,0.0
2024-09-06T03:00,24.2,100,978.2,15.6,3.1
2024-09-06T04:00,24.3,98,978.5,8.1,1.2
2024-09-06T05:00,24.3,98,978.6,6.2,1.0
2024-09-06T06:00,24.6,96,979.0,3.6,0.5
2024-09-06T07:00,25.3,92,979.6,5.5,0.1
2024-09-06T08:00,26.4,88,980.3,3.1,0.0
2024-09-06T09:00,28.1,80,980.9,6.1,0.0
2024-09-06T10:00,29.1,76,980.9,7.1,0.2
2024-09-06T11:00,30.0,75,980.7,9.6,0.1
2024-09-06T12:00,30.6,71,979.9,9.3,0.1
2024-09-06T13:00,27.8,82,979.0,6.2,6.0
2024-09-06T14:00,28.1,82,978.1,10.1,0.2
2024-09-06T15:00,27.8,83,977.7,10.9,1.7
2024-09-06T16:00,27.5,84,977.5,10.5,0.2
2024-09-06T17:00,27.7,82,977.9,8.1,0.0
2024-09-06T18:00,26.1,90,979.0,7.2,0.2
2024-09-06T19:00,25.8,94,979.2,3.6,0.1
2024-09-06T20:00,25.7,96,979.8,6.9,0.0
2024-09-06T21:00,25.6,97,980.4,9.3,0.0
2024-09-06T22:00,25.3,97,980.8,7.6,0.0
2024-09-06T23:00,25.1,97,980.9,8.3,0.0
2024-09-07T00:00,24.7,98,980.8,7.4,1.9
2024-09-07T01:00,24.6,96,980.5,8.6,5.7
2024-09-07T02:00,24.5,97,980.1,10.2,0.2
2024-09-07T03:00,24.3,97,980.0,11.8,0.1
2024-09-07T04:00,24.1,98,980.1,10.0,0.1
2024-09-07T05:00,24.2,97,979.7,6.2,0.1
2024-09-07T06:00,24.7,94,980.3,6.1,0.0
2024-09-07T07:00,25.2,90,981.1,6.6,0.0
2024-09-07T08:00,25.4,90,981.6,3.6,0.0
2024-09-07T09:00,26.2,88,982.0,3.8,0.0
2024-09-07T10:00,28.0,81,982.2,4.7,0.2
2024-09-07T11:00,29.1,79,981.9,3.7,0.1
2024-09-07T12:00,30.1,73,981.1,3.6,0.2
2024-09-07T13:00,30.1,72,980.0,3.2,0.1
2024-09-07T14:00,30.1,73,978.7,2.9,0.1
2024-09-07T15:00,30.4,71,978.1,6.5,0.3
2024-09-07T16:00,30.1,72,978.0,6.7,0.2
2024-09-07T17:00,29.7,75,978.0,4.9,0.0
2024-09-07T18:00,26.8,93,978.9,1.0,1.1
2024-09-07T19:00,26.8,94,979.5,2.3,3.1
2024-09-07T20:00,26.4,96,980.3,3.9,3.8
2024-09-07T21:00,26.3,97,981.3,0.8,3.0
2024-09-07T22:00,26.3,96,981.5,1.3,1.9
2024-09-07T23:00,26.2,97,981.3,0.7,1.4
2024-09-08T00:00,25.9,94,981.2,2.5,3.6
2024-09-08T01:00,25.6,94,980.4,3.3,1.1
2024-09-08T02:00,25.7,94,979.9,0.8,0.4
2024-09-08T03:00,25.8,91,979.9,2.5,0.2
2024-09-08T04:00,25.0,95,980.4,6.0,1.6
2024-09-08T05:00,24.4,96,980.6,2.6,3.4
2024-09-08T06:00,25.7,95,981.1,3.6,0.4
2024-09-08T07:00,26.1,94,981.3,4.0,0.6
2024-09-08T08:00,27.1,90,981.8,5.2,0.4
2024-09-08T09:00,28.4,84,982.2,4.9,0.2
2024-09-08T10:00,29.5,81,981.9,4.2,0.2
2024-09-08T11:00,30.5,77,981.3,5.6,0.2
2024-09-08T12:00,31.0,74,980.5,5.7,0.1
2024-09-08T13:00,31.2,74,979.5,8.2,0.2
2024-09-08T14:00,31.3,73,978.5,10.3,0.2
2024-09-08T15:00,31.0,72,977.8,9.6,0.1
2024-09-08T16:00,30.3,75,977.3,5.8,0.2
2024-09-08T17:00,29.5,80,977.5,3.3,0.5
2024-09-08T18:00,27.1,91,978.7,7.9,0.3
2024-09-08T19:00,26.8,91,978.8,6.2,0.2
2024-09-08T20:00,26.6,92,979.1,5.4,0.0
2024-09-08T21:00,26.4,93,979.5,5.4,0.0
2024-09-08T22:00,26.3,93,979.5,5.8,0.0
2024-09-08T23:00,26.2,93,979.1,5.4,0.0
2024-09-09T00:00,25.9,94,978.9,4.1,0.0
2024-09-09T01:00,25.9,93,978.4,4.9,0.0
2024-09-09T02:00,25.7,94,978.0,5.6,0.0
2024-09-09T03:00,25.4,95,978.1,5.5,0.0
2024-09-09T04:00,25.4,95,978.1,6.0,0.0
2024-09-09T05:00,25.2,96,978.2,6.0,0.0
2024-09-09T06:00,26.0,93,978.9,6.7,0.0
2024-09-09T07:00,26.9,91,979.4,6.1,0.0
2024-09-09T08:00,28.3,85,979.8,7.1,0.0
2024-09-09T09:00,29.7,75,980.1,7.1,0.0
2024-09-09T10:00,30.7,69,979.9,7.2,0.0
2024-09-09T11:00,31.5,65,979.5,7.2,0.0
2024-09-09T12:00,32.2,63,978.4,7.4,0.0
2024-09-09T13:00,32.6,61,977.3,6.9,0.0
2024-09-09T14:00,32.7,60,976.0,7.4,0.1
2024-09-09T15:00,32.6,61,975.4,7.2,0.0
2024-09-09T16:00,32.1,63,975.2,7.1,0.0
2024-09-09T17:00,31.5,69,975.1,5.9,0.0
2024-09-09T18:00,28.6,84,976.5,2.7,3.3
2024-09-09T19:00,27.7,87,977.0,13.2,0.0
2024-09-09T20:00,26.8,89,977.2,4.4,0.0
2024-09-09T21:00,26.6,91,977.6,5.5,0.0
2024-09-09T22:00,26.5,92,977.7,4.9,0.0
2024-09-09T23:00,26.2,94,977.5,3.0,0.0
2024-09-10T00:00,26.1,95,977.4,2.9,0.0
2024-09-10T01:00,26.0,95,976.8,3.9,0.0
2024-09-10T02:00,26.2,93,976.3,2.1,0.0
2024-09-10T03:00,25.4,97,976.3,4.3,0.0
2024-09-10T04:00,25.2,98,976.9,2.9,2.2
2024-09-10T05:00,24.9,98,977.6,7.7,2.9
2024-09-10T06:00,25.7,93,977.9,3.3,0.8
2024-09-10T07:00,26.1,91,978.5,2.7,0.3
2024-09-10T08:00,26.7,89,979.3,4.8,0.3
2024-09-10T09:00,28.0,83,980.0,3.5,0.2
2024-09-10T10:00,28.9,81,979.8,2.7,0.1
2024-09-10T11:00,29.1,81,979.2,0.8,0.2
2024-09-10T12:00,30.0,79,978.5,1.0,0.2
2024-09-10T13:00,30.7,78,977.3,0.8,0.2
2024-09-10T14:00,30.5,79,975.8,3.7,0.2
2024-09-10T15:00,30.5,78,975.2,7.3,0.1
2024-09-10T16:00,28.4,84,975.7,11.5,3.9
2024-09-10T17:00,27.5,86,976.1,7.8,0.1
2024-09-10T18:00,26.8,89,976.9,4.1,0.1
2024-09-10T19:00,26.8,90,977.0,0.8,0.0
2024-09-10T20:00,26.7,90,977.4,1.6,0.0
2024-09-10T21:00,26.5,92,977.7,1.5,0.0
2024-09-10T22:00,25.8,97,977.3,2.9,0.0
2024-09-10T23:00,25.5,98,977.6,1.5,0.0
2024-09-11T00:00,25.9,97,977.6,1.5,0.0
2024-09-11T01:00,25.5,99,977.1,2.9,0.0
2024-09-11T02:00,25.4,99,976.7,3.2,0.0
2024-09-11T03:00,25.5,98,976.3,4.7,0.0
2024-09-11T04:00,25.3,99,976.4,3.7,0.0
2024-09-11T05:00,25.0,99,976.9,3.7,0.0
2024-09-11T06:00,25.6,98,977.9,6.2,0.0
2024-09-11T07:00,26.7,91,978.9,7.7,0.0
2024-09-11T08:00,28.0,87,979.4,4.3,0.0
2024-09-11T09:00,29.1,81,979.4,5.6,0.0
2024-09-11T10:00,30.3,78,979.4,8.1,0.1
2024-09-11T11:00,31.0,74,978.7,10.4,0.3
2024-09-11T12:00,31.7,73,977.6,10.7,0.4
2024-09-11T13:00,29.4,79,976.8,12.4,8.6
2024-09-11T14:00,28.0,86,975.8,8.9,4.4
2024-09-11T15:00,27.9,86,975.7,6.5,0.6
2024-09-11T16:00,28.1,87,975.4,5.8,0.3
2024-09-11T17:00,28.2,89,975.7,5.1,0.1
2024-09-11T18:00,28.8,85,975.8,6.4,0.4
2024-09-11T19:00,27.9,89,976.3,11.6,0.7
2024-09-11T20:00,26.7,94,977.1,7.8,5.5
2024-09-11T21:00,26.7,93,976.8,9.3,4.2
2024-09-11T22:00,26.6,93,975.8,12.0,1.1
2024-09-11T23:00,26.8,92,975.0,16.6,0.0
2024-09-12T00:00,27.2,89,974.4,17.2,0.0
2024-09-12T01:00,26.7,91,974.7,20.7,0.5
2024-09-12T02:00,25.6,93,974.0,19.2,7.4
2024-09-12T03:00,25.8,91,973.8,19.9,5.0
2024-09-12T04:00,25.5,92,974.0,17.2,4.4
2024-09-12T05:00,25.8,92,974.5,13.5,11.6
2024-09-12T06:00,25.7,92,975.9,13.6,11.8
2024-09-12T07:00,25.5,93,975.9,8.4,6.2
2024-09-12T08:00,25.8,92,976.7,14.4,4.9
2024-09-12T09:00,25.5,93,976.7,14.6,6.7
2024-09-12T10:00,25.3,93,977.0,17.9,7.8
2024-09-12T11:00,25.4,92,976.3,19.8,2.0
2024-09-12T12:00,25.9,91,975.6,22.3,1.2
2024-09-12T13:00,26.1,90,974.9,24.4,2.7
2024-09-12T14:00,26.0,90,974.3,20.9,4.7
2024-09-12T15:00,25.3,90,973.9,19.9,3.2
2024-09-12T16:00,25.3,90,973.7,18.4,5.9
2024-09-12T17:00,25.2,91,974.1,19.1,9.1
2024-09-12T18:00,25.1,90,976.2,17.8,1.1
2024-09-12T19:00,24.4,90,975.9,14.3,2.1
2024-09-12T20:00,24.1,92,976.3,14.8,1.4
2024-09-12T21:00,24.4,93,976.6,12.9,0.6
2024-09-12T22:00,24.3,92,976.3,13.8,0.1
2024-09-12T23:00,23.9,94,976.1,10.5,0.4
2024-09-13T00:00,23.9,94,975.8,10.1,5.8
2024-09-13T01:00,23.7,94,975.3,14.4,10.7
2024-09-13T02:00,23.7,94,974.6,17.2,5.9
2024-09-13T03:00,23.4,93,973.8,20.7,6.5
2024-09-13T04:00,23.4,92,973.9,20.2,1.7
2024-09-13T05:00,23.3,91,974.2,16.6,3.0
2024-09-13T06:00,24.1,93,975.1,20.9,9.1
2024-09-13T07:00,24.3,94,976.0,16.9,2.8
2024-09-13T08:00,24.9,91,976.4,17.9,0.5
2024-09-13T09:00,26.0,85,977.0,18.4,0.0
2024-09-13T10:00,27.4,83,977.1,14.2,0.0
2024-09-13T11:00,30.0,75,976.5,13.9,0.0
2024-09-13T12:00,29.6,77,976.4,19.2,0.2
2024-09-13T13:00,25.8,90,976.7,22.7,3.0
2024-09-13T14:00,26.5,88,976.2,16.3,1.4
2024-09-13T15:00,28.3,83,975.5,14.0,0.1
2024-09-13T16:00,28.3,80,975.9,16.8,0.0
2024-09-13T17:00,26.6,86,975.7,11.9,0.6
2024-09-13T18:00,24.9,92,977.7,8.9,3.1
2024-09-13T19:00,24.6,94,977.5,3.3,0.0
2024-09-13T20:00,24.7,94,977.9,1.1,0.0
2024-09-13T21:00,24.5,93,978.4,5.7,0.1
2024-09-13T22:00,24.2,94,978.5,7.4,0.1
2024-09-13T23:00,24.0,95,978.3,6.0,0.1
2024-09-14T00:00,23.7,95,978.2,4.6,0.0
2024-09-14T01:00,24.0,94,977.5,9.6,0.2
2024-09-14T02:00,24.0,94,977.7,1.6,0.1
2024-09-14T03:00,23.6,97,977.6,4.0,0.1
2024-09-14T04:00,23.1,99,977.7,1.5,0.0
2024-09-14T05:00,22.6,99,977.8,2.2,0.0
2024-09-14T06:00,24.0,87,978.0,12.6,0.0
2024-09-14T07:00,24.8,84,978.9,14.7,0.0
2024-09-14T08:00,25.8,81,979.8,18.4,0.2
2024-09-14T09:00,26.7,78,980.1,18.7,0.2
2024-09-14T10:00,27.8,76,980.3,18.3,0.1
2024-09-14T11:00,28.6,75,980.0,17.1,0.0
2024-09-14T12:00,29.6,72,979.5,16.7,0.0
2024-09-14T13:00,29.9,69,978.8,16.4,0.0
2024-09-14T14:00,29.7,66,978.0,16.7,0.0
2024-09-14T15:00,29.4,67,977.4,13.8,0.0
2024-09-14T16:00,29.1,70,977.3,13.1,0.0
2024-09-14T17:00,28.4,76,977.4,9.5,0.0
2024-09-14T18:00,28.5,76,977.5,2.5,0.0
2024-09-14T19:00,24.4,92,979.8,9.3,2.6
2024-09-14T20:00,24.2,92,980.1,5.5,0.5
2024-09-14T21:00,24.1,93,980.1,3.5,0.4
2024-09-14T22:00,24.1,89,979.7,7.6,0.3
2024-09-14T23:00,23.7,91,979.7,4.8,0.0
2024-09-15T00:00,23.2,94,979.4,5.3,0.0
2024-09-15T01:00,23.3,93,979.1,5.9,0.0
2024-09-15T02:00,23.2,94,978.9,5.9,0.0
2024-09-15T03:00,22.7,96,978.9,4.4,0.0
2024-09-15T04:00,22.7,95,979.0,5.2,0.0
2024-09-15T05:00,22.5,96,978.9,5.5,0.0
2024-09-15T06:00,24.1,88,978.8,13.3,0.0
2024-09-15T07:00,24.8,84,979.4,13.8,0.0
2024-09-15T08:00,26.0,78,980.1,15.7,0.0
2024-09-15T09:00,27.4,72,980.7,16.3,0.0
2024-09-15T10:00,28.6,69,980.8,17.1,0.0
2024-09-15T11:00,29.7,66,980.5,17.4,0.0
2024-09-15T12:00,30.5,64,979.8,18.7,0.0
2024-09-15T13:00,31.0,62,978.9,19.0,0.0
2024-09-15T14:00,31.2,60,978.1,18.5,0.0
2024-09-15T15:00,30.9,61,977.6,19.8,0.0
2024-09-15T16:00,30.5,64,977.3,17.2,0.0
2024-09-15T17:00,29.6,68,977.6,11.7,0.0
2024-09-15T18:00,25.9,80,978.8,9.5,0.1
2024-09-15T19:00,25.2,87,979.1,4.9,0.0
2024-09-15T20:00,25.0,85,979.7,5.0,0.0
2024-09-15T21:00,25.4,81,980.2,5.8,0.0
2024-09-15T22:00,25.4,82,980.1,6.9,0.0
2024-09-15T23:00,25.1,84,979.9,6.2,0.0
2024-09-16T00:00,24.5,88,979.6,5.5,0.0
2024-09-16T01:00,24.3,88,979.3,5.8,0.0
2024-09-16T02:00,24.2,85,979.1,9.0,0.0
2024-09-16T03:00,24.2,82,978.8,12.6,0.0
2024-09-16T04:00,24.2,78,979.2,14.2,0.0
2024-09-16T05:00,23.7,78,979.7,11.9,0.0
2024-09-16T06:00,24.2,81,980.5,15.1,0.0
2024-09-16T07:00,25.0,79,981.0,14.8,0.0
2024-09-16T08:00,26.4,75,981.7,15.7,0.0
2024-09-16T09:00,28.0,70,982.1,16.7,0.0
2024-09-16T10:00,29.4,65,982.2,17.0,0.0
2024-09-16T11:00,30.5,62,982.1,16.9,0.0
2024-09-16T12:00,31.5,56,981.6,17.2,0.0
2024-09-16T13:00,31.8,54,980.9,17.3,0.0
2024-09-16T14:00,32.1,53,980.1,16.0,0.0
2024-09-16T15:00,32.1,53,979.6,15.3,0.0
2024-09-16T16:00,31.5,59,979.5,12.2,0.0
2024-09-16T17:00,30.3,66,979.5,8.2,0.0
2024-09-16T18:00,27.9,70,980.3,8.7,0.0
2024-09-16T19:00,26.8,75,980.6,7.6,0.0
2024-09-16T20:00,25.9,79,981.2,6.2,0.0
2024-09-16T21:00,25.1,82,981.8,7.3,0.0
2024-09-16T22:00,25.2,80,981.9,6.6,0.0
2024-09-16T23:00,24.5,83,981.7,9.0,0.0
2024-09-17T00:00,24.3,84,981.5,7.3,0.0
2024-09-17T01:00,24.0,86,981.3,5.2,0.0
2024-09-17T02:00,24.4,83,981.0,9.7,0.0
2024-09-17T03:00,24.3,83,980.7,8.3,0.0
2024-09-17T04:00,23.9,85,980.8,8.7,0.0
2024-09-17T05:00,24.0,82,981.2,10.1,0.0
2024-09-17T06:00,24.2,82,982.1,7.6,0.0
2024-09-17T07:00,24.9,82,982.7,8.8,0.0
2024-09-17T08:00,26.4,78,983.1,10.2,0.0
2024-09-17T09:00,28.1,74,983.7,9.3,0.0
2024-09-17T10:00,29.5,67,984.0,9.0,0.0
2024-09-17T11:00,30.3,63,983.6,11.6,0.0
2024-09-17T12:00,30.5,63,982.8,10.2,0.0
2024-09-17T13:00,31.3,61,982.2,9.3,0.0
2024-09-17T14:00,31.5,60,981.5,8.0,0.0
2024-09-17T15:00,31.5,59,980.9,6.8,0.0
2024-09-17T16:00,31.3,60,980.9,6.3,0.0
2024-09-17T17:00,30.2,70,980.9,4.9,0.0
2024-09-17T18:00,30.3,63,981.7,1.1,0.0
2024-09-17T19:00,28.0,78,981.8,5.2,0.0
2024-09-17T20:00,27.9,78,981.9,2.1,0.0
2024-09-17T21:00,27.9,76,982.5,1.8,0.0
2024-09-17T22:00,28.0,75,982.5,2.7,0.0
2024-09-17T23:00,26.4,86,981.8,5.8,0.0
2024-09-18T00:00,25.9,86,981.3,3.8,0.0
2024-09-18T01:00,25.4,88,980.6,4.2,0.0
2024-09-18T02:00,24.8,91,980.0,4.5,0.0
2024-09-18T03:00,24.9,90,980.1,5.8,0.0
2024-09-18T04:00,24.7,91,980.3,4.0,0.0
2024-09-18T05:00,24.3,92,980.1,3.9,0.0
2024-09-18T06:00,25.3,93,981.1,5.8,0.0
2024-09-18T07:00,25.6,92,981.5,5.7,0.0
2024-09-18T08:00,26.2,88,982.3,9.0,0.0
2024-09-18T09:00,27.1,84,983.0,11.1,0.0
2024-09-18T10:00,27.7,77,983.2,15.1,0.0
2024-09-18T11:00,27.5,69,982.7,16.9,0.0
2024-09-18T12:00,26.5,69,981.9,16.9,0.0
2024-09-18T13:00,25.8,75,981.3,15.8,0.0
2024-09-18T14:00,25.7,76,980.4,16.3,0.3
2024-09-18T15:00,24.8,82,979.9,13.8,0.7
2024-09-18T16:00,24.2,90,979.7,12.7,2.8
2024-09-18T17:00,24.0,90,979.9,16.3,6.5
2024-09-18T18:00,23.7,89,980.0,17.9,1.5
2024-09-18T19:00,23.3,90,980.0,17.2,2.7
2024-09-18T20:00,22.9,89,980.6,15.2,11.9
2024-09-18T21:00,22.8,91,981.0,10.0,14.8
2024-09-18T22:00,23.0,92,981.1,5.1,16.1
2024-09-18T23:00,22.9,92,980.7,9.4,5.4
2024-09-19T00:00,22.8,94,980.3,13.4,2.6
2024-09-19T01:00,22.9,93,980.0,13.6,0.1
2024-09-19T02:00,23.0,93,979.6,11.8,0.0
2024-09-19T03:00,23.0,94,979.6,12.2,0.0
2024-09-19T04:00,23.0,95,980.1,14.1,0.0
2024-09-19T05:00,23.1,96,980.6,13.6,0.0
2024-09-19T06:00,23.5,96,981.4,11.6,0.0
2024-09-19T07:00,24.8,91,982.0,14.1,0.0
2024-09-19T08:00,26.1,85,982.4,14.2,0.0
2024-09-19T09:00,27.3,82,982.7,13.4,0.0
2024-09-19T10:00,28.5,78,982.9,14.5,0.1
2024-09-19T11:00,28.9,74,982.3,15.5,0.3
2024-09-19T12:00,28.9,75,981.5,15.3,0.1
2024-09-19T13:00,29.4,75,981.0,15.7,0.2
2024-09-19T14:00,29.6,73,980.2,13.8,0.1
2024-09-19T15:00,29.8,70,979.4,13.0,0.1
2024-09-19T16:00,29.8,70,979.4,11.1,0.0
2024-09-19T17:00,29.3,73,979.6,7.4,0.0
2024-09-19T18:00,27.1,85,980.2,4.9,0.1
2024-09-19T19:00,26.7,87,980.6,5.1,0.0
2024-09-19T20:00,26.3,90,980.8,5.4,0.0
2024-09-19T21:00,25.8,93,981.0,5.4,0.0
2024-09-19T22:00,25.4,94,980.7,5.8,0.0
2024-09-19T23:00,24.5,96,980.5,6.6,0.0
2024-09-20T00:00,24.3,96,980.3,4.8,0.0
2024-09-20T01:00,24.3,96,979.9,3.7,0.0
2024-09-20T02:00,24.3,97,980.0,3.3,0.0
2024-09-20T03:00,24.4,98,980.1,3.3,0.0
2024-09-20T04:00,24.2,98,980.3,5.1,0.0
2024-09-20T05:00,24.2,98,980.6,4.6,0.0
2024-09-20T06:00,24.0,99,981.1,1.1,0.0
2024-09-20T07:00,25.5,93,982.0,4.1,0.0
2024-09-20T08:00,27.3,79,982.8,5.9,0.0
2024-09-20T09:00,28.4,73,983.2,7.9,0.0
2024-09-20T10:00,29.4,69,983.2,10.5,0.0
2024-09-20T11:00,30.1,66,982.8,12.2,0.0
2024-09-20T12:00,30.8,63,982.1,11.6,0.0
2024-09-20T13:00,31.1,59,981.4,11.4,0.0
2024-09-20T14:00,31.1,58,980.4,10.8,0.0
2024-09-20T15:00,31.1,59,979.8,9.5,0.0
2024-09-20T16:00,30.8,61,979.6,8.6,0.0
2024-09-20T17:00,29.7,70,979.3,6.4,0.0
2024-09-20T18:00,27.9,78,980.1,5.1,0.0
2024-09-20T19:00,26.9,81,980.6,5.1,0.0
2024-09-20T20:00,26.3,83,981.0,4.5,0.0
2024-09-20T21:00,26.0,84,981.5,6.6,0.0
2024-09-20T22:00,25.8,85,981.8,7.1,0.0
2024-09-20T23:00,25.5,87,981.5,6.5,0.0
2024-09-21T00:00,25.1,88,981.6,5.6,0.0
2024-09-21T01:00,24.8,90,981.4,4.3,0.0
2024-09-21T02:00,24.8,90,981.3,4.0,0.0
2024-09-21T03:00,24.9,90,981.2,3.9,0.0
2024-09-21T04:00,24.8,94,981.5,3.6,0.0
2024-09-21T05:00,25.0,91,981.8,1.1,0.0
2024-09-21T06:00,25.5,89,982.7,4.3,0.1
2024-09-21T07:00,26.2,89,983.2,4.0,0.1
2024-09-21T08:00,27.5,83,983.8,3.3,0.0
2024-09-21T09:00,28.9,76,984.3,1.4,0.0
2024-09-21T10:00,30.0,71,984.6,2.9,0.0
2024-09-21T11:00,30.8,67,984.3,7.9,0.0
2024-09-21T12:00,31.2,65,983.6,9.2,0.0
2024-09-21T13:00,31.5,64,982.7,8.4,0.0
2024-09-21T14:00,31.6,62,981.6,6.8,0.0
2024-09-21T15:00,31.6,62,980.7,5.7,0.0
2024-09-21T16:00,31.5,63,980.9,5.2,0.0
2024-09-21T17:00,30.6,73,981.0,3.4,0.0
2024-09-21T18:00,28.5,82,981.1,5.2,0.0
2024-09-21T19:00,27.8,81,981.4,4.1,0.0
2024-09-21T20:00,27.1,82,982.0,4.5,0.0
2024-09-21T21:00,26.7,84,982.5,4.6,0.0
2024-09-21T22:00,26.6,83,982.7,4.8,0.0
2024-09-21T23:00,26.4,83,982.6,5.0,0.0
2024-09-22T00:00,26.2,83,982.4,4.1,0.0
2024-09-22T01:00,26.0,84,981.8,4.7,0.0
2024-09-22T02:00,25.3,88,981.4,4.4,0.0
2024-09-22T03:00,25.6,87,981.4,4.9,0.0
2024-09-22T04:00,26.3,83,981.6,6.4,0.0
2024-09-22T05:00,26.4,83,981.8,5.4,0.0
2024-09-22T06:00,26.0,89,982.5,4.5,0.0
2024-09-22T07:00,27.3,86,983.0,5.7,0.0
2024-09-22T08:00,29.0,80,983.7,5.9,0.0
2024-09-22T09:00,30.1,76,983.9,6.9,0.0
2024-09-22T10:00,31.2,70,984.0,6.1,0.0
2024-09-22T11:00,31.9,66,983.6,6.8,0.0
2024-09-22T12:00,32.5,64,982.8,6.5,0.0
2024-09-22T13:00,32.8,62,981.5,6.3,0.0
2024-09-22T14:00,33.1,60,980.4,6.0,0.0
2024-09-22T15:00,33.0,59,979.7,6.1,0.0
2024-09-22T16:00,32.8,60,979.8,5.8,0.0
2024-09-22T17:00,31.7,72,980.0,3.3,0.0
2024-09-22T18:00,30.0,78,980.4,5.4,0.0
2024-09-22T19:00,29.1,80,980.5,6.2,0.0
2024-09-22T20:00,28.4,82,980.9,5.9,0.0
2024-09-22T21:00,28.0,83,981.2,6.9,0.0
2024-09-22T22:00,27.4,86,981.2,6.2,0.0
2024-09-22T23:00,26.6,90,981.0,6.6,0.0
2024-09-23T00:00,26.1,92,980.9,7.8,0.0
2024-09-23T01:00,25.8,92,980.5,6.8,0.0
2024-09-23T02:00,26.0,90,980.1,4.9,0.0
2024-09-23T03:00,25.6,92,980.1,5.2,0.0
2024-09-23T04:00,25.3,93,980.4,5.8,0.0
2024-09-23T05:00,25.1,93,980.8,6.5,0.0
2024-09-23T06:00,25.5,92,982.0,5.0,0.0
2024-09-23T07:00,26.9,88,983.0,4.7,0.0
2024-09-23T08:00,28.7,80,983.5,4.1,0.0
2024-09-23T09:00,30.3,73,983.9,5.5,0.0
2024-09-23T10:00,31.5,67,983.9,7.1,0.0
2024-09-23T11:00,32.3,65,983.4,7.6,0.0
2024-09-23T12:00,32.9,63,982.8,7.4,0.0
2024-09-23T13:00,33.2,62,981.6,8.0,0.0
2024-09-23T14:00,33.3,61,980.7,9.0,0.0
2024-09-23T15:00,33.2,61,979.8,10.2,0.0
2024-09-23T16:00,32.8,62,979.4,10.7,0.0
2024-09-23T17:00,31.6,69,978.7,8.7,0.0
2024-09-23T18:00,29.9,73,979.6,6.4,0.0
2024-09-23T19:00,28.9,78,979.7,5.9,0.0
2024-09-23T20:00,28.3,81,980.1,6.1,0.0
2024-09-23T21:00,27.5,85,980.4,7.6,0.0
2024-09-23T22:00,27.3,83,980.4,5.2,0.0
2024-09-23T23:00,26.8,85,980.7,4.1,0.0
2024-09-24T00:00,26.2,89,980.5,4.6,0.0
2024-09-24T01:00,25.9,90,980.3,5.2,0.0
2024-09-24T02:00,25.9,88,979.9,4.8,0.0
2024-09-24T03:00,25.8,89,979.8,5.1,0.0
2024-09-24T04:00,25.5,91,979.8,5.9,0.0
2024-09-24T05:00,25.2,93,979.9,6.0,0.0
2024-09-24T06:00,26.1,91,981.3,2.9,0.0
2024-09-24T07:00,27.6,87,981.7,2.3,0.0
2024-09-24T08:00,29.5,78,982.3,1.1,0.0
2024-09-24T09:00,30.9,71,982.5,1.0,0.0
2024-09-24T10:00,31.7,66,982.5,1.5,0.0
2024-09-24T11:00,32.4,63,982.0,1.1,0.0
2024-09-24T12:00,32.9,61,981.2,0.5,0.0
2024-09-24T13:00,33.3,59,980.1,0.7,0.0
2024-09-24T14:00,33.6,56,979.0,2.2,0.0
2024-09-24T15:00,33.5,56,978.0,3.4,0.0
2024-09-24T16:00,33.2,58,977.5,4.5,0.0
2024-09-24T17:00,32.0,71,977.5,2.9,0.0
2024-09-24T18:00,30.1,81,978.0,6.2,0.0
2024-09-24T19:00,29.3,83,978.6,6.0,0.0
2024-09-24T20:00,29.1,81,979.2,5.4,0.0
2024-09-24T21:00,28.7,82,980.0,6.9,0.0
2024-09-24T22:00,28.2,83,980.2,5.5,0.0
2024-09-24T23:00,27.9,84,980.0,5.8,0.0
2024-09-25T00:00,27.6,85,979.9,5.9,0.0
2024-09-25T01:00,27.4,87,979.7,5.6,0.0
2024-09-25T02:00,26.9,90,979.2,4.4,0.0
2024-09-25T03:00,26.8,92,979.2,6.2,0.0
2024-09-25T04:00,26.7,91,979.3,5.1,0.0
2024-09-25T05:00,26.4,93,980.3,15.5,0.1
2024-09-25T06:00,26.9,93,980.9,6.8,0.0
2024-09-25T07:00,27.9,91,981.3,7.1,0.0
2024-09-25T08:00,29.2,86,981.9,8.8,0.0
2024-09-25T09:00,30.4,79,982.5,12.8,0.1
2024-09-25T10:00,31.5,74,982.5,13.0,0.1
2024-09-25T11:00,32.4,66,982.1,11.9,0.0
2024-09-25T12:00,33.0,63,981.2,11.4,0.0
2024-09-25T13:00,32.8,62,980.0,10.0,0.0
2024-09-25T14:00,31.6,68,979.2,14.3,0.1
2024-09-25T15:00,31.0,75,978.5,11.2,0.0
2024-09-25T16:00,31.1,75,978.3,9.5,0.0
2024-09-25T17:00,30.5,77,978.4,8.5,0.0
2024-09-25T18:00,28.9,79,979.2,12.5,0.0
2024-09-25T19:00,28.4,82,979.9,14.4,0.0
2024-09-25T20:00,28.0,85,980.8,16.1,0.0
2024-09-25T21:00,27.5,87,981.5,16.0,0.0
2024-09-25T22:00,26.9,87,981.6,13.9,0.0
2024-09-25T23:00,26.4,88,981.6,13.5,0.0
2024-09-26T00:00,26.1,90,981.2,12.7,0.0
2024-09-26T01:00,25.9,91,980.9,12.4,0.0
2024-09-26T02:00,25.7,93,980.7,11.6,0.0
2024-09-26T03:00,25.5,94,980.7,10.6,0.0
2024-09-26T04:00,25.4,95,980.5,10.2,0.0
2024-09-26T05:00,25.3,96,980.7,11.2,0.0
2024-09-26T06:00,25.6,91,981.3,8.6,0.1
2024-09-26T07:00,26.2,90,981.3,11.7,0.0
2024-09-26T08:00,27.3,85,982.2,13.2,0.0
2024-09-26T09:00,27.9,84,983.0,12.3,0.1
2024-09-26T10:00,29.0,79,982.5,13.0,0.1
2024-09-26T11:00,29.9,74,982.0,12.0,0.0
2024-09-26T12:00,30.8,71,981.3,8.0,0.1
2024-09-26T13:00,31.0,70,979.9,8.5,0.0
2024-09-26T14:00,31.4,66,978.5,10.7,0.0
2024-09-26T15:00,31.3,66,977.7,8.8,0.0
2024-09-26T16:00,30.5,68,977.6,11.1,0.0
2024-09-26T17:00,29.8,74,977.9,9.1,0.0
2024-09-26T18:00,28.6,78,978.4,5.7,0.0
2024-09-26T19:00,28.2,79,979.4,8.3,0.0
2024-09-26T20:00,27.7,81,980.3,9.4,0.0
2024-09-26T21:00,27.5,81,980.8,12.1,0.0
2024-09-26T22:00,27.3,82,980.9,12.9,0.0
2024-09-26T23:00,26.9,83,980.7,11.9,0.0
2024-09-27T00:00,26.4,85,980.6,10.3,0.0
2024-09-27T01:00,26.1,86,980.3,8.7,0.0
2024-09-27T02:00,25.7,88,979.5,8.2,0.0
2024-09-27T03:00,25.4,89,978.7,9.3,0.0
2024-09-27T04:00,25.2,89,978.7,10.5,0.0
2024-09-27T05:00,25.0,88,979.1,11.7,0.0
2024-09-27T06:00,25.4,88,980.2,10.6,0.0
2024-09-27T07:00,25.9,84,980.9,14.2,0.0
2024-09-27T08:00,26.6,81,981.2,12.3,0.0
2024-09-27T09:00,27.8,78,981.8,12.1,0.0
2024-09-27T10:00,29.1,71,982.0,16.0,0.0
2024-09-27T11:00,29.5,69,982.1,15.4,0.1
2024-09-27T12:00,30.0,68,981.1,13.2,0.1
2024-09-27T13:00,30.8,65,979.8,9.2,0.0
2024-09-27T14:00,30.9,65,978.8,9.1,0.0
2024-09-27T15:00,30.7,64,978.1,12.1,0.1
2024-09-27T16:00,29.3,73,978.3,11.3,0.4
2024-09-27T17:00,28.9,75,978.6,10.1,0.0
2024-09-27T18:00,27.6,79,979.0,4.9,0.1
2024-09-27T19:00,26.9,83,979.5,6.2,0.0
2024-09-27T20:00,26.3,86,980.4,7.5,0.0
2024-09-27T21:00,25.9,88,980.6,7.7,0.0
2024-09-27T22:00,25.4,86,981.0,9.2,0.0
2024-09-27T23:00,24.8,84,981.2,11.8,0.0
2024-09-28T00:00,24.4,86,981.2,11.5,0.0
2024-09-28T01:00,24.0,88,980.9,7.6,0.0
2024-09-28T02:00,23.6,91,980.3,7.6,0.0
2024-09-28T03:00,23.3,93,979.4,7.5,0.0
2024-09-28T04:00,23.2,94,979.3,7.8,0.0
2024-09-28T05:00,23.1,95,979.5,7.8,0.0
2024-09-28T06:00,23.2,95,980.6,4.9,0.0
2024-09-28T07:00,24.2,91,981.6,6.2,0.0
2024-09-28T08:00,25.3,86,982.7,6.8,0.0
2024-09-28T09:00,26.6,81,983.3,7.4,0.0
2024-09-28T10:00,28.2,73,983.6,10.8,0.0
2024-09-28T11:00,29.0,71,983.6,11.6,0.0
2024-09-28T12:00,30.0,65,982.9,10.1,0.0
2024-09-28T13:00,30.2,64,982.0,9.4,0.0
2024-09-28T14:00,30.5,63,981.0,9.4,0.0
2024-09-28T15:00,30.4,63,980.3,9.3,0.0
2024-09-28T16:00,29.9,65,980.1,9.6,0.0
2024-09-28T17:00,29.1,71,980.6,7.8,0.0
2024-09-28T18:00,27.0,79,981.7,5.6,0.0
2024-09-28T19:00,26.1,84,982.7,6.0,0.0
2024-09-28T20:00,25.6,86,983.8,5.0,0.0
2024-09-28T21:00,25.3,87,984.5,5.2,0.0
2024-09-28T22:00,24.9,89,985.0,8.5,0.0
2024-09-28T23:00,24.4,91,985.0,5.9,0.0
2024-09-29T00:00,23.8,93,984.6,6.0,0.0
2024-09-29T01:00,23.5,93,984.2,6.9,0.0
2024-09-29T02:00,23.2,94,983.8,6.5,0.0
2024-09-29T03:00,23.0,96,983.8,5.9,0.0
2024-09-29T04:00,22.9,97,984.2,6.2,0.0
2024-09-29T05:00,22.6,98,984.4,3.9,0.0
2024-09-29T06:00,23.3,96,984.9,6.6,0.0
2024-09-29T07:00,24.2,93,985.2,8.6,0.0
2024-09-29T08:00,25.6,85,985.9,9.8,0.0
2024-09-29T09:00,27.1,78,986.5,8.1,0.1
2024-09-29T10:00,27.8,75,986.5,7.0,0.1
2024-09-29T11:00,28.6,72,986.1,7.9,0.1
2024-09-29T12:00,29.2,70,984.9,9.6,0.0
2024-09-29T13:00,30.3,65,984.1,9.2,0.0
2024-09-29T14:00,30.7,64,983.4,9.4,0.0
2024-09-29T15:00,30.5,64,982.8,10.1,0.0
2024-09-29T16:00,30.3,65,982.3,9.4,0.0
2024-09-29T17:00,29.3,72,982.5,5.8,0.0
2024-09-29T18:00,28.0,80,983.6,4.1,0.0
2024-09-29T19:00,27.1,85,984.1,4.5,0.0
2024-09-29T20:00,26.2,89,984.9,4.8,0.0
2024-09-29T21:00,25.8,89,985.5,3.9,0.0
2024-09-29T22:00,25.3,91,985.5,4.3,0.0
2024-09-29T23:00,24.9,92,985.1,3.9,0.0
2024-09-30T00:00,25.4,88,984.8,1.8,0.0
2024-09-30T01:00,24.5,91,984.3,3.3,0.0
2024-09-30T02:00,24.5,91,983.9,4.9,0.0
2024-09-30T03:00,24.2,92,983.8,7.9,0.0
2024-09-30T04:00,23.8,94,983.9,7.5,0.0
2024-09-30T05:00,23.5,95,984.1,7.2,0.0
2024-09-30T06:00,24.1,94,984.6,7.1,0.0
2024-09-30T07:00,25.4,91,985.3,8.6,0.0
2024-09-30T08:00,27.3,83,985.9,8.7,0.0
2024-09-30T09:00,29.0,74,986.1,9.2,0.0
2024-09-30T10:00,30.2,67,986.1,9.8,0.0
2024-09-30T11:00,31.1,62,985.5,11.6,0.0
2024-09-30T12:00,31.9,58,984.5,13.9,0.0
2024-09-30T13:00,32.4,54,983.3,15.2,0.0
2024-09-30T14:00,32.7,54,982.4,15.1,0.0
2024-09-30T15:00,32.4,55,981.7,13.9,0.0
2024-09-30T16:00,31.9,60,981.5,11.3,0.0
2024-09-30T17:00,30.4,68,981.2,7.3,0.0
2024-09-30T18:00,28.1,77,982.1,6.1,0.0
2024-09-30T19:00,27.7,80,982.4,7.1,0.0
2024-09-30T20:00,27.8,77,982.7,6.1,0.0
2024-09-30T21:00,26.5,83,982.7,6.7,0.0
2024-09-30T22:00,25.9,85,982.4,7.4,0.0
2024-09-30T23:00,25.6,86,981.9,5.9,0.0
