time,temperature_c,humidity_pct,pressure_hpa,wind_kmh,precip_mm
2021-06-01T00:00,22.3,89,910.1,11.0,0.0
2021-06-01T01:00,21.7,91,909.6,10.0,0.0
2021-06-01T02:00,21.3,94,909.0,10.2,0.0
2021-06-01T03:00,20.9,95,908.8,9.6,0.0
2021-06-01T04:00,20.8,96,908.8,10.2,0.0
2021-06-01T05:00,20.6,97,909.1,10.3,0.0
2021-06-01T06:00,21.4,92,910.0,12.1,0.0
2021-06-01T07:00,23.0,82,910.7,17.3,0.0
2021-06-01T08:00,24.8,71,911.5,15.6,0.0
2021-06-01T09:00,26.9,61,912.1,14.7,0.0
2021-06-01T10:00,27.8,60,912.0,13.9,0.0
2021-06-01T11:00,29.3,54,911.6,13.9,0.0
2021-06-01T12:00,30.4,49,911.0,12.5,0.0
2021-06-01T13:00,31.4,45,910.2,12.0,0.0
2021-06-01T14:00,31.5,45,909.1,11.9,0.0
2021-06-01T15:00,31.4,47,908.5,10.4,0.0
2021-06-01T16:00,30.2,50,908.2,12.6,0.3
2021-06-01T17:00,28.8,53,908.6,14.5,1.1
2021-06-01T18:00,27.4,61,908.9,7.5,0.0
2021-06-01T19:00,26.3,67,909.5,9.3,0.0
2021-06-01T20:00,24.5,80,910.0,10.7,0.9
2021-06-01T21:00,23.4,88,910.4,7.9,1.4
2021-06-01T22:00,23.1,90,910.6,7.3,0.7
2021-06-01T23:00,22.8,93,910.6,8.4,0.4
2021-06-02T00:00,22.5,92,910.3,9.8,0.4
2021-06-02T01:00,22.1,91,909.7,9.4,0.2
2021-06-02T02:00,21.6,93,909.7,8.8,0.1
2021-06-02T03:00,21.4,94,909.2,6.8,0.1
2021-06-02T04:00,21.2,95,909.4,8.8,0.0
2021-06-02T05:00,21.2,95,909.5,6.8,0.0
2021-06-02T06:00,21.6,92,910.1,10.5,0.0
2021-06-02T07:00,22.6,85,911.0,11.9,0.0
2021-06-02T08:00,24.2,76,911.5,9.3,0.0
2021-06-02T09:00,26.2,68,911.9,7.6,0.0
2021-06-02T10:00,27.9,62,911.8,7.2,0.0
2021-06-02T11:00,28.8,58,911.4,8.0,0.1
2021-06-02T12:00,29.7,55,910.8,6.8,0.2
2021-06-02T13:00,30.4,53,910.1,5.8,0.0
2021-06-02T14:00,30.8,50,909.3,4.5,0.1
2021-06-02T15:00,27.9,63,908.7,8.0,1.2
2021-06-02T16:00,27.4,64,908.3,4.4,0.2
2021-06-02T17:00,28.8,53,909.0,3.4,0.0
2021-06-02T18:00,25.0,77,909.3,2.3,2.9
2021-06-02T19:00,24.1,85,910.1,2.3,4.9
2021-06-02T20:00,23.4,87,911.1,4.5,3.3
2021-06-02T21:00,22.7,91,911.7,6.4,1.0
2021-06-02T22:00,22.6,91,911.6,4.2,1.4
2021-06-02T23:00,22.1,93,911.4,2.4,1.9
2021-06-03T00:00,21.9,93,910.6,1.3,0.8
2021-06-03T01:00,21.6,97,910.1,7.9,0.1
2021-06-03T02:00,21.3,98,909.6,4.4,0.1
2021-06-03T03:00,21.1,98,909.8,3.7,1.4
2021-06-03T04:00,21.0,97,909.7,6.0,0.0
2021-06-03T05:00,21.0,95,909.4,1.6,0.0
2021-06-03T06:00,21.4,94,910.4,5.4,0.0
2021-06-03T07:00,22.0,91,911.3,8.4,0.0
2021-06-03T08:00,22.8,86,911.8,9.0,0.0
2021-06-03T09:00,24.5,76,912.1,6.9,0.0
2021-06-03T10:00,26.2,69,912.2,6.7,0.0
2021-06-03T11:00,28.0,64,912.1,5.7,0.0
2021-06-03T12:00,28.9,63,911.5,4.9,0.0
2021-06-03T13:00,29.3,61,910.8,7.3,0.1
2021-06-03T14:00,25.2,78,909.9,9.2,6.2
2021-06-03T15:00,26.0,72,909.5,2.3,0.6
2021-06-03T16:00,25.3,78,909.5,8.0,0.5
2021-06-03T17:00,26.4,71,909.4,4.1,0.0
2021-06-03T18:00,24.6,82,909.9,8.7,0.9
2021-06-03T19:00,23.4,90,910.6,7.0,0.1
2021-06-03T20:00,22.5,96,911.6,9.3,2.2
2021-06-03T21:00,22.3,93,912.0,3.4,2.1
2021-06-03T22:00,22.0,95,912.3,2.9,2.2
2021-06-03T23:00,21.9,96,912.4,4.7,2.8
2021-06-04T00:00,21.6,95,911.9,4.2,1.5
2021-06-04T01:00,21.5,95,910.3,7.2,0.1
2021-06-04T02:00,21.3,98,910.3,8.7,0.1
2021-06-04T03:00,21.2,98,910.4,3.9,0.9
2021-06-04T04:00,21.2,97,910.4,4.3,1.9
2021-06-04T05:00,20.9,97,911.0,5.3,1.6
2021-06-04T06:00,21.2,98,911.2,3.8,0.8
2021-06-04T07:00,21.7,95,912.0,6.0,0.4
2021-06-04T08:00,22.6,90,912.9,6.6,0.3
2021-06-04T09:00,23.9,88,913.3,4.6,0.1
2021-06-04T10:00,24.7,85,913.3,4.9,0.0
2021-06-04T11:00,26.0,80,913.1,6.6,0.1
2021-06-04T12:00,26.2,78,912.2,8.6,0.1
2021-06-04T13:00,26.3,76,911.4,8.4,0.1
2021-06-04T14:00,25.9,74,910.3,10.1,1.0
2021-06-04T15:00,25.0,79,909.7,7.4,0.3
2021-06-04T16:00,25.4,74,909.7,9.0,1.4
2021-06-04T17:00,23.6,82,909.9,4.2,0.4
2021-06-04T18:00,22.5,92,910.4,8.3,1.5
2021-06-04T19:00,22.0,95,910.8,6.6,1.2
2021-06-04T20:00,21.5,95,911.7,4.0,2.2
2021-06-04T21:00,21.3,96,912.0,4.7,1.5
2021-06-04T22:00,21.3,96,912.1,3.6,0.5
2021-06-04T23:00,21.2,97,911.5,3.7,0.3
2021-06-05T00:00,21.1,97,910.9,5.1,0.3
2021-06-05T01:00,21.0,97,910.0,6.9,0.2
2021-06-05T02:00,21.0,99,909.4,7.7,0.1
2021-06-05T03:00,21.0,99,908.9,7.6,0.0
2021-06-05T04:00,21.1,99,909.1,8.2,0.0
2021-06-05T05:00,20.7,97,910.0,4.2,0.0
2021-06-05T06:00,21.0,97,910.5,5.7,0.1
2021-06-05T07:00,22.0,92,911.4,8.1,0.0
2021-06-05T08:00,23.3,86,912.3,8.8,0.1
2021-06-05T09:00,24.3,83,912.8,7.6,0.1
2021-06-05T10:00,24.9,82,912.7,6.6,0.1
2021-06-05T11:00,25.7,77,912.1,7.1,0.1
2021-06-05T12:00,26.8,72,911.7,6.9,0.1
2021-06-05T13:00,26.5,68,910.4,7.9,0.0
2021-06-05T14:00,26.9,65,909.6,7.6,0.0
2021-06-05T15:00,25.9,70,909.3,12.6,0.7
2021-06-05T16:00,25.0,78,909.0,7.0,0.1
2021-06-05T17:00,24.2,79,909.2,13.9,3.7
2021-06-05T18:00,22.9,89,910.0,12.5,0.0
2021-06-05T19:00,21.7,92,910.5,13.1,0.7
2021-06-05T20:00,21.2,96,911.3,12.8,0.6
2021-06-05T21:00,21.1,97,911.7,12.0,0.2
2021-06-05T22:00,21.2,96,912.0,11.7,0.1
2021-06-05T23:00,21.0,96,911.7,10.2,0.0
2021-06-06T00:00,20.5,98,910.7,7.6,0.0
2021-06-06T01:00,20.5,98,909.8,8.0,0.0
2021-06-06T02:00,20.5,98,909.4,8.6,0.0
2021-06-06T03:00,20.4,99,909.5,7.9,0.0
2021-06-06T04:00,20.2,99,909.5,9.3,0.0
2021-06-06T05:00,20.0,98,909.7,5.0,0.0
2021-06-06T06:00,20.6,95,910.9,8.3,0.0
2021-06-06T07:00,21.6,90,912.0,8.0,0.0
2021-06-06T08:00,23.1,81,912.5,10.5,0.0
2021-06-06T09:00,24.6,73,912.9,12.3,0.0
2021-06-06T10:00,25.6,66,912.7,12.6,0.1
2021-06-06T11:00,26.1,64,912.4,13.0,0.2
2021-06-06T12:00,26.7,62,912.1,13.4,0.3
2021-06-06T13:00,26.5,67,911.0,11.3,0.1
2021-06-06T14:00,27.0,68,910.3,11.8,0.0
2021-06-06T15:00,26.9,68,909.6,10.2,0.0
2021-06-06T16:00,24.8,77,909.3,14.0,1.5
2021-06-06T17:00,26.6,62,909.3,10.9,0.1
2021-06-06T18:00,25.1,70,909.7,6.6,0.0
2021-06-06T19:00,23.9,74,909.9,7.9,0.0
2021-06-06T20:00,24.0,73,910.6,9.2,0.0
2021-06-06T21:00,23.5,76,911.5,9.3,0.0
2021-06-06T22:00,22.4,82,911.8,9.2,0.0
2021-06-06T23:00,22.1,85,912.0,8.9,0.0
2021-06-07T00:00,21.6,87,911.5,8.9,0.0
2021-06-07T01:00,20.9,91,910.9,9.5,0.0
2021-06-07T02:00,20.3,95,910.5,10.1,0.0
2021-06-07T03:00,19.9,98,910.1,9.7,0.0
2021-06-07T04:00,19.8,98,910.2,8.7,0.0
2021-06-07T05:00,20.0,98,910.4,7.9,0.0
2021-06-07T06:00,20.4,97,911.0,10.4,0.0
2021-06-07T07:00,21.9,86,911.9,13.3,0.0
2021-06-07T08:00,23.7,75,912.8,13.4,0.0
2021-06-07T09:00,25.0,70,913.2,12.1,0.0
2021-06-07T10:00,26.4,64,913.1,12.4,0.0
2021-06-07T11:00,27.6,58,912.8,13.6,0.0
2021-06-07T12:00,28.2,54,912.1,13.7,0.0
2021-06-07T13:00,28.6,52,911.5,14.3,0.0
2021-06-07T14:00,28.9,50,910.7,14.6,0.0
2021-06-07T15:00,28.7,50,910.2,14.7,0.0
2021-06-07T16:00,28.3,51,909.6,13.5,0.0
2021-06-07T17:00,28.3,52,909.5,10.2,0.0
2021-06-07T18:00,26.4,58,909.4,8.4,0.0
2021-06-07T19:00,25.1,62,909.9,8.7,0.0
2021-06-07T20:00,24.1,67,910.5,7.4,0.0
2021-06-07T21:00,23.5,69,911.1,7.7,0.0
2021-06-07T22:00,23.3,70,912.1,11.0,0.0
2021-06-07T23:00,22.4,76,912.2,7.6,0.0
2021-06-08T00:00,21.5,83,911.4,7.9,0.0
2021-06-08T01:00,21.0,87,910.6,7.9,0.0
2021-06-08T02:00,20.6,90,910.1,7.2,0.0
2021-06-08T03:00,20.3,93,909.9,5.8,0.0
2021-06-08T04:00,20.0,95,909.9,6.5,0.0
2021-06-08T05:00,19.9,97,909.8,7.9,0.0
2021-06-08T06:00,20.4,95,910.3,9.7,0.0
2021-06-08T07:00,21.8,87,911.2,10.9,0.0
2021-06-08T08:00,23.3,77,911.9,11.0,0.0
2021-06-08T09:00,24.9,67,912.5,12.1,0.0
2021-06-08T10:00,26.5,58,912.6,12.7,0.0
2021-06-08T11:00,27.8,51,912.4,13.7,0.0
2021-06-08T12:00,28.7,45,911.8,13.7,0.0
2021-06-08T13:00,29.2,43,911.0,13.8,0.0
2021-06-08T14:00,29.4,43,910.1,14.2,0.0
2021-06-08T15:00,29.5,43,909.3,16.4,0.0
2021-06-08T16:00,28.4,48,909.0,18.3,0.0
2021-06-08T17:00,27.6,53,909.0,15.6,0.0
2021-06-08T18:00,25.9,58,909.2,12.0,0.0
2021-06-08T19:00,24.9,60,909.9,9.3,0.0
2021-06-08T20:00,24.5,64,910.9,13.2,0.0
2021-06-08T21:00,23.8,72,911.7,13.1,0.0
2021-06-08T22:00,23.0,78,912.2,10.8,0.0
2021-06-08T23:00,22.3,82,911.8,12.2,0.0
2021-06-09T00:00,21.8,84,910.9,13.1,0.0
2021-06-09T01:00,21.0,87,909.9,12.5,0.0
2021-06-09T02:00,20.3,91,909.3,12.4,0.0
2021-06-09T03:00,19.9,93,909.0,12.1,0.0
2021-06-09T04:00,19.5,94,909.1,12.1,0.0
2021-06-09T05:00,19.1,95,909.0,10.9,0.0
2021-06-09T06:00,19.8,92,909.5,12.2,0.0
2021-06-09T07:00,21.5,84,910.2,19.1,0.0
2021-06-09T08:00,23.3,74,911.0,21.3,0.0
2021-06-09T09:00,24.7,66,911.5,23.0,0.0
2021-06-09T10:00,26.5,58,911.7,21.4,0.0
2021-06-09T11:00,27.4,55,911.4,19.4,0.0
2021-06-09T12:00,27.8,56,910.9,18.0,0.1
2021-06-09T13:00,28.3,54,910.0,18.4,0.0
2021-06-09T14:00,27.9,57,909.2,20.2,0.2
2021-06-09T15:00,24.7,76,908.6,22.3,1.2
2021-06-09T16:00,25.4,72,908.3,20.1,0.1
2021-06-09T17:00,25.9,65,908.6,18.6,0.1
2021-06-09T18:00,24.6,68,908.7,14.8,0.0
2021-06-09T19:00,23.8,71,909.6,12.8,0.0
2021-06-09T20:00,23.2,75,910.4,13.4,0.0
2021-06-09T21:00,22.6,77,910.7,15.5,0.0
2021-06-09T22:00,21.9,81,911.0,13.7,0.0
2021-06-09T23:00,21.2,86,910.8,12.4,0.0
2021-06-10T00:00,20.9,87,910.3,13.7,0.0
2021-06-10T01:00,20.3,90,909.4,14.7,0.0
2021-06-10T02:00,20.1,92,908.5,14.3,0.0
2021-06-10T03:00,19.9,94,908.4,13.6,0.0
2021-06-10T04:00,19.7,95,908.0,14.0,0.0
2021-06-10T05:00,19.3,98,908.0,12.9,0.0
2021-06-10T06:00,20.1,93,908.2,15.4,0.0
2021-06-10T07:00,21.5,87,908.9,19.7,0.0
2021-06-10T08:00,23.4,73,909.7,22.7,0.0
2021-06-10T09:00,25.0,66,910.0,23.1,0.0
2021-06-10T10:00,26.8,57,910.6,23.4,0.0
2021-06-10T11:00,28.0,51,910.2,23.1,0.0
2021-06-10T12:00,28.1,52,909.7,21.3,0.1
2021-06-10T13:00,28.1,52,909.2,20.8,0.3
2021-06-10T14:00,27.9,54,908.5,20.3,0.2
2021-06-10T15:00,27.6,55,908.0,22.3,0.0
2021-06-10T16:00,26.6,60,907.9,19.1,0.0
2021-06-10T17:00,25.0,69,907.9,15.9,0.1
2021-06-10T18:00,24.2,73,908.2,14.4,0.0
2021-06-10T19:00,23.5,76,908.8,11.9,0.0
2021-06-10T20:00,23.2,76,909.5,12.6,0.0
2021-06-10T21:00,22.9,77,910.1,14.2,0.0
2021-06-10T22:00,22.3,79,910.4,16.6,0.0
2021-06-10T23:00,21.6,83,910.2,16.2,0.0
2021-06-11T00:00,21.0,85,909.5,15.9,0.0
2021-06-11T01:00,20.6,87,909.0,14.9,0.0
2021-06-11T02:00,20.3,90,908.2,15.1,0.0
2021-06-11T03:00,20.1,91,907.9,16.4,0.0
2021-06-11T04:00,20.0,91,907.9,16.8,0.0
2021-06-11T05:00,19.6,93,907.7,15.5,0.0
2021-06-11T06:00,19.9,91,908.1,16.9,0.0
2021-06-11T07:00,21.0,86,909.1,24.0,0.0
2021-06-11T08:00,22.3,78,909.8,22.4,0.0
2021-06-11T09:00,24.1,69,910.5,24.2,0.0
2021-06-11T10:00,26.0,59,911.0,27.4,0.0
2021-06-11T11:00,27.1,53,910.8,27.5,0.0
2021-06-11T12:00,27.6,51,910.2,26.0,0.0
2021-06-11T13:00,27.5,53,909.6,23.9,0.0
2021-06-11T14:00,28.4,48,908.9,25.2,0.0
2021-06-11T15:00,28.2,47,908.4,25.2,0.0
2021-06-11T16:00,27.5,49,907.9,23.8,0.0
2021-06-11T17:00,26.5,55,908.3,17.4,0.0
2021-06-11T18:00,25.3,59,908.3,16.9,0.0
2021-06-11T19:00,24.4,64,908.9,16.2,0.0
2021-06-11T20:00,23.2,74,909.8,17.8,0.0
2021-06-11T21:00,22.4,77,910.2,16.9,0.0
2021-06-11T22:00,21.7,79,910.3,15.1,0.0
2021-06-11T23:00,21.4,81,910.3,16.0,0.0
2021-06-12T00:00,20.9,84,909.6,14.6,0.0
2021-06-12T01:00,20.6,86,909.0,15.0,0.0
2021-06-12T02:00,20.3,90,908.2,15.5,0.0
2021-06-12T03:00,20.3,91,908.1,17.1,0.0
2021-06-12T04:00,20.3,93,908.0,16.4,0.0
2021-06-12T05:00,20.4,92,908.4,14.1,0.0
2021-06-12T06:00,21.0,90,908.8,16.0,0.0
2021-06-12T07:00,21.8,86,909.6,19.7,0.0
2021-06-12T08:00,23.2,77,910.1,25.1,0.0
2021-06-12T09:00,24.6,69,910.4,27.2,0.0
2021-06-12T10:00,25.7,65,910.6,27.3,0.2
2021-06-12T11:00,26.0,68,910.4,26.9,0.4
2021-06-12T12:00,27.5,55,910.1,31.4,0.1
2021-06-12T13:00,27.9,54,909.5,32.1,0.0
2021-06-12T14:00,26.6,62,909.0,31.3,0.3
2021-06-12T15:00,26.1,66,908.6,26.7,0.1
2021-06-12T16:00,25.5,66,908.2,29.2,0.0
2021-06-12T17:00,23.6,77,908.5,19.8,0.5
2021-06-12T18:00,23.0,80,908.6,23.3,0.0
2021-06-12T19:00,22.4,83,909.2,21.4,0.1
2021-06-12T20:00,22.2,85,909.8,20.4,0.1
2021-06-12T21:00,21.7,88,909.9,20.3,0.2
2021-06-12T22:00,21.4,91,909.9,19.9,0.4
2021-06-12T23:00,21.1,95,909.7,18.1,0.8
2021-06-13T00:00,21.1,95,909.1,18.8,0.7
2021-06-13T01:00,20.9,94,908.6,21.3,0.3
2021-06-13T02:00,20.5,94,908.0,21.3,0.3
2021-06-13T03:00,20.4,94,907.6,19.6,0.1
2021-06-13T04:00,20.3,94,907.8,18.5,0.0
2021-06-13T05:00,20.1,93,907.8,18.4,0.0
2021-06-13T06:00,20.4,91,908.4,17.2,0.0
2021-06-13T07:00,21.3,86,909.4,19.6,0.0
2021-06-13T08:00,22.9,78,910.0,24.2,0.1
2021-06-13T09:00,23.6,74,910.2,25.3,0.1
2021-06-13T10:00,25.0,66,910.4,28.5,0.1
2021-06-13T11:00,25.3,65,910.1,29.0,0.1
2021-06-13T12:00,24.5,71,909.5,26.2,0.1
2021-06-13T13:00,26.0,64,909.2,29.6,0.1
2021-06-13T14:00,24.6,71,908.3,28.1,0.0
2021-06-13T15:00,24.7,68,907.4,27.1,0.0
2021-06-13T16:00,24.3,71,907.3,25.5,0.0
2021-06-13T17:00,23.7,72,907.7,20.3,0.0
2021-06-13T18:00,23.3,75,908.0,19.7,0.0
2021-06-13T19:00,22.7,78,908.3,23.2,0.0
2021-06-13T20:00,21.9,83,908.7,21.3,0.0
2021-06-13T21:00,21.5,85,909.5,18.8,0.0
2021-06-13T22:00,21.5,84,909.9,19.0,0.0
2021-06-13T23:00,21.2,85,909.8,19.3,0.0
2021-06-14T00:00,20.8,87,909.0,21.5,0.0
2021-06-14T01:00,20.6,87,908.4,21.2,0.0
2021-06-14T02:00,20.2,91,907.8,21.7,0.0
2021-06-14T03:00,20.1,90,907.4,21.5,0.0
2021-06-14T04:00,20.0,91,907.5,19.9,0.0
2021-06-14T05:00,20.2,90,907.8,19.7,0.0
2021-06-14T06:00,20.4,91,908.1,18.9,0.0
2021-06-14T07:00,21.2,87,908.9,24.5,0.0
2021-06-14T08:00,22.5,80,909.5,26.7,0.1
2021-06-14T09:00,23.4,76,910.0,27.2,0.2
2021-06-14T10:00,23.0,79,910.2,25.8,0.3
2021-06-14T11:00,22.2,84,909.8,23.0,0.3
2021-06-14T12:00,22.6,81,909.2,25.2,0.1
2021-06-14T13:00,22.5,81,908.4,28.4,0.5
2021-06-14T14:00,22.5,83,907.9,25.7,0.6
2021-06-14T15:00,24.1,75,907.8,27.8,0.1
2021-06-14T16:00,22.9,79,907.4,23.2,0.1
2021-06-14T17:00,21.6,90,907.0,21.9,0.1
2021-06-14T18:00,21.4,93,907.2,22.0,0.7
2021-06-14T19:00,21.2,91,907.6,22.1,0.2
2021-06-14T20:00,20.8,93,908.2,20.8,0.1
2021-06-14T21:00,20.7,94,909.0,20.1,0.2
2021-06-14T22:00,20.4,95,909.3,19.6,0.5
2021-06-14T23:00,20.4,94,909.0,21.1,0.6
2021-06-15T00:00,20.3,92,908.3,22.2,0.7
2021-06-15T01:00,20.0,94,907.5,20.0,0.1
2021-06-15T02:00,19.9,94,906.7,19.5,0.0
2021-06-15T03:00,19.9,92,906.8,19.9,0.0
2021-06-15T04:00,19.8,93,906.9,18.9,0.0
2021-06-15T05:00,19.9,95,906.6,17.5,0.5
2021-06-15T06:00,20.3,92,907.3,18.5,0.2
2021-06-15T07:00,21.0,91,908.0,16.9,0.0
2021-06-15T08:00,21.8,86,908.7,20.8,0.0
2021-06-15T09:00,22.9,79,909.3,25.9,0.1
2021-06-15T10:00,23.4,77,909.2,26.8,0.1
2021-06-15T11:00,24.6,70,909.0,27.8,0.3
2021-06-15T12:00,26.0,64,908.8,27.0,0.1
2021-06-15T13:00,26.2,61,908.1,29.8,0.2
2021-06-15T14:00,26.0,62,907.4,26.7,0.2
2021-06-15T15:00,25.8,63,907.1,26.7,0.2
2021-06-15T16:00,24.9,69,907.0,27.4,0.2
2021-06-15T17:00,25.3,65,907.2,24.0,0.0
2021-06-15T18:00,23.6,73,907.5,21.5,0.0
2021-06-15T19:00,23.0,76,908.2,20.8,0.0
2021-06-15T20:00,22.3,80,908.7,19.0,0.0
2021-06-15T21:00,21.8,84,909.0,17.4,0.0
2021-06-15T22:00,21.3,86,909.0,17.9,0.0
2021-06-15T23:00,20.9,88,909.0,19.0,0.0
2021-06-16T00:00,20.6,90,908.8,18.2,0.0
2021-06-16T01:00,20.4,91,908.2,18.4,0.0
2021-06-16T02:00,20.6,90,907.7,18.8,0.0
2021-06-16T03:00,20.3,92,907.6,16.9,0.0
2021-06-16T04:00,20.3,92,907.6,19.3,0.0
2021-06-16T05:00,20.2,93,907.6,20.1,0.0
2021-06-16T06:00,20.7,89,908.3,19.8,0.0
2021-06-16T07:00,21.7,85,909.4,21.3,0.0
2021-06-16T08:00,22.5,81,909.9,26.9,0.1
2021-06-16T09:00,24.8,68,910.5,29.2,0.1
2021-06-16T10:00,25.4,65,910.9,29.5,0.2
2021-06-16T11:00,25.6,69,910.7,28.0,0.6
2021-06-16T12:00,26.1,68,910.2,26.7,0.2
2021-06-16T13:00,26.9,63,909.9,26.2,0.0
2021-06-16T14:00,26.6,63,909.1,25.6,0.1
2021-06-16T15:00,24.1,76,908.6,24.0,1.3
2021-06-16T16:00,24.7,70,908.7,25.8,0.1
2021-06-16T17:00,24.1,73,908.5,22.5,0.2
2021-06-16T18:00,23.5,74,908.9,24.3,0.1
2021-06-16T19:00,22.2,81,909.3,20.7,0.1
2021-06-16T20:00,21.8,85,909.9,16.7,0.1
2021-06-16T21:00,21.3,88,910.5,16.9,0.0
2021-06-16T22:00,21.0,89,910.4,15.0,0.0
2021-06-16T23:00,20.5,93,910.4,15.1,0.0
2021-06-17T00:00,20.6,93,910.1,18.2,0.0
2021-06-17T01:00,20.5,93,909.4,19.2,0.0
2021-06-17T02:00,20.6,93,909.2,19.8,0.0
2021-06-17T03:00,20.4,93,908.8,20.6,0.0
2021-06-17T04:00,20.2,93,908.8,20.3,0.0
2021-06-17T05:00,20.2,94,908.5,17.9,0.0
2021-06-17T06:00,20.5,93,908.7,20.6,0.0
2021-06-17T07:00,21.6,88,909.8,26.6,0.0
2021-06-17T08:00,22.7,82,910.4,24.3,0.0
2021-06-17T09:00,24.8,69,911.2,29.3,0.0
2021-06-17T10:00,25.2,66,911.1,30.0,0.1
2021-06-17T11:00,26.5,58,911.1,30.9,0.1
2021-06-17T12:00,26.6,57,910.7,31.0,0.1
2021-06-17T13:00,27.8,51,910.4,30.3,0.1
2021-06-17T14:00,27.6,53,910.0,32.0,0.3
2021-06-17T15:00,27.0,55,909.5,32.7,0.1
2021-06-17T16:00,26.4,56,909.3,29.1,0.0
2021-06-17T17:00,26.0,59,909.2,24.7,0.0
2021-06-17T18:00,24.4,67,909.5,22.7,0.0
2021-06-17T19:00,23.3,72,909.9,19.4,0.0
2021-06-17T20:00,22.5,76,910.7,17.5,0.0
2021-06-17T21:00,21.9,80,911.0,16.9,0.0
2021-06-17T22:00,21.4,83,911.3,17.1,0.0
2021-06-17T23:00,20.9,86,911.0,19.0,0.0
2021-06-18T00:00,20.6,88,910.5,19.2,0.0
2021-06-18T01:00,20.4,91,909.9,19.3,0.0
2021-06-18T02:00,20.5,92,909.4,19.3,0.0
2021-06-18T03:00,20.6,91,909.2,18.7,0.0
2021-06-18T04:00,20.4,91,909.0,20.9,0.0
2021-06-18T05:00,20.6,91,909.2,19.2,0.0
2021-06-18T06:00,20.9,90,909.9,19.8,0.0
2021-06-18T07:00,21.6,87,910.6,24.8,0.0
2021-06-18T08:00,23.3,77,911.7,29.0,0.1
2021-06-18T09:00,24.7,68,912.1,28.0,0.1
2021-06-18T10:00,26.0,62,912.3,29.2,0.1
2021-06-18T11:00,27.2,57,912.2,29.8,0.2
2021-06-18T12:00,26.5,61,911.7,30.0,0.5
2021-06-18T13:00,26.5,59,911.2,27.8,0.1
2021-06-18T14:00,27.8,54,910.8,27.7,0.0
2021-06-18T15:00,26.8,56,910.5,27.3,0.0
2021-06-18T16:00,26.1,59,910.2,26.0,0.0
2021-06-18T17:00,25.5,60,910.5,23.6,0.0
2021-06-18T18:00,24.2,65,910.9,18.4,0.0
2021-06-18T19:00,23.3,69,911.4,16.5,0.0
2021-06-18T20:00,22.6,74,912.1,16.9,0.0
2021-06-18T21:00,21.6,80,912.8,17.8,0.0
2021-06-18T22:00,21.0,86,913.1,18.0,0.0
2021-06-18T23:00,20.6,89,912.8,18.5,0.0
2021-06-19T00:00,20.3,92,912.1,18.1,0.0
2021-06-19T01:00,20.4,91,911.5,19.7,0.0
2021-06-19T02:00,20.1,91,910.9,20.1,0.0
2021-06-19T03:00,20.1,91,910.8,19.9,0.0
2021-06-19T04:00,19.9,91,911.0,18.9,0.0
2021-06-19T05:00,20.0,90,911.4,18.1,0.0
2021-06-19T06:00,20.4,88,911.8,18.0,0.0
2021-06-19T07:00,21.3,83,912.6,20.1,0.0
2021-06-19T08:00,22.8,75,913.3,27.2,0.0
2021-06-19T09:00,23.2,73,913.8,26.3,0.0
2021-06-19T10:00,23.2,74,913.9,25.5,0.0
2021-06-19T11:00,24.1,68,913.7,26.1,0.0
2021-06-19T12:00,25.0,63,912.9,24.9,0.0
2021-06-19T13:00,26.0,58,912.4,25.2,0.0
2021-06-19T14:00,26.7,57,911.9,23.4,0.0
2021-06-19T15:00,26.8,56,911.3,23.4,0.0
2021-06-19T16:00,26.7,54,911.2,24.8,0.0
2021-06-19T17:00,25.4,59,911.8,23.6,0.0
2021-06-19T18:00,24.0,66,911.9,16.8,0.0
2021-06-19T19:00,22.7,74,912.3,13.4,0.0
2021-06-19T20:00,21.8,80,913.1,14.0,0.0
2021-06-19T21:00,21.3,83,913.4,13.7,0.0
2021-06-19T22:00,21.4,84,913.6,14.2,0.0
2021-06-19T23:00,21.4,85,913.7,14.3,0.0
2021-06-20T00:00,20.7,89,913.2,13.7,0.0
2021-06-20T01:00,20.4,92,912.5,13.3,0.0
2021-06-20T02:00,20.3,92,911.8,14.5,0.0
2021-06-20T03:00,20.0,94,911.7,14.9,0.0
2021-06-20T04:00,20.4,92,911.9,15.1,0.0
2021-06-20T05:00,20.4,93,912.0,15.5,0.0
2021-06-20T06:00,20.6,92,912.1,15.7,0.0
2021-06-20T07:00,21.4,87,913.0,18.1,0.0
2021-06-20T08:00,23.1,75,913.8,24.6,0.0
2021-06-20T09:00,24.7,65,914.3,26.4,0.0
2021-06-20T10:00,25.8,59,914.5,25.2,0.0
2021-06-20T11:00,26.5,57,914.0,24.2,0.0
2021-06-20T12:00,27.7,54,913.6,23.4,0.1
2021-06-20T13:00,28.3,52,913.0,23.8,0.2
2021-06-20T14:00,28.3,51,912.3,24.1,0.0
2021-06-20T15:00,28.0,52,911.8,23.4,0.0
2021-06-20T16:00,27.4,53,911.6,21.6,0.0
2021-06-20T17:00,26.8,55,911.7,18.1,0.0
2021-06-20T18:00,25.4,62,911.7,13.8,0.0
2021-06-20T19:00,24.1,67,911.8,12.1,0.0
2021-06-20T20:00,23.2,72,912.2,11.6,0.0
2021-06-20T21:00,22.3,77,912.8,10.4,0.0
2021-06-20T22:00,21.4,83,913.1,10.7,0.0
2021-06-20T23:00,20.8,88,912.9,11.7,0.0
2021-06-21T00:00,20.3,91,912.4,12.4,0.0
2021-06-21T01:00,19.9,93,911.7,12.7,0.0
2021-06-21T02:00,19.6,95,911.3,12.3,0.0
2021-06-21T03:00,19.5,95,911.0,13.1,0.0
2021-06-21T04:00,19.4,95,911.0,13.8,0.0
2021-06-21T05:00,19.8,93,911.5,13.0,0.0
2021-06-21T06:00,20.1,91,912.1,15.0,0.0
2021-06-21T07:00,21.2,85,912.9,17.7,0.0
2021-06-21T08:00,22.8,75,913.5,19.8,0.0
2021-06-21T09:00,24.8,65,913.8,21.3,0.0
2021-06-21T10:00,25.7,60,913.8,21.1,0.0
2021-06-21T11:00,26.6,57,913.4,19.9,0.0
2021-06-21T12:00,27.7,57,912.9,16.2,0.0
2021-06-21T13:00,28.7,54,912.1,17.0,0.0
2021-06-21T14:00,28.7,54,911.2,17.5,0.0
2021-06-21T15:00,28.3,57,910.6,18.8,0.1
2021-06-21T16:00,27.3,58,910.2,15.9,0.1
2021-06-21T17:00,26.6,64,910.2,13.6,0.0
2021-06-21T18:00,25.2,70,910.4,11.6,0.0
2021-06-21T19:00,24.1,76,910.6,10.0,0.0
2021-06-21T20:00,23.5,78,911.1,11.2,0.0
2021-06-21T21:00,22.9,80,911.5,10.8,0.0
2021-06-21T22:00,22.4,82,911.8,10.5,0.0
2021-06-21T23:00,21.7,85,911.9,11.9,0.0
2021-06-22T00:00,21.0,89,911.4,12.3,0.0
2021-06-22T01:00,20.5,92,910.5,11.5,0.0
2021-06-22T02:00,20.0,94,909.9,10.9,0.0
2021-06-22T03:00,19.5,97,909.6,9.8,0.0
2021-06-22T04:00,19.4,97,909.8,10.1,0.0
2021-06-22T05:00,19.5,95,910.2,10.6,0.0
2021-06-22T06:00,19.9,93,910.7,11.9,0.0
2021-06-22T07:00,21.3,84,911.8,17.0,0.0
2021-06-22T08:00,23.0,74,912.5,20.0,0.0
2021-06-22T09:00,24.6,64,912.8,20.0,0.0
2021-06-22T10:00,26.6,55,912.8,19.2,0.0
2021-06-22T11:00,27.8,49,912.4,17.4,0.0
2021-06-22T12:00,28.8,46,911.9,16.8,0.0
2021-06-22T13:00,29.5,45,911.4,16.4,0.0
2021-06-22T14:00,29.4,46,910.6,17.2,0.0
2021-06-22T15:00,28.3,50,909.8,16.2,0.0
2021-06-22T16:00,28.2,51,909.6,14.8,0.0
2021-06-22T17:00,27.6,52,909.7,15.1,0.0
2021-06-22T18:00,26.3,56,909.9,11.3,0.0
2021-06-22T19:00,25.5,60,910.1,10.1,0.0
2021-06-22T20:00,24.4,66,910.5,7.4,0.0
2021-06-22T21:00,23.6,70,911.1,7.3,0.0
2021-06-22T22:00,23.1,73,911.4,8.7,0.0
2021-06-22T23:00,22.6,76,911.4,9.6,0.0
2021-06-23T00:00,22.2,79,910.7,9.9,0.0
2021-06-23T01:00,21.4,84,910.2,8.6,0.0
2021-06-23T02:00,20.9,88,909.6,9.1,0.0
2021-06-23T03:00,20.2,93,909.6,8.4,0.0
2021-06-23T04:00,19.9,95,909.5,7.6,0.0
2021-06-23T05:00,20.4,92,909.8,9.1,0.0
2021-06-23T06:00,20.6,90,910.4,9.4,0.0
2021-06-23T07:00,21.8,83,911.0,10.7,0.0
2021-06-23T08:00,23.1,75,911.5,12.2,0.0
2021-06-23T09:00,24.9,66,912.2,13.0,0.0
2021-06-23T10:00,27.0,56,912.4,13.2,0.0
2021-06-23T11:00,28.5,49,911.9,14.2,0.0
2021-06-23T12:00,29.1,46,911.5,12.7,0.0
2021-06-23T13:00,29.6,45,911.1,12.2,0.1
2021-06-23T14:00,29.7,44,910.3,13.1,0.1
2021-06-23T15:00,29.4,44,909.6,14.1,0.1
2021-06-23T16:00,29.1,44,909.2,14.5,0.0
2021-06-23T17:00,28.5,45,909.3,12.9,0.0
2021-06-23T18:00,26.9,52,909.4,7.2,0.0
2021-06-23T19:00,25.2,58,909.9,5.9,0.0
2021-06-23T20:00,24.7,60,910.6,6.4,0.0
2021-06-23T21:00,24.1,63,911.3,6.5,0.0
2021-06-23T22:00,23.2,68,911.7,7.9,0.0
2021-06-23T23:00,22.4,77,911.7,9.4,0.0
2021-06-24T00:00,21.8,86,911.1,10.6,0.0
2021-06-24T01:00,21.6,88,910.6,11.2,0.1
2021-06-24T02:00,21.2,90,910.1,12.6,0.0
2021-06-24T03:00,20.9,91,909.7,11.4,0.0
2021-06-24T04:00,20.2,93,909.6,11.4,0.0
2021-06-24T05:00,20.3,95,910.4,11.9,0.0
2021-06-24T06:00,20.4,93,910.8,13.0,0.0
2021-06-24T07:00,21.2,88,911.8,15.1,0.0
2021-06-24T08:00,23.0,75,912.5,18.6,0.0
2021-06-24T09:00,25.1,63,913.0,18.6,0.0
2021-06-24T10:00,26.7,55,913.1,17.9,0.0
2021-06-24T11:00,27.4,51,912.7,18.2,0.1
2021-06-24T12:00,28.7,47,912.3,19.1,0.0
2021-06-24T13:00,29.1,46,911.6,18.9,0.1
2021-06-24T14:00,28.1,51,910.8,19.4,0.2
2021-06-24T15:00,28.7,48,910.0,18.5,0.0
2021-06-24T16:00,28.4,49,909.8,19.1,0.0
2021-06-24T17:00,27.6,50,910.0,17.2,0.1
2021-06-24T18:00,26.4,54,910.2,13.4,0.0
2021-06-24T19:00,25.1,59,910.8,10.1,0.0
2021-06-24T20:00,24.6,62,911.7,12.2,0.0
2021-06-24T21:00,23.7,68,912.3,12.1,0.0
2021-06-24T22:00,23.2,72,912.7,12.3,0.0
2021-06-24T23:00,22.5,77,912.6,15.9,0.0
2021-06-25T00:00,21.6,82,912.1,14.4,0.0
2021-06-25T01:00,20.9,85,911.2,14.4,0.0
2021-06-25T02:00,20.3,88,910.1,13.7,0.0
2021-06-25T03:00,19.8,89,909.6,12.2,0.0
2021-06-25T04:00,19.6,90,909.5,10.8,0.0
2021-06-25T05:00,19.5,91,909.5,10.5,0.0
2021-06-25T06:00,19.7,90,909.9,10.5,0.0
2021-06-25T07:00,21.1,82,910.9,15.1,0.0
2021-06-25T08:00,23.1,70,911.7,17.8,0.0
2021-06-25T09:00,25.0,61,912.3,18.9,0.0
2021-06-25T10:00,27.0,52,912.4,19.4,0.0
2021-06-25T11:00,28.4,46,912.0,20.1,0.0
2021-06-25T12:00,29.3,42,911.4,19.5,0.0
2021-06-25T13:00,30.3,37,910.7,19.8,0.0
2021-06-25T14:00,30.2,36,909.9,19.4,0.0
2021-06-25T15:00,30.1,35,909.2,20.8,0.0
2021-06-25T16:00,29.6,36,908.9,19.5,0.0
2021-06-25T17:00,28.6,40,908.7,18.1,0.0
2021-06-25T18:00,27.1,45,908.5,13.6,0.0
2021-06-25T19:00,25.7,50,908.5,11.6,0.0
2021-06-25T20:00,25.0,54,909.6,12.4,0.0
2021-06-25T21:00,24.1,61,910.1,12.4,0.0
2021-06-25T22:00,23.0,71,910.5,13.0,0.0
2021-06-25T23:00,22.0,79,910.5,14.1,0.0
2021-06-26T00:00,21.4,83,910.2,14.4,0.0
2021-06-26T01:00,21.4,83,909.9,15.1,0.0
2021-06-26T02:00,21.1,84,909.4,14.8,0.0
2021-06-26T03:00,20.6,86,909.1,14.5,0.1
2021-06-26T04:00,20.2,90,908.9,13.7,0.2
2021-06-26T05:00,20.0,91,908.8,13.1,0.0
2021-06-26T06:00,20.2,92,909.2,13.3,0.5
2021-06-26T07:00,21.0,88,909.7,15.1,0.0
2021-06-26T08:00,23.0,75,910.6,19.7,0.0
2021-06-26T09:00,25.3,63,911.3,19.7,0.0
2021-06-26T10:00,26.8,57,911.3,20.2,0.0
2021-06-26T11:00,27.8,54,911.2,19.7,0.0
2021-06-26T12:00,28.0,54,910.7,18.8,0.1
2021-06-26T13:00,27.9,58,910.1,19.4,0.6
2021-06-26T14:00,27.2,60,909.1,15.3,4.1
2021-06-26T15:00,26.3,64,908.5,12.3,0.6
2021-06-26T16:00,23.0,83,908.1,12.9,6.6
2021-06-26T17:00,23.0,80,908.4,14.2,2.2
2021-06-26T18:00,22.0,89,908.8,13.8,0.4
2021-06-26T19:00,21.3,92,909.1,11.9,1.2
2021-06-26T20:00,21.2,93,909.8,13.5,0.3
2021-06-26T21:00,21.3,91,910.5,14.1,0.3
2021-06-26T22:00,21.1,93,910.9,13.7,0.0
2021-06-26T23:00,20.8,93,910.9,13.8,0.0
2021-06-27T00:00,20.5,94,910.4,14.5,0.0
2021-06-27T01:00,20.1,94,910.0,14.5,0.0
2021-06-27T02:00,19.9,94,909.4,15.1,0.0
2021-06-27T03:00,19.7,94,909.2,14.2,0.0
2021-06-27T04:00,19.6,94,909.3,13.1,0.0
2021-06-27T05:00,19.5,95,909.3,13.0,0.0
2021-06-27T06:00,19.7,93,909.9,13.8,0.0
2021-06-27T07:00,20.8,87,910.6,17.7,0.0
2021-06-27T08:00,22.3,79,911.1,21.5,0.0
2021-06-27T09:00,24.0,69,911.9,23.2,0.1
2021-06-27T10:00,24.7,66,912.3,21.8,0.1
2021-06-27T11:00,24.1,69,912.1,19.2,0.0
2021-06-27T12:00,24.5,67,911.8,19.3,0.1
2021-06-27T13:00,24.9,66,911.1,18.7,0.1
2021-06-27T14:00,23.6,75,910.3,19.4,1.7
2021-06-27T15:00,23.4,75,909.7,17.3,0.3
2021-06-27T16:00,23.3,76,909.3,16.4,0.1
2021-06-27T17:00,23.8,72,909.1,12.5,0.1
2021-06-27T18:00,23.6,71,909.4,10.2,0.0
2021-06-27T19:00,22.6,76,910.1,8.0,0.0
2021-06-27T20:00,22.0,79,910.7,8.7,0.0
2021-06-27T21:00,21.9,80,911.4,9.2,0.0
2021-06-27T22:00,21.3,84,911.5,7.8,0.0
2021-06-27T23:00,21.2,85,911.3,7.9,0.0
2021-06-28T00:00,20.9,88,910.7,7.3,0.1
2021-06-28T01:00,20.5,91,910.0,7.2,0.0
2021-06-28T02:00,20.0,94,909.3,6.8,0.0
2021-06-28T03:00,19.4,96,908.9,6.9,0.0
2021-06-28T04:00,19.2,97,908.6,7.6,0.0
2021-06-28T05:00,18.9,98,908.7,6.2,0.0
2021-06-28T06:00,19.4,96,909.5,7.9,0.0
2021-06-28T07:00,21.1,88,910.8,9.8,0.0
2021-06-28T08:00,23.1,77,911.6,10.0,0.0
2021-06-28T09:00,25.0,65,912.1,12.2,0.0
2021-06-28T10:00,26.5,56,912.3,13.0,0.0
2021-06-28T11:00,27.1,53,911.7,13.8,0.0
2021-06-28T12:00,27.9,50,911.0,12.1,0.0
2021-06-28T13:00,28.4,48,910.2,11.2,0.0
2021-06-28T14:00,28.2,48,909.6,10.2,0.0
2021-06-28T15:00,28.4,47,909.2,10.2,0.0
2021-06-28T16:00,27.8,49,908.8,11.2,0.0
2021-06-28T17:00,27.6,49,909.4,8.0,0.0
2021-06-28T18:00,26.5,56,909.5,6.0,0.0
2021-06-28T19:00,24.4,67,909.1,6.3,0.0
2021-06-28T20:00,24.1,65,909.7,8.1,0.0
2021-06-28T21:00,23.6,65,910.4,7.1,0.0
2021-06-28T22:00,22.8,76,911.0,11.9,0.0
2021-06-28T23:00,21.8,86,910.8,9.0,0.0
2021-06-29T00:00,21.1,91,910.4,6.0,0.0
2021-06-29T01:00,20.6,93,910.2,5.1,0.0
2021-06-29T02:00,20.2,96,909.7,4.7,0.0
2021-06-29T03:00,19.8,97,909.3,5.5,0.0
2021-06-29T04:00,19.5,97,909.3,6.4,0.0
2021-06-29T05:00,20.0,95,908.9,5.4,0.0
2021-06-29T06:00,20.5,94,909.4,5.8,0.0
2021-06-29T07:00,22.5,82,910.6,4.9,0.0
2021-06-29T08:00,24.6,69,911.3,4.2,0.0
2021-06-29T09:00,26.7,60,911.9,3.2,0.0
2021-06-29T10:00,28.2,53,911.8,6.6,0.0
2021-06-29T11:00,28.9,51,911.6,8.3,0.0
2021-06-29T12:00,29.5,50,911.0,8.5,0.1
2021-06-29T13:00,29.9,49,910.2,8.3,0.1
2021-06-29T14:00,29.8,48,909.7,8.7,0.2
2021-06-29T15:00,29.7,49,909.0,9.7,0.2
2021-06-29T16:00,29.5,49,908.8,9.5,0.0
2021-06-29T17:00,29.4,48,909.2,8.0,0.0
2021-06-29T18:00,27.8,55,909.2,7.1,0.0
2021-06-29T19:00,26.2,61,909.3,5.4,0.0
2021-06-29T20:00,25.5,63,910.0,7.4,0.0
2021-06-29T21:00,24.9,66,910.9,6.8,0.0
2021-06-29T22:00,24.4,69,911.5,11.5,0.0
2021-06-29T23:00,23.5,75,911.2,9.6,0.0
2021-06-30T00:00,22.7,80,910.6,8.2,0.0
2021-06-30T01:00,22.4,83,910.0,7.4,0.0
2021-06-30T02:00,22.0,85,909.6,8.2,0.0
2021-06-30T03:00,21.5,88,909.5,8.3,0.0
2021-06-30T04:00,21.0,91,909.4,7.2,0.0
2021-06-30T05:00,20.8,95,909.5,6.3,0.0
2021-06-30T06:00,21.6,92,910.1,8.3,0.0
2021-06-30T07:00,22.8,85,910.9,9.6,0.0
2021-06-30T08:00,24.6,75,911.7,9.1,0.0
2021-06-30T09:00,26.4,66,912.2,7.6,0.0
2021-06-30T10:00,28.1,60,912.0,7.6,0.0
2021-06-30T11:00,28.9,55,911.9,7.6,0.1
2021-06-30T12:00,29.9,50,911.3,7.8,0.2
2021-06-30T13:00,30.7,47,910.5,9.2,0.2
2021-06-30T14:00,30.6,47,909.6,10.1,0.2
2021-06-30T15:00,30.0,49,909.1,7.7,0.1
2021-06-30T16:00,29.2,51,908.8,8.2,0.0
2021-06-30T17:00,28.9,51,909.0,10.8,0.0
2021-06-30T18:00,27.6,56,908.8,5.6,0.0
2021-06-30T19:00,26.0,64,909.0,5.9,0.0
2021-06-30T20:00,26.2,61,909.8,5.4,0.0
2021-06-30T21:00,25.7,63,910.2,5.4,0.0
2021-06-30T22:00,25.0,68,910.5,5.0,0.0
2021-06-30T23:00,24.2,72,910.5,6.4,0.0
2021-07-01T00:00,23.7,75,909.9,6.0,0.0
2021-07-01T01:00,22.9,79,909.3,6.5,0.0
2021-07-01T02:00,22.3,84,908.8,6.8,0.0
2021-07-01T03:00,22.1,88,908.5,7.8,0.0
2021-07-01T04:00,21.5,93,908.2,8.1,0.0
2021-07-01T05:00,21.2,95,908.5,7.2,0.0
2021-07-01T06:00,21.6,93,908.9,9.5,0.0
2021-07-01T07:00,23.0,84,909.7,10.8,0.0
2021-07-01T08:00,24.7,73,910.4,10.8,0.0
2021-07-01T09:00,26.5,64,910.8,9.8,0.0
2021-07-01T10:00,28.4,56,910.7,7.6,0.0
2021-07-01T11:00,29.5,51,910.3,6.8,0.3
2021-07-01T12:00,29.9,52,909.9,10.0,0.3
2021-07-01T13:00,30.4,51,908.8,10.0,0.1
2021-07-01T14:00,29.5,55,908.1,11.5,0.0
2021-07-01T15:00,27.2,68,907.7,9.5,5.4
2021-07-01T16:00,25.6,73,907.7,11.5,2.0
2021-07-01T17:00,25.6,73,907.8,6.2,1.1
2021-07-01T18:00,25.1,76,908.4,10.9,0.0
2021-07-01T19:00,22.8,88,908.9,14.8,0.8
2021-07-01T20:00,22.5,91,908.9,8.9,0.0
2021-07-01T21:00,22.1,94,909.6,12.0,0.0
2021-07-01T22:00,21.5,95,910.4,13.2,0.6
2021-07-01T23:00,21.2,97,910.7,12.3,0.3
2021-07-02T00:00,21.0,97,910.2,11.7,0.3
2021-07-02T01:00,20.9,98,909.8,11.2,0.4
2021-07-02T02:00,20.6,99,909.0,13.4,0.5
2021-07-02T03:00,20.8,98,908.2,15.5,0.3
2021-07-02T04:00,20.7,98,908.5,15.6,0.1
2021-07-02T05:00,20.8,98,908.7,14.8,0.0
2021-07-02T06:00,21.0,96,908.4,14.6,0.0
2021-07-02T07:00,22.0,89,909.1,16.5,0.0
2021-07-02T08:00,23.8,79,910.0,16.8,0.0
2021-07-02T09:00,25.4,69,910.6,14.7,0.1
2021-07-02T10:00,26.1,67,910.8,14.5,0.1
2021-07-02T11:00,27.1,63,910.9,15.1,0.4
2021-07-02T12:00,27.8,60,910.6,17.2,0.1
2021-07-02T13:00,28.3,59,910.1,17.0,0.0
2021-07-02T14:00,28.3,59,909.6,15.8,0.0
2021-07-02T15:00,28.0,60,908.9,14.1,0.0
2021-07-02T16:00,26.5,68,908.8,10.5,0.7
2021-07-02T17:00,26.5,63,909.0,10.4,0.7
2021-07-02T18:00,24.3,79,909.4,11.9,0.6
2021-07-02T19:00,23.3,85,909.8,7.9,0.0
2021-07-02T20:00,22.9,88,910.6,6.1,0.0
2021-07-02T21:00,22.6,91,911.1,4.7,0.0
2021-07-02T22:00,22.1,95,911.5,3.1,0.0
2021-07-02T23:00,22.0,95,911.5,4.1,0.0
2021-07-03T00:00,21.8,94,911.0,5.1,0.0
2021-07-03T01:00,21.5,90,910.3,10.4,0.0
2021-07-03T02:00,20.8,90,909.2,9.7,0.0
2021-07-03T03:00,20.3,93,909.0,8.7,0.0
2021-07-03T04:00,20.0,95,909.2,10.5,0.0
2021-07-03T05:00,19.9,97,909.5,8.3,0.0
2021-07-03T06:00,20.3,95,909.9,8.3,0.0
2021-07-03T07:00,21.6,89,910.7,8.4,0.0
2021-07-03T08:00,23.2,79,911.3,9.2,0.0
2021-07-03T09:00,25.2,70,912.2,10.1,0.0
2021-07-03T10:00,26.7,63,912.4,12.7,0.0
2021-07-03T11:00,27.8,59,912.0,12.4,0.1
2021-07-03T12:00,28.6,56,911.3,10.8,0.0
2021-07-03T13:00,29.0,54,910.5,10.9,0.0
2021-07-03T14:00,29.5,53,910.0,10.3,0.0
2021-07-03T15:00,29.1,54,909.2,9.2,0.0
2021-07-03T16:00,25.7,72,908.7,10.7,1.5
2021-07-03T17:00,26.8,62,908.9,10.1,2.9
2021-07-03T18:00,24.2,79,909.2,10.7,1.2
2021-07-03T19:00,23.1,87,909.6,10.0,0.6
2021-07-03T20:00,22.3,90,910.3,8.0,0.1
2021-07-03T21:00,21.8,92,910.8,8.4,0.4
2021-07-03T22:00,21.0,96,911.0,9.7,0.9
2021-07-03T23:00,21.0,95,910.6,7.0,0.1
2021-07-04T00:00,20.8,95,910.0,9.3,0.1
2021-07-04T01:00,20.6,98,909.2,8.4,0.1
2021-07-04T02:00,20.2,98,908.8,6.9,0.0
2021-07-04T03:00,20.5,98,909.2,7.6,0.1
2021-07-04T04:00,20.4,99,909.3,7.1,0.0
2021-07-04T05:00,20.6,97,909.7,7.7,0.0
2021-07-04T06:00,20.9,96,910.4,9.9,0.0
2021-07-04T07:00,21.6,90,911.3,10.7,0.0
2021-07-04T08:00,22.4,84,911.6,13.5,0.0
2021-07-04T09:00,24.4,73,912.3,14.4,0.0
2021-07-04T10:00,26.4,63,912.5,13.4,0.0
2021-07-04T11:00,26.7,63,911.8,11.5,0.0
2021-07-04T12:00,27.8,61,911.4,9.8,0.0
2021-07-04T13:00,28.3,61,910.5,9.0,0.0
2021-07-04T14:00,28.7,56,909.5,6.6,0.1
2021-07-04T15:00,24.6,77,908.9,11.9,0.6
2021-07-04T16:00,24.6,77,908.7,6.4,0.3
2021-07-04T17:00,26.0,68,908.7,9.4,0.0
2021-07-04T18:00,24.7,75,909.4,8.8,0.2
2021-07-04T19:00,23.1,88,909.5,3.7,0.6
2021-07-04T20:00,22.8,88,910.0,5.4,0.0
2021-07-04T21:00,21.9,93,910.8,9.7,1.3
2021-07-04T22:00,21.2,95,911.3,9.5,3.2
2021-07-04T23:00,20.9,96,911.1,10.8,0.3
2021-07-05T00:00,20.7,96,910.1,7.9,0.7
2021-07-05T01:00,20.6,98,909.4,9.8,0.4
2021-07-05T02:00,20.6,98,908.4,6.6,0.1
2021-07-05T03:00,20.4,99,908.3,6.1,0.0
2021-07-05T04:00,20.5,99,908.9,9.1,0.0
2021-07-05T05:00,19.8,99,909.4,5.0,0.0
2021-07-05T06:00,20.0,98,909.4,6.6,0.1
2021-07-05T07:00,20.8,94,909.8,10.2,0.0
2021-07-05T08:00,21.5,90,910.2,12.5,0.0
2021-07-05T09:00,22.8,83,910.6,12.8,0.0
2021-07-05T10:00,24.5,73,910.7,15.3,0.0
2021-07-05T11:00,25.7,67,910.5,14.1,0.0
2021-07-05T12:00,26.9,60,910.2,12.0,0.0
2021-07-05T13:00,28.5,53,909.7,11.2,0.0
2021-07-05T14:00,28.8,53,908.7,10.2,0.1
2021-07-05T15:00,28.3,55,908.2,9.0,0.2
2021-07-05T16:00,27.3,59,907.9,8.2,0.0
2021-07-05T17:00,27.1,60,908.1,9.7,0.0
2021-07-05T18:00,25.6,68,908.0,5.9,0.0
2021-07-05T19:00,23.9,76,908.1,5.0,0.0
2021-07-05T20:00,23.4,78,909.1,5.8,0.0
2021-07-05T21:00,23.0,81,909.7,7.3,0.0
2021-07-05T22:00,22.8,82,909.9,8.3,0.0
2021-07-05T23:00,22.0,87,909.8,6.2,0.0
2021-07-06T00:00,21.7,90,909.6,8.1,0.0
2021-07-06T01:00,21.4,92,909.2,8.0,0.0
2021-07-06T02:00,20.7,96,908.2,4.3,0.0
2021-07-06T03:00,20.4,97,907.7,6.1,0.0
2021-07-06T04:00,20.1,98,908.0,7.1,0.0
2021-07-06T05:00,20.0,98,908.6,8.9,0.0
2021-07-06T06:00,20.4,95,908.7,8.8,0.0
2021-07-06T07:00,21.6,88,909.1,9.8,0.0
2021-07-06T08:00,23.1,80,909.7,10.5,0.0
2021-07-06T09:00,24.7,72,910.3,10.3,0.1
2021-07-06T10:00,25.8,67,910.3,8.7,0.2
2021-07-06T11:00,26.5,63,909.9,7.2,0.1
2021-07-06T12:00,27.4,62,909.3,6.5,0.1
2021-07-06T13:00,28.2,61,908.6,7.2,0.0
2021-07-06T14:00,28.6,61,907.9,7.4,0.0
2021-07-06T15:00,28.3,63,907.2,6.5,0.0
2021-07-06T16:00,28.1,61,906.8,5.6,0.0
2021-07-06T17:00,27.0,63,907.3,7.4,0.0
2021-07-06T18:00,25.4,71,907.7,6.9,0.3
2021-07-06T19:00,24.2,82,907.8,3.7,0.3
2021-07-06T20:00,23.9,86,908.3,0.5,0.8
2021-07-06T21:00,22.9,95,908.6,4.3,0.0
2021-07-06T22:00,21.9,97,909.0,4.6,0.1
2021-07-06T23:00,21.9,97,909.6,7.7,1.8
2021-07-07T00:00,21.5,94,909.4,8.7,1.1
2021-07-07T01:00,21.0,95,908.5,3.9,0.6
2021-07-07T02:00,20.8,96,907.5,0.8,0.0
2021-07-07T03:00,19.9,99,907.1,5.1,0.0
2021-07-07T04:00,20.0,98,906.6,4.8,0.0
2021-07-07T05:00,20.3,99,907.4,2.9,0.0
2021-07-07T06:00,20.8,97,907.7,4.5,0.0
2021-07-07T07:00,22.0,89,908.8,6.9,0.0
2021-07-07T08:00,23.3,82,909.3,9.0,0.0
2021-07-07T09:00,25.0,74,909.8,10.9,0.0
2021-07-07T10:00,26.1,70,910.4,10.0,0.0
2021-07-07T11:00,27.4,67,910.5,9.1,0.1
2021-07-07T12:00,28.2,62,909.7,9.6,0.0
2021-07-07T13:00,26.7,69,908.8,9.1,2.8
2021-07-07T14:00,26.5,71,907.7,4.5,1.5
2021-07-07T15:00,27.1,69,907.2,6.1,0.0
2021-07-07T16:00,27.2,68,907.3,6.6,0.0
2021-07-07T17:00,25.9,69,907.3,10.1,2.2
2021-07-07T18:00,23.7,86,908.2,13.8,1.0
2021-07-07T19:00,22.4,93,908.6,5.8,0.7
2021-07-07T20:00,21.9,96,909.5,5.9,0.0
2021-07-07T21:00,21.8,97,910.0,4.7,0.0
2021-07-07T22:00,21.7,97,910.2,6.4,0.0
2021-07-07T23:00,21.5,98,910.2,6.6,0.0
2021-07-08T00:00,21.3,98,909.9,7.1,0.0
2021-07-08T01:00,21.2,98,909.6,9.7,0.0
2021-07-08T02:00,21.2,97,909.0,10.1,0.0
2021-07-08T03:00,20.8,98,908.5,8.7,0.0
2021-07-08T04:00,20.3,99,908.6,10.6,0.0
2021-07-08T05:00,20.3,98,909.1,9.0,0.0
2021-07-08T06:00,20.5,97,909.5,10.1,0.0
2021-07-08T07:00,21.3,91,910.3,15.7,0.0
2021-07-08T08:00,22.2,85,910.5,13.8,0.0
2021-07-08T09:00,23.1,79,910.8,12.8,0.0
2021-07-08T10:00,25.2,68,910.9,13.8,0.0
2021-07-08T11:00,26.3,63,910.6,14.4,0.0
2021-07-08T12:00,27.2,60,910.1,12.8,0.0
2021-07-08T13:00,27.9,57,909.1,11.4,0.0
2021-07-08T14:00,28.5,56,908.5,9.5,0.0
2021-07-08T15:00,28.7,57,908.0,11.0,0.0
2021-07-08T16:00,25.7,72,907.4,11.5,0.8
2021-07-08T17:00,27.1,64,907.4,8.3,1.0
2021-07-08T18:00,25.6,71,907.5,10.3,0.0
2021-07-08T19:00,23.8,83,907.6,7.9,0.0
2021-07-08T20:00,22.9,89,908.0,4.4,0.0
2021-07-08T21:00,22.6,90,908.7,4.2,0.0
2021-07-08T22:00,22.3,91,909.0,5.2,0.3
2021-07-08T23:00,21.9,93,908.8,4.5,0.2
2021-07-09T00:00,21.5,94,908.3,6.5,1.1
2021-07-09T01:00,21.5,93,907.7,10.7,0.2
2021-07-09T02:00,21.1,96,907.2,8.8,0.5
2021-07-09T03:00,20.6,98,906.9,9.2,0.0
2021-07-09T04:00,20.5,98,907.0,13.4,0.2
2021-07-09T05:00,20.2,97,907.2,7.9,0.1
2021-07-09T06:00,20.4,97,907.5,4.7,0.7
2021-07-09T07:00,20.9,94,908.0,8.0,0.5
2021-07-09T08:00,22.5,87,908.8,10.4,0.0
2021-07-09T09:00,23.8,79,909.4,11.9,0.1
2021-07-09T10:00,25.2,75,909.7,12.6,0.1
2021-07-09T11:00,25.9,74,909.3,10.8,0.1
2021-07-09T12:00,27.5,63,908.5,15.8,0.6
2021-07-09T13:00,23.8,83,907.5,15.3,3.6
2021-07-09T14:00,25.0,76,906.5,10.4,0.0
2021-07-09T15:00,25.6,74,905.7,13.0,0.0
2021-07-09T16:00,23.9,81,905.4,15.6,0.4
2021-07-09T17:00,22.7,88,905.5,11.9,0.2
2021-07-09T18:00,22.3,91,905.7,10.8,0.6
2021-07-09T19:00,22.0,93,906.1,9.4,0.1
2021-07-09T20:00,21.9,92,906.9,10.3,0.0
2021-07-09T21:00,21.4,93,907.4,12.6,0.6
2021-07-09T22:00,21.0,94,908.3,14.7,0.7
2021-07-09T23:00,20.9,93,908.5,15.7,0.5
2021-07-10T00:00,20.7,94,907.6,12.4,0.1
2021-07-10T01:00,20.3,96,906.4,13.1,0.0
2021-07-10T02:00,20.0,97,905.7,12.4,0.0
2021-07-10T03:00,20.0,98,905.7,13.8,0.0
2021-07-10T04:00,20.2,98,905.9,14.9,0.2
2021-07-10T05:00,20.4,96,905.8,13.7,0.1
2021-07-10T06:00,20.2,94,906.1,16.7,0.3
2021-07-10T07:00,20.8,91,906.9,20.4,0.1
2021-07-10T08:00,21.4,88,907.2,21.1,0.1
2021-07-10T09:00,22.0,84,907.9,20.8,0.1
2021-07-10T10:00,22.7,81,908.0,20.5,0.0
2021-07-10T11:00,24.3,72,908.2,21.6,0.0
2021-07-10T12:00,25.8,66,907.8,21.1,0.0
2021-07-10T13:00,26.1,68,906.9,18.6,0.0
2021-07-10T14:00,24.5,76,906.2,18.4,0.9
2021-07-10T15:00,24.0,74,905.5,21.4,0.2
2021-07-10T16:00,23.1,78,905.1,24.0,0.2
2021-07-10T17:00,24.2,68,905.6,19.0,0.1
2021-07-10T18:00,23.1,73,906.5,20.5,0.1
2021-07-10T19:00,21.4,87,907.3,20.9,0.5
2021-07-10T20:00,21.0,91,907.7,18.6,0.1
2021-07-10T21:00,20.6,93,908.3,19.8,0.1
2021-07-10T22:00,20.4,93,908.6,20.8,0.1
2021-07-10T23:00,20.3,94,908.2,19.4,0.1
2021-07-11T00:00,20.2,93,907.3,21.2,0.0
2021-07-11T01:00,19.9,93,906.5,20.9,0.0
2021-07-11T02:00,19.6,93,905.8,20.0,0.0
2021-07-11T03:00,19.6,93,905.4,20.6,0.0
2021-07-11T04:00,19.8,92,905.4,21.7,0.0
2021-07-11T05:00,19.8,91,905.9,22.2,0.0
2021-07-11T06:00,20.0,90,906.3,22.2,0.0
2021-07-11T07:00,20.9,87,907.2,19.7,0.0
2021-07-11T08:00,22.0,80,907.7,27.2,0.0
2021-07-11T09:00,23.5,72,908.3,30.6,0.0
2021-07-11T10:00,24.5,66,908.2,30.2,0.0
2021-07-11T11:00,25.5,60,907.9,28.9,0.0
2021-07-11T12:00,26.2,58,907.4,29.0,0.0
2021-07-11T13:00,26.6,56,906.7,28.4,0.0
2021-07-11T14:00,26.2,57,906.0,26.3,0.0
2021-07-11T15:00,25.0,68,905.4,19.9,0.1
2021-07-11T16:00,24.1,77,905.1,18.5,1.1
2021-07-11T17:00,22.6,85,905.5,15.5,1.5
2021-07-11T18:00,22.2,86,905.7,17.8,0.3
2021-07-11T19:00,21.5,88,906.2,17.2,0.0
2021-07-11T20:00,21.2,88,906.9,17.5,0.0
2021-07-11T21:00,20.8,89,907.5,16.2,0.0
2021-07-11T22:00,20.6,90,908.0,16.4,0.0
2021-07-11T23:00,20.5,90,907.9,16.2,0.0
2021-07-12T00:00,20.4,92,907.1,17.2,0.0
2021-07-12T01:00,20.2,92,906.5,16.9,0.0
2021-07-12T02:00,20.1,91,905.9,17.1,0.0
2021-07-12T03:00,20.2,91,905.9,17.1,0.0
2021-07-12T04:00,20.6,89,905.9,17.8,0.0
2021-07-12T05:00,20.0,97,906.1,12.5,0.0
2021-07-12T06:00,20.4,96,906.5,15.1,0.4
2021-07-12T07:00,21.0,91,907.1,18.4,0.2
2021-07-12T08:00,21.0,91,907.6,18.9,0.1
2021-07-12T09:00,21.5,86,907.7,21.9,0.0
2021-07-12T10:00,23.8,71,908.1,24.1,0.0
2021-07-12T11:00,24.9,66,908.0,26.6,0.0
2021-07-12T12:00,26.3,63,907.6,23.7,0.0
2021-07-12T13:00,27.4,59,907.2,27.4,0.0
2021-07-12T14:00,26.6,60,906.4,28.5,0.0
2021-07-12T15:00,26.8,58,906.1,29.5,0.0
2021-07-12T16:00,25.6,63,905.9,27.1,0.0
2021-07-12T17:00,24.6,68,905.7,19.1,0.0
2021-07-12T18:00,23.7,72,905.9,17.8,0.0
2021-07-12T19:00,22.6,78,906.5,16.1,0.0
2021-07-12T20:00,22.0,82,907.1,16.4,0.0
2021-07-12T21:00,21.6,84,907.6,16.2,0.0
2021-07-12T22:00,21.7,85,907.7,16.5,0.0
2021-07-12T23:00,20.9,89,907.7,13.8,0.0
2021-07-13T00:00,20.9,90,907.4,16.5,0.0
2021-07-13T01:00,21.2,87,906.6,20.0,0.0
2021-07-13T02:00,20.9,88,906.0,17.3,0.0
2021-07-13T03:00,20.6,90,906.0,17.2,0.2
2021-07-13T04:00,20.6,91,906.1,16.7,0.1
2021-07-13T05:00,20.5,94,906.3,14.8,0.2
2021-07-13T06:00,20.6,93,906.5,15.0,0.0
2021-07-13T07:00,21.0,93,907.4,14.8,0.0
2021-07-13T08:00,21.4,90,908.2,19.4,0.1
2021-07-13T09:00,22.6,83,908.8,24.8,0.1
2021-07-13T10:00,24.4,75,908.8,28.3,0.1
2021-07-13T11:00,24.9,71,908.6,27.8,0.1
2021-07-13T12:00,25.6,68,908.0,27.7,0.1
2021-07-13T13:00,26.1,66,907.9,28.2,0.1
2021-07-13T14:00,24.6,72,907.6,30.9,0.9
2021-07-13T15:00,23.4,78,906.6,21.8,0.5
2021-07-13T16:00,23.1,79,906.5,24.1,0.2
2021-07-13T17:00,22.6,83,907.1,16.2,0.2
2021-07-13T18:00,21.9,86,907.1,15.0,0.9
2021-07-13T19:00,21.5,85,907.7,16.4,0.0
2021-07-13T20:00,21.3,86,908.2,16.9,0.1
2021-07-13T21:00,20.8,88,908.7,17.5,0.2
2021-07-13T22:00,20.5,90,909.0,17.5,0.1
2021-07-13T23:00,20.3,93,908.8,17.4,0.3
2021-07-14T00:00,20.2,93,908.3,17.3,0.2
2021-07-14T01:00,20.1,93,907.9,17.9,0.4
2021-07-14T02:00,19.9,93,907.0,18.3,0.0
2021-07-14T03:00,19.9,93,906.7,18.2,0.0
2021-07-14T04:00,20.0,93,906.5,18.6,0.0
2021-07-14T05:00,20.2,95,907.1,16.5,0.0
2021-07-14T06:00,20.2,95,907.1,16.3,0.6
2021-07-14T07:00,20.3,96,907.9,15.5,1.0
2021-07-14T08:00,20.5,96,908.2,16.6,0.7
2021-07-14T09:00,21.0,93,908.8,17.7,0.5
2021-07-14T10:00,21.8,91,909.2,19.2,0.4
2021-07-14T11:00,23.1,87,909.0,19.6,0.2
2021-07-14T12:00,23.4,82,908.7,20.6,0.2
2021-07-14T13:00,23.3,84,908.3,20.2,0.3
2021-07-14T14:00,23.0,82,907.8,17.7,0.4
2021-07-14T15:00,23.5,82,907.3,20.7,0.4
2021-07-14T16:00,22.2,88,907.2,17.6,0.9
2021-07-14T17:00,21.9,91,906.7,15.4,0.4
2021-07-14T18:00,21.2,93,907.1,17.0,0.6
2021-07-14T19:00,21.2,91,907.7,14.3,0.4
2021-07-14T20:00,21.1,93,908.2,13.9,0.1
2021-07-14T21:00,20.8,94,908.9,13.9,0.2
2021-07-14T22:00,20.7,94,909.5,14.7,1.7
2021-07-14T23:00,20.4,94,909.3,15.0,0.9
2021-07-15T00:00,20.2,95,908.7,17.6,0.7
2021-07-15T01:00,20.0,95,908.2,17.8,0.7
2021-07-15T02:00,19.9,93,907.1,19.7,0.4
2021-07-15T03:00,19.7,92,906.9,18.2,0.5
2021-07-15T04:00,19.3,92,906.8,17.4,1.0
2021-07-15T05:00,19.1,92,907.3,16.9,1.5
2021-07-15T06:00,19.2,94,907.3,15.0,0.7
2021-07-15T07:00,19.5,94,907.8,15.6,1.0
2021-07-15T08:00,19.9,94,908.2,16.1,0.7
2021-07-15T09:00,19.9,95,908.4,16.2,1.1
2021-07-15T10:00,20.5,93,908.5,19.9,1.2
2021-07-15T11:00,20.8,91,908.4,20.5,1.1
2021-07-15T12:00,21.4,90,908.0,21.3,1.0
2021-07-15T13:00,21.7,89,907.2,22.4,0.9
2021-07-15T14:00,22.8,84,906.7,23.7,0.6
2021-07-15T15:00,23.1,80,906.6,25.1,0.4
2021-07-15T16:00,22.4,86,906.2,19.7,0.3
2021-07-15T17:00,21.5,91,906.1,17.8,0.6
2021-07-15T18:00,21.0,93,906.6,17.3,0.4
2021-07-15T19:00,20.7,93,906.9,17.3,0.5
2021-07-15T20:00,20.5,95,907.6,16.5,0.7
2021-07-15T21:00,20.3,97,908.2,15.9,0.8
2021-07-15T22:00,20.0,97,908.7,14.4,0.2
2021-07-15T23:00,20.0,97,908.9,13.5,0.3
2021-07-16T00:00,19.8,98,908.7,13.1,0.3
2021-07-16T01:00,19.7,98,908.1,13.5,0.5
2021-07-16T02:00,19.7,98,907.7,14.6,1.1
2021-07-16T03:00,19.8,98,907.7,15.3,0.8
2021-07-16T04:00,19.7,99,908.0,14.1,1.8
2021-07-16T05:00,19.9,99,908.3,11.8,1.8
2021-07-16T06:00,20.1,98,908.8,12.8,0.5
2021-07-16T07:00,20.0,99,909.4,15.0,0.3
2021-07-16T08:00,20.5,96,910.0,19.4,0.3
2021-07-16T09:00,21.3,91,910.7,18.1,0.2
2021-07-16T10:00,22.7,83,910.9,13.2,0.0
2021-07-16T11:00,23.5,80,910.9,17.6,0.2
2021-07-16T12:00,22.8,84,910.3,20.1,0.2
2021-07-16T13:00,22.6,88,909.6,17.4,0.8
2021-07-16T14:00,21.9,90,908.8,23.0,6.3
2021-07-16T15:00,21.8,95,908.7,16.6,4.7
2021-07-16T16:00,22.0,94,908.4,16.7,1.4
2021-07-16T17:00,22.6,89,908.5,12.0,1.1
2021-07-16T18:00,22.2,93,908.6,8.4,0.0
2021-07-16T19:00,21.9,93,909.2,10.0,0.0
2021-07-16T20:00,21.8,89,910.0,11.3,0.0
2021-07-16T21:00,21.4,88,910.4,12.9,0.0
2021-07-16T22:00,20.8,90,910.9,11.4,0.0
2021-07-16T23:00,20.5,91,910.9,10.4,0.0
2021-07-17T00:00,20.4,93,910.3,12.2,0.0
2021-07-17T01:00,20.2,94,909.8,12.3,0.0
2021-07-17T02:00,20.0,96,909.2,11.3,0.0
2021-07-17T03:00,20.0,96,909.1,12.2,0.0
2021-07-17T04:00,20.0,96,909.3,12.1,0.0
2021-07-17T05:00,20.0,97,909.5,11.2,0.0
2021-07-17T06:00,20.1,98,909.6,12.2,0.5
2021-07-17T07:00,20.3,97,910.2,13.0,0.4
2021-07-17T08:00,21.2,91,910.8,16.6,0.3
2021-07-17T09:00,22.3,85,911.3,17.7,0.2
2021-07-17T10:00,23.8,76,911.4,18.0,0.1
2021-07-17T11:00,25.0,69,911.2,18.8,0.1
2021-07-17T12:00,25.3,69,910.6,17.6,0.2
2021-07-17T13:00,25.7,67,910.0,16.9,0.2
2021-07-17T14:00,25.9,66,908.9,16.7,0.3
2021-07-17T15:00,25.8,67,908.1,15.8,0.9
2021-07-17T16:00,24.2,74,907.9,15.6,1.4
2021-07-17T17:00,23.8,80,908.4,10.8,0.2
2021-07-17T18:00,22.1,91,908.7,13.2,2.5
2021-07-17T19:00,20.9,96,909.4,9.2,3.3
2021-07-17T20:00,20.7,96,910.0,10.5,0.5
2021-07-17T21:00,20.6,98,910.4,10.0,1.8
2021-07-17T22:00,20.3,98,910.4,9.9,1.3
2021-07-17T23:00,20.4,98,909.9,10.9,0.2
2021-07-18T00:00,20.4,98,909.2,12.0,0.1
2021-07-18T01:00,20.3,97,908.8,13.0,0.4
2021-07-18T02:00,20.2,98,908.1,12.3,0.6
2021-07-18T03:00,20.0,99,908.0,11.6,0.6
2021-07-18T04:00,20.1,99,907.9,12.4,0.5
2021-07-18T05:00,20.0,98,908.0,13.8,0.2
2021-07-18T06:00,19.9,98,908.2,16.6,0.3
2021-07-18T07:00,20.2,98,909.2,14.9,0.5
2021-07-18T08:00,20.6,98,909.8,12.6,0.8
2021-07-18T09:00,20.6,98,910.2,13.3,1.0
2021-07-18T10:00,21.0,98,910.1,15.4,1.8
2021-07-18T11:00,21.1,98,909.9,15.9,2.2
2021-07-18T12:00,21.3,94,909.1,20.1,0.9
2021-07-18T13:00,21.9,88,908.7,22.6,0.3
2021-07-18T14:00,22.2,85,908.1,23.9,0.1
2021-07-18T15:00,22.4,83,907.8,22.9,0.1
2021-07-18T16:00,22.1,87,907.4,21.4,0.0
2021-07-18T17:00,22.0,87,907.7,18.8,0.0
2021-07-18T18:00,21.4,90,907.7,19.3,0.2
2021-07-18T19:00,20.9,92,908.5,19.9,0.1
2021-07-18T20:00,20.8,91,909.1,19.9,0.0
2021-07-18T21:00,20.6,91,909.6,19.9,0.0
2021-07-18T22:00,20.6,90,909.8,19.8,0.2
2021-07-18T23:00,20.1,92,909.5,18.5,0.0
2021-07-19T00:00,19.9,93,908.9,18.3,0.0
2021-07-19T01:00,20.0,95,908.2,18.6,0.1
2021-07-19T02:00,19.8,96,907.6,19.1,0.1
2021-07-19T03:00,19.8,95,907.4,18.6,0.0
2021-07-19T04:00,19.8,94,907.4,19.5,0.0
2021-07-19T05:00,19.7,94,908.4,16.2,0.0
2021-07-19T06:00,19.9,94,908.5,15.8,0.0
2021-07-19T07:00,20.9,90,909.5,18.3,0.0
2021-07-19T08:00,22.5,82,910.0,23.3,0.0
2021-07-19T09:00,23.5,77,910.3,25.3,0.1
2021-07-19T10:00,25.2,69,910.2,26.0,0.1
2021-07-19T11:00,26.4,64,910.2,26.4,0.4
2021-07-19T12:00,26.8,62,909.7,25.9,0.1
2021-07-19T13:00,26.8,61,909.3,27.2,0.1
2021-07-19T14:00,26.1,64,908.6,28.5,0.2
2021-07-19T15:00,25.7,65,908.0,26.7,0.2
2021-07-19T16:00,25.9,64,907.8,26.6,0.0
2021-07-19T17:00,24.6,72,908.1,21.1,0.1
2021-07-19T18:00,23.2,78,908.7,17.7,0.1
2021-07-19T19:00,22.3,81,909.6,17.3,0.0
2021-07-19T20:00,21.8,84,910.5,16.6,0.1
2021-07-19T21:00,21.6,85,910.8,18.1,0.0
2021-07-19T22:00,20.9,88,911.2,17.1,0.0
2021-07-19T23:00,20.4,91,911.1,17.8,0.0
2021-07-20T00:00,20.0,92,910.6,17.1,0.0
2021-07-20T01:00,19.8,92,910.1,17.5,0.0
2021-07-20T02:00,19.5,93,909.3,17.2,0.0
2021-07-20T03:00,19.3,93,909.0,17.9,0.0
2021-07-20T04:00,19.2,94,909.0,18.0,0.0
2021-07-20T05:00,19.5,93,909.7,16.1,0.0
2021-07-20T06:00,19.6,94,910.0,15.6,0.0
2021-07-20T07:00,20.6,90,911.0,19.5,0.0
2021-07-20T08:00,22.4,79,911.7,23.7,0.1
2021-07-20T09:00,23.9,71,912.2,27.2,0.0
2021-07-20T10:00,24.7,67,912.3,27.4,0.2
2021-07-20T11:00,25.7,63,912.2,27.1,0.1
2021-07-20T12:00,26.4,59,911.6,27.5,0.1
2021-07-20T13:00,26.3,60,911.1,28.0,0.1
2021-07-20T14:00,26.5,60,910.4,27.6,0.3
2021-07-20T15:00,24.9,70,910.1,25.2,0.5
2021-07-20T16:00,24.4,72,910.1,23.9,0.3
2021-07-20T17:00,24.2,75,910.0,15.2,0.2
2021-07-20T18:00,23.6,74,910.7,18.7,0.0
2021-07-20T19:00,22.6,78,911.3,18.0,0.1
2021-07-20T20:00,21.9,83,912.1,18.0,0.1
2021-07-20T21:00,21.4,86,912.5,16.7,0.1
2021-07-20T22:00,21.0,87,912.6,17.1,0.0
2021-07-20T23:00,20.5,89,912.1,17.2,0.0
2021-07-21T00:00,20.1,91,911.3,18.4,0.0
2021-07-21T01:00,20.1,91,910.8,18.5,0.0
2021-07-21T02:00,20.0,91,910.0,18.2,0.0
2021-07-21T03:00,20.0,93,909.3,19.0,0.0
2021-07-21T04:00,20.5,91,909.4,20.0,0.0
2021-07-21T05:00,20.6,91,909.6,17.1,0.0
2021-07-21T06:00,21.0,89,910.2,18.8,0.0
2021-07-21T07:00,21.7,86,910.7,20.7,0.0
2021-07-21T08:00,22.3,82,911.0,26.3,0.0
2021-07-21T09:00,23.4,76,911.2,27.8,0.2
2021-07-21T10:00,24.7,70,911.3,27.5,0.3
2021-07-21T11:00,25.2,69,911.1,28.3,0.2
2021-07-21T12:00,24.8,71,910.7,29.2,0.4
2021-07-21T13:00,23.7,78,910.1,24.3,0.5
2021-07-21T14:00,23.5,78,909.5,26.9,0.6
2021-07-21T15:00,23.1,81,909.2,21.5,0.4
2021-07-21T16:00,22.5,84,909.0,20.7,0.4
2021-07-21T17:00,23.3,77,908.9,22.0,0.2
2021-07-21T18:00,22.5,80,909.3,21.2,0.1
2021-07-21T19:00,21.8,84,909.8,20.9,0.1
2021-07-21T20:00,21.4,86,910.1,20.4,0.0
2021-07-21T21:00,21.2,86,910.4,20.7,0.0
2021-07-21T22:00,21.0,87,910.6,21.7,0.0
2021-07-21T23:00,20.8,87,909.9,22.3,0.0
2021-07-22T00:00,20.8,84,908.9,24.1,0.0
2021-07-22T01:00,20.8,83,908.1,24.8,0.1
2021-07-22T02:00,20.7,85,907.3,24.6,0.2
2021-07-22T03:00,20.7,86,907.0,24.6,0.2
2021-07-22T04:00,20.6,86,906.5,26.8,0.1
2021-07-22T05:00,20.1,90,906.8,25.6,0.0
2021-07-22T06:00,20.2,88,906.7,26.8,0.1
2021-07-22T07:00,20.5,85,907.0,26.8,0.0
2021-07-22T08:00,21.2,83,907.7,23.2,0.0
2021-07-22T09:00,22.1,80,908.3,31.6,0.0
2021-07-22T10:00,23.2,77,908.4,33.8,0.2
2021-07-22T11:00,23.0,79,908.4,30.3,0.4
2021-07-22T12:00,22.7,83,908.0,30.2,0.8
2021-07-22T13:00,22.0,88,907.3,29.4,1.5
2021-07-22T14:00,21.7,88,906.6,27.7,1.4
2021-07-22T15:00,22.2,87,906.2,31.1,0.7
2021-07-22T16:00,21.6,87,906.0,27.6,0.5
2021-07-22T17:00,21.4,88,905.9,23.0,0.4
2021-07-22T18:00,21.1,91,906.3,20.6,0.6
2021-07-22T19:00,20.7,93,907.1,21.0,0.6
2021-07-22T20:00,20.5,93,907.5,20.4,0.9
2021-07-22T21:00,20.3,94,907.8,20.9,0.9
2021-07-22T22:00,20.2,94,908.3,20.4,0.9
2021-07-22T23:00,20.0,93,907.9,22.0,0.7
2021-07-23T00:00,19.7,94,907.4,20.7,0.5
2021-07-23T01:00,19.5,95,906.6,22.0,0.5
2021-07-23T02:00,19.5,93,905.9,22.9,0.3
2021-07-23T03:00,19.6,95,905.8,22.8,0.2
2021-07-23T04:00,19.4,93,905.9,21.8,0.0
2021-07-23T05:00,19.9,94,905.2,20.6,0.0
2021-07-23T06:00,20.0,94,905.6,20.4,0.2
2021-07-23T07:00,20.2,95,906.3,19.1,0.3
2021-07-23T08:00,21.4,90,907.2,20.6,0.2
2021-07-23T09:00,22.5,84,908.2,23.7,0.5
2021-07-23T10:00,23.9,82,909.1,21.8,0.4
2021-07-23T11:00,24.3,74,909.2,27.4,0.3
2021-07-23T12:00,25.4,74,908.1,21.1,0.1
2021-07-23T13:00,23.9,79,907.5,28.6,1.7
2021-07-23T14:00,23.5,83,906.6,22.7,0.3
2021-07-23T15:00,24.2,73,906.3,28.4,0.4
2021-07-23T16:00,22.3,88,906.1,22.4,1.4
2021-07-23T17:00,24.5,71,906.2,22.0,0.3
2021-07-23T18:00,22.9,80,906.5,19.4,0.2
2021-07-23T19:00,22.0,85,907.1,18.5,0.1
2021-07-23T20:00,21.5,88,907.7,18.3,0.1
2021-07-23T21:00,21.2,90,908.4,16.9,0.1
2021-07-23T22:00,20.9,91,908.6,18.0,0.0
2021-07-23T23:00,20.7,90,908.7,17.4,0.0
2021-07-24T00:00,20.4,91,908.3,16.1,0.0
2021-07-24T01:00,20.4,91,907.9,17.4,0.0
2021-07-24T02:00,20.4,90,907.6,17.6,0.0
2021-07-24T03:00,20.1,91,907.5,17.7,0.0
2021-07-24T04:00,20.2,90,907.4,17.8,0.0
2021-07-24T05:00,19.7,93,907.0,16.2,0.0
2021-07-24T06:00,20.3,90,907.7,17.0,0.0
2021-07-24T07:00,21.3,88,908.8,16.9,0.0
2021-07-24T08:00,23.0,79,909.4,23.2,0.0
2021-07-24T09:00,23.0,83,909.7,22.0,0.3
2021-07-24T10:00,25.0,71,910.2,23.8,0.1
2021-07-24T11:00,26.1,66,910.0,23.8,0.3
2021-07-24T12:00,26.4,65,909.4,23.4,0.2
2021-07-24T13:00,27.5,63,908.9,21.6,0.0
2021-07-24T14:00,26.7,65,908.2,24.1,0.2
2021-07-24T15:00,25.7,69,907.6,21.3,0.4
2021-07-24T16:00,24.7,74,907.5,20.2,0.4
2021-07-24T17:00,23.7,78,907.5,14.9,0.2
2021-07-24T18:00,22.7,87,907.5,11.1,0.4
2021-07-24T19:00,22.3,90,908.2,12.2,0.1
2021-07-24T20:00,22.0,91,909.2,14.2,0.0
2021-07-24T21:00,21.5,92,909.8,15.4,0.0
2021-07-24T22:00,21.2,93,910.3,14.9,0.0
2021-07-24T23:00,20.8,94,910.5,15.8,0.0
2021-07-25T00:00,20.6,94,910.1,17.5,0.0
2021-07-25T01:00,20.3,95,909.3,17.8,0.0
2021-07-25T02:00,20.1,95,908.6,17.1,0.0
2021-07-25T03:00,19.9,95,908.4,16.0,0.0
2021-07-25T04:00,20.2,95,908.8,15.3,0.0
2021-07-25T05:00,20.4,95,908.5,16.5,0.0
2021-07-25T06:00,20.5,95,909.0,16.1,0.0
2021-07-25T07:00,21.2,93,909.7,19.5,0.1
2021-07-25T08:00,22.9,83,910.5,22.4,0.2
2021-07-25T09:00,24.4,72,910.9,23.1,0.0
2021-07-25T10:00,25.6,67,910.9,24.3,0.1
2021-07-25T11:00,26.1,66,910.6,23.3,0.1
2021-07-25T12:00,27.0,61,910.2,21.3,0.1
2021-07-25T13:00,27.6,58,909.6,22.1,0.1
2021-07-25T14:00,27.1,63,909.2,21.0,0.3
2021-07-25T15:00,26.6,66,908.8,18.6,0.1
2021-07-25T16:00,24.7,74,908.3,18.5,0.2
2021-07-25T17:00,25.3,72,908.7,15.6,0.2
2021-07-25T18:00,24.2,76,909.0,14.5,0.1
2021-07-25T19:00,23.2,80,909.8,13.8,0.1
2021-07-25T20:00,22.5,83,910.8,15.5,0.2
2021-07-25T21:00,22.0,84,911.4,17.5,0.0
2021-07-25T22:00,21.3,87,911.6,16.3,0.0
2021-07-25T23:00,20.8,89,911.5,16.5,0.0
2021-07-26T00:00,20.6,91,910.8,15.7,0.0
2021-07-26T01:00,20.2,93,910.1,15.5,0.0
2021-07-26T02:00,19.9,95,909.2,15.0,0.0
2021-07-26T03:00,20.4,92,909.3,16.4,0.0
2021-07-26T04:00,20.3,92,909.3,16.0,0.0
2021-07-26T05:00,19.9,96,909.6,14.5,0.0
2021-07-26T06:00,20.2,94,909.8,16.7,0.0
2021-07-26T07:00,20.8,91,910.4,18.2,0.0
2021-07-26T08:00,22.1,84,911.1,23.5,0.0
2021-07-26T09:00,23.1,78,911.5,24.5,0.0
2021-07-26T10:00,24.1,72,911.7,25.6,0.0
2021-07-26T11:00,25.5,65,911.7,26.3,0.0
2021-07-26T12:00,26.7,62,911.3,23.1,0.0
2021-07-26T13:00,26.4,64,910.2,22.4,0.0
2021-07-26T14:00,26.4,61,909.5,22.8,0.0
2021-07-26T15:00,26.3,61,909.1,22.7,0.0
2021-07-26T16:00,25.3,67,908.7,18.5,0.0
2021-07-26T17:00,26.2,64,909.0,16.9,0.0
2021-07-26T18:00,24.5,71,909.1,16.8,0.0
2021-07-26T19:00,23.3,74,909.2,18.7,0.0
2021-07-26T20:00,22.4,79,909.9,17.4,0.0
2021-07-26T21:00,21.4,84,910.5,16.2,0.0
2021-07-26T22:00,20.8,86,910.9,15.9,0.0
2021-07-26T23:00,20.4,89,910.8,16.5,0.0
2021-07-27T00:00,20.0,92,910.1,16.3,0.0
2021-07-27T01:00,19.8,94,909.7,16.4,0.0
2021-07-27T02:00,19.5,95,909.0,15.5,0.0
2021-07-27T03:00,19.2,96,908.6,15.8,0.0
2021-07-27T04:00,19.3,95,908.5,16.5,0.0
2021-07-27T05:00,19.1,99,908.8,14.8,0.0
2021-07-27T06:00,19.6,96,909.1,17.4,0.0
2021-07-27T07:00,20.5,91,909.8,19.3,0.0
2021-07-27T08:00,22.4,78,910.4,23.4,0.0
2021-07-27T09:00,24.0,70,911.1,25.7,0.0
2021-07-27T10:00,24.8,66,910.9,25.1,0.0
2021-07-27T11:00,25.7,65,910.7,25.1,0.1
2021-07-27T12:00,27.0,59,909.9,25.3,0.0
2021-07-27T13:00,27.4,55,909.2,26.5,0.0
2021-07-27T14:00,27.2,57,908.8,25.4,0.0
2021-07-27T15:00,27.0,57,908.4,24.3,0.1
2021-07-27T16:00,26.1,62,908.3,24.3,0.1
2021-07-27T17:00,25.6,63,908.8,21.0,0.2
2021-07-27T18:00,24.4,68,908.9,20.7,0.0
2021-07-27T19:00,23.1,72,909.5,18.6,0.0
2021-07-27T20:00,22.4,77,910.1,17.5,0.0
2021-07-27T21:00,21.7,81,910.7,16.8,0.0
2021-07-27T22:00,21.2,83,911.0,17.1,0.0
2021-07-27T23:00,20.6,87,910.7,16.1,0.0
2021-07-28T00:00,20.3,89,910.2,16.2,0.0
2021-07-28T01:00,20.1,90,909.6,17.3,0.0
2021-07-28T02:00,20.1,89,909.2,16.9,0.0
2021-07-28T03:00,19.8,91,908.6,16.6,0.0
2021-07-28T04:00,20.3,89,908.8,16.2,0.0
2021-07-28T05:00,19.7,94,909.2,14.3,0.0
2021-07-28T06:00,19.7,94,909.3,15.0,0.0
2021-07-28T07:00,20.8,88,910.2,18.9,0.0
2021-07-28T08:00,22.5,78,910.9,23.7,0.0
2021-07-28T09:00,24.1,68,911.5,26.0,0.1
2021-07-28T10:00,25.2,63,911.9,27.1,0.0
2021-07-28T11:00,26.3,58,911.9,26.4,0.0
2021-07-28T12:00,27.3,54,911.4,26.5,0.0
2021-07-28T13:00,27.9,54,910.6,26.0,0.1
2021-07-28T14:00,27.5,55,909.6,27.0,0.1
2021-07-28T15:00,26.9,60,909.3,24.9,0.2
2021-07-28T16:00,26.2,61,909.0,21.6,0.1
2021-07-28T17:00,26.3,60,909.2,17.7,0.3
2021-07-28T18:00,24.7,67,909.4,16.3,0.0
2021-07-28T19:00,23.5,70,909.9,18.8,0.0
2021-07-28T20:00,22.7,74,910.9,19.9,0.0
2021-07-28T21:00,21.7,80,911.1,19.1,0.0
2021-07-28T22:00,21.1,84,911.5,18.1,0.0
2021-07-28T23:00,20.6,88,911.2,17.4,0.0
2021-07-29T00:00,20.2,91,910.8,16.9,0.0
2021-07-29T01:00,19.9,93,910.3,16.5,0.0
2021-07-29T02:00,19.8,93,909.5,16.6,0.0
2021-07-29T03:00,19.5,95,909.6,16.8,0.0
2021-07-29T04:00,19.6,94,909.5,18.1,0.0
2021-07-29T05:00,20.0,90,910.0,17.5,0.0
2021-07-29T06:00,19.9,90,910.1,16.9,0.0
2021-07-29T07:00,20.8,87,911.1,18.2,0.0
2021-07-29T08:00,22.4,77,911.8,23.8,0.0
2021-07-29T09:00,23.8,70,912.1,26.4,0.0
2021-07-29T10:00,24.5,67,912.1,26.5,0.2
2021-07-29T11:00,25.3,64,912.0,26.8,0.1
2021-07-29T12:00,26.3,60,911.6,25.9,0.0
2021-07-29T13:00,26.8,58,911.0,26.0,0.1
2021-07-29T14:00,26.8,57,910.6,24.9,0.1
2021-07-29T15:00,25.6,64,910.3,24.6,0.4
2021-07-29T16:00,25.0,67,910.0,21.1,0.2
2021-07-29T17:00,25.4,62,910.0,18.7,0.1
2021-07-29T18:00,24.3,67,910.3,16.9,0.0
2021-07-29T19:00,23.0,73,910.7,16.8,0.0
2021-07-29T20:00,22.3,77,911.3,16.0,0.0
2021-07-29T21:00,21.6,81,911.7,16.6,0.0
2021-07-29T22:00,21.1,84,912.0,16.3,0.0
2021-07-29T23:00,20.4,87,911.8,15.7,0.0
2021-07-30T00:00,20.0,89,911.2,16.3,0.0
2021-07-30T01:00,19.7,90,910.9,16.1,0.0
2021-07-30T02:00,19.6,91,910.4,17.1,0.0
2021-07-30T03:00,19.5,91,910.2,17.4,0.0
2021-07-30T04:00,19.4,90,910.0,17.7,0.0
2021-07-30T05:00,19.6,92,910.4,15.4,0.0
2021-07-30T06:00,19.7,92,910.8,16.5,0.0
2021-07-30T07:00,20.8,88,911.6,16.9,0.0
2021-07-30T08:00,22.6,77,912.6,23.2,0.0
2021-07-30T09:00,23.6,73,912.9,24.2,0.0
2021-07-30T10:00,25.4,64,913.1,27.1,0.0
2021-07-30T11:00,26.1,61,913.0,25.6,0.1
2021-07-30T12:00,26.8,59,912.5,26.6,0.1
2021-07-30T13:00,27.4,56,912.2,25.6,0.0
2021-07-30T14:00,27.1,56,911.3,24.5,0.0
2021-07-30T15:00,26.9,56,911.0,25.4,0.1
2021-07-30T16:00,25.9,61,910.6,21.3,0.1
2021-07-30T17:00,26.1,60,910.5,18.4,0.2
2021-07-30T18:00,24.7,66,910.9,16.2,0.0
2021-07-30T19:00,23.5,71,911.4,14.1,0.0
2021-07-30T20:00,23.0,76,912.2,15.2,0.0
2021-07-30T21:00,22.2,81,912.5,16.6,0.0
2021-07-30T22:00,21.4,84,912.5,16.9,0.0
2021-07-30T23:00,20.7,87,912.2,16.6,0.0
2021-07-31T00:00,20.2,89,911.7,17.0,0.0
2021-07-31T01:00,19.7,91,910.9,16.7,0.0
2021-07-31T02:00,19.5,92,910.4,17.1,0.0
2021-07-31T03:00,19.3,92,910.4,17.9,0.0
2021-07-31T04:00,19.2,93,910.7,17.2,0.0
2021-07-31T05:00,19.4,93,911.0,15.7,0.0
2021-07-31T06:00,19.6,93,911.3,17.1,0.0
2021-07-31T07:00,21.2,86,912.2,18.7,0.0
2021-07-31T08:00,22.9,76,912.9,25.7,0.1
2021-07-31T09:00,24.2,69,913.4,26.4,0.0
2021-07-31T10:00,25.2,64,913.5,28.2,0.1
2021-07-31T11:00,26.9,57,913.2,27.4,0.0
2021-07-31T12:00,27.8,54,912.4,25.8,0.0
2021-07-31T13:00,28.3,54,911.8,25.1,0.0
2021-07-31T14:00,27.9,55,911.3,26.3,0.1
2021-07-31T15:00,26.7,61,910.8,25.1,0.3
2021-07-31T16:00,25.2,68,910.5,19.5,0.2
2021-07-31T17:00,25.6,63,911.0,20.7,0.2
2021-07-31T18:00,24.4,68,911.3,15.3,0.0
2021-07-31T19:00,23.5,72,911.9,14.3,0.0
2021-07-31T20:00,23.0,74,912.8,14.8,0.0
2021-07-31T21:00,22.5,77,913.1,14.8,0.0
2021-07-31T22:00,22.0,80,913.2,15.1,0.0
2021-07-31T23:00,21.4,83,912.8,14.8,0.0
2021-08-01T00:00,20.7,87,912.2,14.0,0.0
2021-08-01T01:00,20.3,88,911.4,15.5,0.0
2021-08-01T02:00,20.0,88,910.7,15.5,0.0
2021-08-01T03:00,19.8,90,910.5,15.3,0.0
2021-08-01T04:00,19.5,90,910.4,16.3,0.0
2021-08-01T05:00,19.4,93,910.6,14.8,0.0
2021-08-01T06:00,19.5,90,910.9,16.7,0.0
2021-08-01T07:00,20.6,85,911.5,17.8,0.0
2021-08-01T08:00,22.5,75,912.2,25.2,0.0
2021-08-01T09:00,24.2,67,912.3,27.1,0.0
2021-08-01T10:00,24.9,64,912.1,27.5,0.2
2021-08-01T11:00,26.4,58,911.8,27.8,0.0
2021-08-01T12:00,27.0,55,911.1,27.6,0.0
2021-08-01T13:00,27.4,55,910.3,26.5,0.1
2021-08-01T14:00,27.8,57,909.8,23.5,0.0
2021-08-01T15:00,27.7,56,909.6,24.2,0.0
2021-08-01T16:00,26.3,60,909.4,23.8,0.1
2021-08-01T17:00,26.0,62,909.9,16.6,0.1
2021-08-01T18:00,24.6,67,910.1,13.4,0.0
2021-08-01T19:00,23.7,70,910.5,13.0,0.0
2021-08-01T20:00,22.9,73,911.3,16.8,0.0
2021-08-01T21:00,21.9,78,911.8,16.9,0.0
2021-08-01T22:00,21.1,82,911.9,17.4,0.0
2021-08-01T23:00,20.4,84,911.5,18.1,0.0
2021-08-02T00:00,19.8,87,910.8,17.4,0.0
2021-08-02T01:00,19.2,91,910.0,16.8,0.0
2021-08-02T02:00,18.8,94,909.2,16.6,0.0
2021-08-02T03:00,18.7,94,909.1,17.3,0.0
2021-08-02T04:00,18.7,94,909.4,18.0,0.0
2021-08-02T05:00,18.8,95,909.4,15.7,0.0
2021-08-02T06:00,19.1,93,909.9,16.6,0.0
2021-08-02T07:00,20.3,88,910.7,21.3,0.0
2021-08-02T08:00,22.4,76,911.5,24.6,0.0
2021-08-02T09:00,23.6,70,911.7,27.2,0.0
2021-08-02T10:00,24.9,63,911.9,27.7,0.0
2021-08-02T11:00,26.2,58,911.7,26.0,0.0
2021-08-02T12:00,27.2,54,911.4,24.9,0.0
2021-08-02T13:00,27.4,54,910.8,25.4,0.5
2021-08-02T14:00,27.5,53,910.4,24.6,0.4
2021-08-02T15:00,26.5,61,910.4,21.4,0.1
2021-08-02T16:00,26.5,59,910.4,19.9,0.0
2021-08-02T17:00,25.8,62,910.5,18.4,0.0
2021-08-02T18:00,24.8,64,911.1,16.3,0.0
2021-08-02T19:00,23.9,66,911.8,18.0,0.0
2021-08-02T20:00,22.9,73,912.3,17.0,0.0
2021-08-02T21:00,22.2,76,912.7,18.2,0.0
2021-08-02T22:00,21.3,82,912.7,17.8,0.0
2021-08-02T23:00,20.7,85,912.5,17.3,0.0
2021-08-03T00:00,20.3,87,912.0,17.4,0.0
2021-08-03T01:00,20.0,89,911.4,17.4,0.0
2021-08-03T02:00,20.0,90,910.9,17.7,0.0
2021-08-03T03:00,19.9,91,910.9,17.4,0.0
2021-08-03T04:00,19.9,91,911.1,16.6,0.0
2021-08-03T05:00,19.6,94,910.8,14.6,0.0
2021-08-03T06:00,19.8,93,911.2,16.3,0.0
2021-08-03T07:00,21.2,86,912.1,17.0,0.0
2021-08-03T08:00,22.9,76,912.9,22.0,0.0
2021-08-03T09:00,23.7,72,913.6,25.5,0.1
2021-08-03T10:00,24.0,69,913.7,23.5,0.0
2021-08-03T11:00,26.0,62,913.4,24.3,0.3
2021-08-03T12:00,27.1,57,912.8,24.3,0.2
2021-08-03T13:00,27.7,54,912.3,24.6,0.1
2021-08-03T14:00,27.9,53,911.4,24.0,0.1
2021-08-03T15:00,28.1,54,911.2,24.5,0.0
2021-08-03T16:00,26.8,57,911.1,24.1,0.0
2021-08-03T17:00,25.5,64,911.5,18.0,0.0
2021-08-03T18:00,24.1,72,911.8,16.3,0.1
2021-08-03T19:00,22.9,77,912.4,12.6,0.0
2021-08-03T20:00,22.4,82,913.2,15.3,0.0
2021-08-03T21:00,21.9,83,913.9,16.1,0.0
2021-08-03T22:00,21.2,87,913.9,14.9,0.0
2021-08-03T23:00,20.8,89,913.7,14.8,0.0
2021-08-04T00:00,20.4,90,913.0,15.5,0.0
2021-08-04T01:00,20.1,91,912.3,15.8,0.0
2021-08-04T02:00,19.9,93,911.9,15.1,0.0
2021-08-04T03:00,19.8,94,911.6,15.9,0.0
2021-08-04T04:00,19.7,94,911.9,16.0,0.0
2021-08-04T05:00,19.9,93,912.1,14.8,0.0
2021-08-04T06:00,20.4,91,912.4,15.9,0.0
2021-08-04T07:00,21.4,87,913.1,20.2,0.0
2021-08-04T08:00,23.2,76,913.8,24.5,0.0
2021-08-04T09:00,24.6,68,914.3,27.3,0.1
2021-08-04T10:00,25.3,64,914.2,25.7,0.1
2021-08-04T11:00,26.8,59,914.0,25.7,0.2
2021-08-04T12:00,27.2,58,913.4,25.9,0.2
2021-08-04T13:00,27.1,61,912.7,25.2,0.4
2021-08-04T14:00,27.5,57,911.8,24.5,0.1
2021-08-04T15:00,26.0,68,911.3,23.4,0.4
2021-08-04T16:00,26.0,66,911.1,20.9,0.4
2021-08-04T17:00,25.6,63,911.4,21.0,0.0
2021-08-04T18:00,24.2,70,911.8,18.4,0.0
2021-08-04T19:00,23.3,76,912.4,15.9,0.1
2021-08-04T20:00,22.7,80,913.0,14.1,0.1
2021-08-04T21:00,22.2,83,913.2,14.5,0.0
2021-08-04T22:00,21.6,86,913.5,15.8,0.0
2021-08-04T23:00,21.0,89,913.0,16.2,0.0
2021-08-05T00:00,20.3,91,912.0,16.3,0.0
2021-08-05T01:00,19.9,92,911.3,16.7,0.0
2021-08-05T02:00,19.4,94,910.7,16.9,0.0
2021-08-05T03:00,19.2,94,910.4,18.0,0.0
2021-08-05T04:00,19.2,95,910.3,17.8,0.0
2021-08-05T05:00,20.0,92,910.1,15.6,0.0
2021-08-05T06:00,20.2,92,910.6,14.6,0.0
2021-08-05T07:00,21.2,89,911.2,18.9,0.0
2021-08-05T08:00,23.0,77,912.0,22.7,0.1
2021-08-05T09:00,24.2,73,912.3,22.5,0.1
2021-08-05T10:00,25.4,66,912.0,24.8,0.1
2021-08-05T11:00,26.8,61,911.9,24.1,0.3
2021-08-05T12:00,27.7,56,911.1,24.1,0.2
2021-08-05T13:00,27.8,56,910.3,25.0,0.6
2021-08-05T14:00,27.3,59,909.6,23.8,0.2
2021-08-05T15:00,26.3,65,909.3,24.3,0.4
2021-08-05T16:00,25.0,72,909.2,19.8,0.9
2021-08-05T17:00,24.2,78,909.2,16.2,1.5
2021-08-05T18:00,23.1,85,909.5,14.4,0.2
2021-08-05T19:00,22.3,87,910.0,13.8,0.2
2021-08-05T20:00,22.0,87,910.8,14.1,0.1
2021-08-05T21:00,21.8,88,911.2,15.5,0.0
2021-08-05T22:00,21.2,89,911.3,15.5,0.0
2021-08-05T23:00,20.7,91,911.1,17.3,0.0
2021-08-06T00:00,20.2,93,910.2,17.6,0.0
2021-08-06T01:00,20.0,94,909.4,16.6,0.0
2021-08-06T02:00,20.4,93,909.2,17.4,0.0
2021-08-06T03:00,19.8,96,908.8,15.7,0.0
2021-08-06T04:00,20.2,94,908.9,15.9,0.0
2021-08-06T05:00,20.5,91,908.8,14.7,0.0
2021-08-06T06:00,20.8,90,909.1,14.8,0.0
2021-08-06T07:00,21.6,86,909.9,19.8,0.0
2021-08-06T08:00,23.0,77,910.8,24.9,0.0
2021-08-06T09:00,24.3,71,911.2,23.9,0.1
2021-08-06T10:00,25.4,67,911.4,23.9,0.2
2021-08-06T11:00,26.5,63,911.3,24.2,0.3
2021-08-06T12:00,27.3,59,910.5,25.7,0.1
2021-08-06T13:00,27.5,59,909.5,26.4,0.1
2021-08-06T14:00,28.0,56,908.9,25.3,0.1
2021-08-06T15:00,26.9,62,908.5,23.4,0.1
2021-08-06T16:00,26.5,64,908.5,21.3,0.1
2021-08-06T17:00,25.8,65,908.7,18.4,0.9
2021-08-06T18:00,24.4,73,908.8,12.6,0.1
2021-08-06T19:00,23.6,77,909.4,13.8,0.1
2021-08-06T20:00,22.8,81,910.1,13.6,0.1
2021-08-06T21:00,22.5,83,911.1,14.3,0.0
2021-08-06T22:00,21.8,86,911.3,14.3,0.0
2021-08-06T23:00,21.1,89,911.3,13.3,0.0
2021-08-07T00:00,20.7,91,910.6,13.5,0.0
2021-08-07T01:00,20.2,94,909.6,13.8,0.0
2021-08-07T02:00,20.3,94,908.9,14.2,0.0
2021-08-07T03:00,20.1,95,908.7,14.4,0.0
2021-08-07T04:00,20.0,95,909.0,14.1,0.0
2021-08-07T05:00,20.5,94,909.1,13.0,0.0
2021-08-07T06:00,20.1,96,909.4,14.1,0.0
2021-08-07T07:00,21.3,89,910.5,19.3,0.0
2021-08-07T08:00,22.9,80,911.2,19.5,0.0
2021-08-07T09:00,24.4,72,912.2,20.7,0.0
2021-08-07T10:00,26.1,64,912.3,18.9,0.1
2021-08-07T11:00,27.2,62,912.3,20.2,0.3
2021-08-07T12:00,27.9,62,911.7,18.1,0.0
2021-08-07T13:00,27.9,60,910.6,15.8,0.4
2021-08-07T14:00,27.6,61,909.9,17.4,0.6
2021-08-07T15:00,24.7,78,909.2,11.9,1.5
2021-08-07T16:00,24.6,76,909.3,18.8,1.6
2021-08-07T17:00,24.9,75,909.1,14.3,1.0
2021-08-07T18:00,23.3,85,909.7,12.5,0.2
2021-08-07T19:00,22.6,88,910.3,14.4,0.1
2021-08-07T20:00,21.7,90,911.0,13.1,0.0
2021-08-07T21:00,21.4,92,911.2,11.9,0.1
2021-08-07T22:00,21.1,94,911.6,11.9,0.0
2021-08-07T23:00,20.7,95,911.6,12.0,0.0
2021-08-08T00:00,20.4,95,911.1,12.2,0.0
2021-08-08T01:00,20.1,96,910.4,12.6,0.0
2021-08-08T02:00,20.0,96,910.0,12.0,0.0
2021-08-08T03:00,19.7,97,909.7,11.3,0.0
2021-08-08T04:00,19.9,97,909.9,11.4,0.0
2021-08-08T05:00,20.3,97,909.8,10.0,0.0
2021-08-08T06:00,20.5,96,910.2,12.0,0.0
2021-08-08T07:00,21.3,91,911.1,14.4,0.0
2021-08-08T08:00,22.9,81,912.2,15.1,0.1
2021-08-08T09:00,24.3,74,912.6,15.0,0.0
2021-08-08T10:00,25.5,69,912.7,12.8,0.0
2021-08-08T11:00,26.0,69,912.6,9.1,0.0
2021-08-08T12:00,26.9,67,911.9,7.0,0.0
2021-08-08T13:00,27.9,65,911.0,7.2,0.0
2021-08-08T14:00,28.3,62,910.2,6.8,0.0
2021-08-08T15:00,28.2,60,909.6,8.6,0.0
2021-08-08T16:00,26.6,70,909.4,8.1,1.5
2021-08-08T17:00,26.9,66,909.5,7.2,2.1
2021-08-08T18:00,25.4,73,909.8,5.4,0.0
2021-08-08T19:00,24.2,77,910.6,9.5,0.0
2021-08-08T20:00,23.1,84,911.2,10.7,0.2
2021-08-08T21:00,22.4,89,911.8,11.8,0.1
2021-08-08T22:00,22.0,91,912.2,11.9,0.0
2021-08-08T23:00,21.6,93,912.0,11.6,0.0
2021-08-09T00:00,21.2,94,911.6,10.5,0.0
2021-08-09T01:00,20.8,96,911.2,8.7,0.0
2021-08-09T02:00,20.6,97,910.8,8.0,0.0
2021-08-09T03:00,20.4,98,910.4,7.6,0.1
2021-08-09T04:00,20.3,98,910.3,7.3,0.1
2021-08-09T05:00,20.1,97,911.0,10.1,0.0
2021-08-09T06:00,20.3,96,911.0,11.3,0.0
2021-08-09T07:00,21.4,89,911.9,14.0,0.0
2021-08-09T08:00,22.8,81,912.7,12.0,0.0
2021-08-09T09:00,24.3,74,913.2,10.8,0.0
2021-08-09T10:00,25.9,68,913.4,9.6,0.0
2021-08-09T11:00,26.0,69,913.1,8.9,0.0
2021-08-09T12:00,27.1,67,912.6,7.8,0.0
2021-08-09T13:00,27.6,66,911.5,9.6,0.0
2021-08-09T14:00,28.1,64,910.5,7.6,0.1
2021-08-09T15:00,28.2,60,909.9,6.6,0.0
2021-08-09T16:00,26.9,65,909.7,10.1,0.2
2021-08-09T17:00,25.8,71,910.0,13.1,0.7
2021-08-09T18:00,24.3,80,910.0,8.0,0.0
2021-08-09T19:00,23.1,86,910.4,6.8,0.0
2021-08-09T20:00,23.0,87,911.2,7.3,0.0
2021-08-09T21:00,22.5,90,911.8,10.4,0.1
2021-08-09T22:00,22.2,90,912.2,11.2,0.0
2021-08-09T23:00,21.6,92,912.2,10.8,0.0
2021-08-10T00:00,21.4,92,911.8,12.7,0.0
2021-08-10T01:00,21.0,93,911.4,13.4,0.0
2021-08-10T02:00,20.6,94,911.0,13.0,0.0
2021-08-10T03:00,20.6,94,910.6,12.1,0.0
2021-08-10T04:00,20.2,96,910.4,10.5,0.0
2021-08-10T05:00,20.1,96,910.9,11.2,0.0
2021-08-10T06:00,20.3,95,911.4,10.7,0.0
2021-08-10T07:00,21.2,90,912.0,14.1,0.0
2021-08-10T08:00,22.3,83,912.6,16.2,0.0
2021-08-10T09:00,23.3,78,913.1,14.3,0.1
2021-08-10T10:00,24.4,73,912.8,16.1,0.1
2021-08-10T11:00,25.6,67,912.6,17.1,0.1
2021-08-10T12:00,26.6,63,912.0,18.0,0.1
2021-08-10T13:00,27.2,60,911.2,16.9,0.1
2021-08-10T14:00,27.7,57,910.3,17.0,0.1
2021-08-10T15:00,27.2,59,909.4,15.7,0.1
2021-08-10T16:00,25.2,75,909.4,14.0,1.5
2021-08-10T17:00,24.5,75,909.6,12.7,1.6
2021-08-10T18:00,23.3,82,909.6,10.6,0.0
2021-08-10T19:00,22.8,84,910.0,10.9,0.0
2021-08-10T20:00,22.1,87,910.8,9.2,0.0
2021-08-10T21:00,21.7,90,911.5,10.7,0.0
2021-08-10T22:00,21.7,90,912.0,12.0,0.0
2021-08-10T23:00,21.3,90,912.2,11.6,0.0
2021-08-11T00:00,20.7,93,911.5,11.3,0.0
2021-08-11T01:00,20.3,95,910.9,10.5,0.0
2021-08-11T02:00,19.9,97,910.5,9.7,0.0
2021-08-11T03:00,19.7,97,910.2,10.5,0.0
2021-08-11T04:00,19.7,96,910.3,11.9,0.0
2021-08-11T05:00,19.7,96,910.6,9.9,0.0
2021-08-11T06:00,20.0,95,910.8,10.9,0.0
2021-08-11T07:00,21.4,88,911.5,16.0,0.0
2021-08-11T08:00,23.1,79,911.9,19.0,0.0
2021-08-11T09:00,25.1,69,912.6,20.4,0.0
2021-08-11T10:00,25.5,67,912.8,19.2,0.2
2021-08-11T11:00,26.5,68,912.5,17.7,0.1
2021-08-11T12:00,26.9,68,912.2,17.2,0.1
2021-08-11T13:00,27.1,67,911.2,16.2,0.1
2021-08-11T14:00,27.8,64,910.2,17.1,0.1
2021-08-11T15:00,27.7,63,909.6,15.3,0.1
2021-08-11T16:00,25.2,74,909.3,14.0,5.2
2021-08-11T17:00,24.8,77,910.0,14.0,2.0
2021-08-11T18:00,23.7,84,910.0,9.2,0.0
2021-08-11T19:00,22.8,90,910.6,9.0,0.0
2021-08-11T20:00,22.4,89,911.4,10.1,0.0
2021-08-11T21:00,21.8,89,912.1,10.8,0.0
2021-08-11T22:00,21.6,90,912.3,12.2,0.0
2021-08-11T23:00,21.3,92,911.9,11.5,0.0
2021-08-12T00:00,21.2,92,911.4,12.3,0.0
2021-08-12T01:00,20.5,95,910.9,11.2,0.0
2021-08-12T02:00,20.3,95,910.5,13.7,0.0
2021-08-12T03:00,20.1,95,910.4,14.0,0.0
2021-08-12T04:00,20.2,94,910.6,12.6,0.0
2021-08-12T05:00,20.2,95,911.5,12.6,0.0
2021-08-12T06:00,20.4,93,911.6,13.0,0.0
2021-08-12T07:00,21.3,88,912.2,17.7,0.0
2021-08-12T08:00,23.0,78,912.9,21.3,0.0
2021-08-12T09:00,24.6,70,913.4,21.7,0.1
2021-08-12T10:00,24.8,70,913.2,20.6,0.4
2021-08-12T11:00,26.6,66,913.5,18.2,0.2
2021-08-12T12:00,25.4,72,912.8,18.7,1.4
2021-08-12T13:00,25.5,71,911.7,17.2,0.4
2021-08-12T14:00,26.1,69,911.0,17.1,0.6
2021-08-12T15:00,25.2,71,910.3,14.8,0.7
2021-08-12T16:00,24.2,78,910.5,18.2,2.3
2021-08-12T17:00,23.1,80,911.0,15.6,2.2
2021-08-12T18:00,22.0,87,911.2,13.6,0.1
2021-08-12T19:00,21.6,90,912.1,13.0,0.1
2021-08-12T20:00,21.3,90,912.5,14.7,0.0
2021-08-12T21:00,20.9,91,913.0,13.6,0.1
2021-08-12T22:00,20.6,92,912.9,13.4,0.1
2021-08-12T23:00,20.4,93,912.1,13.0,0.1
2021-08-13T00:00,20.2,94,911.5,12.6,0.1
2021-08-13T01:00,20.0,96,911.0,11.9,0.1
2021-08-13T02:00,20.0,97,910.8,11.5,0.1
2021-08-13T03:00,19.8,97,910.2,12.5,0.1
2021-08-13T04:00,19.6,97,910.3,12.1,0.0
2021-08-13T05:00,19.8,96,910.4,12.0,0.0
2021-08-13T06:00,20.2,95,910.6,13.4,0.0
2021-08-13T07:00,21.2,89,911.1,18.1,0.0
2021-08-13T08:00,22.2,82,911.8,19.1,0.0
2021-08-13T09:00,23.7,74,911.9,19.9,0.0
2021-08-13T10:00,25.2,66,911.8,21.6,0.0
2021-08-13T11:00,26.3,61,911.7,19.6,0.0
2021-08-13T12:00,27.5,56,911.1,18.4,0.0
2021-08-13T13:00,27.9,55,910.2,16.3,0.0
2021-08-13T14:00,28.0,55,909.2,15.1,0.0
2021-08-13T15:00,25.8,67,908.6,18.3,0.3
2021-08-13T16:00,25.6,68,908.6,15.3,0.0
2021-08-13T17:00,22.5,87,909.1,12.5,3.8
2021-08-13T18:00,22.5,89,909.7,9.0,0.5
2021-08-13T19:00,21.2,93,910.5,12.3,1.4
2021-08-13T20:00,21.1,94,911.0,9.3,0.7
2021-08-13T21:00,20.7,95,911.3,10.2,0.1
2021-08-13T22:00,20.8,94,911.6,12.3,0.0
2021-08-13T23:00,20.5,96,910.8,12.0,0.0
2021-08-14T00:00,20.2,97,910.1,10.8,0.0
2021-08-14T01:00,19.9,97,909.3,12.6,0.0
2021-08-14T02:00,19.6,97,908.5,13.1,0.0
2021-08-14T03:00,19.3,97,907.8,12.8,0.0
2021-08-14T04:00,19.1,97,908.0,12.1,0.0
2021-08-14T05:00,19.3,97,908.6,10.1,0.0
2021-08-14T06:00,19.6,96,908.9,11.2,0.0
2021-08-14T07:00,20.5,90,909.6,15.5,0.0
2021-08-14T08:00,22.2,81,910.4,19.7,0.0
2021-08-14T09:00,23.5,74,910.8,21.5,0.0
2021-08-14T10:00,24.7,68,910.7,21.3,0.0
2021-08-14T11:00,25.8,63,910.8,19.0,0.0
2021-08-14T12:00,26.6,59,910.2,19.2,0.2
2021-08-14T13:00,27.0,57,909.4,19.6,0.2
2021-08-14T14:00,26.7,57,908.4,19.0,0.1
2021-08-14T15:00,26.5,59,907.9,19.3,0.0
2021-08-14T16:00,25.1,67,907.7,19.2,0.2
2021-08-14T17:00,23.8,75,908.1,15.7,0.2
2021-08-14T18:00,22.7,81,908.5,14.2,0.2
2021-08-14T19:00,22.1,85,909.0,8.4,0.1
2021-08-14T20:00,21.7,87,909.7,11.1,0.2
2021-08-14T21:00,21.2,90,910.4,13.4,0.0
2021-08-14T22:00,20.7,91,910.6,12.8,0.0
2021-08-14T23:00,19.9,94,910.3,12.5,0.0
2021-08-15T00:00,19.6,95,909.6,12.7,0.0
2021-08-15T01:00,19.4,95,909.5,13.4,0.0
2021-08-15T02:00,19.0,96,908.7,13.0,0.0
2021-08-15T03:00,19.0,96,908.4,13.3,0.0
2021-08-15T04:00,18.7,97,908.5,13.3,0.0
2021-08-15T05:00,19.2,95,908.7,13.3,0.0
2021-08-15T06:00,19.5,93,909.1,13.7,0.0
2021-08-15T07:00,20.5,89,909.9,16.6,0.0
2021-08-15T08:00,21.5,82,910.4,19.6,0.0
2021-08-15T09:00,23.4,72,910.9,22.3,0.0
2021-08-15T10:00,24.7,67,910.8,22.6,0.1
2021-08-15T11:00,25.7,61,910.5,21.4,0.0
2021-08-15T12:00,26.5,57,910.4,21.3,0.3
2021-08-15T13:00,26.6,57,909.7,20.4,0.3
2021-08-15T14:00,26.6,57,909.3,18.7,0.1
2021-08-15T15:00,26.2,60,908.8,18.7,0.1
2021-08-15T16:00,25.8,61,908.5,16.7,0.0
2021-08-15T17:00,24.9,66,908.6,13.3,0.0
2021-08-15T18:00,23.8,70,909.1,11.7,0.0
2021-08-15T19:00,23.1,75,909.6,9.0,0.0
2021-08-15T20:00,22.5,78,910.5,9.8,0.0
2021-08-15T21:00,22.0,81,910.8,12.8,0.0
2021-08-15T22:00,21.4,85,911.1,12.8,0.0
2021-08-15T23:00,20.8,87,910.9,13.0,0.0
2021-08-16T00:00,20.6,88,910.5,13.6,0.0
2021-08-16T01:00,20.3,90,910.0,13.7,0.0
2021-08-16T02:00,19.9,92,909.4,12.8,0.0
2021-08-16T03:00,19.6,93,909.1,12.7,0.0
2021-08-16T04:00,19.6,92,909.3,13.7,0.0
2021-08-16T05:00,19.5,95,909.2,10.1,0.0
2021-08-16T06:00,19.8,93,909.5,10.5,0.0
2021-08-16T07:00,20.8,88,910.4,14.1,0.0
2021-08-16T08:00,22.3,80,911.6,17.4,0.0
2021-08-16T09:00,23.9,72,912.1,19.2,0.1
2021-08-16T10:00,24.4,69,912.0,17.5,0.2
2021-08-16T11:00,25.0,69,911.5,17.7,0.5
2021-08-16T12:00,25.9,64,911.1,17.7,0.1
2021-08-16T13:00,26.6,61,910.4,17.2,0.1
2021-08-16T14:00,26.2,62,909.7,17.9,0.1
2021-08-16T15:00,24.9,69,909.4,16.5,0.3
2021-08-16T16:00,24.4,71,909.3,15.0,0.1
2021-08-16T17:00,24.8,68,909.4,11.5,0.0
2021-08-16T18:00,23.8,72,909.6,10.2,0.0
2021-08-16T19:00,22.8,77,910.1,7.9,0.0
2021-08-16T20:00,22.0,83,911.0,5.4,0.0
2021-08-16T21:00,21.9,84,911.7,6.5,0.0
2021-08-16T22:00,21.7,86,911.9,8.0,0.0
2021-08-16T23:00,21.1,89,911.6,8.0,0.0
2021-08-17T00:00,20.6,92,910.9,9.5,0.0
2021-08-17T01:00,20.1,94,910.4,10.5,0.0
2021-08-17T02:00,19.9,95,909.8,10.2,0.0
2021-08-17T03:00,19.6,96,909.6,10.0,0.0
2021-08-17T04:00,19.4,97,909.6,11.8,0.0
2021-08-17T05:00,19.6,98,909.9,9.2,0.0
2021-08-17T06:00,19.7,97,910.2,10.8,0.1
2021-08-17T07:00,20.2,94,910.9,13.3,0.1
2021-08-17T08:00,20.9,89,911.9,13.4,0.0
2021-08-17T09:00,22.1,83,912.2,14.1,0.0
2021-08-17T10:00,24.1,71,912.4,13.7,0.0
2021-08-17T11:00,24.4,68,912.1,13.0,0.0
2021-08-17T12:00,24.8,66,911.3,13.3,0.0
2021-08-17T13:00,24.7,68,910.4,12.6,0.0
2021-08-17T14:00,25.3,65,909.8,16.3,0.1
2021-08-17T15:00,24.1,72,909.4,15.9,0.1
2021-08-17T16:00,24.0,74,909.2,14.4,0.1
2021-08-17T17:00,24.5,71,909.4,11.9,0.3
2021-08-17T18:00,23.4,77,909.8,9.9,0.1
2021-08-17T19:00,22.4,85,910.4,10.2,0.1
2021-08-17T20:00,21.5,90,911.2,10.5,0.2
2021-08-17T21:00,21.4,92,911.7,7.9,0.1
2021-08-17T22:00,21.1,92,911.8,9.4,0.0
2021-08-17T23:00,20.9,91,911.4,10.8,0.0
2021-08-18T00:00,20.3,92,910.5,12.3,0.0
2021-08-18T01:00,20.0,94,909.7,12.4,0.0
2021-08-18T02:00,19.9,96,909.1,12.1,0.0
2021-08-18T03:00,19.6,98,908.7,12.1,0.0
2021-08-18T04:00,19.5,99,908.6,13.4,0.0
2021-08-18T05:00,19.8,98,909.1,10.8,0.0
2021-08-18T06:00,19.8,98,909.1,11.6,0.0
2021-08-18T07:00,20.9,90,910.0,15.6,0.0
2021-08-18T08:00,22.1,83,910.7,16.7,0.0
2021-08-18T09:00,23.2,76,911.2,17.5,0.0
2021-08-18T10:00,25.0,68,911.4,17.8,0.0
2021-08-18T11:00,25.8,64,911.0,17.9,0.2
2021-08-18T12:00,26.4,61,910.5,18.3,0.2
2021-08-18T13:00,26.9,64,909.6,18.7,0.1
2021-08-18T14:00,27.4,63,909.0,19.7,0.0
2021-08-18T15:00,25.5,69,908.4,20.0,0.3
2021-08-18T16:00,24.0,77,908.1,16.2,1.5
2021-08-18T17:00,24.9,70,908.1,16.6,0.8
2021-08-18T18:00,23.8,75,908.6,13.0,0.0
2021-08-18T19:00,22.7,80,909.5,12.1,0.1
2021-08-18T20:00,22.0,84,909.9,14.0,0.1
2021-08-18T21:00,21.6,85,910.1,15.5,0.0
2021-08-18T22:00,21.0,88,910.5,15.7,0.0
2021-08-18T23:00,20.6,90,910.2,16.2,0.0
2021-08-19T00:00,20.5,89,909.5,17.1,0.0
2021-08-19T01:00,20.3,91,908.8,15.8,0.0
2021-08-19T02:00,20.3,91,908.3,16.9,0.0
2021-08-19T03:00,20.3,91,908.0,17.0,0.0
2021-08-19T04:00,20.1,92,908.2,16.0,0.0
2021-08-19T05:00,20.0,95,908.6,15.0,0.0
2021-08-19T06:00,20.1,95,908.7,15.6,0.0
2021-08-19T07:00,20.9,91,909.5,18.5,0.0
2021-08-19T08:00,22.3,81,910.4,22.2,0.0
2021-08-19T09:00,23.7,73,910.8,22.7,0.0
2021-08-19T10:00,25.0,66,911.1,23.0,0.1
2021-08-19T11:00,25.8,63,910.9,22.1,0.1
2021-08-19T12:00,25.8,62,910.4,20.2,0.0
2021-08-19T13:00,26.3,59,909.5,19.9,0.0
2021-08-19T14:00,26.1,59,908.7,18.5,0.0
2021-08-19T15:00,26.2,60,908.0,19.6,0.0
2021-08-19T16:00,26.1,60,907.7,19.2,0.0
2021-08-19T17:00,25.2,68,908.0,15.9,0.0
2021-08-19T18:00,23.8,73,908.0,13.4,0.0
2021-08-19T19:00,22.7,78,908.7,8.9,0.0
2021-08-19T20:00,22.1,83,909.5,7.8,0.0
2021-08-19T21:00,21.7,85,910.2,8.8,0.0
2021-08-19T22:00,21.5,86,910.6,10.6,0.0
2021-08-19T23:00,20.7,90,910.2,11.2,0.0
2021-08-20T00:00,20.0,94,909.2,10.9,0.0
2021-08-20T01:00,19.4,97,908.6,9.8,0.0
2021-08-20T02:00,19.3,97,908.0,9.2,0.0
2021-08-20T03:00,19.0,98,908.2,7.5,0.0
2021-08-20T04:00,19.0,98,908.2,8.4,0.0
2021-08-20T05:00,19.1,99,908.3,8.0,0.0
2021-08-20T06:00,19.5,97,908.7,10.9,0.0
2021-08-20T07:00,20.3,93,909.7,11.4,0.0
2021-08-20T08:00,22.1,82,910.9,11.2,0.0
2021-08-20T09:00,23.7,72,911.4,12.6,0.0
2021-08-20T10:00,24.9,67,911.9,12.3,0.1
2021-08-20T11:00,26.1,62,911.7,12.2,0.2
2021-08-20T12:00,27.1,58,911.0,13.4,0.1
2021-08-20T13:00,27.4,56,909.9,12.5,0.0
2021-08-20T14:00,28.2,53,909.2,12.1,0.0
2021-08-20T15:00,28.2,52,908.6,11.8,0.0
2021-08-20T16:00,27.9,52,908.2,11.8,0.0
2021-08-20T17:00,26.5,59,908.6,10.2,0.0
2021-08-20T18:00,24.5,69,908.6,5.2,0.0
2021-08-20T19:00,23.0,75,909.0,6.6,0.0
2021-08-20T20:00,22.9,74,910.0,7.9,0.0
2021-08-20T21:00,22.2,78,911.1,8.9,0.0
2021-08-20T22:00,21.4,85,911.4,6.9,0.0
2021-08-20T23:00,21.1,86,911.2,6.1,0.0
2021-08-21T00:00,20.6,86,910.4,6.5,0.0
2021-08-21T01:00,20.1,89,909.9,6.0,0.0
2021-08-21T02:00,19.8,92,909.4,7.1,0.0
2021-08-21T03:00,20.2,92,909.3,8.3,0.0
2021-08-21T04:00,20.3,92,909.3,8.8,0.0
2021-08-21T05:00,20.1,95,909.8,5.2,0.0
2021-08-21T06:00,20.3,95,910.3,4.1,0.0
2021-08-21T07:00,20.9,93,911.5,5.0,0.1
2021-08-21T08:00,21.7,88,912.4,7.1,0.1
2021-08-21T09:00,23.1,79,912.8,5.9,0.1
2021-08-21T10:00,24.4,71,912.9,5.4,0.0
2021-08-21T11:00,25.1,67,912.5,5.8,0.0
2021-08-21T12:00,26.0,64,911.8,4.0,0.0
2021-08-21T13:00,26.3,64,910.9,3.3,0.1
2021-08-21T14:00,26.8,64,909.9,5.1,0.0
2021-08-21T15:00,25.3,70,909.6,8.6,0.1
2021-08-21T16:00,25.2,72,909.4,7.0,0.0
2021-08-21T17:00,23.8,77,909.7,5.7,0.0
2021-08-21T18:00,22.8,87,910.1,5.2,0.4
2021-08-21T19:00,22.2,91,911.0,5.5,0.0
2021-08-21T20:00,21.7,92,911.8,4.9,0.0
2021-08-21T21:00,21.4,93,912.6,6.1,0.0
2021-08-21T22:00,20.9,95,912.9,6.1,0.3
2021-08-21T23:00,20.8,95,912.5,6.7,0.1
2021-08-22T00:00,20.6,95,911.9,5.6,0.2
2021-08-22T01:00,20.4,96,911.4,6.5,0.1
2021-08-22T02:00,20.1,96,910.4,5.8,0.0
2021-08-22T03:00,19.8,98,910.0,4.2,0.0
2021-08-22T04:00,19.6,99,909.7,4.1,0.0
2021-08-22T05:00,19.2,98,909.8,3.8,0.0
2021-08-22T06:00,19.3,99,909.9,4.2,0.0
2021-08-22T07:00,20.8,95,910.9,4.3,0.0
2021-08-22T08:00,22.9,85,912.0,3.6,0.0
2021-08-22T09:00,24.9,74,912.7,2.5,0.0
2021-08-22T10:00,26.4,69,912.9,1.3,0.1
2021-08-22T11:00,27.2,62,912.4,3.4,0.2
2021-08-22T12:00,25.6,71,911.2,6.1,8.3
2021-08-22T13:00,26.0,71,910.3,4.0,1.2
2021-08-22T14:00,25.0,74,909.5,4.3,2.0
2021-08-22T15:00,24.4,76,909.3,2.9,4.9
2021-08-22T16:00,23.9,78,908.9,1.1,0.1
2021-08-22T17:00,23.9,78,909.2,3.8,0.1
2021-08-22T18:00,22.2,89,909.8,6.4,0.2
2021-08-22T19:00,21.3,92,910.0,4.6,0.1
2021-08-22T20:00,20.6,94,910.4,4.8,0.0
2021-08-22T21:00,20.4,94,911.3,4.3,0.1
2021-08-22T22:00,20.7,93,911.8,4.2,0.6
2021-08-22T23:00,20.5,95,911.9,1.8,2.5
2021-08-23T00:00,20.3,95,911.1,4.1,0.0
2021-08-23T01:00,20.2,96,910.4,3.7,0.0
2021-08-23T02:00,19.8,97,909.5,3.4,0.0
2021-08-23T03:00,19.5,98,909.4,3.1,0.0
2021-08-23T04:00,19.4,99,909.5,4.0,0.0
2021-08-23T05:00,19.1,97,909.8,4.7,0.0
2021-08-23T06:00,19.3,98,910.2,3.5,0.0
2021-08-23T07:00,20.8,92,911.2,7.9,0.0
2021-08-23T08:00,22.4,83,912.2,7.3,0.0
2021-08-23T09:00,23.8,76,912.8,5.4,0.0
2021-08-23T10:00,24.6,76,912.9,5.2,0.0
2021-08-23T11:00,25.7,74,912.4,4.7,0.1
2021-08-23T12:00,26.9,66,911.4,4.0,0.2
2021-08-23T13:00,25.6,71,909.8,3.6,1.4
2021-08-23T14:00,25.7,69,909.1,5.4,0.3
2021-08-23T15:00,26.1,67,909.1,5.4,0.3
2021-08-23T16:00,23.4,80,908.8,4.7,5.6
2021-08-23T17:00,24.8,73,909.1,5.5,2.3
2021-08-23T18:00,23.3,82,909.4,7.8,0.0
2021-08-23T19:00,21.7,90,910.2,12.6,0.2
2021-08-23T20:00,21.1,95,910.8,9.0,0.7
2021-08-23T21:00,20.6,97,911.7,9.6,0.5
2021-08-23T22:00,20.4,95,911.9,7.1,0.2
2021-08-23T23:00,20.2,97,911.6,8.4,0.0
2021-08-24T00:00,19.9,98,911.1,8.3,0.0
2021-08-24T01:00,19.6,96,910.3,7.2,0.0
2021-08-24T02:00,19.3,97,909.6,8.0,0.0
2021-08-24T03:00,19.2,97,909.6,8.5,0.4
2021-08-24T04:00,18.9,98,909.8,7.3,0.6
2021-08-24T05:00,19.0,98,909.6,4.0,0.3
2021-08-24T06:00,19.2,97,910.0,5.5,0.0
2021-08-24T07:00,20.5,90,911.2,6.6,0.0
2021-08-24T08:00,22.3,83,912.4,8.5,0.0
2021-08-24T09:00,23.7,80,913.0,10.0,0.0
2021-08-24T10:00,24.7,76,913.0,7.4,0.0
2021-08-24T11:00,25.9,73,912.4,7.6,0.0
2021-08-24T12:00,26.6,72,911.5,9.0,0.0
2021-08-24T13:00,27.1,70,910.5,8.6,0.1
2021-08-24T14:00,27.4,69,909.5,7.8,0.0
2021-08-24T15:00,27.8,66,908.9,8.4,0.0
2021-08-24T16:00,26.9,67,908.3,8.7,0.1
2021-08-24T17:00,26.7,63,908.8,8.2,0.1
2021-08-24T18:00,24.8,73,909.0,5.4,0.0
2021-08-24T19:00,23.5,79,909.4,5.4,0.0
2021-08-24T20:00,23.2,79,910.2,8.0,0.1
2021-08-24T21:00,22.6,82,911.0,7.4,0.0
2021-08-24T22:00,22.2,84,911.3,7.9,0.0
2021-08-24T23:00,21.4,90,911.2,7.2,1.1
2021-08-25T00:00,20.9,94,910.9,6.2,2.7
2021-08-25T01:00,20.4,96,910.5,5.6,2.1
2021-08-25T02:00,20.3,96,909.7,8.6,0.1
2021-08-25T03:00,20.0,95,909.5,8.0,0.6
2021-08-25T04:00,19.8,96,909.5,7.2,0.1
2021-08-25T05:00,20.0,98,909.9,5.8,0.0
2021-08-25T06:00,20.3,96,910.1,8.8,0.0
2021-08-25T07:00,21.2,90,911.0,10.5,0.0
2021-08-25T08:00,22.5,83,911.8,10.6,0.0
2021-08-25T09:00,23.5,78,912.1,10.6,0.0
2021-08-25T10:00,25.1,73,911.9,8.6,0.1
2021-08-25T11:00,26.0,69,911.7,8.8,0.1
2021-08-25T12:00,26.7,68,910.9,9.3,0.0
2021-08-25T13:00,26.9,69,909.6,9.5,0.1
2021-08-25T14:00,27.3,68,908.6,8.5,0.1
2021-08-25T15:00,27.3,68,907.7,8.8,0.0
2021-08-25T16:00,26.9,67,907.5,6.5,0.1
2021-08-25T17:00,25.6,68,908.0,5.6,1.5
2021-08-25T18:00,24.1,83,907.8,5.2,0.0
2021-08-25T19:00,23.2,82,908.4,5.5,0.0
2021-08-25T20:00,22.5,86,909.5,13.0,0.1
2021-08-25T21:00,21.4,92,910.2,13.3,0.6
2021-08-25T22:00,20.9,94,910.8,12.2,1.3
2021-08-25T23:00,20.5,95,910.3,6.6,0.1
2021-08-26T00:00,20.4,95,909.4,6.0,0.0
2021-08-26T01:00,20.4,96,908.7,7.2,0.0
2021-08-26T02:00,20.1,97,908.0,6.9,0.0
2021-08-26T03:00,19.9,98,907.8,8.1,0.0
2021-08-26T04:00,19.9,98,907.7,9.2,0.0
2021-08-26T05:00,20.3,98,908.2,8.7,0.0
2021-08-26T06:00,20.3,98,908.3,9.5,0.0
2021-08-26T07:00,21.2,92,909.0,11.0,0.0
2021-08-26T08:00,22.3,85,909.7,13.2,0.0
2021-08-26T09:00,23.8,75,910.0,12.9,0.0
2021-08-26T10:00,25.4,69,910.4,12.7,0.0
2021-08-26T11:00,26.7,63,910.5,14.2,0.0
2021-08-26T12:00,27.4,60,909.6,15.2,0.0
2021-08-26T13:00,27.4,60,908.7,13.3,0.1
2021-08-26T14:00,27.5,60,907.1,9.5,0.0
2021-08-26T15:00,27.9,59,906.6,9.3,0.0
2021-08-26T16:00,27.7,60,906.3,11.0,0.0
2021-08-26T17:00,25.3,72,906.9,7.2,0.7
2021-08-26T18:00,23.8,82,907.3,7.8,0.3
2021-08-26T19:00,22.3,91,908.4,7.6,1.6
2021-08-26T20:00,21.7,94,909.1,7.2,2.9
2021-08-26T21:00,21.4,94,909.9,5.6,1.8
2021-08-26T22:00,21.3,95,909.6,6.8,0.5
2021-08-26T23:00,20.9,96,909.0,7.7,0.1
2021-08-27T00:00,20.8,95,908.4,7.2,0.1
2021-08-27T01:00,20.8,95,907.9,5.1,0.1
2021-08-27T02:00,20.6,96,907.5,10.0,0.1
2021-08-27T03:00,20.5,96,907.1,10.2,0.1
2021-08-27T04:00,20.4,96,907.4,8.3,0.0
2021-08-27T05:00,20.4,95,907.2,3.8,0.0
2021-08-27T06:00,20.5,95,907.8,7.4,0.0
2021-08-27T07:00,21.4,92,909.1,11.4,0.0
2021-08-27T08:00,22.6,86,909.4,11.6,0.0
2021-08-27T09:00,24.0,84,910.0,9.2,0.0
2021-08-27T10:00,25.3,80,910.0,8.6,0.1
2021-08-27T11:00,26.0,78,909.7,11.3,0.1
2021-08-27T12:00,26.7,69,908.9,11.3,0.1
2021-08-27T13:00,25.2,75,907.8,11.0,1.4
2021-08-27T14:00,24.5,81,906.9,7.6,3.3
2021-08-27T15:00,26.1,71,906.4,8.3,0.1
2021-08-27T16:00,25.2,76,906.4,7.4,0.3
2021-08-27T17:00,23.7,82,906.6,7.2,8.9
2021-08-27T18:00,22.3,89,907.6,11.9,0.7
2021-08-27T19:00,21.1,95,907.8,10.9,2.7
2021-08-27T20:00,21.3,94,908.7,9.7,0.6
2021-08-27T21:00,21.2,94,909.0,13.4,1.4
2021-08-27T22:00,21.0,95,908.9,9.8,6.3
2021-08-27T23:00,20.9,95,908.5,10.4,4.4
2021-08-28T00:00,20.7,97,907.8,11.3,0.6
2021-08-28T01:00,20.6,97,907.0,12.7,0.3
2021-08-28T02:00,20.5,97,906.5,12.3,0.2
2021-08-28T03:00,20.5,97,906.3,13.3,0.3
2021-08-28T04:00,20.4,97,906.2,13.7,0.2
2021-08-28T05:00,20.2,97,907.0,10.1,0.1
2021-08-28T06:00,20.3,95,907.1,13.0,0.7
2021-08-28T07:00,20.6,95,907.7,14.0,0.4
2021-08-28T08:00,21.7,87,908.5,18.1,0.2
2021-08-28T09:00,21.9,87,908.7,16.6,0.1
2021-08-28T10:00,23.1,80,908.6,17.7,0.1
2021-08-28T11:00,23.0,79,908.6,18.9,0.2
2021-08-28T12:00,23.1,81,907.9,18.2,0.4
2021-08-28T13:00,24.7,73,907.0,19.5,0.3
2021-08-28T14:00,24.4,74,906.0,18.0,0.1
2021-08-28T15:00,24.4,74,905.7,19.0,0.1
2021-08-28T16:00,23.1,80,905.5,19.2,0.1
2021-08-28T17:00,23.8,77,905.5,12.6,0.8
2021-08-28T18:00,22.2,83,905.9,15.9,0.3
2021-08-28T19:00,21.2,91,906.6,15.5,0.2
2021-08-28T20:00,20.6,93,907.0,15.5,0.3
2021-08-28T21:00,20.4,95,907.4,12.8,0.9
2021-08-28T22:00,20.4,96,907.7,13.7,0.1
2021-08-28T23:00,20.3,95,907.4,17.4,0.4
2021-08-29T00:00,20.2,98,906.3,13.2,0.7
2021-08-29T01:00,20.1,98,905.5,15.7,1.5
2021-08-29T02:00,20.2,98,905.2,15.8,2.1
2021-08-29T03:00,20.1,96,904.9,15.3,0.8
2021-08-29T04:00,19.9,96,905.0,14.4,0.2
2021-08-29T05:00,20.0,97,905.6,13.2,0.2
2021-08-29T06:00,20.0,98,906.0,14.3,0.8
2021-08-29T07:00,20.0,98,906.7,16.1,0.5
2021-08-29T08:00,20.9,92,907.4,18.2,0.3
2021-08-29T09:00,22.3,84,907.8,20.4,0.1
2021-08-29T10:00,23.9,74,907.9,22.5,0.0
2021-08-29T11:00,24.4,77,907.7,19.6,0.1
2021-08-29T12:00,25.2,77,907.1,16.0,0.0
2021-08-29T13:00,24.9,76,906.4,17.8,1.2
2021-08-29T14:00,24.9,74,905.6,15.1,0.3
2021-08-29T15:00,22.0,90,905.1,20.7,13.6
2021-08-29T16:00,21.1,93,905.0,17.2,4.7
2021-08-29T17:00,21.7,90,905.3,12.3,4.9
2021-08-29T18:00,21.3,94,906.0,11.8,0.2
2021-08-29T19:00,21.1,94,906.7,12.8,0.3
2021-08-29T20:00,20.9,95,907.4,13.4,0.2
2021-08-29T21:00,20.8,94,908.2,14.2,0.0
2021-08-29T22:00,20.7,94,908.5,15.9,0.0
2021-08-29T23:00,20.3,95,908.4,16.6,0.1
2021-08-30T00:00,20.1,96,907.7,16.1,0.1
2021-08-30T01:00,19.9,96,907.0,16.2,0.1
2021-08-30T02:00,19.7,96,906.4,16.0,0.0
2021-08-30T03:00,19.6,94,906.1,15.9,0.0
2021-08-30T04:00,19.4,95,906.4,14.5,0.0
2021-08-30T05:00,19.6,94,906.9,13.1,0.0
2021-08-30T06:00,19.7,93,907.1,14.9,0.0
2021-08-30T07:00,20.4,91,908.1,14.9,0.0
2021-08-30T08:00,21.6,84,909.0,20.5,0.0
2021-08-30T09:00,23.3,75,909.3,23.0,0.0
2021-08-30T10:00,24.8,68,909.4,23.1,0.1
2021-08-30T11:00,25.5,67,909.5,22.9,0.1
2021-08-30T12:00,26.4,65,909.0,22.9,0.1
2021-08-30T13:00,26.3,65,907.9,21.3,0.1
2021-08-30T14:00,26.4,66,907.1,20.6,0.0
2021-08-30T15:00,25.2,71,906.4,19.1,0.1
2021-08-30T16:00,24.8,68,906.2,17.4,0.0
2021-08-30T17:00,24.0,71,906.9,15.5,0.0
2021-08-30T18:00,22.8,80,907.2,15.1,0.0
2021-08-30T19:00,22.4,81,907.8,13.9,0.0
2021-08-30T20:00,22.1,82,908.5,13.6,0.0
2021-08-30T21:00,21.3,86,909.2,14.2,0.0
2021-08-30T22:00,20.8,89,909.7,13.2,0.0
2021-08-30T23:00,20.7,91,909.2,12.5,0.0
2021-08-31T00:00,20.1,95,908.4,12.2,0.0
2021-08-31T01:00,19.8,96,907.6,11.9,0.0
2021-08-31T02:00,19.6,97,907.0,11.6,0.0
2021-08-31T03:00,19.4,97,907.0,10.8,0.0
2021-08-31T04:00,19.3,98,907.2,11.6,0.0
2021-08-31T05:00,19.1,98,907.6,11.6,0.0
2021-08-31T06:00,19.5,96,908.3,12.6,0.0
2021-08-31T07:00,20.0,93,909.2,14.3,0.0
2021-08-31T08:00,22.2,79,910.3,15.9,0.0
2021-08-31T09:00,23.5,71,910.5,17.1,0.0
2021-08-31T10:00,25.0,63,910.6,17.6,0.0
2021-08-31T11:00,26.3,57,910.2,17.9,0.0
2021-08-31T12:00,27.1,53,909.6,16.6,0.0
2021-08-31T13:00,27.4,51,908.8,15.1,0.0
2021-08-31T14:00,27.4,51,908.1,14.7,0.0
2021-08-31T15:00,27.9,49,907.8,11.8,0.0
2021-08-31T16:00,27.1,54,907.6,12.3,0.0
2021-08-31T17:00,25.5,66,907.8,9.9,0.0
2021-08-31T18:00,23.7,74,908.1,8.1,0.0
2021-08-31T19:00,22.8,80,908.8,9.7,0.0
2021-08-31T20:00,22.3,84,909.8,9.0,0.0
2021-08-31T21:00,21.9,87,910.5,7.1,0.0
2021-08-31T22:00,21.4,90,910.7,8.0,0.0
2021-08-31T23:00,21.1,92,910.4,8.4,0.0
2021-09-01T00:00,20.8,94,909.8,8.4,0.0
2021-09-01T01:00,20.3,96,909.4,7.7,0.0
2021-09-01T02:00,19.8,97,908.9,8.4,0.0
2021-09-01T03:00,19.5,98,908.9,9.3,0.0
2021-09-01T04:00,19.4,98,909.1,9.3,0.0
2021-09-01T05:00,19.6,98,909.5,9.4,0.0
2021-09-01T06:00,19.7,98,909.8,10.1,0.0
2021-09-01T07:00,20.7,91,910.6,13.7,0.0
2021-09-01T08:00,22.4,82,911.5,11.2,0.0
2021-09-01T09:00,23.9,76,912.1,10.5,0.0
2021-09-01T10:00,25.1,69,912.1,11.5,0.0
2021-09-01T11:00,26.4,63,911.9,11.5,0.0
2021-09-01T12:00,26.9,60,911.0,11.5,0.0
2021-09-01T13:00,27.6,56,909.9,12.6,0.0
2021-09-01T14:00,27.2,58,909.0,12.2,0.0
2021-09-01T15:00,27.4,57,908.5,11.5,0.0
2021-09-01T16:00,26.8,58,908.4,10.4,0.0
2021-09-01T17:00,26.2,64,908.6,6.2,0.0
2021-09-01T18:00,23.9,79,908.4,6.8,0.0
2021-09-01T19:00,23.4,76,909.3,5.1,0.0
2021-09-01T20:00,22.8,78,910.3,5.4,0.0
2021-09-01T21:00,22.1,84,911.3,3.2,0.4
2021-09-01T22:00,21.5,90,911.7,4.7,0.8
2021-09-01T23:00,21.4,91,911.6,6.8,0.2
2021-09-02T00:00,21.0,92,910.5,8.3,0.1
2021-09-02T01:00,20.4,95,909.7,7.9,0.3
2021-09-02T02:00,20.2,96,908.9,8.3,0.3
2021-09-02T03:00,19.8,97,908.6,7.6,0.1
2021-09-02T04:00,19.7,97,908.9,8.3,0.0
2021-09-02T05:00,19.7,97,909.7,7.3,0.0
2021-09-02T06:00,19.8,96,909.8,7.9,0.1
2021-09-02T07:00,20.4,93,910.6,10.9,0.0
2021-09-02T08:00,21.3,87,911.3,12.0,0.0
2021-09-02T09:00,23.0,78,911.5,13.3,0.0
2021-09-02T10:00,24.2,74,911.6,13.0,0.0
2021-09-02T11:00,25.0,70,911.2,11.2,0.1
2021-09-02T12:00,26.4,70,910.5,11.1,0.1
2021-09-02T13:00,27.0,66,909.4,9.3,0.1
2021-09-02T14:00,27.4,63,908.4,9.4,0.0
2021-09-02T15:00,26.0,67,907.3,7.9,0.8
2021-09-02T16:00,24.3,77,907.1,8.8,0.6
2021-09-02T17:00,24.1,75,908.1,9.8,2.9
2021-09-02T18:00,23.2,81,908.6,5.8,0.0
2021-09-02T19:00,22.0,88,909.3,11.4,2.2
2021-09-02T20:00,20.9,93,910.1,9.3,2.3
2021-09-02T21:00,20.4,96,910.7,9.2,1.2
2021-09-02T22:00,20.3,96,911.0,6.9,2.0
2021-09-02T23:00,20.2,96,910.6,8.6,1.4
2021-09-03T00:00,20.0,97,909.6,9.5,0.2
2021-09-03T01:00,19.9,98,909.0,9.7,0.3
2021-09-03T02:00,19.9,98,908.2,10.5,0.3
2021-09-03T03:00,20.0,98,908.1,11.3,0.3
2021-09-03T04:00,20.0,97,908.1,11.0,0.2
2021-09-03T05:00,19.8,96,908.7,9.7,0.1
2021-09-03T06:00,19.9,97,908.9,10.3,0.3
2021-09-03T07:00,20.0,98,909.7,11.0,0.4
2021-09-03T08:00,20.4,97,910.6,13.2,1.2
2021-09-03T09:00,20.9,93,911.0,13.7,1.0
2021-09-03T10:00,21.1,92,910.7,12.9,1.3
2021-09-03T11:00,21.6,90,910.1,13.2,0.8
2021-09-03T12:00,23.7,78,909.3,14.8,0.3
2021-09-03T13:00,25.3,72,908.8,13.5,0.2
2021-09-03T14:00,24.9,74,907.7,12.6,0.2
2021-09-03T15:00,24.8,76,906.7,12.7,0.1
2021-09-03T16:00,23.4,83,906.8,10.8,3.2
2021-09-03T17:00,23.5,78,907.2,9.4,1.5
2021-09-03T18:00,22.2,86,907.5,8.0,0.0
2021-09-03T19:00,21.8,90,908.5,10.2,0.0
2021-09-03T20:00,21.4,93,909.5,11.2,0.1
2021-09-03T21:00,21.2,93,910.3,11.2,0.1
2021-09-03T22:00,20.9,94,910.7,11.4,0.4
2021-09-03T23:00,20.8,94,910.5,14.1,0.2
2021-09-04T00:00,20.3,93,909.6,14.9,0.1
2021-09-04T01:00,19.8,95,908.8,13.7,0.0
2021-09-04T02:00,19.6,96,908.1,13.7,0.0
2021-09-04T03:00,19.5,96,907.9,13.7,0.0
2021-09-04T04:00,19.6,96,907.9,12.6,0.0
2021-09-04T05:00,19.7,97,908.2,11.1,0.0
2021-09-04T06:00,19.8,97,908.6,12.7,0.2
2021-09-04T07:00,20.4,95,909.4,16.6,0.1
2021-09-04T08:00,21.4,89,910.6,17.3,0.1
2021-09-04T09:00,22.1,85,910.9,18.1,0.1
2021-09-04T10:00,23.3,78,911.0,17.7,0.1
2021-09-04T11:00,23.6,78,910.5,17.0,0.1
2021-09-04T12:00,24.3,78,909.8,17.0,0.1
2021-09-04T13:00,24.7,77,908.8,18.5,2.1
2021-09-04T14:00,23.5,83,908.0,23.3,4.8
2021-09-04T15:00,22.3,90,907.5,17.8,3.4
2021-09-04T16:00,21.5,94,907.7,13.7,2.2
2021-09-04T17:00,22.7,86,907.5,10.5,0.6
2021-09-04T18:00,21.5,93,907.7,11.6,0.0
2021-09-04T19:00,20.9,93,909.2,15.6,0.5
2021-09-04T20:00,20.8,95,909.7,13.8,0.5
2021-09-04T21:00,20.7,94,910.4,12.4,1.0
2021-09-04T22:00,20.6,95,910.1,12.9,0.2
2021-09-04T23:00,20.3,97,909.9,13.4,0.1
2021-09-05T00:00,20.3,97,909.4,15.1,0.1
2021-09-05T01:00,20.3,97,909.0,16.2,0.1
2021-09-05T02:00,20.1,97,908.3,16.0,0.0
2021-09-05T03:00,19.8,97,907.9,15.9,0.0
2021-09-05T04:00,19.7,96,908.0,15.2,0.0
2021-09-05T05:00,19.4,98,908.2,12.2,0.0
2021-09-05T06:00,19.6,97,908.6,13.4,0.0
2021-09-05T07:00,20.4,94,909.5,15.8,0.0
2021-09-05T08:00,21.4,89,910.0,18.6,0.0
2021-09-05T09:00,23.1,80,910.6,22.5,0.1
2021-09-05T10:00,24.2,75,910.7,22.5,0.1
2021-09-05T11:00,25.5,73,910.4,19.8,0.0
2021-09-05T12:00,24.9,74,909.5,18.1,1.0
2021-09-05T13:00,24.0,78,908.7,18.0,0.5
2021-09-05T14:00,24.3,78,908.0,16.6,0.7
2021-09-05T15:00,22.6,87,907.4,18.7,2.0
2021-09-05T16:00,21.4,92,907.4,18.4,1.7
2021-09-05T17:00,22.5,89,907.5,13.2,1.1
2021-09-05T18:00,21.0,94,908.1,12.5,1.7
2021-09-05T19:00,21.1,94,908.7,14.8,0.6
2021-09-05T20:00,20.5,95,909.6,14.6,0.5
2021-09-05T21:00,20.4,96,910.2,14.5,1.5
2021-09-05T22:00,20.3,96,910.5,15.0,1.1
2021-09-05T23:00,20.3,97,910.3,14.5,0.9
2021-09-06T00:00,20.2,97,909.5,16.5,0.3
2021-09-06T01:00,20.0,97,908.5,17.2,0.1
2021-09-06T02:00,20.0,96,908.0,16.8,0.1
2021-09-06T03:00,19.9,96,907.6,17.2,0.0
2021-09-06T04:00,19.8,96,907.6,16.3,0.0
2021-09-06T05:00,19.9,97,908.6,16.5,0.0
2021-09-06T06:00,19.8,97,908.8,15.9,0.0
2021-09-06T07:00,20.3,94,909.6,18.0,0.0
2021-09-06T08:00,21.1,89,910.3,18.9,0.1
2021-09-06T09:00,22.1,84,910.4,19.7,0.2
2021-09-06T10:00,23.5,76,910.4,20.5,0.0
2021-09-06T11:00,23.8,74,910.1,21.3,0.1
2021-09-06T12:00,24.5,70,909.5,22.7,0.2
2021-09-06T13:00,24.3,71,908.7,23.0,0.4
2021-09-06T14:00,23.5,75,907.7,21.7,0.2
2021-09-06T15:00,22.4,82,907.0,20.2,0.5
2021-09-06T16:00,22.0,87,907.1,18.2,0.3
2021-09-06T17:00,22.9,80,907.4,16.3,0.1
2021-09-06T18:00,22.4,80,907.6,17.4,0.0
2021-09-06T19:00,22.1,82,908.5,20.4,0.0
2021-09-06T20:00,21.3,87,909.0,18.2,0.0
2021-09-06T21:00,21.0,88,909.8,18.8,0.0
2021-09-06T22:00,20.7,89,910.5,17.5,0.0
2021-09-06T23:00,20.4,91,910.2,15.7,0.0
2021-09-07T00:00,20.4,93,909.4,17.3,0.0
2021-09-07T01:00,20.2,94,908.8,18.3,0.1
2021-09-07T02:00,20.0,95,908.1,17.1,0.3
2021-09-07T03:00,19.8,95,907.8,18.1,0.0
2021-09-07T04:00,19.5,96,907.7,17.2,0.0
2021-09-07T05:00,19.1,96,907.9,15.0,0.0
2021-09-07T06:00,19.3,96,908.0,15.8,0.0
2021-09-07T07:00,20.0,92,908.8,19.3,0.0
2021-09-07T08:00,21.4,84,909.8,22.5,0.1
2021-09-07T09:00,21.7,84,910.3,23.8,0.2
2021-09-07T10:00,23.8,75,910.4,27.8,0.1
2021-09-07T11:00,24.7,70,910.5,27.9,0.2
2021-09-07T12:00,24.9,74,909.9,26.1,0.4
2021-09-07T13:00,25.2,73,908.8,24.3,0.1
2021-09-07T14:00,25.6,70,907.9,28.1,0.3
2021-09-07T15:00,24.9,68,907.4,27.1,0.1
2021-09-07T16:00,24.4,71,907.4,26.3,0.1
2021-09-07T17:00,23.9,71,907.8,21.3,0.1
2021-09-07T18:00,23.0,75,908.2,18.4,0.0
2021-09-07T19:00,22.4,78,908.8,16.0,0.0
2021-09-07T20:00,21.7,82,909.5,16.3,0.0
2021-09-07T21:00,21.4,84,909.9,17.9,0.0
2021-09-07T22:00,20.8,87,910.3,17.7,0.0
2021-09-07T23:00,20.2,91,910.1,18.5,0.0
2021-09-08T00:00,20.5,91,909.8,18.4,0.0
2021-09-08T01:00,20.3,93,909.3,17.2,0.0
2021-09-08T02:00,19.7,96,909.0,17.4,0.0
2021-09-08T03:00,19.9,96,908.8,17.9,0.0
2021-09-08T04:00,19.9,96,908.5,17.7,0.0
2021-09-08T05:00,20.0,95,909.2,16.2,0.0
2021-09-08T06:00,20.0,95,909.5,14.7,0.0
2021-09-08T07:00,20.8,91,910.3,20.8,0.0
2021-09-08T08:00,21.3,88,911.2,22.7,0.1
2021-09-08T09:00,23.2,77,911.7,23.8,0.2
2021-09-08T10:00,24.4,71,912.1,23.3,0.2
2021-09-08T11:00,25.6,66,912.0,24.5,0.3
2021-09-08T12:00,26.4,63,911.1,24.4,0.2
2021-09-08T13:00,26.9,60,910.1,23.6,0.2
2021-09-08T14:00,27.3,58,909.2,24.2,0.2
2021-09-08T15:00,27.0,59,908.8,24.5,0.1
2021-09-08T16:00,25.1,68,909.0,22.5,0.3
2021-09-08T17:00,24.7,71,909.4,17.9,0.2
2021-09-08T18:00,23.5,74,909.7,16.2,0.0
2021-09-08T19:00,22.5,77,910.4,14.9,0.0
2021-09-08T20:00,21.8,81,911.3,14.2,0.0
2021-09-08T21:00,21.2,85,912.0,13.3,0.0
2021-09-08T22:00,20.8,88,912.6,12.2,0.0
2021-09-08T23:00,20.1,92,912.4,11.9,0.0
2021-09-09T00:00,19.9,93,911.6,13.2,0.0
2021-09-09T01:00,19.4,97,910.9,13.4,0.0
2021-09-09T02:00,19.1,98,910.5,13.7,0.0
2021-09-09T03:00,19.1,99,910.0,15.3,0.0
2021-09-09T04:00,19.1,99,910.2,15.7,0.0
2021-09-09T05:00,19.4,97,910.7,14.0,0.0
2021-09-09T06:00,19.9,95,911.0,13.8,0.0
2021-09-09T07:00,21.0,89,911.8,18.2,0.0
2021-09-09T08:00,22.9,78,912.7,20.9,0.1
2021-09-09T09:00,24.3,71,913.2,23.8,0.0
2021-09-09T10:00,25.2,67,913.1,24.1,0.0
2021-09-09T11:00,25.6,66,912.7,21.6,0.1
2021-09-09T12:00,26.5,63,912.0,22.3,0.1
2021-09-09T13:00,27.0,61,911.2,22.0,0.3
2021-09-09T14:00,27.4,59,910.5,21.6,0.1
2021-09-09T15:00,27.5,58,910.1,21.2,0.1
2021-09-09T16:00,26.2,64,909.9,20.4,0.0
2021-09-09T17:00,26.0,66,910.2,11.2,0.0
2021-09-09T18:00,24.3,72,910.3,7.9,0.0
2021-09-09T19:00,23.5,76,911.2,8.8,0.1
2021-09-09T20:00,23.1,79,911.9,9.8,0.1
2021-09-09T21:00,22.3,84,912.5,10.4,0.0
2021-09-09T22:00,21.5,88,912.7,11.5,0.0
2021-09-09T23:00,20.9,91,912.8,12.1,0.0
2021-09-10T00:00,20.3,93,912.2,11.7,0.0
2021-09-10T01:00,19.8,95,911.9,12.7,0.0
2021-09-10T02:00,19.4,97,911.2,12.6,0.0
2021-09-10T03:00,19.2,98,911.0,14.1,0.0
2021-09-10T04:00,19.1,97,910.8,14.5,0.0
2021-09-10T05:00,18.8,98,910.7,13.2,0.0
2021-09-10T06:00,19.0,97,910.9,13.4,0.0
2021-09-10T07:00,20.3,91,911.9,17.7,0.0
2021-09-10T08:00,22.4,79,912.6,20.8,0.0
2021-09-10T09:00,23.7,72,912.8,23.7,0.0
2021-09-10T10:00,24.9,67,912.6,23.1,0.0
2021-09-10T11:00,25.5,65,912.5,22.1,0.0
2021-09-10T12:00,27.0,58,911.8,22.6,0.0
2021-09-10T13:00,27.1,57,910.6,20.9,0.0
2021-09-10T14:00,27.4,57,909.7,20.5,0.0
2021-09-10T15:00,27.0,58,909.3,17.8,0.0
2021-09-10T16:00,26.7,60,908.9,15.6,0.0
2021-09-10T17:00,25.4,68,909.3,12.3,0.0
2021-09-10T18:00,24.0,75,909.3,9.8,0.2
2021-09-10T19:00,23.3,78,910.0,9.9,0.1
2021-09-10T20:00,22.7,83,910.8,10.1,0.0
2021-09-10T21:00,22.0,87,911.2,12.3,0.0
2021-09-10T22:00,21.4,86,911.6,13.3,0.0
2021-09-10T23:00,20.5,90,911.2,11.5,0.0
2021-09-11T00:00,20.1,92,910.4,12.9,0.0
2021-09-11T01:00,19.6,95,909.9,13.6,0.0
2021-09-11T02:00,19.4,97,909.2,13.9,0.0
2021-09-11T03:00,19.4,98,908.8,14.7,0.0
2021-09-11T04:00,19.6,98,909.0,15.0,0.0
2021-09-11T05:00,19.5,97,909.6,12.9,0.0
2021-09-11T06:00,19.7,96,909.8,13.7,0.0
2021-09-11T07:00,20.5,92,910.5,17.9,0.0
2021-09-11T08:00,22.1,83,911.3,21.0,0.0
2021-09-11T09:00,23.5,75,911.5,22.7,0.0
2021-09-11T10:00,24.9,69,911.6,23.8,0.0
2021-09-11T11:00,25.6,67,911.7,20.8,0.1
2021-09-11T12:00,26.5,67,911.1,19.4,0.1
2021-09-11T13:00,27.1,65,910.4,17.7,0.0
2021-09-11T14:00,26.6,66,909.3,17.4,0.2
2021-09-11T15:00,24.5,75,908.5,13.7,0.1
2021-09-11T16:00,24.4,75,908.3,19.5,0.1
2021-09-11T17:00,24.0,78,908.4,14.3,0.1
2021-09-11T18:00,23.0,82,908.8,15.3,0.2
2021-09-11T19:00,22.2,86,909.6,16.9,0.1
2021-09-11T20:00,22.0,87,909.9,16.2,0.0
2021-09-11T21:00,21.1,91,910.4,14.1,0.0
2021-09-11T22:00,21.0,92,910.6,14.2,0.0
2021-09-11T23:00,20.5,94,909.9,15.0,0.0
2021-09-12T00:00,20.2,95,909.2,15.4,0.0
2021-09-12T01:00,20.1,95,908.7,16.3,0.0
2021-09-12T02:00,19.8,96,908.1,16.4,0.0
2021-09-12T03:00,19.7,96,907.6,17.1,0.0
2021-09-12T04:00,19.9,95,907.5,17.3,0.0
2021-09-12T05:00,20.1,97,908.0,14.0,0.0
2021-09-12T06:00,20.5,95,908.5,16.3,0.0
2021-09-12T07:00,21.3,90,909.1,21.3,0.0
2021-09-12T08:00,23.1,80,910.1,24.2,0.1
2021-09-12T09:00,23.7,78,910.4,25.5,0.1
2021-09-12T10:00,24.8,75,910.8,23.1,0.1
2021-09-12T11:00,23.3,82,910.0,21.3,2.3
2021-09-12T12:00,23.6,85,909.2,19.2,0.2
2021-09-12T13:00,25.5,77,908.7,20.9,0.1
2021-09-12T14:00,25.0,75,907.8,24.7,0.7
2021-09-12T15:00,24.8,78,907.3,16.6,0.2
2021-09-12T16:00,23.6,82,907.2,17.9,0.7
2021-09-12T17:00,23.9,84,907.3,15.4,0.2
2021-09-12T18:00,23.0,83,907.5,17.1,0.1
2021-09-12T19:00,22.6,82,908.1,18.9,0.0
2021-09-12T20:00,22.0,84,909.0,16.6,0.0
2021-09-12T21:00,21.5,86,909.5,16.0,0.0
2021-09-12T22:00,20.8,90,909.8,15.6,0.0
2021-09-12T23:00,20.7,91,909.5,16.3,0.0
2021-09-13T00:00,20.3,92,908.4,17.9,0.0
2021-09-13T01:00,20.4,91,907.8,20.0,0.0
2021-09-13T02:00,20.2,92,907.3,19.7,0.0
2021-09-13T03:00,20.0,91,907.3,18.4,0.0
2021-09-13T04:00,19.9,91,907.1,18.3,0.0
2021-09-13T05:00,20.2,90,907.5,16.4,0.0
2021-09-13T06:00,20.2,91,907.6,17.6,0.0
2021-09-13T07:00,21.0,90,908.5,22.6,0.0
2021-09-13T08:00,22.4,83,909.5,24.5,0.2
2021-09-13T09:00,23.6,77,909.9,27.7,0.2
2021-09-13T10:00,25.0,70,909.8,28.9,0.2
2021-09-13T11:00,25.8,66,909.6,28.7,0.3
2021-09-13T12:00,26.5,63,909.0,29.2,0.2
2021-09-13T13:00,26.9,63,908.0,30.0,0.4
2021-09-13T14:00,27.2,60,907.2,29.1,0.1
2021-09-13T15:00,26.8,62,906.5,27.3,0.1
2021-09-13T16:00,26.1,65,906.2,25.7,0.0
2021-09-13T17:00,25.1,70,906.9,20.9,0.0
2021-09-13T18:00,24.0,74,907.1,20.4,0.0
2021-09-13T19:00,23.2,78,907.9,21.1,0.0
2021-09-13T20:00,22.5,81,908.9,20.3,0.0
2021-09-13T21:00,21.8,85,909.6,17.8,0.0
2021-09-13T22:00,21.4,88,909.6,17.0,0.0
2021-09-13T23:00,21.0,90,909.2,16.8,0.0
2021-09-14T00:00,20.9,91,908.3,17.3,0.0
2021-09-14T01:00,21.1,90,908.0,17.9,0.0
2021-09-14T02:00,20.6,93,907.3,17.4,0.0
2021-09-14T03:00,20.3,94,907.0,16.8,0.0
2021-09-14T04:00,20.3,94,907.5,15.4,0.0
2021-09-14T05:00,20.3,95,908.0,13.6,0.0
2021-09-14T06:00,20.5,94,908.1,14.5,0.0
2021-09-14T07:00,21.1,91,909.1,18.8,0.0
2021-09-14T08:00,22.8,81,910.2,21.5,0.1
2021-09-14T09:00,24.0,75,910.8,21.3,0.2
2021-09-14T10:00,25.2,70,910.8,22.5,0.1
2021-09-14T11:00,25.8,68,910.4,23.3,0.1
2021-09-14T12:00,26.8,64,909.9,22.9,0.1
2021-09-14T13:00,27.3,59,908.7,22.4,0.1
2021-09-14T14:00,28.0,55,907.9,22.2,0.1
2021-09-14T15:00,27.7,56,907.6,22.5,0.1
2021-09-14T16:00,27.0,59,907.4,21.2,0.1
2021-09-14T17:00,25.8,66,907.7,13.8,0.0
2021-09-14T18:00,24.4,70,907.8,13.7,0.0
2021-09-14T19:00,23.4,75,908.4,12.5,0.0
2021-09-14T20:00,22.8,78,909.3,14.8,0.0
2021-09-14T21:00,21.9,82,910.2,14.4,0.0
2021-09-14T22:00,21.3,86,910.5,13.4,0.0
2021-09-14T23:00,20.7,90,910.4,12.8,0.0
2021-09-15T00:00,20.1,93,909.9,12.6,0.0
2021-09-15T01:00,19.6,96,909.2,12.4,0.0
2021-09-15T02:00,19.3,98,908.3,12.6,0.0
2021-09-15T03:00,19.2,99,908.2,12.2,0.0
2021-09-15T04:00,19.4,98,908.5,15.1,0.0
2021-09-15T05:00,19.6,98,908.6,13.7,0.0
2021-09-15T06:00,19.6,98,909.1,12.1,0.0
2021-09-15T07:00,20.3,94,910.2,13.4,0.0
2021-09-15T08:00,22.2,82,910.9,15.6,0.0
2021-09-15T09:00,24.2,72,911.4,18.0,0.0
2021-09-15T10:00,25.3,67,911.5,18.7,0.1
2021-09-15T11:00,25.8,66,911.2,16.8,0.1
2021-09-15T12:00,27.0,61,910.4,16.5,0.2
2021-09-15T13:00,27.7,58,909.3,15.5,0.2
2021-09-15T14:00,28.1,57,908.9,16.4,0.1
2021-09-15T15:00,27.3,62,908.3,16.7,0.0
2021-09-15T16:00,26.0,70,908.4,16.3,0.5
2021-09-15T17:00,25.1,73,908.6,11.9,0.3
2021-09-15T18:00,23.7,80,909.0,7.5,0.1
2021-09-15T19:00,23.3,84,909.6,8.2,0.0
2021-09-15T20:00,22.7,86,910.3,7.9,0.0
2021-09-15T21:00,22.3,85,911.1,12.0,0.0
2021-09-15T22:00,21.6,86,911.1,12.3,0.0
2021-09-15T23:00,20.9,89,910.8,11.2,0.0
2021-09-16T00:00,20.3,93,910.2,11.3,0.0
2021-09-16T01:00,19.9,95,909.9,11.0,0.0
2021-09-16T02:00,19.6,96,909.4,11.5,0.0
2021-09-16T03:00,19.5,97,908.9,11.4,0.0
2021-09-16T04:00,19.4,98,908.7,11.4,0.0
2021-09-16T05:00,19.3,98,909.1,8.7,0.0
2021-09-16T06:00,19.4,98,909.3,10.3,0.0
2021-09-16T07:00,20.6,91,910.5,13.1,0.0
2021-09-16T08:00,22.5,81,911.4,15.5,0.0
2021-09-16T09:00,24.1,72,912.2,18.0,0.0
2021-09-16T10:00,25.4,66,912.3,16.0,0.2
2021-09-16T11:00,26.4,62,911.8,17.5,0.2
2021-09-16T12:00,27.0,60,910.7,16.2,0.1
2021-09-16T13:00,27.7,56,909.7,15.8,0.1
2021-09-16T14:00,27.7,56,908.8,14.8,0.0
2021-09-16T15:00,27.7,55,908.5,15.5,0.0
2021-09-16T16:00,27.0,58,908.2,13.3,0.0
2021-09-16T17:00,26.2,64,908.2,8.9,0.0
2021-09-16T18:00,24.3,73,908.2,5.8,0.0
2021-09-16T19:00,23.5,77,908.9,5.7,0.0
2021-09-16T20:00,22.7,81,909.5,5.9,0.0
2021-09-16T21:00,22.5,84,910.0,6.2,0.0
2021-09-16T22:00,22.3,83,910.2,5.8,0.0
2021-09-16T23:00,21.8,86,909.9,8.0,0.0
2021-09-17T00:00,21.1,91,909.4,7.2,0.0
2021-09-17T01:00,20.1,95,908.8,5.8,0.0
2021-09-17T02:00,20.0,96,908.6,6.5,0.0
2021-09-17T03:00,19.8,97,908.4,7.3,0.0
2021-09-17T04:00,19.5,98,908.4,7.0,0.0
2021-09-17T05:00,19.4,98,908.7,5.6,0.0
2021-09-17T06:00,19.8,98,909.4,8.0,0.0
2021-09-17T07:00,21.1,89,910.7,10.1,0.0
2021-09-17T08:00,22.7,81,911.8,10.1,0.0
2021-09-17T09:00,24.3,73,912.0,10.4,0.0
2021-09-17T10:00,26.0,64,912.0,11.2,0.0
2021-09-17T11:00,27.1,57,911.6,11.5,0.0
2021-09-17T12:00,27.7,54,910.6,11.9,0.1
2021-09-17T13:00,28.2,50,909.5,13.0,0.0
2021-09-17T14:00,28.6,49,908.6,14.0,0.0
2021-09-17T15:00,28.0,51,908.0,13.7,0.0
2021-09-17T16:00,27.6,53,907.8,13.0,0.0
2021-09-17T17:00,26.7,58,908.1,8.2,0.0
2021-09-17T18:00,25.0,62,908.0,7.6,0.0
2021-09-17T19:00,24.4,64,908.9,6.3,0.0
2021-09-17T20:00,23.3,70,909.4,7.1,0.0
2021-09-17T21:00,22.7,73,910.1,6.7,0.0
2021-09-17T22:00,22.5,74,910.4,7.9,0.0
2021-09-17T23:00,22.2,75,910.4,7.1,0.0
2021-09-18T00:00,21.7,78,910.1,6.0,0.0
2021-09-18T01:00,20.9,84,909.6,5.2,0.0
2021-09-18T02:00,20.2,88,909.0,7.2,0.0
2021-09-18T03:00,19.6,93,908.7,7.8,0.0
2021-09-18T04:00,19.1,96,909.2,6.5,0.0
2021-09-18T05:00,19.6,95,909.4,4.6,0.0
2021-09-18T06:00,20.0,93,910.0,5.1,0.0
2021-09-18T07:00,21.2,87,911.3,6.4,0.0
2021-09-18T08:00,22.7,80,912.4,7.0,0.0
2021-09-18T09:00,24.5,71,913.0,6.8,0.0
2021-09-18T10:00,26.0,65,912.9,7.4,0.0
2021-09-18T11:00,27.0,59,912.4,6.8,0.0
2021-09-18T12:00,27.9,55,911.8,7.6,0.0
2021-09-18T13:00,28.2,52,910.7,9.4,0.0
2021-09-18T14:00,28.3,51,910.0,9.4,0.0
2021-09-18T15:00,28.3,51,909.5,9.9,0.0
2021-09-18T16:00,27.9,51,909.4,9.0,0.0
2021-09-18T17:00,27.1,58,909.7,5.6,0.0
2021-09-18T18:00,24.8,66,909.6,5.8,0.0
2021-09-18T19:00,24.2,67,910.8,6.1,0.0
2021-09-18T20:00,22.8,76,911.1,8.7,0.0
2021-09-18T21:00,22.1,77,912.0,6.4,0.0
2021-09-18T22:00,22.8,72,912.6,8.4,0.0
2021-09-18T23:00,22.1,80,912.3,7.4,0.0
2021-09-19T00:00,22.4,74,912.1,4.4,0.0
2021-09-19T01:00,21.0,82,911.3,5.6,0.0
2021-09-19T02:00,20.6,85,910.5,5.1,0.0
2021-09-19T03:00,20.4,85,910.3,6.0,0.0
2021-09-19T04:00,20.7,84,910.6,7.3,0.0
2021-09-19T05:00,20.7,84,911.3,7.1,0.0
2021-09-19T06:00,20.6,87,911.9,8.2,0.0
2021-09-19T07:00,22.2,83,913.4,9.0,0.0
2021-09-19T08:00,24.4,74,914.4,9.5,0.0
2021-09-19T09:00,26.2,64,914.8,7.6,0.0
2021-09-19T10:00,27.1,60,914.6,5.0,0.0
2021-09-19T11:00,27.9,58,913.8,3.3,0.0
2021-09-19T12:00,28.4,55,912.6,2.7,0.0
2021-09-19T13:00,28.7,55,911.5,1.8,0.1
2021-09-19T14:00,28.9,55,911.0,1.8,0.0
2021-09-19T15:00,28.8,55,910.3,4.0,0.0
2021-09-19T16:00,25.1,79,910.3,16.3,0.9
2021-09-19T17:00,27.5,61,910.4,3.1,0.0
2021-09-19T18:00,24.9,79,910.7,5.9,0.0
2021-09-19T19:00,23.8,83,911.7,4.7,0.5
2021-09-19T20:00,23.3,86,912.4,3.9,0.3
2021-09-19T21:00,23.2,85,913.3,2.1,0.7
2021-09-19T22:00,22.2,92,913.4,2.6,1.2
2021-09-19T23:00,21.9,93,913.1,3.6,0.4
2021-09-20T00:00,21.2,97,912.0,4.2,0.1
2021-09-20T01:00,20.7,98,911.1,4.3,0.0
2021-09-20T02:00,21.1,96,910.9,3.2,0.0
2021-09-20T03:00,20.2,98,910.4,5.2,0.0
2021-09-20T04:00,20.3,98,910.5,4.0,0.0
2021-09-20T05:00,20.3,97,911.0,2.9,0.0
2021-09-20T06:00,20.6,96,911.7,4.0,0.0
2021-09-20T07:00,21.6,90,912.7,4.8,0.0
2021-09-20T08:00,23.3,81,913.6,8.4,0.0
2021-09-20T09:00,24.3,75,913.9,7.8,0.1
2021-09-20T10:00,25.2,72,913.6,7.2,0.5
2021-09-20T11:00,26.5,69,912.9,6.1,0.2
2021-09-20T12:00,27.4,64,912.0,6.8,0.0
2021-09-20T13:00,27.9,62,911.2,7.6,0.0
2021-09-20T14:00,27.7,60,910.0,9.4,0.1
2021-09-20T15:00,27.8,58,909.2,7.5,0.1
2021-09-20T16:00,27.5,60,909.0,7.7,0.1
2021-09-20T17:00,26.9,60,909.1,6.6,0.0
2021-09-20T18:00,25.0,68,909.5,6.0,0.0
2021-09-20T19:00,24.3,74,910.1,8.9,0.0
2021-09-20T20:00,23.6,77,910.8,7.8,0.0
2021-09-20T21:00,22.9,81,911.5,6.2,0.0
2021-09-20T22:00,22.6,81,911.8,5.4,0.0
2021-09-20T23:00,22.3,82,912.1,9.8,0.2
2021-09-21T00:00,21.9,85,911.4,8.2,0.0
2021-09-21T01:00,21.3,91,910.6,6.0,0.0
2021-09-21T02:00,20.7,94,910.1,5.1,0.0
2021-09-21T03:00,20.4,94,909.9,5.2,0.1
2021-09-21T04:00,20.3,96,909.9,6.5,0.1
2021-09-21T05:00,20.1,96,910.5,5.6,0.0
2021-09-21T06:00,20.1,97,911.0,7.6,0.0
2021-09-21T07:00,21.5,89,912.0,12.3,0.0
2021-09-21T08:00,23.0,79,912.8,12.6,0.0
2021-09-21T09:00,24.6,71,913.1,13.8,0.0
2021-09-21T10:00,26.2,63,912.7,14.5,0.0
2021-09-21T11:00,27.3,58,912.4,15.8,0.1
2021-09-21T12:00,27.8,54,911.4,15.2,0.0
2021-09-21T13:00,28.3,51,910.3,14.5,0.0
2021-09-21T14:00,28.4,49,909.2,14.4,0.0
2021-09-21T15:00,28.1,50,908.5,14.9,0.0
2021-09-21T16:00,27.3,52,908.3,14.8,0.0
2021-09-21T17:00,26.0,59,908.5,10.9,0.0
2021-09-21T18:00,25.0,64,908.5,7.7,0.0
2021-09-21T19:00,24.0,69,909.3,11.7,0.0
2021-09-21T20:00,23.2,75,910.5,13.3,0.1
2021-09-21T21:00,22.1,84,911.3,13.9,0.5
2021-09-21T22:00,21.3,90,911.3,9.5,0.1
2021-09-21T23:00,21.2,91,910.9,10.2,0.0
2021-09-22T00:00,20.9,94,910.4,9.1,0.0
2021-09-22T01:00,20.6,96,909.7,8.3,0.0
2021-09-22T02:00,20.5,97,908.9,9.8,0.0
2021-09-22T03:00,20.0,98,908.4,11.2,0.0
2021-09-22T04:00,19.7,98,908.2,10.6,0.0
2021-09-22T05:00,19.6,97,908.3,10.6,0.0
2021-09-22T06:00,19.9,95,909.1,12.2,0.0
2021-09-22T07:00,20.9,89,910.1,17.7,0.1
2021-09-22T08:00,22.3,81,911.1,17.3,0.1
2021-09-22T09:00,24.2,70,911.5,17.9,0.0
2021-09-22T10:00,25.2,65,911.3,17.4,0.1
2021-09-22T11:00,26.5,59,911.0,15.9,0.2
2021-09-22T12:00,27.4,55,910.0,16.5,0.2
2021-09-22T13:00,27.5,54,909.0,15.6,0.3
2021-09-22T14:00,27.9,52,907.9,15.4,0.4
2021-09-22T15:00,27.4,55,907.1,15.1,0.2
2021-09-22T16:00,26.9,58,907.1,15.7,0.1
2021-09-22T17:00,25.9,62,907.5,12.0,0.0
2021-09-22T18:00,24.7,68,907.6,9.6,0.0
2021-09-22T19:00,23.8,73,908.3,8.7,0.0
2021-09-22T20:00,23.1,79,909.2,9.0,0.0
2021-09-22T21:00,22.4,83,909.7,9.2,0.0
2021-09-22T22:00,22.0,85,910.1,10.0,0.0
2021-09-22T23:00,21.6,87,909.7,10.2,0.0
2021-09-23T00:00,21.0,89,909.1,9.7,0.0
2021-09-23T01:00,20.6,91,908.5,9.7,0.0
2021-09-23T02:00,20.2,93,907.9,10.1,0.0
2021-09-23T03:00,20.1,94,907.6,10.1,0.0
2021-09-23T04:00,19.9,95,907.6,10.1,0.0
2021-09-23T05:00,20.2,95,908.2,8.8,0.0
2021-09-23T06:00,20.4,94,908.6,10.1,0.0
2021-09-23T07:00,21.6,87,909.7,15.1,0.0
2021-09-23T08:00,23.0,78,910.6,17.3,0.0
2021-09-23T09:00,24.7,68,911.1,18.4,0.0
2021-09-23T10:00,26.3,60,911.2,16.7,0.0
2021-09-23T11:00,27.2,56,911.0,15.7,0.1
2021-09-23T12:00,28.0,53,910.0,15.1,0.2
2021-09-23T13:00,28.5,51,908.8,13.9,0.2
2021-09-23T14:00,28.4,51,907.8,13.1,0.1
2021-09-23T15:00,28.2,52,907.2,13.3,0.1
2021-09-23T16:00,26.7,59,907.3,16.6,0.1
2021-09-23T17:00,25.6,63,908.3,8.0,0.1
2021-09-23T18:00,24.3,70,908.7,7.0,0.1
2021-09-23T19:00,22.9,80,909.5,9.7,0.3
2021-09-23T20:00,22.3,85,910.3,9.7,0.3
2021-09-23T21:00,21.7,88,911.1,7.2,0.1
2021-09-23T22:00,21.2,92,911.5,6.9,0.1
2021-09-23T23:00,21.0,95,911.4,8.4,0.1
2021-09-24T00:00,20.8,96,910.5,7.2,0.0
2021-09-24T01:00,20.6,97,910.0,7.2,0.0
2021-09-24T02:00,20.3,98,909.3,7.9,0.0
2021-09-24T03:00,20.1,98,908.8,9.1,0.0
2021-09-24T04:00,20.0,98,908.8,10.2,0.0
2021-09-24T05:00,19.9,98,909.3,8.5,0.0
2021-09-24T06:00,19.9,98,909.4,9.2,0.0
2021-09-24T07:00,21.0,91,910.3,14.7,0.0
2021-09-24T08:00,22.8,80,911.5,16.2,0.0
2021-09-24T09:00,24.2,71,912.1,17.1,0.0
2021-09-24T10:00,25.7,63,912.1,15.8,0.0
2021-09-24T11:00,26.8,59,911.4,15.3,0.0
2021-09-24T12:00,27.4,58,910.4,14.3,0.0
2021-09-24T13:00,27.8,56,909.6,12.0,0.0
2021-09-24T14:00,28.1,55,909.0,9.7,0.1
2021-09-24T15:00,28.2,57,908.2,8.1,0.0
2021-09-24T16:00,27.0,62,908.0,8.0,0.2
2021-09-24T17:00,25.3,72,908.3,6.9,0.4
2021-09-24T18:00,23.9,86,908.6,4.4,0.1
2021-09-24T19:00,23.2,85,909.4,5.7,0.9
2021-09-24T20:00,22.6,90,910.4,7.0,1.5
2021-09-24T21:00,21.9,93,911.3,8.4,0.8
2021-09-24T22:00,21.3,95,911.7,9.5,0.9
2021-09-24T23:00,20.9,96,911.5,9.4,0.8
2021-09-25T00:00,20.7,96,910.8,9.7,0.2
2021-09-25T01:00,20.5,97,910.3,8.8,0.1
2021-09-25T02:00,20.3,98,909.4,6.3,0.0
2021-09-25T03:00,20.0,98,909.0,5.8,0.0
2021-09-25T04:00,20.1,99,909.2,7.7,0.0
2021-09-25T05:00,19.7,98,909.3,9.2,0.0
2021-09-25T06:00,19.7,98,909.7,8.3,0.0
2021-09-25T07:00,21.0,91,910.4,10.9,0.0
2021-09-25T08:00,22.7,82,911.2,13.8,0.0
2021-09-25T09:00,24.4,74,911.5,14.0,0.0
2021-09-25T10:00,25.9,67,911.6,14.0,0.0
2021-09-25T11:00,26.5,64,911.0,14.0,0.3
2021-09-25T12:00,27.2,61,910.3,14.5,0.2
2021-09-25T13:00,27.6,59,909.2,13.5,0.2
2021-09-25T14:00,27.3,59,908.2,12.1,0.3
2021-09-25T15:00,27.2,61,907.5,10.6,0.2
2021-09-25T16:00,24.7,75,907.7,8.6,0.6
2021-09-25T17:00,25.3,72,908.2,8.0,0.6
2021-09-25T18:00,23.0,86,908.7,10.2,0.4
2021-09-25T19:00,22.0,89,909.1,10.4,1.0
2021-09-25T20:00,21.9,91,909.9,8.3,0.6
2021-09-25T21:00,21.5,94,910.5,7.9,0.8
2021-09-25T22:00,21.0,94,910.6,11.6,1.5
2021-09-25T23:00,20.2,96,910.0,12.5,0.5
2021-09-26T00:00,20.2,97,909.3,9.7,2.1
2021-09-26T01:00,20.3,95,908.8,8.4,1.2
2021-09-26T02:00,20.3,98,908.2,8.6,0.3
2021-09-26T03:00,20.2,98,907.4,9.4,0.1
2021-09-26T04:00,20.0,97,907.3,10.4,0.0
2021-09-26T05:00,19.9,95,907.4,11.9,0.0
2021-09-26T06:00,19.6,94,907.6,12.1,0.0
2021-09-26T07:00,20.2,90,908.5,17.3,0.0
2021-09-26T08:00,21.7,80,909.4,17.8,0.0
2021-09-26T09:00,22.5,75,909.8,16.3,0.0
2021-09-26T10:00,24.5,65,909.7,16.3,0.0
2021-09-26T11:00,25.9,60,909.4,15.8,0.0
2021-09-26T12:00,26.9,56,908.9,15.2,0.0
2021-09-26T13:00,27.2,53,908.1,15.3,0.0
2021-09-26T14:00,27.5,51,907.0,15.0,0.0
2021-09-26T15:00,27.6,50,906.1,14.5,0.0
2021-09-26T16:00,27.4,50,905.9,14.4,0.0
2021-09-26T17:00,25.6,65,906.2,10.8,0.0
2021-09-26T18:00,23.6,72,906.1,8.0,0.0
2021-09-26T19:00,23.0,74,906.7,7.7,0.0
2021-09-26T20:00,23.2,72,907.7,14.2,0.0
2021-09-26T21:00,22.4,79,908.4,13.7,0.0
2021-09-26T22:00,21.9,85,908.2,12.3,0.0
2021-09-26T23:00,21.3,90,907.9,10.5,0.0
2021-09-27T00:00,20.7,93,907.3,11.3,0.1
2021-09-27T01:00,20.5,95,906.7,13.0,0.6
2021-09-27T02:00,20.4,96,906.0,14.5,0.5
2021-09-27T03:00,20.2,96,905.8,14.2,0.0
2021-09-27T04:00,19.7,97,905.9,13.9,0.0
2021-09-27T05:00,19.7,97,905.9,14.1,0.0
2021-09-27T06:00,19.9,95,906.1,12.6,0.0
2021-09-27T07:00,20.8,90,907.1,15.6,0.0
2021-09-27T08:00,22.2,82,907.8,18.3,0.0
2021-09-27T09:00,24.0,71,908.6,21.1,0.0
2021-09-27T10:00,24.6,67,908.8,20.8,0.0
2021-09-27T11:00,25.5,64,908.4,20.5,0.1
2021-09-27T12:00,26.4,60,907.5,21.2,0.2
2021-09-27T13:00,26.7,58,906.6,20.2,0.2
2021-09-27T14:00,26.1,60,905.9,24.2,0.2
2021-09-27T15:00,25.1,68,905.4,18.8,0.2
2021-09-27T16:00,22.9,83,905.5,24.3,2.5
2021-09-27T17:00,22.6,82,905.8,17.5,0.8
2021-09-27T18:00,21.5,87,905.9,16.2,0.2
2021-09-27T19:00,21.5,89,906.3,14.5,0.3
2021-09-27T20:00,21.4,86,906.9,18.0,0.0
2021-09-27T21:00,20.7,87,907.4,17.0,0.0
2021-09-27T22:00,20.0,90,907.7,14.8,0.0
2021-09-27T23:00,19.6,92,908.0,13.4,0.0
2021-09-28T00:00,19.3,94,907.8,13.8,0.0
2021-09-28T01:00,19.5,94,907.4,14.8,0.0
2021-09-28T02:00,19.5,94,906.7,15.4,0.0
2021-09-28T03:00,19.2,96,906.4,15.4,0.0
2021-09-28T04:00,19.0,97,906.3,15.3,0.0
2021-09-28T05:00,19.6,93,907.1,15.6,0.0
2021-09-28T06:00,19.8,92,907.5,16.5,0.0
2021-09-28T07:00,21.0,87,908.7,21.4,0.0
2021-09-28T08:00,22.2,81,909.7,22.5,0.0
2021-09-28T09:00,23.8,72,910.2,24.1,0.0
2021-09-28T10:00,25.3,64,910.3,24.4,0.0
2021-09-28T11:00,25.7,62,910.0,23.4,0.1
2021-09-28T12:00,26.6,59,909.3,22.7,0.1
2021-09-28T13:00,27.0,57,908.6,22.8,0.1
2021-09-28T14:00,26.7,58,907.5,21.8,0.1
2021-09-28T15:00,26.1,62,907.0,20.3,0.1
2021-09-28T16:00,26.0,60,907.0,19.8,0.0
2021-09-28T17:00,24.5,66,907.9,15.1,0.0
2021-09-28T18:00,23.2,70,908.4,13.1,0.0
2021-09-28T19:00,22.8,71,909.4,15.2,0.0
2021-09-28T20:00,22.0,76,910.4,15.7,0.0
2021-09-28T21:00,21.3,81,911.2,14.8,0.0
2021-09-28T22:00,20.3,88,911.1,16.6,0.0
2021-09-28T23:00,19.6,93,910.7,16.3,0.0
2021-09-29T00:00,19.1,96,909.9,14.7,0.0
2021-09-29T01:00,18.9,97,909.2,14.2,0.0
2021-09-29T02:00,18.8,98,908.7,13.2,0.0
2021-09-29T03:00,19.5,95,908.9,13.9,0.0
2021-09-29T04:00,19.6,95,908.8,15.0,0.0
2021-09-29T05:00,18.9,97,909.2,12.6,0.0
2021-09-29T06:00,19.1,95,909.9,13.2,0.0
2021-09-29T07:00,20.4,91,910.9,12.3,0.0
2021-09-29T08:00,22.6,78,911.8,20.1,0.0
2021-09-29T09:00,23.7,72,912.3,20.3,0.0
2021-09-29T10:00,25.1,66,912.6,20.6,0.0
2021-09-29T11:00,25.2,65,912.1,18.4,0.0
2021-09-29T12:00,26.7,61,911.2,17.7,0.1
2021-09-29T13:00,27.0,63,910.4,14.8,0.0
2021-09-29T14:00,27.5,63,909.3,13.3,0.0
2021-09-29T15:00,27.3,64,908.7,13.3,0.0
2021-09-29T16:00,26.0,68,908.6,13.3,0.2
2021-09-29T17:00,25.7,67,909.3,8.4,0.1
2021-09-29T18:00,24.2,73,909.6,7.4,0.0
2021-09-29T19:00,22.9,81,910.2,5.4,0.0
2021-09-29T20:00,22.3,83,910.9,6.1,0.0
2021-09-29T21:00,22.0,81,912.0,9.0,0.0
2021-09-29T22:00,21.3,85,911.7,6.4,0.0
2021-09-29T23:00,20.7,90,911.4,5.5,0.0
2021-09-30T00:00,20.3,92,910.9,6.9,0.0
2021-09-30T01:00,20.1,92,910.4,8.8,0.0
2021-09-30T02:00,19.7,94,909.8,9.1,0.0
2021-09-30T03:00,19.3,96,909.6,7.2,0.0
2021-09-30T04:00,19.1,97,909.7,6.2,0.0
2021-09-30T05:00,19.4,97,910.6,3.9,0.0
2021-09-30T06:00,19.7,96,911.1,7.9,0.0
2021-09-30T07:00,20.9,89,911.9,9.5,0.0
2021-09-30T08:00,22.8,80,912.9,7.4,0.0
2021-09-30T09:00,24.4,74,913.6,5.0,0.0
2021-09-30T10:00,25.4,71,913.7,4.8,0.1
2021-09-30T11:00,26.0,72,912.9,5.1,0.1
2021-09-30T12:00,26.5,70,911.7,6.1,0.3
2021-09-30T13:00,26.5,68,910.8,8.0,0.1
2021-09-30T14:00,26.4,69,909.8,8.8,0.2
2021-09-30T15:00,23.6,84,909.4,10.0,3.6
2021-09-30T16:00,23.9,83,909.1,4.9,0.1
2021-09-30T17:00,24.5,78,909.7,4.7,0.1
2021-09-30T18:00,22.7,87,909.7,5.1,0.0
2021-09-30T19:00,23.1,82,910.8,2.5,0.0
2021-09-30T20:00,23.2,79,911.4,2.9,1.1
2021-09-30T21:00,21.7,88,911.5,5.4,0.0
2021-09-30T22:00,21.9,88,912.1,8.8,0.0
2021-09-30T23:00,20.9,95,911.6,5.8,0.0
2023-06-01T00:00,21.5,85,910.1,5.5,0.0
2023-06-01T01:00,21.3,87,909.8,6.2,0.0
2023-06-01T02:00,21.2,90,909.6,6.7,0.0
2023-06-01T03:00,21.0,94,909.7,6.4,0.0
2023-06-01T04:00,20.7,95,909.7,5.6,0.0
2023-06-01T05:00,21.3,96,910.3,5.1,0.0
2023-06-01T06:00,22.1,93,910.6,6.4,0.0
2023-06-01T07:00,23.7,89,912.2,8.9,0.0
2023-06-01T08:00,25.4,81,912.9,10.6,0.0
2023-06-01T09:00,27.0,73,913.1,10.5,0.0
2023-06-01T10:00,28.5,65,913.0,10.2,0.0
2023-06-01T11:00,29.6,60,912.8,10.1,0.0
2023-06-01T12:00,30.6,57,912.4,8.5,0.0
2023-06-01T13:00,31.0,54,911.5,8.0,0.0
2023-06-01T14:00,31.0,52,910.9,6.6,0.0
2023-06-01T15:00,30.2,54,909.8,4.6,0.0
2023-06-01T16:00,24.4,79,910.1,4.6,3.0
2023-06-01T17:00,27.3,65,910.6,10.9,0.1
2023-06-01T18:00,25.8,72,910.8,6.7,0.0
2023-06-01T19:00,24.3,79,910.9,5.6,0.0
2023-06-01T20:00,24.2,79,911.4,6.4,0.0
2023-06-01T21:00,23.9,79,911.9,6.9,0.0
2023-06-01T22:00,23.3,83,912.0,6.7,0.0
2023-06-01T23:00,22.7,88,911.8,6.0,0.0
2023-06-02T00:00,22.4,90,911.4,7.2,0.0
2023-06-02T01:00,22.1,91,910.8,7.2,0.0
2023-06-02T02:00,21.8,91,910.2,9.6,0.0
2023-06-02T03:00,21.5,93,910.2,9.2,0.0
2023-06-02T04:00,21.1,96,910.1,9.8,0.0
2023-06-02T05:00,20.8,96,910.7,8.3,0.0
2023-06-02T06:00,21.4,93,911.3,10.4,0.0
2023-06-02T07:00,22.4,90,912.3,9.1,0.0
2023-06-02T08:00,24.3,82,913.5,7.9,0.0
2023-06-02T09:00,26.2,72,914.1,14.2,0.0
2023-06-02T10:00,26.3,72,913.9,18.3,0.0
2023-06-02T11:00,27.6,66,913.9,15.8,0.0
2023-06-02T12:00,29.0,59,913.0,15.1,0.0
2023-06-02T13:00,29.5,55,912.2,15.1,0.0
2023-06-02T14:00,30.3,52,911.1,14.8,0.0
2023-06-02T15:00,30.1,52,910.8,11.5,0.0
2023-06-02T16:00,29.2,54,910.4,8.1,0.0
2023-06-02T17:00,28.8,59,910.7,8.8,0.0
2023-06-02T18:00,26.9,71,910.8,6.3,0.0
2023-06-02T19:00,25.6,72,910.8,5.9,0.0
2023-06-02T20:00,24.9,74,911.4,6.5,0.0
2023-06-02T21:00,24.1,76,911.4,7.5,0.0
2023-06-02T22:00,23.8,76,911.3,8.3,0.0
2023-06-02T23:00,23.8,76,911.3,6.7,0.0
2023-06-03T00:00,23.2,80,911.0,10.7,0.0
2023-06-03T01:00,22.2,86,910.2,10.3,0.0
2023-06-03T02:00,21.6,90,909.8,9.9,0.0
2023-06-03T03:00,21.3,92,909.7,8.7,0.0
2023-06-03T04:00,21.0,93,910.1,9.5,0.0
2023-06-03T05:00,20.9,96,910.6,8.4,0.0
2023-06-03T06:00,21.8,94,911.3,10.9,0.0
2023-06-03T07:00,23.4,88,912.5,12.2,0.0
2023-06-03T08:00,25.1,81,913.5,10.7,0.0
2023-06-03T09:00,26.7,75,913.9,11.0,0.0
2023-06-03T10:00,28.3,68,914.0,10.8,0.0
2023-06-03T11:00,29.4,62,913.6,12.0,0.1
2023-06-03T12:00,30.3,57,913.1,12.0,0.0
2023-06-03T13:00,31.2,51,912.2,10.7,0.0
2023-06-03T14:00,31.6,48,910.9,9.2,0.0
2023-06-03T15:00,31.1,48,910.4,9.5,0.1
2023-06-03T16:00,29.8,50,910.1,7.6,0.2
2023-06-03T17:00,29.8,53,910.0,7.6,0.0
2023-06-03T18:00,27.7,66,909.9,6.5,0.0
2023-06-03T19:00,25.7,67,910.1,7.5,0.0
2023-06-03T20:00,25.9,64,911.3,16.9,0.0
2023-06-03T21:00,24.4,70,911.7,13.0,0.0
2023-06-03T22:00,23.4,76,911.9,9.9,0.0
2023-06-03T23:00,23.3,78,911.8,11.3,0.0
2023-06-04T00:00,22.7,84,911.1,10.6,0.0
2023-06-04T01:00,22.5,90,911.2,10.9,0.0
2023-06-04T02:00,21.9,97,910.7,10.4,0.0
2023-06-04T03:00,21.9,98,910.7,15.6,0.0
2023-06-04T04:00,21.7,98,911.1,15.1,0.0
2023-06-04T05:00,21.2,97,910.3,9.0,0.0
2023-06-04T06:00,21.8,95,911.3,11.9,0.0
2023-06-04T07:00,23.3,87,912.9,13.7,0.0
2023-06-04T08:00,24.6,78,913.7,14.5,0.0
2023-06-04T09:00,26.2,70,914.1,16.3,0.0
2023-06-04T10:00,27.8,62,914.1,18.4,0.0
2023-06-04T11:00,28.8,58,913.9,18.3,0.0
2023-06-04T12:00,29.6,56,913.2,17.1,0.0
2023-06-04T13:00,30.0,54,912.3,18.3,0.0
2023-06-04T14:00,28.1,59,911.6,14.5,0.0
2023-06-04T15:00,29.3,57,910.5,6.8,0.0
2023-06-04T16:00,29.8,54,909.8,11.2,0.0
2023-06-04T17:00,28.4,58,909.6,10.6,0.0
2023-06-04T18:00,26.2,69,909.5,8.3,0.0
2023-06-04T19:00,24.3,76,910.0,6.8,0.0
2023-06-04T20:00,23.2,81,910.5,6.0,0.0
2023-06-04T21:00,22.8,82,911.3,5.8,0.0
2023-06-04T22:00,22.8,79,911.4,7.2,0.0
2023-06-04T23:00,22.8,80,911.4,7.6,0.0
2023-06-05T00:00,22.5,82,910.9,9.5,0.0
2023-06-05T01:00,22.6,82,910.6,9.8,0.0
2023-06-05T02:00,22.1,84,909.8,10.1,0.0
2023-06-05T03:00,21.3,87,909.5,10.5,0.0
2023-06-05T04:00,21.0,91,909.6,10.0,0.0
2023-06-05T05:00,21.0,94,910.0,8.7,0.0
2023-06-05T06:00,21.6,93,910.7,11.8,0.0
2023-06-05T07:00,22.8,89,911.7,14.5,0.0
2023-06-05T08:00,24.5,78,912.5,15.5,0.0
2023-06-05T09:00,26.4,69,912.7,16.7,0.0
2023-06-05T10:00,27.9,62,912.7,15.3,0.0
2023-06-05T11:00,29.3,57,912.6,14.8,0.0
2023-06-05T12:00,30.1,56,912.1,14.5,0.0
2023-06-05T13:00,30.7,53,911.4,13.9,0.0
2023-06-05T14:00,30.8,50,910.5,12.6,0.0
2023-06-05T15:00,29.3,53,909.3,15.1,0.1
2023-06-05T16:00,29.2,53,909.1,9.4,0.0
2023-06-05T17:00,29.6,51,909.7,10.0,0.0
2023-06-05T18:00,27.1,65,909.3,7.2,0.0
2023-06-05T19:00,26.5,59,909.7,9.4,0.0
2023-06-05T20:00,26.2,59,910.7,10.4,0.0
2023-06-05T21:00,25.0,65,911.4,10.9,0.0
2023-06-05T22:00,24.4,73,911.9,16.6,0.0
2023-06-05T23:00,23.5,79,911.7,14.3,0.0
2023-06-06T00:00,22.9,83,911.1,13.7,0.0
2023-06-06T01:00,22.4,86,910.5,15.6,0.0
2023-06-06T02:00,22.2,87,910.2,17.0,0.0
2023-06-06T03:00,21.7,90,909.9,17.1,0.0
2023-06-06T04:00,21.3,93,909.7,15.5,0.0
2023-06-06T05:00,21.6,92,910.5,13.9,0.0
2023-06-06T06:00,22.0,88,911.0,13.0,0.0
2023-06-06T07:00,23.3,82,911.8,14.1,0.0
2023-06-06T08:00,25.4,71,912.4,19.1,0.0
2023-06-06T09:00,27.0,65,912.6,17.1,0.0
2023-06-06T10:00,28.5,61,912.6,15.8,0.0
2023-06-06T11:00,29.7,54,912.4,16.8,0.0
2023-06-06T12:00,30.4,50,911.8,14.8,0.0
2023-06-06T13:00,31.1,47,911.1,13.1,0.0
2023-06-06T14:00,31.1,46,910.0,13.1,0.0
2023-06-06T15:00,31.3,46,909.3,11.8,0.0
2023-06-06T16:00,31.2,46,908.8,9.8,0.0
2023-06-06T17:00,30.1,51,908.8,8.5,0.0
2023-06-06T18:00,27.7,60,909.0,8.5,0.3
2023-06-06T19:00,26.5,64,909.3,6.8,0.0
2023-06-06T20:00,26.3,64,910.2,9.7,0.0
2023-06-06T21:00,25.2,68,911.1,10.1,0.0
2023-06-06T22:00,24.5,71,911.5,10.5,0.0
2023-06-06T23:00,24.3,74,911.2,12.4,0.0
2023-06-07T00:00,23.6,81,910.5,12.2,0.0
2023-06-07T01:00,22.7,86,910.0,12.9,0.0
2023-06-07T02:00,22.1,90,909.7,11.8,0.0
2023-06-07T03:00,21.6,93,909.3,11.4,0.0
2023-06-07T04:00,21.2,95,909.1,12.2,0.0
2023-06-07T05:00,21.6,98,909.6,11.4,0.0
2023-06-07T06:00,21.9,96,910.2,12.1,0.0
2023-06-07T07:00,23.5,86,911.2,13.2,0.0
2023-06-07T08:00,25.4,77,911.8,14.2,0.0
2023-06-07T09:00,27.2,70,912.6,16.5,0.0
2023-06-07T10:00,28.8,59,912.6,15.7,0.0
2023-06-07T11:00,30.0,53,912.5,14.2,0.0
2023-06-07T12:00,30.7,50,911.5,14.4,0.0
2023-06-07T13:00,31.2,47,910.8,15.2,0.0
2023-06-07T14:00,31.5,45,909.8,13.0,0.0
2023-06-07T15:00,31.6,46,908.9,12.2,0.0
2023-06-07T16:00,31.2,46,908.2,13.4,0.0
2023-06-07T17:00,29.4,51,909.3,9.4,0.0
2023-06-07T18:00,27.7,56,909.3,7.4,0.0
2023-06-07T19:00,26.4,61,910.3,14.0,0.0
2023-06-07T20:00,25.1,69,911.1,13.5,0.0
2023-06-07T21:00,24.3,74,912.1,15.6,0.0
2023-06-07T22:00,24.1,77,912.4,15.5,0.0
2023-06-07T23:00,23.5,81,912.5,15.4,0.0
2023-06-08T00:00,23.0,83,911.8,15.0,0.0
2023-06-08T01:00,22.4,86,910.8,13.6,0.0
2023-06-08T02:00,22.0,89,910.3,12.9,0.0
2023-06-08T03:00,21.5,92,910.0,13.7,0.0
2023-06-08T04:00,21.0,94,909.8,11.3,0.0
2023-06-08T05:00,20.6,94,910.9,8.8,0.0
2023-06-08T06:00,21.1,92,911.3,9.4,0.0
2023-06-08T07:00,22.7,84,912.0,11.9,0.0
2023-06-08T08:00,24.5,77,912.5,14.8,0.0
2023-06-08T09:00,26.5,67,912.7,16.6,0.0
2023-06-08T10:00,28.4,58,912.9,17.3,0.0
2023-06-08T11:00,29.7,52,912.4,17.0,0.0
2023-06-08T12:00,31.0,48,911.8,17.0,0.0
2023-06-08T13:00,31.5,45,911.2,17.0,0.0
2023-06-08T14:00,31.6,43,910.2,15.9,0.0
2023-06-08T15:00,31.5,43,909.6,15.6,0.0
2023-06-08T16:00,30.9,43,909.1,16.1,0.0
2023-06-08T17:00,30.0,45,908.9,15.0,0.0
2023-06-08T18:00,28.2,53,909.3,10.8,0.0
2023-06-08T19:00,26.9,58,910.2,14.8,0.0
2023-06-08T20:00,25.8,64,911.1,15.5,0.0
2023-06-08T21:00,25.3,67,911.4,16.8,0.0
2023-06-08T22:00,24.4,73,911.5,13.3,0.0
2023-06-08T23:00,23.4,79,911.0,13.0,0.0
2023-06-09T00:00,22.7,83,910.3,12.6,0.0
2023-06-09T01:00,22.0,87,909.2,12.2,0.0
2023-06-09T02:00,21.6,90,909.2,13.0,0.0
2023-06-09T03:00,21.0,93,909.0,14.0,0.0
2023-06-09T04:00,20.6,95,908.5,10.8,0.0
2023-06-09T05:00,20.3,96,908.8,9.5,0.0
2023-06-09T06:00,21.3,92,910.2,14.1,0.0
2023-06-09T07:00,22.9,83,911.3,19.4,0.0
2023-06-09T08:00,24.6,74,912.1,19.1,0.0
2023-06-09T09:00,26.3,67,911.8,16.2,0.0
2023-06-09T10:00,28.4,60,911.4,14.8,0.0
2023-06-09T11:00,30.1,54,911.0,17.1,0.0
2023-06-09T12:00,29.2,58,910.8,17.4,0.8
2023-06-09T13:00,30.5,51,909.8,16.2,0.0
2023-06-09T14:00,31.4,48,908.6,16.5,0.0
2023-06-09T15:00,27.6,61,908.4,20.3,0.6
2023-06-09T16:00,29.0,55,908.2,14.8,0.1
2023-06-09T17:00,24.5,77,908.8,15.7,4.0
2023-06-09T18:00,26.4,61,908.5,11.4,0.0
2023-06-09T19:00,25.8,63,909.4,17.8,0.0
2023-06-09T20:00,24.6,69,910.4,16.8,0.0
2023-06-09T21:00,23.8,75,910.2,16.4,0.0
2023-06-09T22:00,23.2,79,909.8,14.9,0.0
2023-06-09T23:00,22.4,83,909.7,14.2,0.0
2023-06-10T00:00,21.9,85,909.5,17.4,0.0
2023-06-10T01:00,21.3,88,909.2,17.1,0.0
2023-06-10T02:00,21.0,90,908.5,14.5,0.0
2023-06-10T03:00,20.5,93,907.9,14.3,0.0
2023-06-10T04:00,20.1,95,908.0,14.2,0.0
2023-06-10T05:00,21.3,91,909.2,15.4,0.0
2023-06-10T06:00,21.7,90,909.5,14.7,0.0
2023-06-10T07:00,22.9,83,910.3,14.9,0.0
2023-06-10T08:00,24.0,80,910.7,12.4,0.0
2023-06-10T09:00,25.6,73,911.0,15.9,0.0
2023-06-10T10:00,27.4,64,911.0,18.4,0.0
2023-06-10T11:00,28.4,60,910.9,21.3,0.0
2023-06-10T12:00,29.6,53,910.2,22.2,0.0
2023-06-10T13:00,30.8,50,909.7,20.3,0.0
2023-06-10T14:00,28.1,57,909.2,25.9,0.5
2023-06-10T15:00,28.2,62,908.3,21.9,0.1
2023-06-10T16:00,28.3,57,907.9,15.4,0.1
2023-06-10T17:00,26.5,65,908.6,19.1,0.0
2023-06-10T18:00,25.4,70,909.1,15.6,0.0
2023-06-10T19:00,25.1,67,909.4,17.9,0.0
2023-06-10T20:00,24.4,70,910.3,17.7,0.0
2023-06-10T21:00,23.6,73,910.6,14.4,0.0
2023-06-10T22:00,23.0,77,910.4,14.0,0.0
2023-06-10T23:00,22.3,81,909.7,11.9,0.0
2023-06-11T00:00,21.6,85,908.9,11.5,0.0
2023-06-11T01:00,21.2,88,908.6,13.4,0.0
2023-06-11T02:00,20.9,90,908.3,13.7,0.0
2023-06-11T03:00,20.7,91,908.3,14.5,0.0
2023-06-11T04:00,20.6,92,908.0,13.1,0.0
2023-06-11T05:00,21.3,89,908.8,13.4,0.0
2023-06-11T06:00,21.8,88,909.6,14.3,0.0
2023-06-11T07:00,23.6,80,910.6,19.7,0.0
2023-06-11T08:00,24.5,76,911.1,17.3,0.0
2023-06-11T09:00,25.8,69,911.4,22.3,0.0
2023-06-11T10:00,27.9,60,911.5,23.1,0.0
2023-06-11T11:00,28.7,58,911.0,21.7,0.0
2023-06-11T12:00,29.7,55,909.9,21.1,0.0
2023-06-11T13:00,30.4,52,909.1,20.6,0.0
2023-06-11T14:00,30.8,49,908.5,20.9,0.0
2023-06-11T15:00,29.9,49,907.8,22.7,0.0
2023-06-11T16:00,28.7,54,907.5,17.3,0.2
2023-06-11T17:00,27.1,62,908.7,20.8,0.0
2023-06-11T18:00,25.5,69,908.9,15.2,0.0
2023-06-11T19:00,24.3,74,909.2,12.9,0.0
2023-06-11T20:00,24.0,75,909.8,12.8,0.0
2023-06-11T21:00,23.8,75,909.9,13.8,0.0
2023-06-11T22:00,23.3,78,909.9,13.4,0.0
2023-06-11T23:00,22.5,83,909.8,12.1,0.0
2023-06-12T00:00,21.9,86,909.3,10.2,0.0
2023-06-12T01:00,21.3,90,908.5,9.5,0.0
2023-06-12T02:00,20.8,93,908.1,11.6,0.0
2023-06-12T03:00,20.5,96,908.0,13.0,0.0
2023-06-12T04:00,20.3,98,908.1,13.9,0.0
2023-06-12T05:00,20.7,98,908.5,11.4,0.0
2023-06-12T06:00,21.3,95,909.0,15.7,0.0
2023-06-12T07:00,22.7,87,909.9,18.2,0.0
2023-06-12T08:00,24.5,77,910.5,17.0,0.0
2023-06-12T09:00,26.5,66,910.9,18.4,0.0
2023-06-12T10:00,26.9,64,910.8,18.0,0.0
2023-06-12T11:00,28.3,59,910.6,17.9,0.0
2023-06-12T12:00,29.4,56,909.9,16.5,0.1
2023-06-12T13:00,30.2,54,909.4,16.1,0.0
2023-06-12T14:00,30.5,54,908.8,15.5,0.0
2023-06-12T15:00,30.1,55,908.0,13.0,0.5
2023-06-12T16:00,24.5,81,908.2,19.0,6.9
2023-06-12T17:00,26.4,65,908.3,16.5,5.5
2023-06-12T18:00,25.0,73,908.5,14.3,0.0
2023-06-12T19:00,24.3,77,909.2,12.5,0.0
2023-06-12T20:00,24.4,74,909.9,14.7,0.0
2023-06-12T21:00,24.0,76,910.4,14.5,0.0
2023-06-12T22:00,23.4,81,910.6,13.6,0.0
2023-06-12T23:00,22.6,86,910.5,11.5,0.0
2023-06-13T00:00,22.0,90,909.9,11.6,0.0
2023-06-13T01:00,21.7,91,909.1,12.9,0.0
2023-06-13T02:00,21.1,94,908.6,11.4,0.0
2023-06-13T03:00,20.7,96,908.6,13.2,0.0
2023-06-13T04:00,20.4,98,908.6,13.2,0.0
2023-06-13T05:00,20.1,98,908.5,9.5,0.0
2023-06-13T06:00,20.5,96,909.0,12.8,0.0
2023-06-13T07:00,22.1,88,910.2,18.4,0.0
2023-06-13T08:00,24.0,77,911.6,19.1,0.0
2023-06-13T09:00,26.0,66,911.9,18.4,0.0
2023-06-13T10:00,27.6,59,911.4,17.3,0.0
2023-06-13T11:00,29.2,52,911.0,17.8,0.0
2023-06-13T12:00,29.9,51,910.7,16.0,0.0
2023-06-13T13:00,30.3,49,910.0,14.3,0.0
2023-06-13T14:00,30.6,49,909.4,14.1,0.0
2023-06-13T15:00,30.8,49,908.7,12.3,0.0
2023-06-13T16:00,30.1,47,908.1,17.3,0.0
2023-06-13T17:00,26.8,61,909.1,18.5,0.1
2023-06-13T18:00,23.5,80,909.5,13.6,1.6
2023-06-13T19:00,23.1,85,909.8,13.1,0.1
2023-06-13T20:00,22.6,88,910.5,13.5,0.0
2023-06-13T21:00,22.4,89,910.8,13.4,0.0
2023-06-13T22:00,22.2,90,911.1,13.7,0.0
2023-06-13T23:00,21.9,89,910.9,14.3,0.0
2023-06-14T00:00,21.4,90,910.5,13.4,0.0
2023-06-14T01:00,20.9,92,910.2,11.9,0.0
2023-06-14T02:00,20.5,94,910.0,11.7,0.0
2023-06-14T03:00,20.2,95,910.1,12.0,0.0
2023-06-14T04:00,20.0,97,910.0,13.4,0.0
2023-06-14T05:00,20.0,97,910.1,12.1,0.0
2023-06-14T06:00,20.6,96,910.7,14.0,0.0
2023-06-14T07:00,22.7,84,911.9,21.0,0.0
2023-06-14T08:00,24.0,77,912.5,20.2,0.0
2023-06-14T09:00,26.1,67,913.2,18.8,0.0
2023-06-14T10:00,27.7,61,913.4,19.7,0.0
2023-06-14T11:00,29.1,54,913.0,19.7,0.0
2023-06-14T12:00,29.9,51,912.4,19.3,0.0
2023-06-14T13:00,30.7,49,911.9,17.8,0.0
2023-06-14T14:00,30.5,48,911.3,21.0,0.0
2023-06-14T15:00,29.0,53,910.6,19.8,0.1
2023-06-14T16:00,27.6,63,910.5,11.3,0.3
2023-06-14T17:00,27.1,60,910.7,13.4,0.7
2023-06-14T18:00,26.1,64,910.7,9.3,0.0
2023-06-14T19:00,25.2,66,911.1,9.5,0.0
2023-06-14T20:00,24.7,70,911.7,11.8,0.0
2023-06-14T21:00,24.0,72,912.3,12.7,0.0
2023-06-14T22:00,23.3,75,912.6,12.8,0.0
2023-06-14T23:00,22.5,80,912.3,12.8,0.0
2023-06-15T00:00,21.6,84,911.2,13.6,0.0
2023-06-15T01:00,21.2,88,910.7,13.4,0.0
2023-06-15T02:00,20.7,92,910.4,11.9,0.0
2023-06-15T03:00,20.2,96,910.4,10.5,0.0
2023-06-15T04:00,19.9,97,910.3,9.4,0.0
2023-06-15T05:00,20.2,97,910.7,10.5,0.0
2023-06-15T06:00,20.7,95,911.3,11.5,0.0
2023-06-15T07:00,22.5,85,912.4,15.6,0.0
2023-06-15T08:00,24.4,75,913.1,17.6,0.0
2023-06-15T09:00,26.0,66,913.7,17.7,0.0
2023-06-15T10:00,27.7,57,913.7,17.3,0.0
2023-06-15T11:00,29.0,52,913.2,16.3,0.0
2023-06-15T12:00,30.0,49,912.4,16.3,0.0
2023-06-15T13:00,30.8,45,911.5,14.1,0.0
2023-06-15T14:00,31.6,41,910.8,13.1,0.0
2023-06-15T15:00,31.6,39,910.1,14.7,0.0
2023-06-15T16:00,31.2,39,909.9,14.0,0.0
2023-06-15T17:00,29.7,47,910.4,8.7,0.0
2023-06-15T18:00,27.6,57,910.2,5.4,0.0
2023-06-15T19:00,26.1,59,910.5,7.1,0.0
2023-06-15T20:00,26.2,57,911.7,10.9,0.0
2023-06-15T21:00,25.0,66,911.9,11.2,0.0
2023-06-15T22:00,24.2,74,912.0,11.8,0.0
2023-06-15T23:00,23.6,78,912.3,13.4,0.0
2023-06-16T00:00,22.8,82,911.4,13.3,0.0
2023-06-16T01:00,22.2,85,910.5,13.0,0.0
2023-06-16T02:00,21.7,88,910.0,12.2,0.0
2023-06-16T03:00,21.2,92,909.6,10.4,0.0
2023-06-16T04:00,20.8,94,909.7,10.0,0.0
2023-06-16T05:00,21.1,95,910.1,6.4,0.0
2023-06-16T06:00,21.6,93,910.6,9.2,0.0
2023-06-16T07:00,23.0,84,911.8,10.2,0.0
2023-06-16T08:00,24.6,76,912.7,12.7,0.0
2023-06-16T09:00,26.4,67,912.9,15.2,0.0
2023-06-16T10:00,28.3,55,912.7,17.3,0.0
2023-06-16T11:00,29.7,48,912.1,17.7,0.0
2023-06-16T12:00,30.6,44,911.2,17.3,0.0
2023-06-16T13:00,31.5,40,910.4,17.7,0.0
2023-06-16T14:00,32.0,37,909.7,16.6,0.0
2023-06-16T15:00,31.9,35,909.0,15.9,0.0
2023-06-16T16:00,32.0,33,908.7,14.5,0.0
2023-06-16T17:00,30.3,40,909.0,10.8,0.0
2023-06-16T18:00,28.0,49,908.7,7.1,0.0
2023-06-16T19:00,27.0,49,909.9,12.6,0.0
2023-06-16T20:00,26.2,59,911.6,19.5,0.0
2023-06-16T21:00,24.8,69,911.9,17.0,0.0
2023-06-16T22:00,24.0,74,911.9,14.8,0.0
2023-06-16T23:00,23.2,77,911.7,14.7,0.0
2023-06-17T00:00,22.4,82,911.0,12.9,0.0
2023-06-17T01:00,21.5,87,910.4,11.6,0.0
2023-06-17T02:00,20.9,91,909.7,11.1,0.0
2023-06-17T03:00,20.4,93,909.4,11.3,0.0
2023-06-17T04:00,19.9,95,909.4,11.3,0.0
2023-06-17T05:00,20.2,96,909.8,9.0,0.0
2023-06-17T06:00,20.9,92,910.7,11.2,0.0
2023-06-17T07:00,22.6,83,911.4,15.7,0.0
2023-06-17T08:00,24.5,73,911.9,17.2,0.0
2023-06-17T09:00,26.7,61,912.4,17.8,0.0
2023-06-17T10:00,28.6,53,912.5,17.8,0.0
2023-06-17T11:00,29.4,50,912.5,15.8,0.0
2023-06-17T12:00,30.2,49,912.1,15.0,0.0
2023-06-17T13:00,30.5,47,911.0,14.2,0.0
2023-06-17T14:00,31.4,44,910.2,13.7,0.0
2023-06-17T15:00,30.5,45,909.4,13.9,0.1
2023-06-17T16:00,30.2,45,908.9,12.8,0.0
2023-06-17T17:00,28.8,48,909.7,11.0,0.0
2023-06-17T18:00,27.1,53,910.4,17.4,0.0
2023-06-17T19:00,25.0,63,910.7,12.8,0.0
2023-06-17T20:00,24.8,66,911.2,10.2,0.0
2023-06-17T21:00,24.3,69,911.9,12.8,0.0
2023-06-17T22:00,23.0,79,912.0,14.7,0.1
2023-06-17T23:00,22.8,81,911.7,15.4,0.0
2023-06-18T00:00,22.5,82,911.1,15.4,0.0
2023-06-18T01:00,22.1,85,910.7,15.7,0.0
2023-06-18T02:00,21.7,88,910.2,15.5,0.0
2023-06-18T03:00,21.3,90,909.8,15.5,0.0
2023-06-18T04:00,21.3,89,910.1,15.8,0.0
2023-06-18T05:00,21.2,93,910.1,13.7,0.0
2023-06-18T06:00,21.6,90,910.7,15.9,0.0
2023-06-18T07:00,22.5,85,911.4,18.0,0.0
2023-06-18T08:00,24.4,74,912.1,22.2,0.0
2023-06-18T09:00,26.0,65,912.3,22.2,0.0
2023-06-18T10:00,27.7,59,912.6,19.3,0.0
2023-06-18T11:00,27.6,59,912.2,17.3,0.0
2023-06-18T12:00,28.8,57,911.6,15.9,0.0
2023-06-18T13:00,30.3,50,910.7,16.1,0.0
2023-06-18T14:00,30.8,46,909.9,15.8,0.0
2023-06-18T15:00,30.3,46,908.9,17.8,0.1
2023-06-18T16:00,28.9,51,908.9,13.2,0.7
2023-06-18T17:00,25.7,68,909.2,10.7,0.0
2023-06-18T18:00,24.4,74,909.5,10.5,0.0
2023-06-18T19:00,24.2,75,910.0,14.7,0.0
2023-06-18T20:00,23.6,76,910.7,11.4,0.2
2023-06-18T21:00,23.2,78,911.0,11.3,0.0
2023-06-18T22:00,22.8,81,911.2,12.2,0.0
2023-06-18T23:00,22.6,85,910.9,13.8,0.0
2023-06-19T00:00,22.4,87,910.3,13.4,0.0
2023-06-19T01:00,22.2,87,909.6,13.8,0.0
2023-06-19T02:00,21.6,89,909.0,13.0,0.0
2023-06-19T03:00,21.3,89,908.7,11.9,0.0
2023-06-19T04:00,21.1,89,908.9,11.5,0.0
2023-06-19T05:00,20.5,94,908.8,8.6,0.0
2023-06-19T06:00,21.2,90,909.3,13.7,0.0
2023-06-19T07:00,22.7,83,910.4,17.3,0.0
2023-06-19T08:00,24.1,74,911.1,18.1,0.0
2023-06-19T09:00,25.2,68,911.3,16.1,0.0
2023-06-19T10:00,25.7,66,911.3,12.0,0.0
2023-06-19T11:00,26.8,63,911.3,10.2,0.0
2023-06-19T12:00,27.5,60,910.6,10.2,0.0
2023-06-19T13:00,28.1,57,909.8,10.7,0.0
2023-06-19T14:00,28.4,57,908.6,9.7,0.3
2023-06-19T15:00,27.9,60,907.7,7.5,0.6
2023-06-19T16:00,25.3,75,907.3,11.5,0.4
2023-06-19T17:00,27.1,64,907.8,6.5,0.2
2023-06-19T18:00,25.5,73,908.1,7.9,0.1
2023-06-19T19:00,24.3,81,908.7,11.3,0.4
2023-06-19T20:00,22.9,86,908.9,10.5,0.3
2023-06-19T21:00,22.4,90,909.5,12.6,0.0
2023-06-19T22:00,22.1,92,909.5,11.0,0.0
2023-06-19T23:00,22.0,93,909.3,8.1,0.1
2023-06-20T00:00,22.0,95,908.7,10.0,0.1
2023-06-20T01:00,21.8,96,908.1,9.7,0.1
2023-06-20T02:00,21.7,96,907.7,8.9,0.0
2023-06-20T03:00,21.6,95,907.7,9.1,0.0
2023-06-20T04:00,21.4,96,907.5,9.0,0.0
2023-06-20T05:00,22.1,95,907.9,7.8,0.0
2023-06-20T06:00,22.3,93,908.9,9.2,1.7
2023-06-20T07:00,21.7,96,910.0,4.6,7.8
2023-06-20T08:00,22.0,92,910.5,12.3,2.6
2023-06-20T09:00,21.8,93,910.9,6.2,2.8
2023-06-20T10:00,21.7,95,910.3,12.4,2.0
2023-06-20T11:00,22.9,87,910.3,11.5,0.7
2023-06-20T12:00,23.0,87,909.5,10.8,0.5
2023-06-20T13:00,24.2,83,908.8,14.7,0.2
2023-06-20T14:00,24.6,80,908.1,13.6,0.0
2023-06-20T15:00,25.9,73,907.5,11.5,0.0
2023-06-20T16:00,26.3,70,907.2,10.2,0.0
2023-06-20T17:00,25.4,74,908.1,14.8,0.0
2023-06-20T18:00,24.4,79,908.3,12.2,0.0
2023-06-20T19:00,23.3,86,908.4,11.3,0.0
2023-06-20T20:00,22.9,90,909.3,11.3,0.0
2023-06-20T21:00,22.4,92,909.4,12.2,0.0
2023-06-20T22:00,21.9,93,909.5,10.8,0.0
2023-06-20T23:00,21.5,95,909.5,9.6,0.0
2023-06-21T00:00,21.3,97,909.2,10.2,0.0
2023-06-21T01:00,21.1,98,908.6,10.4,0.0
2023-06-21T02:00,20.9,98,908.3,10.0,0.0
2023-06-21T03:00,20.7,98,907.7,10.2,0.0
2023-06-21T04:00,20.3,99,907.6,9.3,0.0
2023-06-21T05:00,20.9,98,907.9,8.0,0.0
2023-06-21T06:00,21.3,96,909.1,7.6,0.0
2023-06-21T07:00,22.8,87,910.0,12.0,0.0
2023-06-21T08:00,24.6,78,910.5,12.3,0.0
2023-06-21T09:00,26.0,72,911.0,10.0,0.0
2023-06-21T10:00,27.2,67,911.0,8.2,0.0
2023-06-21T11:00,28.1,64,910.9,8.4,0.0
2023-06-21T12:00,28.8,61,910.2,8.4,0.0
2023-06-21T13:00,29.2,58,909.0,6.8,0.0
2023-06-21T14:00,29.4,55,908.2,8.2,0.0
2023-06-21T15:00,28.7,58,907.6,5.0,0.3
2023-06-21T16:00,25.8,73,907.8,12.5,3.8
2023-06-21T17:00,25.6,74,908.7,11.2,8.0
2023-06-21T18:00,22.5,87,909.4,7.4,0.6
2023-06-21T19:00,22.2,90,910.0,9.8,0.1
2023-06-21T20:00,22.0,92,910.7,6.2,0.2
2023-06-21T21:00,21.8,93,910.7,8.2,0.3
2023-06-21T22:00,21.5,94,910.4,10.1,0.2
2023-06-21T23:00,21.3,96,910.0,9.7,0.1
2023-06-22T00:00,21.2,97,909.7,8.4,0.0
2023-06-22T01:00,21.2,98,909.2,9.7,0.0
2023-06-22T02:00,21.2,97,908.5,10.4,0.0
2023-06-22T03:00,20.9,98,908.4,9.4,0.0
2023-06-22T04:00,20.8,98,908.4,9.0,0.0
2023-06-22T05:00,21.3,96,909.2,9.7,0.0
2023-06-22T06:00,21.5,95,909.5,8.0,0.0
2023-06-22T07:00,22.0,90,910.2,9.0,0.0
2023-06-22T08:00,22.7,81,910.6,10.1,0.0
2023-06-22T09:00,24.4,74,911.2,14.6,0.0
2023-06-22T10:00,26.5,63,911.2,17.9,0.0
2023-06-22T11:00,27.4,62,911.1,15.1,0.0
2023-06-22T12:00,28.4,61,910.7,15.4,0.0
2023-06-22T13:00,29.1,55,909.7,14.0,0.1
2023-06-22T14:00,24.2,80,908.9,9.4,3.2
2023-06-22T15:00,25.6,72,908.1,4.2,0.2
2023-06-22T16:00,26.3,70,908.2,5.9,0.0
2023-06-22T17:00,26.1,65,908.5,1.9,0.0
2023-06-22T18:00,24.7,77,908.4,3.4,0.0
2023-06-22T19:00,23.9,77,908.9,8.7,0.0
2023-06-22T20:00,23.2,79,909.9,11.2,0.1
2023-06-22T21:00,22.6,84,910.7,14.4,0.1
2023-06-22T22:00,21.5,90,911.2,11.3,0.0
2023-06-22T23:00,21.3,92,910.7,7.3,0.0
2023-06-23T00:00,21.1,95,909.9,7.2,0.0
2023-06-23T01:00,20.9,97,909.4,7.7,0.0
2023-06-23T02:00,20.6,98,908.7,9.0,0.0
2023-06-23T03:00,20.4,98,908.5,10.0,0.0
2023-06-23T04:00,20.3,99,908.4,10.6,0.0
2023-06-23T05:00,20.7,98,909.3,9.0,0.0
2023-06-23T06:00,20.9,97,909.6,10.5,0.0
2023-06-23T07:00,21.9,90,910.5,14.8,0.0
2023-06-23T08:00,23.4,81,910.9,17.4,0.0
2023-06-23T09:00,25.0,73,911.4,15.5,0.0
2023-06-23T10:00,26.4,67,911.2,16.7,0.0
2023-06-23T11:00,27.6,60,911.1,16.2,0.0
2023-06-23T12:00,28.4,56,910.7,15.8,0.0
2023-06-23T13:00,28.5,55,909.8,15.5,0.1
2023-06-23T14:00,28.9,53,909.2,15.2,0.1
2023-06-23T15:00,27.2,61,908.5,18.6,0.1
2023-06-23T16:00,26.7,63,908.4,18.4,0.2
2023-06-23T17:00,25.6,69,909.4,14.9,0.0
2023-06-23T18:00,24.5,74,909.2,15.5,0.0
2023-06-23T19:00,23.0,82,909.6,12.3,0.0
2023-06-23T20:00,22.6,83,910.3,13.4,0.0
2023-06-23T21:00,22.4,85,910.4,13.9,0.0
2023-06-23T22:00,22.1,86,910.6,14.1,0.0
2023-06-23T23:00,21.6,88,910.4,15.3,0.0
2023-06-24T00:00,21.2,90,909.8,14.9,0.0
2023-06-24T01:00,20.9,91,909.1,15.4,0.0
2023-06-24T02:00,20.7,92,908.9,14.5,0.0
2023-06-24T03:00,20.6,92,908.5,14.1,0.0
2023-06-24T04:00,20.3,94,908.4,14.1,0.0
2023-06-24T05:00,20.5,95,908.6,13.6,0.0
2023-06-24T06:00,21.4,91,909.1,17.4,0.0
2023-06-24T07:00,22.1,88,909.7,21.1,0.0
2023-06-24T08:00,23.6,79,910.6,22.6,0.0
2023-06-24T09:00,25.2,71,910.6,23.4,0.1
2023-06-24T10:00,26.1,67,910.9,22.1,0.1
2023-06-24T11:00,26.5,66,910.7,22.7,0.2
2023-06-24T12:00,27.1,63,910.2,22.3,0.8
2023-06-24T13:00,28.1,60,909.6,20.9,0.2
2023-06-24T14:00,26.9,63,908.6,21.5,0.1
2023-06-24T15:00,26.1,67,908.2,18.5,0.3
2023-06-24T16:00,25.7,72,908.0,16.6,1.8
2023-06-24T17:00,24.2,79,908.8,14.8,0.0
2023-06-24T18:00,23.7,83,908.9,12.0,0.0
2023-06-24T19:00,23.2,83,909.0,13.1,0.0
2023-06-24T20:00,23.0,76,909.7,16.8,0.0
2023-06-24T21:00,22.3,79,910.2,13.7,0.0
2023-06-24T22:00,21.6,84,910.4,13.3,0.0
2023-06-24T23:00,21.1,88,909.8,13.8,0.0
2023-06-25T00:00,20.5,91,909.0,13.8,0.0
2023-06-25T01:00,20.1,93,908.6,12.9,0.0
2023-06-25T02:00,19.7,96,908.0,12.2,0.0
2023-06-25T03:00,19.5,97,907.8,12.3,0.0
2023-06-25T04:00,19.3,98,907.8,13.7,0.0
2023-06-25T05:00,19.6,98,907.9,9.8,0.0
2023-06-25T06:00,19.8,98,908.4,10.6,0.0
2023-06-25T07:00,21.2,91,909.0,15.5,0.0
2023-06-25T08:00,23.2,81,910.1,17.3,0.0
2023-06-25T09:00,24.3,75,910.4,18.5,0.1
2023-06-25T10:00,26.0,66,910.5,18.6,0.1
2023-06-25T11:00,27.0,63,910.4,16.8,0.1
2023-06-25T12:00,27.7,61,910.0,17.1,0.1
2023-06-25T13:00,28.5,58,909.2,15.8,0.0
2023-06-25T14:00,29.1,57,908.5,14.4,0.0
2023-06-25T15:00,29.0,56,907.9,15.4,0.0
2023-06-25T16:00,27.4,59,907.7,19.8,0.2
2023-06-25T17:00,25.4,69,908.6,17.1,0.3
2023-06-25T18:00,24.9,71,909.3,14.2,0.0
2023-06-25T19:00,23.6,78,909.6,11.9,0.0
2023-06-25T20:00,23.0,81,910.0,13.6,0.0
2023-06-25T21:00,21.8,88,910.4,14.8,0.0
2023-06-25T22:00,21.1,92,910.4,12.1,0.0
2023-06-25T23:00,21.2,92,910.4,12.9,0.0
2023-06-26T00:00,21.2,90,909.8,13.9,0.0
2023-06-26T01:00,20.7,92,909.1,15.1,0.0
2023-06-26T02:00,20.2,95,908.5,14.5,0.0
2023-06-26T03:00,20.2,95,908.6,15.5,0.0
2023-06-26T04:00,20.3,95,909.1,14.9,0.0
2023-06-26T05:00,20.4,95,909.5,14.7,0.0
2023-06-26T06:00,20.8,93,909.9,15.4,0.0
2023-06-26T07:00,21.8,86,910.5,18.8,0.0
2023-06-26T08:00,23.1,78,911.2,20.2,0.0
2023-06-26T09:00,24.5,69,911.5,21.6,0.0
2023-06-26T10:00,25.4,65,911.5,22.0,0.0
2023-06-26T11:00,26.2,61,911.5,20.9,0.0
2023-06-26T12:00,27.7,55,911.1,21.3,0.0
2023-06-26T13:00,28.3,55,910.6,19.1,0.0
2023-06-26T14:00,28.7,54,909.6,18.7,0.0
2023-06-26T15:00,28.5,53,909.1,19.1,0.0
2023-06-26T16:00,26.6,61,908.5,16.7,0.2
2023-06-26T17:00,25.7,65,909.1,15.7,0.0
2023-06-26T18:00,24.9,70,909.4,13.1,0.0
2023-06-26T19:00,23.7,75,909.6,13.3,0.0
2023-06-26T20:00,22.9,79,910.3,8.4,0.0
2023-06-26T21:00,22.5,81,910.9,11.4,0.0
2023-06-26T22:00,21.8,82,910.5,13.5,0.0
2023-06-26T23:00,21.2,86,910.5,11.9,0.0
2023-06-27T00:00,20.8,89,909.8,13.0,0.0
2023-06-27T01:00,20.4,91,909.4,12.7,0.0
2023-06-27T02:00,20.0,93,908.8,11.2,0.0
2023-06-27T03:00,19.5,96,908.5,11.0,0.0
2023-06-27T04:00,19.4,97,908.7,10.8,0.0
2023-06-27T05:00,20.1,94,908.9,9.5,0.0
2023-06-27T06:00,20.2,94,909.5,10.0,0.0
2023-06-27T07:00,21.7,86,910.4,12.9,0.0
2023-06-27T08:00,23.3,77,911.2,14.9,0.0
2023-06-27T09:00,25.1,68,911.6,15.5,0.0
2023-06-27T10:00,26.8,60,911.7,17.5,0.0
2023-06-27T11:00,27.7,56,911.5,16.4,0.0
2023-06-27T12:00,27.7,57,911.1,15.5,0.0
2023-06-27T13:00,28.5,55,910.6,14.2,0.0
2023-06-27T14:00,28.8,56,909.7,14.3,0.0
2023-06-27T15:00,28.2,54,909.0,15.6,0.0
2023-06-27T16:00,26.1,62,909.3,23.7,0.2
2023-06-27T17:00,24.1,76,909.8,20.1,0.1
2023-06-27T18:00,21.9,87,910.0,17.7,0.5
2023-06-27T19:00,21.6,95,910.6,13.7,1.3
2023-06-27T20:00,21.6,95,911.3,13.9,0.2
2023-06-27T21:00,21.3,95,911.6,14.3,0.0
2023-06-27T22:00,21.1,95,911.8,15.8,0.0
2023-06-27T23:00,20.8,96,911.6,15.9,0.0
2023-06-28T00:00,20.5,97,910.9,15.5,0.0
2023-06-28T01:00,20.3,98,910.3,14.7,0.0
2023-06-28T02:00,20.0,98,909.6,13.7,0.0
2023-06-28T03:00,19.8,98,909.5,13.1,0.0
2023-06-28T04:00,19.8,98,909.6,12.7,0.0
2023-06-28T05:00,20.3,94,910.3,14.8,0.0
2023-06-28T06:00,20.6,93,910.6,14.4,0.0
2023-06-28T07:00,22.2,84,911.2,19.5,0.0
2023-06-28T08:00,23.6,76,912.0,23.5,0.0
2023-06-28T09:00,25.0,68,912.3,23.7,0.0
2023-06-28T10:00,25.8,67,912.4,22.0,0.1
2023-06-28T11:00,26.6,63,912.4,23.5,0.3
2023-06-28T12:00,27.7,61,911.9,23.5,0.2
2023-06-28T13:00,28.9,56,911.3,21.2,0.0
2023-06-28T14:00,27.8,58,910.5,23.6,0.4
2023-06-28T15:00,27.3,61,910.1,20.5,1.3
2023-06-28T16:00,27.3,60,909.6,17.8,0.1
2023-06-28T17:00,26.3,63,910.1,17.3,0.0
2023-06-28T18:00,25.3,67,910.5,14.8,0.0
2023-06-28T19:00,24.4,71,911.2,13.4,0.0
2023-06-28T20:00,23.3,77,911.7,9.5,0.0
2023-06-28T21:00,22.9,79,912.3,12.6,0.0
2023-06-28T22:00,22.1,82,912.4,14.7,0.0
2023-06-28T23:00,21.5,86,912.7,13.7,0.0
2023-06-29T00:00,20.9,89,912.1,13.1,0.0
2023-06-29T01:00,20.4,91,911.5,13.6,0.0
2023-06-29T02:00,20.1,93,910.9,13.2,0.0
2023-06-29T03:00,19.7,96,910.5,13.0,0.0
2023-06-29T04:00,19.5,98,910.3,13.4,0.0
2023-06-29T05:00,19.9,98,910.7,11.6,0.0
2023-06-29T06:00,20.4,96,911.3,11.6,0.0
2023-06-29T07:00,21.4,90,912.4,18.4,0.1
2023-06-29T08:00,22.5,84,912.8,19.9,0.1
2023-06-29T09:00,24.8,71,913.2,19.6,0.1
2023-06-29T10:00,25.6,67,913.1,19.9,0.0
2023-06-29T11:00,26.6,64,912.8,19.8,0.0
2023-06-29T12:00,27.6,62,912.5,18.4,0.0
2023-06-29T13:00,28.4,59,911.9,19.4,0.0
2023-06-29T14:00,28.6,56,911.1,19.8,0.0
2023-06-29T15:00,28.7,55,910.2,20.7,0.0
2023-06-29T16:00,25.3,71,910.0,27.0,2.4
2023-06-29T17:00,25.1,73,910.6,15.6,6.4
2023-06-29T18:00,24.3,75,911.0,16.2,0.0
2023-06-29T19:00,23.7,74,911.3,17.2,0.0
2023-06-29T20:00,23.1,76,912.2,18.1,0.0
2023-06-29T21:00,22.7,78,912.6,17.3,0.0
2023-06-29T22:00,22.1,81,913.0,18.4,0.0
2023-06-29T23:00,21.6,85,912.6,18.9,0.0
2023-06-30T00:00,21.2,88,912.1,17.4,0.0
2023-06-30T01:00,21.0,89,911.8,16.4,0.0
2023-06-30T02:00,20.6,91,911.1,15.0,0.0
2023-06-30T03:00,20.2,94,910.6,13.7,0.0
2023-06-30T04:00,20.1,95,910.5,13.6,0.0
2023-06-30T05:00,20.1,96,910.7,13.7,0.0
2023-06-30T06:00,20.3,95,911.3,14.5,0.9
2023-06-30T07:00,21.4,89,912.2,19.0,0.0
2023-06-30T08:00,22.9,80,912.8,20.3,0.0
2023-06-30T09:00,24.8,69,913.5,23.8,0.0
2023-06-30T10:00,26.6,59,913.6,24.6,0.0
2023-06-30T11:00,28.0,54,913.2,23.8,0.0
2023-06-30T12:00,28.8,52,912.6,23.5,0.0
2023-06-30T13:00,29.0,51,911.9,21.6,0.0
2023-06-30T14:00,29.4,51,911.0,20.2,0.0
2023-06-30T15:00,29.8,50,910.0,17.5,0.0
2023-06-30T16:00,28.9,52,909.3,19.6,0.0
2023-06-30T17:00,27.8,54,909.8,14.6,0.2
2023-06-30T18:00,26.1,61,910.1,18.2,0.0
2023-06-30T19:00,24.3,70,910.5,16.1,0.0
2023-06-30T20:00,23.2,79,911.2,12.6,0.6
2023-06-30T21:00,23.0,81,911.8,13.6,0.0
2023-06-30T22:00,22.3,84,912.0,12.9,0.0
2023-06-30T23:00,21.7,87,912.1,14.6,0.0
2023-07-01T00:00,21.2,89,911.6,14.4,0.0
2023-07-01T01:00,20.7,92,911.1,14.1,0.0
2023-07-01T02:00,20.3,95,910.5,12.6,0.0
2023-07-01T03:00,20.0,97,910.1,12.4,0.0
2023-07-01T04:00,19.8,97,910.0,12.7,0.0
2023-07-01T05:00,20.4,96,910.6,9.8,0.0
2023-07-01T06:00,20.9,93,911.3,13.2,0.0
2023-07-01T07:00,22.6,84,912.3,19.2,0.0
2023-07-01T08:00,23.9,76,912.8,19.4,0.1
2023-07-01T09:00,25.2,70,913.3,16.6,0.0
2023-07-01T10:00,26.8,63,913.9,17.7,0.5
2023-07-01T11:00,27.3,61,913.3,16.6,0.0
2023-07-01T12:00,28.1,59,912.8,17.0,0.0
2023-07-01T13:00,28.8,57,912.2,16.8,0.0
2023-07-01T14:00,29.3,54,911.3,16.7,0.0
2023-07-01T15:00,29.3,53,910.4,16.9,0.0
2023-07-01T16:00,28.6,55,910.1,16.6,0.0
2023-07-01T17:00,27.9,55,910.4,12.3,0.1
2023-07-01T18:00,26.6,61,910.9,10.8,0.0
2023-07-01T19:00,25.9,61,911.7,13.3,0.0
2023-07-01T20:00,25.1,65,912.3,11.6,0.0
2023-07-01T21:00,24.1,69,912.7,9.4,0.0
2023-07-01T22:00,23.4,76,913.3,10.8,0.0
2023-07-01T23:00,22.7,82,913.0,11.7,0.0
2023-07-02T00:00,22.1,86,912.2,12.7,0.0
2023-07-02T01:00,21.5,89,911.7,12.6,0.0
2023-07-02T02:00,21.3,89,911.0,12.6,0.0
2023-07-02T03:00,20.9,91,910.2,14.0,0.0
2023-07-02T04:00,20.5,93,909.9,14.1,0.0
2023-07-02T05:00,21.3,94,910.2,12.8,0.0
2023-07-02T06:00,21.5,93,910.6,14.1,0.1
2023-07-02T07:00,22.6,85,911.6,19.5,0.0
2023-07-02T08:00,23.2,83,911.9,19.1,0.0
2023-07-02T09:00,24.7,74,912.4,22.0,0.0
2023-07-02T10:00,25.8,68,912.3,21.9,0.0
2023-07-02T11:00,27.0,63,911.9,20.9,0.1
2023-07-02T12:00,28.2,58,911.6,20.1,0.1
2023-07-02T13:00,28.9,55,910.6,19.7,0.0
2023-07-02T14:00,28.6,57,909.6,17.6,0.0
2023-07-02T15:00,28.1,59,908.9,19.1,0.0
2023-07-02T16:00,24.1,81,908.7,9.4,2.0
2023-07-02T17:00,26.5,66,909.5,15.5,2.0
2023-07-02T18:00,23.9,78,909.9,16.3,0.4
2023-07-02T19:00,23.2,79,910.0,11.2,0.0
2023-07-02T20:00,22.7,81,910.6,12.3,0.0
2023-07-02T21:00,22.3,84,911.5,11.5,0.0
2023-07-02T22:00,22.0,87,911.9,13.0,0.0
2023-07-02T23:00,21.4,91,911.3,13.3,0.0
2023-07-03T00:00,21.0,92,910.8,16.3,0.0
2023-07-03T01:00,20.8,91,909.8,17.6,0.0
2023-07-03T02:00,20.5,92,909.3,15.1,0.0
2023-07-03T03:00,20.3,93,909.3,15.8,0.0
2023-07-03T04:00,20.5,93,908.9,14.4,0.0
2023-07-03T05:00,20.7,94,909.1,15.3,0.0
2023-07-03T06:00,20.9,92,909.5,17.7,0.1
2023-07-03T07:00,22.1,85,910.1,19.2,0.1
2023-07-03T08:00,23.3,78,910.6,22.0,0.1
2023-07-03T09:00,25.2,69,911.1,23.6,0.1
2023-07-03T10:00,25.2,70,910.9,20.9,0.1
2023-07-03T11:00,26.2,66,910.9,20.9,0.1
2023-07-03T12:00,27.7,61,910.6,22.0,0.1
2023-07-03T13:00,28.8,57,909.7,20.6,0.0
2023-07-03T14:00,28.9,55,908.9,19.9,0.0
2023-07-03T15:00,28.2,59,908.1,23.2,0.6
2023-07-03T16:00,23.3,85,908.2,16.6,4.1
2023-07-03T17:00,25.4,73,908.1,16.1,0.2
2023-07-03T18:00,22.6,86,908.7,14.8,0.7
2023-07-03T19:00,21.6,92,909.4,14.4,1.6
2023-07-03T20:00,21.3,93,909.6,17.1,0.3
2023-07-03T21:00,21.1,93,909.9,16.3,0.1
2023-07-03T22:00,20.6,96,910.1,15.7,0.0
2023-07-03T23:00,20.6,96,910.1,15.8,0.0
2023-07-04T00:00,20.4,96,909.5,17.3,0.0
2023-07-04T01:00,20.1,97,908.3,18.0,0.0
2023-07-04T02:00,20.0,97,907.9,15.8,0.0
2023-07-04T03:00,20.0,97,907.6,16.2,0.0
2023-07-04T04:00,20.0,97,907.1,17.7,0.0
2023-07-04T05:00,20.4,94,907.4,16.3,0.0
2023-07-04T06:00,20.5,93,907.5,17.4,0.0
2023-07-04T07:00,21.9,85,907.9,21.2,0.0
2023-07-04T08:00,23.3,77,908.6,25.2,0.0
2023-07-04T09:00,24.7,70,908.9,25.2,0.0
2023-07-04T10:00,25.6,68,908.9,23.8,0.0
2023-07-04T11:00,26.4,65,908.7,21.3,0.1
2023-07-04T12:00,25.1,74,908.2,24.2,1.8
2023-07-04T13:00,25.3,79,907.5,19.5,0.8
2023-07-04T14:00,23.4,88,906.6,19.4,3.2
2023-07-04T15:00,22.2,93,906.0,26.8,1.1
2023-07-04T16:00,21.9,93,905.7,26.0,2.0
2023-07-04T17:00,22.2,94,906.1,23.3,1.9
2023-07-04T18:00,21.3,95,906.1,19.3,1.9
2023-07-04T19:00,21.3,94,906.8,17.1,1.2
2023-07-04T20:00,21.4,93,907.3,20.8,0.6
2023-07-04T21:00,21.3,92,907.6,20.3,0.2
2023-07-04T22:00,21.0,93,907.9,17.4,0.1
2023-07-04T23:00,20.9,94,907.6,18.5,0.0
2023-07-05T00:00,20.7,94,907.2,21.5,0.1
2023-07-05T01:00,20.4,95,906.8,18.7,0.1
2023-07-05T02:00,20.3,95,906.0,19.1,0.0
2023-07-05T03:00,20.2,95,905.3,18.8,0.0
2023-07-05T04:00,20.1,95,905.5,18.9,0.0
2023-07-05T05:00,20.3,97,905.5,19.1,0.1
2023-07-05T06:00,20.4,95,905.8,18.2,0.1
2023-07-05T07:00,21.2,92,906.6,18.9,0.1
2023-07-05T08:00,22.1,86,907.1,21.3,0.0
2023-07-05T09:00,23.6,79,907.6,28.1,0.1
2023-07-05T10:00,25.0,73,907.9,27.8,0.3
2023-07-05T11:00,26.2,69,907.9,26.3,0.1
2023-07-05T12:00,26.5,66,907.5,27.7,0.1
2023-07-05T13:00,23.7,76,906.9,31.5,3.9
2023-07-05T14:00,22.1,90,906.0,24.3,2.9
2023-07-05T15:00,21.8,90,905.3,23.7,2.0
2023-07-05T16:00,22.0,87,905.1,23.4,0.6
2023-07-05T17:00,22.4,89,905.8,19.3,0.2
2023-07-05T18:00,21.4,91,905.7,20.9,0.9
2023-07-05T19:00,20.9,93,906.4,18.9,0.0
2023-07-05T20:00,20.9,94,907.4,16.4,0.0
2023-07-05T21:00,20.7,95,908.0,18.0,0.0
2023-07-05T22:00,20.7,96,908.5,18.9,0.1
2023-07-05T23:00,20.4,97,908.2,16.5,0.6
2023-07-06T00:00,20.2,97,907.9,17.9,0.0
2023-07-06T01:00,20.1,97,907.4,18.5,0.0
2023-07-06T02:00,20.1,96,907.3,19.0,0.0
2023-07-06T03:00,19.9,97,906.7,18.1,0.1
2023-07-06T04:00,19.6,98,906.9,13.8,0.1
2023-07-06T05:00,20.5,95,907.1,18.8,0.5
2023-07-06T06:00,20.5,96,907.8,19.2,3.6
2023-07-06T07:00,20.4,96,908.7,18.5,1.7
2023-07-06T08:00,20.5,97,909.3,17.4,1.8
2023-07-06T09:00,21.1,92,909.9,21.1,0.7
2023-07-06T10:00,22.2,86,910.3,22.3,0.3
2023-07-06T11:00,23.0,81,910.4,26.4,0.1
2023-07-06T12:00,23.4,78,910.1,26.9,0.2
2023-07-06T13:00,23.7,79,909.5,22.5,0.1
2023-07-06T14:00,25.2,72,909.0,25.7,0.1
2023-07-06T15:00,22.4,88,908.4,25.8,2.8
2023-07-06T16:00,21.9,88,907.9,21.9,2.6
2023-07-06T17:00,22.4,83,908.4,22.1,0.2
2023-07-06T18:00,22.0,85,908.4,22.2,0.1
2023-07-06T19:00,21.3,88,909.3,18.8,0.1
2023-07-06T20:00,21.0,91,910.1,17.5,0.1
2023-07-06T21:00,20.7,94,910.6,16.1,0.1
2023-07-06T22:00,20.4,95,910.9,15.0,0.0
2023-07-06T23:00,20.2,95,910.6,15.8,0.0
2023-07-07T00:00,20.2,95,910.1,16.4,0.0
2023-07-07T01:00,20.1,95,909.8,15.4,0.0
2023-07-07T02:00,19.8,97,909.5,17.1,0.8
2023-07-07T03:00,19.7,97,909.1,18.2,0.2
2023-07-07T04:00,19.4,98,909.0,18.8,0.0
2023-07-07T05:00,20.3,96,909.7,17.1,0.0
2023-07-07T06:00,20.4,95,910.3,18.0,0.1
2023-07-07T07:00,21.1,92,911.0,20.0,0.2
2023-07-07T08:00,21.7,87,911.6,20.6,0.1
2023-07-07T09:00,22.1,84,911.8,25.4,0.1
2023-07-07T10:00,22.6,84,912.0,22.3,0.0
2023-07-07T11:00,24.9,72,912.0,25.0,0.1
2023-07-07T12:00,26.0,67,911.6,28.0,0.2
2023-07-07T13:00,26.7,66,910.8,26.7,0.1
2023-07-07T14:00,26.6,65,910.1,27.1,0.2
2023-07-07T15:00,25.8,69,909.6,26.9,0.2
2023-07-07T16:00,25.3,72,909.2,23.7,0.2
2023-07-07T17:00,23.2,82,909.8,16.3,2.4
2023-07-07T18:00,22.8,84,910.2,17.1,0.0
2023-07-07T19:00,22.2,86,910.6,15.0,0.0
2023-07-07T20:00,22.1,86,911.6,16.0,0.0
2023-07-07T21:00,21.7,88,912.1,16.2,0.0
2023-07-07T22:00,21.4,91,912.4,15.6,0.0
2023-07-07T23:00,21.0,93,912.1,16.5,0.0
2023-07-08T00:00,20.7,95,911.5,16.6,0.0
2023-07-08T01:00,20.4,95,911.1,17.2,0.0
2023-07-08T02:00,20.3,95,910.4,18.4,0.0
2023-07-08T03:00,20.0,95,910.0,17.6,0.0
2023-07-08T04:00,19.9,95,910.3,17.7,0.0
2023-07-08T05:00,19.9,98,910.4,16.6,0.0
2023-07-08T06:00,20.1,97,911.3,17.3,0.0
2023-07-08T07:00,20.7,93,912.3,17.8,0.0
2023-07-08T08:00,21.5,89,913.1,20.0,0.0
2023-07-08T09:00,23.1,79,913.1,22.5,0.0
2023-07-08T10:00,23.4,78,913.0,23.1,0.0
2023-07-08T11:00,24.6,73,912.9,21.2,0.2
2023-07-08T12:00,26.1,69,912.4,21.5,0.1
2023-07-08T13:00,26.9,68,911.9,22.1,0.0
2023-07-08T14:00,24.6,74,911.1,21.8,0.8
2023-07-08T15:00,24.3,75,910.6,21.5,0.5
2023-07-08T16:00,25.0,72,910.5,24.7,0.2
2023-07-08T17:00,23.8,77,911.1,19.5,0.0
2023-07-08T18:00,23.1,80,911.0,16.2,0.0
2023-07-08T19:00,22.6,81,911.5,14.5,0.0
2023-07-08T20:00,22.1,84,912.0,14.8,0.0
2023-07-08T21:00,21.6,85,912.4,16.4,0.0
2023-07-08T22:00,21.3,86,912.3,15.8,0.0
2023-07-08T23:00,21.0,88,912.2,14.7,0.0
2023-07-09T00:00,20.8,91,911.3,14.8,0.0
2023-07-09T01:00,20.5,94,910.8,15.4,0.0
2023-07-09T02:00,20.4,93,910.5,15.8,0.0
2023-07-09T03:00,20.2,93,910.4,15.6,0.0
2023-07-09T04:00,20.1,93,910.4,15.7,0.0
2023-07-09T05:00,20.7,94,910.9,13.0,0.0
2023-07-09T06:00,20.8,93,911.1,14.1,0.0
2023-07-09T07:00,22.0,86,912.1,17.7,0.0
2023-07-09T08:00,22.8,82,912.6,19.4,0.0
2023-07-09T09:00,23.5,78,912.8,20.5,0.0
2023-07-09T10:00,24.0,75,912.7,20.2,0.0
2023-07-09T11:00,24.8,72,912.6,19.1,0.1
2023-07-09T12:00,25.7,68,912.0,17.6,0.0
2023-07-09T13:00,27.3,61,911.4,18.4,0.1
2023-07-09T14:00,27.8,62,910.8,16.9,0.1
2023-07-09T15:00,27.9,62,909.9,15.5,0.0
2023-07-09T16:00,25.2,72,909.8,14.7,1.5
2023-07-09T17:00,22.7,86,909.9,12.7,2.7
2023-07-09T18:00,22.5,89,909.9,6.5,0.1
2023-07-09T19:00,22.3,91,910.3,6.2,0.0
2023-07-09T20:00,22.4,91,911.0,7.6,0.0
2023-07-09T21:00,22.0,91,911.6,8.7,0.0
2023-07-09T22:00,21.8,90,911.6,10.8,0.0
2023-07-09T23:00,21.3,91,911.6,10.5,0.0
2023-07-10T00:00,21.1,93,911.4,10.4,0.0
2023-07-10T01:00,20.8,94,910.8,10.9,0.0
2023-07-10T02:00,20.4,96,910.3,10.6,0.0
2023-07-10T03:00,19.8,98,909.7,10.0,0.0
2023-07-10T04:00,19.6,98,910.1,11.4,0.0
2023-07-10T05:00,20.1,98,910.1,11.3,0.0
2023-07-10T06:00,20.4,97,910.9,11.9,0.0
2023-07-10T07:00,21.3,91,911.1,13.4,0.0
2023-07-10T08:00,22.3,87,911.7,14.4,0.2
2023-07-10T09:00,23.3,82,912.0,15.9,0.0
2023-07-10T10:00,25.0,73,912.0,18.7,0.0
2023-07-10T11:00,26.0,68,912.1,16.9,0.1
2023-07-10T12:00,25.3,71,911.4,15.3,0.0
2023-07-10T13:00,25.3,71,910.8,13.1,0.0
2023-07-10T14:00,25.8,69,910.2,12.3,0.1
2023-07-10T15:00,26.4,67,909.5,12.7,0.0
2023-07-10T16:00,25.3,71,909.2,11.6,1.4
2023-07-10T17:00,24.2,83,909.5,6.6,0.0
2023-07-10T18:00,23.6,87,909.9,7.8,0.1
2023-07-10T19:00,22.0,88,910.4,14.2,0.2
2023-07-10T20:00,21.3,90,910.7,10.5,0.2
2023-07-10T21:00,21.1,93,911.0,9.2,1.3
2023-07-10T22:00,21.1,93,911.2,11.3,0.5
2023-07-10T23:00,21.1,93,911.3,12.0,0.2
2023-07-11T00:00,21.0,94,910.6,14.1,0.0
2023-07-11T01:00,20.8,94,910.1,13.8,0.0
2023-07-11T02:00,20.5,95,909.7,12.2,0.0
2023-07-11T03:00,20.3,96,909.1,13.3,0.0
2023-07-11T04:00,20.0,97,908.9,14.8,0.0
2023-07-11T05:00,21.0,96,909.6,12.4,0.0
2023-07-11T06:00,20.9,95,910.0,10.1,0.1
2023-07-11T07:00,21.3,93,910.5,8.8,0.0
2023-07-11T08:00,22.8,86,910.9,17.2,0.0
2023-07-11T09:00,24.2,77,911.3,16.6,0.1
2023-07-11T10:00,25.5,70,911.5,16.7,0.1
2023-07-11T11:00,25.8,70,911.5,16.5,0.1
2023-07-11T12:00,25.8,71,911.2,14.5,0.2
2023-07-11T13:00,25.0,74,910.5,13.3,0.0
2023-07-11T14:00,25.5,71,909.8,13.5,0.0
2023-07-11T15:00,26.0,70,909.3,15.1,0.1
2023-07-11T16:00,25.3,71,909.0,18.4,0.0
2023-07-11T17:00,21.6,90,909.2,12.0,0.0
2023-07-11T18:00,21.5,90,909.3,10.8,0.0
2023-07-11T19:00,20.9,93,909.9,8.8,0.0
2023-07-11T20:00,20.8,92,910.4,9.0,0.0
2023-07-11T21:00,21.0,91,910.5,11.2,0.0
2023-07-11T22:00,20.5,94,910.6,9.8,0.0
2023-07-11T23:00,20.4,95,910.5,9.3,0.0
2023-07-12T00:00,20.3,96,909.9,9.4,0.0
2023-07-12T01:00,20.2,97,909.6,10.2,0.0
2023-07-12T02:00,19.9,97,909.2,9.9,0.0
2023-07-12T03:00,19.7,98,908.9,10.4,0.0
2023-07-12T04:00,19.4,99,908.9,9.6,0.0
2023-07-12T05:00,20.1,98,909.2,8.9,0.0
2023-07-12T06:00,20.2,98,909.9,7.9,0.0
2023-07-12T07:00,21.3,92,910.4,13.1,0.0
2023-07-12T08:00,22.8,85,911.0,15.5,0.0
2023-07-12T09:00,23.9,79,911.6,14.8,0.0
2023-07-12T10:00,25.2,71,911.3,15.8,0.1
2023-07-12T11:00,26.3,70,910.9,15.3,0.5
2023-07-12T12:00,27.6,67,910.9,14.4,0.0
2023-07-12T13:00,28.0,63,909.9,15.2,0.0
2023-07-12T14:00,28.0,60,909.0,15.5,0.0
2023-07-12T15:00,26.9,65,908.2,9.7,0.0
2023-07-12T16:00,25.5,71,908.4,17.6,1.0
2023-07-12T17:00,24.5,75,908.8,11.6,0.1
2023-07-12T18:00,23.5,81,909.3,9.7,0.0
2023-07-12T19:00,22.5,86,909.8,11.8,0.0
2023-07-12T20:00,22.2,86,910.2,10.9,0.0
2023-07-12T21:00,21.6,89,910.5,10.4,0.0
2023-07-12T22:00,21.1,92,910.8,9.2,0.0
2023-07-12T23:00,20.8,93,910.7,10.1,0.0
2023-07-13T00:00,20.4,95,909.9,9.7,0.0
2023-07-13T01:00,20.0,96,909.3,11.8,0.0
2023-07-13T02:00,19.6,99,908.6,13.7,0.0
2023-07-13T03:00,19.7,99,908.7,15.1,0.0
2023-07-13T04:00,19.9,97,908.7,15.3,0.0
2023-07-13T05:00,20.1,98,909.0,11.1,0.0
2023-07-13T06:00,20.3,96,910.0,12.2,0.0
2023-07-13T07:00,21.1,92,910.6,15.6,0.0
2023-07-13T08:00,22.9,81,911.0,19.6,0.0
2023-07-13T09:00,24.0,76,911.5,19.6,0.0
2023-07-13T10:00,25.4,73,911.9,19.6,0.1
2023-07-13T11:00,24.0,76,911.5,21.1,1.8
2023-07-13T12:00,23.5,86,910.8,12.7,2.2
2023-07-13T13:00,24.6,79,910.5,16.4,0.4
2023-07-13T14:00,24.6,78,909.5,18.8,0.1
2023-07-13T15:00,24.5,79,909.2,15.9,0.7
2023-07-13T16:00,24.5,79,909.0,16.9,0.1
2023-07-13T17:00,22.3,90,909.4,14.1,0.1
2023-07-13T18:00,21.9,87,910.0,15.1,0.1
2023-07-13T19:00,21.1,91,910.7,15.0,0.1
2023-07-13T20:00,20.8,96,911.0,14.6,0.4
2023-07-13T21:00,20.7,96,911.3,13.6,0.1
2023-07-13T22:00,20.3,97,911.5,13.6,0.0
2023-07-13T23:00,20.2,97,911.3,14.7,0.0
2023-07-14T00:00,20.1,98,910.9,14.6,0.0
2023-07-14T01:00,20.2,96,910.6,16.2,0.0
2023-07-14T02:00,20.1,95,910.1,17.0,0.0
2023-07-14T03:00,19.8,96,909.6,17.5,0.0
2023-07-14T04:00,20.0,95,909.8,15.2,0.0
2023-07-14T05:00,20.2,95,910.7,13.8,0.0
2023-07-14T06:00,20.5,94,910.9,13.0,0.1
2023-07-14T07:00,21.2,91,911.9,15.6,0.1
2023-07-14T08:00,21.5,89,912.1,16.5,0.1
2023-07-14T09:00,23.1,81,912.8,19.5,0.1
2023-07-14T10:00,23.8,78,912.9,19.4,0.1
2023-07-14T11:00,25.8,73,912.8,17.3,0.0
2023-07-14T12:00,27.0,67,912.4,21.4,0.0
2023-07-14T13:00,26.3,66,911.3,19.5,0.1
2023-07-14T14:00,27.5,61,910.6,20.9,0.0
2023-07-14T15:00,26.4,63,909.7,22.7,0.1
2023-07-14T16:00,26.1,66,909.6,21.7,0.1
2023-07-14T17:00,25.1,71,910.2,17.4,0.1
2023-07-14T18:00,22.9,82,910.5,14.5,1.2
2023-07-14T19:00,22.2,84,911.1,14.1,0.3
2023-07-14T20:00,22.0,87,911.9,12.8,0.0
2023-07-14T21:00,21.7,88,912.4,14.2,0.0
2023-07-14T22:00,20.9,91,912.4,12.4,0.0
2023-07-14T23:00,20.3,94,912.1,11.3,0.0
2023-07-15T00:00,20.0,95,911.7,13.1,0.0
2023-07-15T01:00,19.8,96,911.1,13.2,0.0
2023-07-15T02:00,19.5,98,910.6,13.4,0.0
2023-07-15T03:00,19.3,98,910.3,14.1,0.0
2023-07-15T04:00,19.4,98,910.2,14.6,0.0
2023-07-15T05:00,19.7,97,910.8,11.4,0.0
2023-07-15T06:00,20.3,93,911.1,12.8,0.0
2023-07-15T07:00,21.4,89,911.7,15.1,0.0
2023-07-15T08:00,22.9,80,912.3,18.2,0.1
2023-07-15T09:00,24.4,73,913.0,20.3,0.1
2023-07-15T10:00,25.8,69,913.7,18.8,0.1
2023-07-15T11:00,27.1,66,913.6,18.4,0.0
2023-07-15T12:00,27.9,64,912.6,19.2,0.0
2023-07-15T13:00,28.1,60,911.3,19.1,0.0
2023-07-15T14:00,28.1,60,910.3,18.7,0.1
2023-07-15T15:00,26.4,65,909.7,23.6,0.2
2023-07-15T16:00,25.7,70,909.5,17.9,0.0
2023-07-15T17:00,25.4,71,910.0,14.9,0.0
2023-07-15T18:00,24.5,77,910.1,11.6,0.0
2023-07-15T19:00,23.5,80,910.6,10.2,0.0
2023-07-15T20:00,22.9,84,911.3,9.5,0.0
2023-07-15T21:00,22.4,86,911.9,10.2,0.0
2023-07-15T22:00,22.2,86,912.0,13.3,0.0
2023-07-15T23:00,21.6,89,911.8,14.1,0.0
2023-07-16T00:00,21.0,91,911.2,12.7,0.0
2023-07-16T01:00,20.5,94,910.6,12.7,0.0
2023-07-16T02:00,20.0,96,910.1,12.0,0.0
2023-07-16T03:00,19.7,98,909.7,12.0,0.0
2023-07-16T04:00,19.6,98,909.6,12.7,0.0
2023-07-16T05:00,20.5,97,910.0,11.5,0.0
2023-07-16T06:00,21.3,92,910.7,15.0,0.0
2023-07-16T07:00,22.1,87,911.4,16.0,0.0
2023-07-16T08:00,23.6,78,911.8,18.6,0.1
2023-07-16T09:00,24.6,73,912.1,18.3,0.1
2023-07-16T10:00,25.3,71,912.1,17.4,0.2
2023-07-16T11:00,26.4,66,912.1,17.7,0.1
2023-07-16T12:00,26.9,68,911.5,16.6,0.1
2023-07-16T13:00,27.4,64,910.7,16.6,0.0
2023-07-16T14:00,27.7,64,910.2,16.6,0.0
2023-07-16T15:00,27.4,64,909.2,16.6,0.0
2023-07-16T16:00,25.5,71,908.9,13.4,0.1
2023-07-16T17:00,25.7,66,909.6,15.6,0.0
2023-07-16T18:00,24.6,73,909.9,9.5,0.0
2023-07-16T19:00,23.2,81,910.1,6.6,0.0
2023-07-16T20:00,22.1,85,911.3,17.4,0.4
2023-07-16T21:00,22.1,84,911.4,11.4,0.2
2023-07-16T22:00,21.8,87,912.0,14.3,0.0
2023-07-16T23:00,21.1,89,911.6,15.2,0.0
2023-07-17T00:00,20.5,92,910.8,15.2,0.0
2023-07-17T01:00,20.1,94,910.2,13.4,0.0
2023-07-17T02:00,19.8,96,909.7,13.8,0.0
2023-07-17T03:00,19.6,97,909.2,14.3,0.0
2023-07-17T04:00,19.5,97,909.0,15.3,0.0
2023-07-17T05:00,20.2,96,909.5,11.1,0.0
2023-07-17T06:00,20.3,95,909.9,12.0,0.0
2023-07-17T07:00,21.7,88,911.0,17.7,0.0
2023-07-17T08:00,22.6,84,911.5,18.5,0.1
2023-07-17T09:00,23.6,80,911.7,19.5,0.4
2023-07-17T10:00,24.8,74,911.5,20.3,1.0
2023-07-17T11:00,26.2,68,911.5,21.3,0.9
2023-07-17T12:00,26.8,63,910.9,21.7,0.1
2023-07-17T13:00,27.5,59,910.2,22.5,0.0
2023-07-17T14:00,27.5,58,909.4,23.2,0.0
2023-07-17T15:00,27.4,57,908.4,21.8,0.0
2023-07-17T16:00,26.4,63,908.2,23.0,0.0
2023-07-17T17:00,25.3,68,908.8,15.1,0.0
2023-07-17T18:00,24.8,72,909.2,13.0,0.0
2023-07-17T19:00,23.9,75,910.0,13.3,0.0
2023-07-17T20:00,23.2,75,910.6,18.2,0.0
2023-07-17T21:00,22.5,78,911.1,18.6,0.0
2023-07-17T22:00,21.9,81,911.3,19.0,0.0
2023-07-17T23:00,21.5,84,911.0,19.4,0.0
2023-07-18T00:00,21.2,87,910.2,19.9,0.0
2023-07-18T01:00,20.8,89,909.6,19.6,0.0
2023-07-18T02:00,20.5,91,908.7,19.3,0.0
2023-07-18T03:00,20.4,92,908.4,20.2,0.0
2023-07-18T04:00,20.5,91,908.6,19.9,0.0
2023-07-18T05:00,21.0,90,909.4,18.7,0.0
2023-07-18T06:00,21.4,88,909.9,20.9,0.1
2023-07-18T07:00,22.0,85,910.2,20.5,0.0
2023-07-18T08:00,23.3,78,910.7,26.1,0.0
2023-07-18T09:00,24.8,69,911.2,31.0,0.1
2023-07-18T10:00,26.2,62,911.6,29.0,0.1
2023-07-18T11:00,26.6,60,911.2,28.7,0.0
2023-07-18T12:00,27.1,58,910.6,29.1,0.1
2023-07-18T13:00,27.9,54,910.0,29.4,0.1
2023-07-18T14:00,27.9,53,909.0,30.1,0.1
2023-07-18T15:00,27.6,53,908.3,30.3,0.1
2023-07-18T16:00,27.2,55,907.8,28.2,0.1
2023-07-18T17:00,24.6,68,908.2,25.7,0.0
2023-07-18T18:00,23.7,74,908.4,20.9,0.0
2023-07-18T19:00,23.4,74,908.9,21.7,0.0
2023-07-18T20:00,22.8,77,909.4,22.1,0.0
2023-07-18T21:00,22.3,79,909.9,22.1,0.0
2023-07-18T22:00,21.8,82,910.2,21.3,0.0
2023-07-18T23:00,21.6,84,909.6,21.4,0.0
2023-07-19T00:00,21.2,85,909.0,23.6,0.1
2023-07-19T01:00,20.8,87,908.4,22.6,0.1
2023-07-19T02:00,20.6,87,907.7,22.2,0.1
2023-07-19T03:00,20.5,87,907.4,23.5,0.0
2023-07-19T04:00,20.4,87,907.5,22.7,0.0
2023-07-19T05:00,20.6,89,907.4,23.4,0.1
2023-07-19T06:00,20.9,88,907.6,24.7,0.1
2023-07-19T07:00,21.5,84,908.3,24.6,0.0
2023-07-19T08:00,22.1,82,908.9,25.0,0.0
2023-07-19T09:00,23.5,74,909.4,30.3,0.1
2023-07-19T10:00,24.7,68,909.8,30.3,0.0
2023-07-19T11:00,25.5,64,909.6,31.0,0.0
2023-07-19T12:00,26.0,62,909.1,30.3,0.0
2023-07-19T13:00,26.5,59,908.5,32.4,0.1
2023-07-19T14:00,26.6,59,907.6,29.9,0.1
2023-07-19T15:00,25.6,63,906.9,32.0,0.1
2023-07-19T16:00,25.2,65,906.6,31.3,0.1
2023-07-19T17:00,24.9,64,907.1,27.7,0.1
2023-07-19T18:00,23.7,70,907.3,24.4,0.0
2023-07-19T19:00,22.6,76,907.7,23.6,0.0
2023-07-19T20:00,21.9,80,908.4,22.7,0.0
2023-07-19T21:00,21.4,82,908.8,22.1,0.0
2023-07-19T22:00,21.1,81,909.1,22.8,0.0
2023-07-19T23:00,20.9,82,908.9,22.5,0.0
2023-07-20T00:00,20.6,84,908.3,21.8,0.0
2023-07-20T01:00,20.5,86,907.7,20.0,0.0
2023-07-20T02:00,20.4,87,907.1,20.5,0.0
2023-07-20T03:00,20.6,86,907.0,21.9,0.0
2023-07-20T04:00,20.7,86,907.1,22.3,0.0
2023-07-20T05:00,21.2,84,907.3,22.5,0.0
2023-07-20T06:00,21.5,84,907.7,24.8,0.0
2023-07-20T07:00,22.1,81,908.5,23.7,0.0
2023-07-20T08:00,22.3,77,908.9,25.3,0.0
2023-07-20T09:00,23.3,74,909.6,32.4,0.1
2023-07-20T10:00,24.0,71,909.4,30.7,0.1
2023-07-20T11:00,26.0,61,909.6,35.8,0.0
2023-07-20T12:00,26.5,61,909.0,35.5,0.3
2023-07-20T13:00,27.2,58,908.4,35.0,0.1
2023-07-20T14:00,26.7,59,907.7,39.3,0.2
2023-07-20T15:00,26.0,64,907.2,36.7,0.2
2023-07-20T16:00,26.4,58,906.8,33.5,0.0
2023-07-20T17:00,25.3,62,907.4,28.6,0.0
2023-07-20T18:00,23.9,71,907.5,22.9,0.6
2023-07-20T19:00,23.0,73,908.1,24.9,0.0
2023-07-20T20:00,22.2,79,908.7,21.0,0.0
2023-07-20T21:00,21.9,80,909.7,22.5,0.0
2023-07-20T22:00,21.2,82,910.2,22.4,0.0
2023-07-20T23:00,20.7,86,909.6,22.9,0.0
2023-07-21T00:00,20.7,86,909.0,23.3,0.0
2023-07-21T01:00,20.7,86,908.4,23.2,0.0
2023-07-21T02:00,20.4,86,907.7,24.3,0.0
2023-07-21T03:00,20.1,87,907.3,25.4,0.0
2023-07-21T04:00,20.2,87,907.4,26.2,0.0
2023-07-21T05:00,20.9,87,907.4,25.9,0.0
2023-07-21T06:00,21.3,85,907.8,26.7,0.0
2023-07-21T07:00,22.1,82,908.5,23.8,0.0
2023-07-21T08:00,23.3,75,909.1,34.6,0.0
2023-07-21T09:00,24.1,71,909.7,31.7,0.1
2023-07-21T10:00,25.4,65,910.2,33.1,0.1
2023-07-21T11:00,25.6,66,910.0,28.8,0.1
2023-07-21T12:00,27.1,59,909.8,29.8,0.2
2023-07-21T13:00,27.6,56,909.5,31.7,0.0
2023-07-21T14:00,25.9,67,908.8,24.2,0.2
2023-07-21T15:00,23.9,77,908.5,22.5,1.3
2023-07-21T16:00,25.0,71,908.3,23.8,0.1
2023-07-21T17:00,25.6,64,908.4,25.5,0.2
2023-07-21T18:00,23.5,76,908.8,23.3,0.0
2023-07-21T19:00,23.0,78,909.8,23.4,0.0
2023-07-21T20:00,22.5,80,910.5,23.4,0.0
2023-07-21T21:00,22.0,83,910.7,22.3,0.0
2023-07-21T22:00,21.6,84,911.0,22.7,0.0
2023-07-21T23:00,21.4,84,910.9,22.0,0.0
2023-07-22T00:00,21.2,85,910.2,21.8,0.0
2023-07-22T01:00,21.1,84,909.9,23.1,0.0
2023-07-22T02:00,20.8,85,909.4,24.3,0.0
2023-07-22T03:00,20.6,85,909.1,24.6,0.0
2023-07-22T04:00,20.8,84,909.2,23.5,0.0
2023-07-22T05:00,21.3,85,909.4,22.9,0.0
2023-07-22T06:00,21.5,86,909.6,22.4,0.9
2023-07-22T07:00,22.0,83,910.2,24.6,0.0
2023-07-22T08:00,23.5,77,910.7,29.5,0.1
2023-07-22T09:00,24.0,74,911.1,30.2,0.1
2023-07-22T10:00,24.6,72,911.3,31.4,0.1
2023-07-22T11:00,25.1,67,911.3,29.7,0.0
2023-07-22T12:00,25.6,66,910.8,29.2,0.2
2023-07-22T13:00,25.6,72,910.2,28.5,1.2
2023-07-22T14:00,23.4,81,909.9,23.4,1.8
2023-07-22T15:00,23.4,81,909.1,24.2,0.4
2023-07-22T16:00,23.8,77,909.2,27.0,0.4
2023-07-22T17:00,22.6,86,909.6,22.6,0.2
2023-07-22T18:00,21.8,88,909.7,21.4,0.4
2023-07-22T19:00,21.2,90,910.3,18.1,0.7
2023-07-22T20:00,21.0,93,911.1,17.8,0.8
2023-07-22T21:00,20.9,94,911.5,18.3,0.7
2023-07-22T22:00,20.9,93,911.7,18.4,0.2
2023-07-22T23:00,20.8,93,911.4,17.5,0.2
2023-07-23T00:00,20.5,93,910.6,19.3,0.1
2023-07-23T01:00,20.3,95,910.1,15.8,0.0
2023-07-23T02:00,20.4,95,909.4,19.0,0.3
2023-07-23T03:00,20.5,93,909.5,19.5,0.0
2023-07-23T04:00,20.5,93,909.5,18.9,0.0
2023-07-23T05:00,20.7,93,909.7,19.0,0.0
2023-07-23T06:00,20.9,93,910.3,20.1,0.0
2023-07-23T07:00,21.4,89,910.9,21.8,0.0
2023-07-23T08:00,23.2,81,911.5,27.5,0.1
2023-07-23T09:00,23.3,80,911.6,23.0,0.1
2023-07-23T10:00,25.2,71,912.0,31.0,0.3
2023-07-23T11:00,26.0,68,911.8,31.4,0.2
2023-07-23T12:00,26.0,67,911.3,27.2,0.1
2023-07-23T13:00,25.4,71,910.3,20.2,0.4
2023-07-23T14:00,24.1,77,909.8,23.4,0.3
2023-07-23T15:00,23.2,82,909.0,19.5,0.2
2023-07-23T16:00,23.0,86,908.7,23.7,0.5
2023-07-23T17:00,21.6,91,909.6,19.0,0.4
2023-07-23T18:00,21.3,94,909.8,18.1,1.6
2023-07-23T19:00,21.1,94,910.1,18.0,1.2
2023-07-23T20:00,21.1,94,910.7,17.0,1.3
2023-07-23T21:00,21.0,94,911.4,17.7,0.8
2023-07-23T22:00,20.7,94,911.6,19.1,1.1
2023-07-23T23:00,20.5,94,910.9,21.6,0.7
2023-07-24T00:00,20.2,93,910.0,22.0,0.4
2023-07-24T01:00,19.9,93,909.5,21.1,0.3
2023-07-24T02:00,19.8,94,908.7,21.0,0.1
2023-07-24T03:00,19.9,93,908.5,19.6,0.1
2023-07-24T04:00,19.9,93,908.7,20.5,0.0
2023-07-24T05:00,20.4,94,908.9,19.2,0.0
2023-07-24T06:00,20.6,93,909.3,20.3,0.2
2023-07-24T07:00,20.8,95,910.0,19.8,0.3
2023-07-24T08:00,21.3,92,910.4,20.7,0.2
2023-07-24T09:00,22.7,84,911.0,25.0,0.1
2023-07-24T10:00,24.6,72,911.3,29.9,0.1
2023-07-24T11:00,25.6,66,911.1,30.0,0.1
2023-07-24T12:00,25.7,66,910.7,27.7,0.2
2023-07-24T13:00,24.2,73,910.1,28.9,0.3
2023-07-24T14:00,23.0,83,909.1,18.0,0.5
2023-07-24T15:00,24.4,78,908.7,18.2,0.1
2023-07-24T16:00,21.9,87,908.4,24.0,4.5
2023-07-24T17:00,21.0,90,908.7,18.7,0.7
2023-07-24T18:00,20.8,95,909.0,19.8,0.8
2023-07-24T19:00,20.8,94,909.8,18.6,1.0
2023-07-24T20:00,20.6,94,910.1,18.7,1.2
2023-07-24T21:00,20.4,95,910.5,18.9,1.1
2023-07-24T22:00,20.3,95,910.9,18.7,0.3
2023-07-24T23:00,20.2,96,910.6,17.0,0.1
2023-07-25T00:00,20.0,97,910.1,17.4,0.1
2023-07-25T01:00,20.1,96,909.4,19.7,0.1
2023-07-25T02:00,19.9,96,908.7,19.4,0.2
2023-07-25T03:00,19.9,95,908.4,21.3,0.3
2023-07-25T04:00,19.8,95,908.6,20.9,0.1
2023-07-25T05:00,20.2,94,908.8,15.8,0.2
2023-07-25T06:00,20.2,95,908.9,15.3,0.3
2023-07-25T07:00,20.7,95,909.5,16.3,0.4
2023-07-25T08:00,21.4,90,910.4,20.5,0.4
2023-07-25T09:00,22.0,87,910.7,22.0,0.2
2023-07-25T10:00,22.8,82,910.8,25.8,0.2
2023-07-25T11:00,23.4,79,910.8,24.9,0.4
2023-07-25T12:00,23.1,81,910.5,24.1,0.3
2023-07-25T13:00,22.8,84,910.1,21.6,0.4
2023-07-25T14:00,22.1,91,909.5,19.1,1.0
2023-07-25T15:00,22.1,91,908.9,19.8,1.0
2023-07-25T16:00,22.3,89,908.9,19.6,0.4
2023-07-25T17:00,21.4,93,909.4,18.4,0.4
2023-07-25T18:00,21.2,94,909.6,18.4,1.9
2023-07-25T19:00,21.0,95,910.4,15.6,1.3
2023-07-25T20:00,20.9,95,911.2,15.6,1.3
2023-07-25T21:00,20.6,95,911.5,17.3,1.1
2023-07-25T22:00,20.3,95,911.5,18.6,0.7
2023-07-25T23:00,20.0,95,911.0,18.9,0.8
2023-07-26T00:00,19.9,95,910.1,17.8,0.6
2023-07-26T01:00,19.8,95,910.0,16.4,0.3
2023-07-26T02:00,19.6,96,909.6,16.5,0.2
2023-07-26T03:00,19.5,96,909.2,16.4,0.5
2023-07-26T04:00,19.3,96,909.0,18.4,3.1
2023-07-26T05:00,19.7,95,909.4,15.6,1.0
2023-07-26T06:00,19.9,95,910.4,15.9,1.8
2023-07-26T07:00,20.3,95,911.0,18.0,1.2
2023-07-26T08:00,20.6,94,911.5,18.0,2.9
2023-07-26T09:00,21.0,92,911.8,17.7,0.3
2023-07-26T10:00,22.2,85,912.3,23.1,0.3
2023-07-26T11:00,21.5,91,911.8,22.0,0.6
2023-07-26T12:00,22.5,86,911.7,21.8,0.6
2023-07-26T13:00,21.9,91,911.0,19.0,0.6
2023-07-26T14:00,23.2,82,910.5,25.6,0.6
2023-07-26T15:00,23.0,83,910.0,25.2,0.6
2023-07-26T16:00,22.0,91,909.8,22.8,0.6
2023-07-26T17:00,21.3,93,910.5,19.4,0.7
2023-07-26T18:00,21.2,93,910.6,18.8,1.0
2023-07-26T19:00,21.0,94,911.4,19.2,0.9
2023-07-26T20:00,20.7,94,911.5,17.9,0.5
2023-07-26T21:00,20.4,94,911.6,17.7,0.3
2023-07-26T22:00,20.2,94,911.8,18.4,0.1
2023-07-26T23:00,20.0,94,911.6,17.7,0.0
2023-07-27T00:00,19.8,94,911.1,17.8,0.0
2023-07-27T01:00,19.7,95,909.9,19.4,0.0
2023-07-27T02:00,19.6,94,909.7,19.1,0.0
2023-07-27T03:00,19.7,93,909.7,19.1,0.0
2023-07-27T04:00,19.8,93,909.4,20.3,0.0
2023-07-27T05:00,19.8,93,909.9,19.2,0.0
2023-07-27T06:00,19.9,93,910.7,17.6,0.3
2023-07-27T07:00,20.2,92,911.4,18.7,0.2
2023-07-27T08:00,21.9,83,912.3,21.2,0.1
2023-07-27T09:00,22.9,77,912.7,26.0,0.1
2023-07-27T10:00,23.8,72,912.4,26.5,0.1
2023-07-27T11:00,24.8,68,912.5,27.0,0.1
2023-07-27T12:00,26.3,64,912.1,28.2,0.2
2023-07-27T13:00,27.1,62,911.4,25.9,0.0
2023-07-27T14:00,27.1,62,910.9,25.6,0.1
2023-07-27T15:00,26.0,69,910.2,20.4,0.1
2023-07-27T16:00,23.7,78,910.2,20.1,0.8
2023-07-27T17:00,23.3,77,910.5,21.0,0.2
2023-07-27T18:00,22.7,80,910.6,18.4,0.0
2023-07-27T19:00,22.2,81,911.3,17.3,0.0
2023-07-27T20:00,21.7,82,912.0,16.6,0.0
2023-07-27T21:00,21.4,83,912.3,17.7,0.0
2023-07-27T22:00,20.8,84,912.6,18.1,0.0
2023-07-27T23:00,20.5,85,912.2,18.0,0.0
2023-07-28T00:00,20.1,88,911.4,18.4,0.0
2023-07-28T01:00,19.7,89,910.8,17.7,0.0
2023-07-28T02:00,19.4,90,910.3,17.4,0.0
2023-07-28T03:00,19.1,91,910.2,17.5,0.0
2023-07-28T04:00,19.0,90,910.3,17.5,0.0
2023-07-28T05:00,19.7,86,910.9,17.0,0.0
2023-07-28T06:00,19.8,87,911.1,16.3,0.0
2023-07-28T07:00,21.4,82,911.8,20.5,0.0
2023-07-28T08:00,23.0,74,912.4,26.3,0.1
2023-07-28T09:00,24.0,70,912.7,26.9,0.1
2023-07-28T10:00,24.6,69,912.6,26.1,0.1
2023-07-28T11:00,25.8,64,912.6,29.3,0.1
2023-07-28T12:00,26.3,63,912.2,26.5,0.1
2023-07-28T13:00,27.6,58,911.3,26.7,0.1
2023-07-28T14:00,28.2,57,910.3,26.8,0.1
2023-07-28T15:00,26.5,65,909.6,20.3,0.5
2023-07-28T16:00,25.9,66,909.4,22.6,0.2
2023-07-28T17:00,24.6,74,910.1,17.8,0.1
2023-07-28T18:00,23.8,76,910.3,17.3,0.0
2023-07-28T19:00,22.9,80,910.9,15.5,0.0
2023-07-28T20:00,22.3,83,911.3,13.7,0.0
2023-07-28T21:00,21.9,83,911.8,15.8,0.0
2023-07-28T22:00,21.4,85,912.1,16.6,0.0
2023-07-28T23:00,20.7,88,911.7,15.5,0.0
2023-07-29T00:00,20.2,91,911.1,15.1,0.0
2023-07-29T01:00,19.7,93,910.5,14.8,0.0
2023-07-29T02:00,19.6,94,909.8,15.9,0.0
2023-07-29T03:00,19.8,92,909.8,17.7,0.0
2023-07-29T04:00,19.8,92,910.0,16.9,0.0
2023-07-29T05:00,19.5,95,910.6,13.7,0.0
2023-07-29T06:00,19.7,94,910.9,15.9,0.0
2023-07-29T07:00,21.2,86,911.5,20.4,0.0
2023-07-29T08:00,22.8,77,912.5,24.3,0.1
2023-07-29T09:00,24.1,71,913.0,26.2,0.1
2023-07-29T10:00,25.3,66,913.0,27.1,0.1
2023-07-29T11:00,26.4,62,912.8,28.2,0.0
2023-07-29T12:00,26.7,60,912.2,25.5,0.1
2023-07-29T13:00,27.7,57,911.5,25.6,0.1
2023-07-29T14:00,27.8,57,910.5,25.3,0.1
2023-07-29T15:00,26.8,63,909.9,24.7,0.2
2023-07-29T16:00,26.4,63,909.4,24.9,0.1
2023-07-29T17:00,24.4,72,910.6,19.1,0.1
2023-07-29T18:00,23.7,75,910.6,16.1,0.0
2023-07-29T19:00,23.0,77,911.2,16.1,0.0
2023-07-29T20:00,22.5,78,911.7,16.6,0.0
2023-07-29T21:00,22.0,79,912.1,16.2,0.0
2023-07-29T22:00,21.3,82,912.2,15.4,0.0
2023-07-29T23:00,20.7,86,912.2,14.2,0.0
2023-07-30T00:00,20.0,89,911.4,13.7,0.0
2023-07-30T01:00,19.5,91,911.0,14.4,0.0
2023-07-30T02:00,19.0,94,910.2,15.1,0.0
2023-07-30T03:00,18.7,96,909.7,15.2,0.0
2023-07-30T04:00,18.6,97,909.9,15.5,0.0
2023-07-30T05:00,19.2,95,910.8,13.7,0.0
2023-07-30T06:00,20.4,89,911.4,17.3,0.0
2023-07-30T07:00,21.4,84,911.9,21.2,0.0
2023-07-30T08:00,22.7,77,912.4,24.6,0.1
2023-07-30T09:00,24.4,70,912.8,25.9,0.1
2023-07-30T10:00,25.6,65,912.4,25.6,0.0
2023-07-30T11:00,26.8,59,912.2,26.8,0.0
2023-07-30T12:00,26.7,60,911.7,24.0,0.0
2023-07-30T13:00,27.8,60,911.0,22.3,0.0
2023-07-30T14:00,28.0,58,910.1,22.7,0.1
2023-07-30T15:00,27.9,59,909.3,21.6,0.2
2023-07-30T16:00,26.7,63,909.1,20.8,0.1
2023-07-30T17:00,25.7,66,909.5,16.6,0.1
2023-07-30T18:00,23.8,72,909.8,15.6,0.0
2023-07-30T19:00,23.1,74,910.0,12.8,0.0
2023-07-30T20:00,22.5,79,910.6,10.1,0.0
2023-07-30T21:00,22.0,84,911.2,9.8,0.0
2023-07-30T22:00,21.5,87,911.8,12.4,0.0
2023-07-30T23:00,20.9,89,911.3,16.3,0.0
2023-07-31T00:00,20.3,93,910.7,15.5,0.0
2023-07-31T01:00,19.7,96,910.0,15.7,0.0
2023-07-31T02:00,19.5,97,909.5,16.6,0.0
2023-07-31T03:00,19.4,97,909.1,16.7,0.0
2023-07-31T04:00,19.6,96,909.3,17.0,0.0
2023-07-31T05:00,20.1,94,909.6,14.4,0.0
2023-07-31T06:00,21.0,89,910.4,16.6,0.0
2023-07-31T07:00,21.8,87,911.4,16.9,0.0
2023-07-31T08:00,22.8,82,912.1,23.1,0.1
2023-07-31T09:00,24.0,77,912.6,22.4,0.2
2023-07-31T10:00,25.3,72,912.6,23.5,0.2
2023-07-31T11:00,26.5,67,912.3,22.8,0.2
2023-07-31T12:00,27.5,62,911.7,22.0,0.1
2023-07-31T13:00,28.3,59,911.1,20.6,0.0
2023-07-31T14:00,28.7,58,910.3,20.4,0.0
2023-07-31T15:00,28.6,58,909.4,20.0,0.0
2023-07-31T16:00,27.1,63,908.7,21.7,0.4
2023-07-31T17:00,26.1,66,909.8,16.2,0.0
2023-07-31T18:00,24.7,73,910.0,12.4,0.1
2023-07-31T19:00,24.0,74,910.2,15.3,0.0
2023-07-31T20:00,23.3,79,911.1,14.1,0.0
2023-07-31T21:00,22.4,83,911.7,15.9,0.0
2023-07-31T22:00,21.5,86,911.9,15.2,0.0
2023-07-31T23:00,20.8,90,911.6,15.9,0.0
2023-08-01T00:00,20.2,93,910.9,17.2,0.0
2023-08-01T01:00,19.7,96,910.2,17.9,0.0
2023-08-01T02:00,19.8,95,909.7,18.6,0.0
2023-08-01T03:00,20.2,93,909.7,19.3,0.0
2023-08-01T04:00,20.5,90,909.8,19.5,0.0
2023-08-01T05:00,21.6,88,910.1,17.4,0.0
2023-08-01T06:00,21.1,91,910.3,18.8,0.0
2023-08-01T07:00,21.7,85,911.2,17.3,0.0
2023-08-01T08:00,22.7,82,912.1,24.5,0.1
2023-08-01T09:00,24.2,78,912.3,24.9,0.1
2023-08-01T10:00,25.3,71,912.0,25.2,0.0
2023-08-01T11:00,26.3,66,911.9,25.7,0.0
2023-08-01T12:00,27.2,62,911.5,27.2,0.1
2023-08-01T13:00,28.0,58,910.9,26.8,0.1
2023-08-01T14:00,28.2,56,910.4,26.8,0.0
2023-08-01T15:00,28.0,55,909.8,25.0,0.0
2023-08-01T16:00,27.6,57,909.7,23.8,0.0
2023-08-01T17:00,26.1,59,910.1,20.9,0.0
2023-08-01T18:00,25.1,62,910.4,19.4,0.0
2023-08-01T19:00,24.0,67,911.1,19.7,0.0
2023-08-01T20:00,23.0,72,911.4,18.9,0.0
2023-08-01T21:00,22.1,77,911.6,19.1,0.0
2023-08-01T22:00,21.1,82,911.8,18.8,0.0
2023-08-01T23:00,20.4,88,911.5,19.7,0.0
2023-08-02T00:00,20.1,91,911.1,20.1,0.0
2023-08-02T01:00,19.9,91,911.0,21.4,0.0
2023-08-02T02:00,20.2,89,910.3,22.1,0.0
2023-08-02T03:00,20.2,89,910.2,21.8,0.0
2023-08-02T04:00,20.2,88,910.3,22.2,0.0
2023-08-02T05:00,19.5,92,910.6,17.4,0.0
2023-08-02T06:00,19.6,92,910.7,18.7,0.0
2023-08-02T07:00,21.0,84,911.4,21.5,0.0
2023-08-02T08:00,22.4,76,912.4,26.0,0.0
2023-08-02T09:00,24.2,67,912.9,29.2,0.0
2023-08-02T10:00,25.3,61,913.3,29.5,0.0
2023-08-02T11:00,26.1,58,913.2,27.1,0.0
2023-08-02T12:00,27.3,54,912.5,28.1,0.0
2023-08-02T13:00,27.1,55,911.4,27.5,0.0
2023-08-02T14:00,27.9,53,910.8,26.7,0.0
2023-08-02T15:00,28.0,52,910.7,24.9,0.0
2023-08-02T16:00,27.9,50,910.3,22.0,0.0
2023-08-02T17:00,26.9,55,910.7,17.7,0.0
2023-08-02T18:00,25.2,62,911.0,15.8,0.0
2023-08-02T19:00,23.9,69,911.5,17.6,0.0
2023-08-02T20:00,22.9,74,911.8,17.1,0.0
2023-08-02T21:00,21.9,80,912.0,18.8,0.0
2023-08-02T22:00,21.1,83,912.2,19.6,0.0
2023-08-02T23:00,20.4,88,911.6,20.3,0.0
2023-08-03T00:00,19.9,92,910.9,20.2,0.0
2023-08-03T01:00,19.6,95,910.4,19.6,0.0
2023-08-03T02:00,20.0,93,909.9,20.1,0.0
2023-08-03T03:00,20.2,91,909.6,20.6,0.0
2023-08-03T04:00,20.1,91,909.8,20.3,0.0
2023-08-03T05:00,21.1,86,910.4,20.6,0.0
2023-08-03T06:00,21.2,85,910.5,21.7,0.0
2023-08-03T07:00,21.5,84,911.3,25.2,0.0
2023-08-03T08:00,22.7,76,911.7,28.8,0.1
2023-08-03T09:00,23.6,73,912.1,27.4,0.2
2023-08-03T10:00,24.9,68,912.4,27.1,0.2
2023-08-03T11:00,26.2,62,912.2,26.3,0.0
2023-08-03T12:00,27.4,57,911.7,27.1,0.0
2023-08-03T13:00,27.9,55,911.0,27.1,0.1
2023-08-03T14:00,27.7,55,910.6,26.0,0.2
2023-08-03T15:00,28.0,55,909.9,24.9,0.2
2023-08-03T16:00,27.6,55,909.8,24.5,0.0
2023-08-03T17:00,26.9,56,910.2,17.4,0.0
2023-08-03T18:00,25.6,60,910.6,17.7,0.0
2023-08-03T19:00,24.3,68,911.4,17.5,0.0
2023-08-03T20:00,23.1,76,911.9,19.0,0.0
2023-08-03T21:00,22.2,80,912.4,18.4,0.0
2023-08-03T22:00,21.4,84,912.8,17.3,0.0
2023-08-03T23:00,20.6,88,912.6,16.0,0.0
2023-08-04T00:00,19.9,91,912.0,15.1,0.0
2023-08-04T01:00,19.6,93,911.6,16.5,0.0
2023-08-04T02:00,19.1,96,911.3,16.3,0.0
2023-08-04T03:00,19.1,95,911.2,15.9,0.0
2023-08-04T04:00,19.3,95,911.3,15.3,0.0
2023-08-04T05:00,19.7,95,911.0,16.1,0.0
2023-08-04T06:00,20.5,90,911.6,17.5,0.0
2023-08-04T07:00,22.2,82,912.5,20.5,0.0
2023-08-04T08:00,23.3,77,913.1,24.9,0.2
2023-08-04T09:00,24.6,73,913.7,24.5,0.1
2023-08-04T10:00,26.2,65,914.1,26.7,0.0
2023-08-04T11:00,27.0,61,914.1,23.4,0.0
2023-08-04T12:00,28.1,55,913.6,22.3,0.1
2023-08-04T13:00,28.6,55,912.8,22.1,0.1
2023-08-04T14:00,27.5,59,912.2,24.4,0.4
2023-08-04T15:00,27.1,60,911.6,22.6,0.1
2023-08-04T16:00,26.2,65,911.4,21.7,0.1
2023-08-04T17:00,24.1,74,911.6,13.1,0.0
2023-08-04T18:00,24.0,76,912.0,10.8,0.0
2023-08-04T19:00,23.6,75,912.6,14.1,0.0
2023-08-04T20:00,22.9,79,913.3,13.0,0.0
2023-08-04T21:00,22.6,82,914.1,15.2,0.0
2023-08-04T22:00,21.7,84,914.3,16.6,0.0
2023-08-04T23:00,20.9,87,914.1,15.6,0.0
2023-08-05T00:00,20.2,91,913.5,14.9,0.0
2023-08-05T01:00,19.7,95,912.7,14.2,0.0
2023-08-05T02:00,19.4,97,912.4,14.6,0.0
2023-08-05T03:00,19.4,96,912.3,15.1,0.0
2023-08-05T04:00,19.4,96,912.5,15.3,0.0
2023-08-05T05:00,20.3,94,913.0,13.2,0.0
2023-08-05T06:00,21.0,89,913.4,16.5,0.0
2023-08-05T07:00,21.8,87,914.3,20.0,0.0
2023-08-05T08:00,23.1,79,915.0,23.5,0.1
2023-08-05T09:00,24.7,71,915.5,22.0,0.1
2023-08-05T10:00,26.2,63,915.4,22.0,0.0
2023-08-05T11:00,27.0,60,915.3,21.7,0.1
2023-08-05T12:00,27.0,65,914.6,19.1,0.3
2023-08-05T13:00,28.2,60,913.7,20.7,0.1
2023-08-05T14:00,28.7,56,913.1,19.7,0.0
2023-08-05T15:00,28.0,57,912.4,18.1,0.1
2023-08-05T16:00,28.1,57,911.9,17.1,0.1
2023-08-05T17:00,25.9,64,912.6,15.7,0.3
2023-08-05T18:00,25.1,69,912.8,9.6,0.0
2023-08-05T19:00,23.9,75,913.4,7.9,0.0
2023-08-05T20:00,23.4,78,913.9,10.1,0.0
2023-08-05T21:00,23.0,79,914.3,12.7,0.0
2023-08-05T22:00,22.3,83,914.8,13.5,0.0
2023-08-05T23:00,21.7,87,914.6,13.7,0.0
2023-08-06T00:00,21.4,88,913.9,13.3,0.0
2023-08-06T01:00,21.1,89,913.4,13.0,0.0
2023-08-06T02:00,20.5,93,912.8,12.0,0.0
2023-08-06T03:00,19.8,96,912.4,11.0,0.0
2023-08-06T04:00,19.4,98,912.3,11.4,0.0
2023-08-06T05:00,20.9,92,912.9,10.2,0.0
2023-08-06T06:00,21.2,91,913.0,11.8,0.0
2023-08-06T07:00,21.8,88,913.7,16.5,0.0
2023-08-06T08:00,22.8,83,914.4,17.1,0.0
2023-08-06T09:00,24.2,76,914.8,14.9,0.1
2023-08-06T10:00,26.1,66,914.8,15.7,0.1
2023-08-06T11:00,27.3,64,914.6,15.7,0.0
2023-08-06T12:00,27.7,62,913.5,15.5,0.0
2023-08-06T13:00,28.8,58,912.7,16.5,0.1
2023-08-06T14:00,28.8,57,911.9,16.6,0.0
2023-08-06T15:00,28.8,56,911.3,16.2,0.0
2023-08-06T16:00,28.1,59,910.9,14.2,0.0
2023-08-06T17:00,27.6,59,910.9,13.9,0.0
2023-08-06T18:00,26.0,66,911.3,12.9,0.0
2023-08-06T19:00,24.7,69,912.0,10.9,0.0
2023-08-06T20:00,23.7,74,912.4,10.2,0.0
2023-08-06T21:00,22.9,79,912.8,10.1,0.0
2023-08-06T22:00,22.3,83,913.0,11.8,0.0
2023-08-06T23:00,21.7,87,912.7,12.3,0.0
2023-08-07T00:00,21.1,90,912.4,11.6,0.0
2023-08-07T01:00,20.4,94,911.4,11.4,0.0
2023-08-07T02:00,19.9,97,910.6,10.9,0.0
2023-08-07T03:00,19.5,98,910.6,11.5,0.0
2023-08-07T04:00,19.6,98,910.8,12.4,0.0
2023-08-07T05:00,19.7,98,910.8,9.2,0.0
2023-08-07T06:00,19.9,98,911.2,10.8,0.0
2023-08-07T07:00,21.3,89,912.2,15.2,0.0
2023-08-07T08:00,23.0,79,912.8,17.6,0.1
2023-08-07T09:00,24.0,73,913.1,18.2,0.1
2023-08-07T10:00,25.7,65,913.0,18.5,0.0
2023-08-07T11:00,26.7,61,912.5,17.0,0.1
2023-08-07T12:00,27.7,57,911.8,17.0,0.2
2023-08-07T13:00,28.2,56,910.8,16.6,0.3
2023-08-07T14:00,29.0,55,910.2,15.8,0.0
2023-08-07T15:00,28.9,54,909.7,15.8,0.0
2023-08-07T16:00,28.4,55,909.1,16.2,0.0
2023-08-07T17:00,27.7,54,910.2,13.4,0.1
2023-08-07T18:00,26.0,62,910.4,8.0,0.0
2023-08-07T19:00,24.7,67,910.8,11.0,0.0
2023-08-07T20:00,23.8,73,911.6,14.5,0.0
2023-08-07T21:00,22.7,78,911.5,9.7,0.0
2023-08-07T22:00,22.2,83,911.8,9.7,0.0
2023-08-07T23:00,21.8,88,911.6,10.8,0.0
2023-08-08T00:00,21.3,90,911.3,11.3,0.0
2023-08-08T01:00,20.7,92,910.6,11.4,0.0
2023-08-08T02:00,19.9,95,909.9,11.1,0.0
2023-08-08T03:00,19.4,98,909.6,10.7,0.0
2023-08-08T04:00,19.2,98,909.7,10.4,0.0
2023-08-08T05:00,19.7,98,910.0,10.5,0.0
2023-08-08T06:00,19.7,98,910.2,11.1,0.0
2023-08-08T07:00,21.0,91,911.4,15.5,0.0
2023-08-08T08:00,22.7,81,912.2,16.9,0.0
2023-08-08T09:00,24.4,71,912.9,17.5,0.1
2023-08-08T10:00,25.7,65,912.9,16.2,0.1
2023-08-08T11:00,27.0,59,912.5,16.7,0.1
2023-08-08T12:00,27.8,56,912.0,16.9,0.1
2023-08-08T13:00,28.6,54,911.5,16.3,0.0
2023-08-08T14:00,28.9,55,910.8,15.5,0.0
2023-08-08T15:00,28.8,56,910.4,15.8,0.0
2023-08-08T16:00,27.0,62,910.2,15.0,0.2
2023-08-08T17:00,25.7,64,910.9,9.5,0.0
2023-08-08T18:00,24.8,68,911.4,13.0,0.0
2023-08-08T19:00,22.8,76,911.9,10.0,0.0
2023-08-08T20:00,22.1,79,912.6,7.2,0.0
2023-08-08T21:00,21.8,80,913.1,6.7,0.0
2023-08-08T22:00,21.5,83,913.1,6.5,0.0
2023-08-08T23:00,21.1,86,912.6,7.5,0.0
2023-08-09T00:00,20.8,90,911.8,8.6,0.0
2023-08-09T01:00,20.3,94,911.2,8.7,0.0
2023-08-09T02:00,19.8,96,910.7,8.0,0.0
2023-08-09T03:00,19.5,97,910.7,8.0,0.0
2023-08-09T04:00,19.2,98,910.8,8.1,0.0
2023-08-09T05:00,19.9,96,911.6,6.9,0.0
2023-08-09T06:00,20.1,95,912.1,7.6,0.0
2023-08-09T07:00,21.5,89,913.4,8.0,0.0
2023-08-09T08:00,23.4,78,914.4,13.2,0.0
2023-08-09T09:00,24.9,72,914.7,15.0,0.2
2023-08-09T10:00,25.8,68,914.5,14.1,0.2
2023-08-09T11:00,27.2,66,914.6,14.0,0.4
2023-08-09T12:00,28.1,62,914.0,12.6,0.0
2023-08-09T13:00,28.9,58,913.5,12.4,0.0
2023-08-09T14:00,29.1,55,912.7,12.5,0.0
2023-08-09T15:00,28.6,55,911.4,13.0,0.1
2023-08-09T16:00,27.2,60,911.2,13.7,0.1
2023-08-09T17:00,27.0,61,911.5,7.9,0.0
2023-08-09T18:00,25.9,66,911.9,6.1,0.0
2023-08-09T19:00,24.4,72,912.4,5.5,0.0
2023-08-09T20:00,23.6,76,913.2,5.6,0.0
2023-08-09T21:00,22.9,80,913.6,6.8,0.1
2023-08-09T22:00,22.5,82,913.6,7.0,0.0
2023-08-09T23:00,21.8,85,913.3,6.2,0.0
2023-08-10T00:00,21.2,87,912.7,6.5,0.0
2023-08-10T01:00,20.7,90,912.3,6.5,0.0
2023-08-10T02:00,20.3,92,911.8,5.1,0.0
2023-08-10T03:00,20.2,93,911.7,5.7,0.0
2023-08-10T04:00,19.9,95,912.0,6.3,0.0
2023-08-10T05:00,20.3,97,912.2,7.1,0.0
2023-08-10T06:00,21.3,91,913.3,7.4,0.0
2023-08-10T07:00,22.2,86,914.0,10.5,0.0
2023-08-10T08:00,23.6,78,914.4,12.5,0.0
2023-08-10T09:00,25.3,69,914.8,12.8,0.0
2023-08-10T10:00,26.8,64,914.9,11.5,0.0
2023-08-10T11:00,27.9,60,914.7,11.8,0.0
2023-08-10T12:00,28.6,58,914.1,12.3,0.0
2023-08-10T13:00,28.7,56,913.1,13.0,0.0
2023-08-10T14:00,28.6,56,912.3,11.5,0.0
2023-08-10T15:00,28.7,53,911.4,10.9,0.2
2023-08-10T16:00,27.7,57,911.3,13.7,0.2
2023-08-10T17:00,26.6,65,912.0,2.6,0.0
2023-08-10T18:00,26.0,68,912.3,10.3,0.0
2023-08-10T19:00,24.1,72,913.1,11.9,0.0
2023-08-10T20:00,22.5,85,913.5,10.0,0.1
2023-08-10T21:00,22.1,88,914.0,5.1,0.0
2023-08-10T22:00,21.8,93,914.5,2.5,0.0
2023-08-10T23:00,21.3,93,913.7,3.8,0.0
2023-08-11T00:00,21.1,92,912.8,4.6,0.0
2023-08-11T01:00,20.7,92,912.1,7.1,0.0
2023-08-11T02:00,20.8,91,911.5,8.6,0.0
2023-08-11T03:00,20.7,93,911.1,11.2,0.0
2023-08-11T04:00,20.3,97,911.1,10.0,0.0
2023-08-11T05:00,20.6,95,911.7,7.5,0.0
2023-08-11T06:00,21.0,94,912.3,8.7,0.0
2023-08-11T07:00,22.2,87,913.3,11.9,0.0
2023-08-11T08:00,23.9,77,913.9,15.0,0.0
2023-08-11T09:00,25.6,68,914.4,15.0,0.1
2023-08-11T10:00,26.9,61,914.0,13.9,0.0
2023-08-11T11:00,27.6,57,913.9,12.6,0.1
2023-08-11T12:00,28.4,54,913.1,12.2,0.1
2023-08-11T13:00,28.2,54,912.2,11.5,0.1
2023-08-11T14:00,28.2,55,911.1,10.7,0.0
2023-08-11T15:00,28.3,53,910.4,9.9,0.0
2023-08-11T16:00,28.0,54,910.3,11.3,0.0
2023-08-11T17:00,27.0,59,910.7,10.0,0.0
2023-08-11T18:00,25.6,71,911.0,4.3,0.0
2023-08-11T19:00,25.7,67,911.9,3.3,0.0
2023-08-11T20:00,24.4,75,912.1,5.4,0.0
2023-08-11T21:00,23.6,79,912.5,6.4,0.0
2023-08-11T22:00,23.1,79,912.8,6.2,0.0
2023-08-11T23:00,22.4,81,913.1,10.8,0.2
2023-08-12T00:00,21.7,83,912.6,9.0,0.0
2023-08-12T01:00,20.9,88,911.7,7.6,0.0
2023-08-12T02:00,20.5,90,911.4,6.9,0.0
2023-08-12T03:00,20.4,91,910.9,7.4,0.0
2023-08-12T04:00,20.2,92,911.1,7.8,0.0
2023-08-12T05:00,20.1,93,911.1,4.3,0.0
2023-08-12T06:00,20.8,91,911.8,5.4,0.0
2023-08-12T07:00,21.8,89,912.6,9.4,0.0
2023-08-12T08:00,23.6,82,913.4,15.0,0.0
2023-08-12T09:00,25.5,70,914.0,16.0,0.0
2023-08-12T10:00,27.1,60,914.0,17.8,0.0
2023-08-12T11:00,28.3,55,913.6,17.1,0.1
2023-08-12T12:00,29.0,52,912.8,17.6,0.1
2023-08-12T13:00,29.3,53,912.0,16.9,0.1
2023-08-12T14:00,29.7,51,911.1,16.7,0.0
2023-08-12T15:00,29.5,50,910.4,16.7,0.0
2023-08-12T16:00,29.4,49,910.1,18.2,0.0
2023-08-12T17:00,27.6,51,910.4,15.9,0.0
2023-08-12T18:00,26.3,57,910.8,11.1,0.0
2023-08-12T19:00,25.2,63,911.3,8.6,0.0
2023-08-12T20:00,24.5,66,912.0,8.6,0.0
2023-08-12T21:00,23.9,69,912.6,9.4,0.0
2023-08-12T22:00,23.3,71,912.7,10.1,0.0
2023-08-12T23:00,22.8,75,912.7,10.7,0.0
2023-08-13T00:00,22.1,79,912.1,11.9,0.0
2023-08-13T01:00,21.3,84,911.3,11.2,0.0
2023-08-13T02:00,20.6,89,910.8,9.2,0.0
2023-08-13T03:00,20.1,92,910.3,9.4,0.0
2023-08-13T04:00,19.6,94,910.4,9.1,0.0
2023-08-13T05:00,19.8,95,910.9,8.7,0.0
2023-08-13T06:00,19.9,94,911.0,10.1,0.0
2023-08-13T07:00,21.3,87,912.2,9.8,0.0
2023-08-13T08:00,23.3,76,913.2,14.3,0.0
2023-08-13T09:00,24.9,70,913.7,13.9,0.0
2023-08-13T10:00,26.5,62,913.5,14.5,0.0
2023-08-13T11:00,27.6,56,913.0,14.3,0.1
2023-08-13T12:00,28.5,52,912.2,14.1,0.0
2023-08-13T13:00,28.9,50,911.3,13.7,0.0
2023-08-13T14:00,29.3,48,910.5,14.1,0.0
2023-08-13T15:00,29.3,48,909.7,14.7,0.0
2023-08-13T16:00,29.3,47,909.6,14.2,0.0
2023-08-13T17:00,28.5,47,910.0,11.6,0.0
2023-08-13T18:00,26.6,56,910.3,7.3,0.0
2023-08-13T19:00,24.8,65,910.8,5.9,0.0
2023-08-13T20:00,24.4,66,911.6,8.0,0.0
2023-08-13T21:00,23.5,70,912.5,15.8,0.0
2023-08-13T22:00,22.4,77,912.7,14.2,0.0
2023-08-13T23:00,22.0,80,912.5,12.3,0.0
2023-08-14T00:00,21.4,85,911.9,9.6,0.0
2023-08-14T01:00,21.2,86,911.3,10.1,0.0
2023-08-14T02:00,21.0,89,910.8,9.3,0.0
2023-08-14T03:00,20.9,90,910.8,9.3,0.0
2023-08-14T04:00,20.6,93,910.9,7.6,0.1
2023-08-14T05:00,21.0,97,911.0,6.8,0.0
2023-08-14T06:00,20.9,97,911.7,7.2,0.0
2023-08-14T07:00,21.7,91,912.3,10.1,0.0
2023-08-14T08:00,23.3,80,913.2,10.8,0.0
2023-08-14T09:00,25.2,70,913.7,11.9,0.0
2023-08-14T10:00,26.7,61,913.9,12.1,0.1
2023-08-14T11:00,27.4,57,913.2,12.7,0.1
2023-08-14T12:00,28.4,54,912.7,12.3,0.0
2023-08-14T13:00,29.0,51,912.1,13.0,0.0
2023-08-14T14:00,29.2,49,911.4,14.3,0.1
2023-08-14T15:00,29.0,49,910.6,15.0,0.0
2023-08-14T16:00,28.5,49,910.2,13.2,0.0
2023-08-14T17:00,27.8,47,910.7,10.6,0.0
2023-08-14T18:00,26.2,64,910.6,5.2,0.0
2023-08-14T19:00,24.7,64,910.9,5.9,0.0
2023-08-14T20:00,24.0,63,911.8,6.5,0.0
2023-08-14T21:00,24.2,62,912.7,7.5,0.0
2023-08-14T22:00,23.6,64,913.1,12.1,0.0
2023-08-14T23:00,22.0,73,912.8,7.8,0.0
2023-08-15T00:00,21.1,80,912.0,7.8,0.0
2023-08-15T01:00,20.5,86,911.3,9.2,0.0
2023-08-15T02:00,19.8,91,910.8,8.3,0.0
2023-08-15T03:00,19.3,95,910.5,8.7,0.0
2023-08-15T04:00,19.0,97,910.5,9.2,0.0
2023-08-15T05:00,19.6,95,911.2,8.8,0.0
2023-08-15T06:00,19.7,95,911.9,8.8,0.0
2023-08-15T07:00,21.3,87,912.7,9.8,0.0
2023-08-15T08:00,22.9,79,913.6,8.9,0.0
2023-08-15T09:00,24.5,70,913.9,9.8,0.0
2023-08-15T10:00,26.3,60,914.0,11.6,0.0
2023-08-15T11:00,27.5,54,913.8,12.7,0.1
2023-08-15T12:00,28.5,50,913.1,13.4,0.1
2023-08-15T13:00,29.4,46,912.2,12.6,0.1
2023-08-15T14:00,29.4,45,911.2,13.4,0.1
2023-08-15T15:00,29.3,45,910.7,14.3,0.1
2023-08-15T16:00,29.2,44,910.4,14.5,0.0
2023-08-15T17:00,28.5,40,911.0,11.5,0.0
2023-08-15T18:00,26.6,43,910.9,6.7,0.0
2023-08-15T19:00,24.6,48,910.8,6.9,0.0
2023-08-15T20:00,24.3,50,911.9,9.7,0.0
2023-08-15T21:00,23.5,50,912.8,12.6,0.0
2023-08-15T22:00,22.8,68,913.5,13.9,0.0
2023-08-15T23:00,21.9,80,913.4,9.2,0.0
2023-08-16T00:00,21.1,86,912.7,8.3,0.0
2023-08-16T01:00,20.3,89,912.1,8.1,0.0
2023-08-16T02:00,19.9,92,911.5,9.3,0.0
2023-08-16T03:00,19.5,95,911.3,9.9,0.0
2023-08-16T04:00,19.1,96,911.6,9.2,0.0
2023-08-16T05:00,19.8,95,912.0,9.6,0.0
2023-08-16T06:00,20.2,91,912.4,10.2,0.0
2023-08-16T07:00,21.3,84,913.1,9.6,0.0
2023-08-16T08:00,23.2,75,913.9,10.1,0.0
2023-08-16T09:00,25.1,66,914.5,11.1,0.0
2023-08-16T10:00,26.9,58,914.1,11.3,0.0
2023-08-16T11:00,28.3,51,913.8,12.4,0.0
2023-08-16T12:00,29.5,46,913.2,13.2,0.0
2023-08-16T13:00,29.9,45,912.1,14.0,0.0
2023-08-16T14:00,30.5,41,911.1,12.4,0.0
2023-08-16T15:00,30.8,39,910.4,14.1,0.0
2023-08-16T16:00,30.2,41,910.2,15.5,0.0
2023-08-16T17:00,29.3,40,910.5,12.7,0.0
2023-08-16T18:00,27.4,48,910.8,8.4,0.0
2023-08-16T19:00,26.2,51,911.4,11.4,0.0
2023-08-16T20:00,25.5,53,912.1,11.6,0.0
2023-08-16T21:00,24.3,61,912.9,10.7,0.0
2023-08-16T22:00,23.5,66,912.8,10.2,0.0
2023-08-16T23:00,22.9,70,912.7,9.4,0.0
2023-08-17T00:00,22.4,74,912.3,9.3,0.0
2023-08-17T01:00,21.6,79,911.6,9.7,0.0
2023-08-17T02:00,21.1,84,911.1,10.1,0.0
2023-08-17T03:00,20.6,88,911.0,9.4,0.0
2023-08-17T04:00,20.1,93,911.2,9.6,0.0
2023-08-17T05:00,20.5,95,911.6,9.7,0.0
2023-08-17T06:00,20.7,94,911.9,11.0,0.0
2023-08-17T07:00,21.9,86,912.5,13.3,0.0
2023-08-17T08:00,23.7,76,913.6,13.3,0.0
2023-08-17T09:00,25.6,65,913.8,14.8,0.1
2023-08-17T10:00,27.1,56,913.7,16.3,0.1
2023-08-17T11:00,28.5,49,913.7,17.6,0.0
2023-08-17T12:00,29.3,46,913.0,17.4,0.0
2023-08-17T13:00,30.1,44,912.0,16.7,0.0
2023-08-17T14:00,30.7,43,911.3,17.4,0.0
2023-08-17T15:00,30.6,44,910.6,18.5,0.0
2023-08-17T16:00,27.4,56,910.5,20.6,0.4
2023-08-17T17:00,27.5,53,911.1,18.8,0.0
2023-08-17T18:00,26.0,60,911.4,14.4,0.0
2023-08-17T19:00,24.7,68,912.1,12.6,0.0
2023-08-17T20:00,24.1,70,912.4,15.5,0.0
2023-08-17T21:00,23.7,72,912.6,15.1,0.0
2023-08-17T22:00,23.1,76,912.8,12.6,0.0
2023-08-17T23:00,22.5,80,912.6,12.6,0.0
2023-08-18T00:00,21.8,83,912.0,13.0,0.0
2023-08-18T01:00,21.2,85,911.1,13.8,0.0
2023-08-18T02:00,20.6,89,910.6,14.0,0.0
2023-08-18T03:00,20.1,91,910.3,13.7,0.0
2023-08-18T04:00,19.8,93,910.2,14.3,0.0
2023-08-18T05:00,20.1,93,910.8,12.3,0.0
2023-08-18T06:00,20.2,91,910.8,12.6,0.0
2023-08-18T07:00,21.8,82,911.7,19.6,0.0
2023-08-18T08:00,23.4,73,912.3,19.6,0.0
2023-08-18T09:00,24.9,65,912.8,19.4,0.0
2023-08-18T10:00,26.0,59,912.9,18.4,0.0
2023-08-18T11:00,27.5,53,912.5,20.5,0.2
2023-08-18T12:00,28.2,51,911.6,22.5,0.4
2023-08-18T13:00,28.5,49,910.7,22.6,0.3
2023-08-18T14:00,29.8,44,910.0,23.0,0.1
2023-08-18T15:00,30.1,44,909.4,22.0,0.0
2023-08-18T16:00,28.8,46,909.0,22.1,0.1
2023-08-18T17:00,27.6,48,909.7,19.7,0.0
2023-08-18T18:00,26.4,52,910.1,15.9,0.0
2023-08-18T19:00,25.5,55,910.4,17.0,0.0
2023-08-18T20:00,24.7,60,910.7,18.1,0.0
2023-08-18T21:00,23.6,68,911.4,17.7,0.0
2023-08-18T22:00,22.6,73,911.8,17.5,0.0
2023-08-18T23:00,21.7,79,911.7,17.5,0.0
2023-08-19T00:00,20.9,85,911.1,17.3,0.0
2023-08-19T01:00,20.5,88,910.7,16.3,0.0
2023-08-19T02:00,20.0,91,910.3,15.2,0.0
2023-08-19T03:00,20.1,91,910.0,15.9,0.0
2023-08-19T04:00,19.9,92,909.7,15.2,0.0
2023-08-19T05:00,20.1,93,909.8,14.2,0.0
2023-08-19T06:00,20.3,92,910.1,14.4,0.0
2023-08-19T07:00,21.8,84,910.8,19.2,0.0
2023-08-19T08:00,23.5,74,911.7,19.1,0.1
2023-08-19T09:00,25.2,66,912.2,20.6,0.1
2023-08-19T10:00,26.8,59,912.3,21.6,0.1
2023-08-19T11:00,27.5,59,911.8,21.3,0.2
2023-08-19T12:00,28.2,56,911.3,20.6,0.1
2023-08-19T13:00,28.9,53,910.3,20.9,0.0
2023-08-19T14:00,25.7,65,909.4,25.2,0.5
2023-08-19T15:00,25.9,65,909.0,18.7,0.0
2023-08-19T16:00,26.0,67,908.8,22.1,0.5
2023-08-19T17:00,22.7,81,909.5,16.3,5.2
2023-08-19T18:00,22.2,85,909.8,17.8,0.4
2023-08-19T19:00,21.7,89,910.1,13.1,0.1
2023-08-19T20:00,21.4,90,910.7,13.0,0.0
2023-08-19T21:00,21.3,89,911.2,14.4,0.0
2023-08-19T22:00,20.9,90,911.3,15.5,0.0
2023-08-19T23:00,20.4,91,910.9,14.8,0.0
2023-08-20T00:00,20.0,93,910.3,14.2,0.0
2023-08-20T01:00,19.8,93,910.0,14.0,0.0
2023-08-20T02:00,19.6,95,909.6,14.1,0.0
2023-08-20T03:00,19.4,95,909.7,14.1,0.0
2023-08-20T04:00,19.5,95,909.8,14.1,0.0
2023-08-20T05:00,20.3,93,910.2,13.3,0.0
2023-08-20T06:00,20.4,92,910.5,14.1,0.0
2023-08-20T07:00,21.2,88,911.1,16.3,0.0
2023-08-20T08:00,22.8,78,912.3,17.6,0.1
2023-08-20T09:00,25.0,67,912.5,19.3,0.0
2023-08-20T10:00,26.4,62,912.5,19.0,0.0
2023-08-20T11:00,27.9,56,912.1,18.2,0.1
2023-08-20T12:00,28.8,52,911.4,17.7,0.0
2023-08-20T13:00,29.5,49,910.6,18.3,0.1
2023-08-20T14:00,30.0,48,909.7,18.0,0.1
2023-08-20T15:00,29.9,47,909.1,18.2,0.0
2023-08-20T16:00,29.6,47,908.6,17.4,0.0
2023-08-20T17:00,27.9,51,909.0,15.0,0.0
2023-08-20T18:00,26.5,56,909.1,10.1,0.0
2023-08-20T19:00,25.2,61,909.5,9.1,0.0
2023-08-20T20:00,24.4,65,910.0,8.7,0.0
2023-08-20T21:00,23.5,69,910.7,10.4,0.1
2023-08-20T22:00,22.9,75,911.2,9.1,0.2
2023-08-20T23:00,22.1,81,911.0,6.0,0.1
2023-08-21T00:00,21.6,85,910.6,8.7,0.0
2023-08-21T01:00,20.9,91,909.9,9.0,0.0
2023-08-21T02:00,20.2,95,909.4,9.4,0.0
2023-08-21T03:00,19.7,97,909.2,8.6,0.0
2023-08-21T04:00,19.4,98,909.5,7.6,0.0
2023-08-21T05:00,19.9,98,909.9,8.3,0.0
2023-08-21T06:00,19.9,98,910.3,8.8,0.0
2023-08-21T07:00,21.5,88,911.0,14.0,0.0
2023-08-21T08:00,23.6,75,912.1,15.8,0.0
2023-08-21T09:00,25.2,68,912.3,13.2,0.0
2023-08-21T10:00,26.8,61,912.5,12.7,0.0
2023-08-21T11:00,28.1,55,912.0,12.4,0.0
2023-08-21T12:00,29.0,50,911.6,12.1,0.0
2023-08-21T13:00,29.7,48,910.9,10.7,0.0
2023-08-21T14:00,30.5,45,909.9,10.6,0.0
2023-08-21T15:00,30.4,44,909.1,12.6,0.0
2023-08-21T16:00,29.8,43,908.4,12.5,0.0
2023-08-21T17:00,28.3,44,908.9,12.6,0.0
2023-08-21T18:00,26.9,52,909.2,4.5,0.0
2023-08-21T19:00,26.0,53,909.4,6.0,0.0
2023-08-21T20:00,25.3,56,910.0,10.0,0.0
2023-08-21T21:00,24.2,63,910.6,9.3,0.0
2023-08-21T22:00,23.1,68,910.6,6.6,0.0
2023-08-21T23:00,22.9,69,910.4,8.0,0.0
2023-08-22T00:00,22.7,71,910.4,9.6,0.0
2023-08-22T01:00,21.8,80,910.0,7.6,0.0
2023-08-22T02:00,21.2,86,909.3,8.7,0.0
2023-08-22T03:00,20.6,91,908.9,7.1,0.0
2023-08-22T04:00,20.3,93,909.0,6.6,0.0
2023-08-22T05:00,20.4,93,909.2,6.0,0.0
2023-08-22T06:00,20.8,90,909.9,3.8,0.0
2023-08-22T07:00,22.0,84,910.6,5.9,0.0
2023-08-22T08:00,23.7,77,911.5,6.7,0.0
2023-08-22T09:00,25.7,69,912.0,8.4,0.0
2023-08-22T10:00,27.0,62,911.8,8.3,0.2
2023-08-22T11:00,28.4,55,911.5,8.6,0.1
2023-08-22T12:00,29.2,52,911.0,9.4,0.1
2023-08-22T13:00,30.0,50,910.3,9.1,0.0
2023-08-22T14:00,30.4,50,909.4,10.7,0.0
2023-08-22T15:00,30.7,49,908.9,11.2,0.0
2023-08-22T16:00,29.5,50,908.6,11.6,0.0
2023-08-22T17:00,28.6,52,909.3,11.3,0.0
2023-08-22T18:00,26.9,60,909.9,8.0,0.0
2023-08-22T19:00,25.5,65,910.6,12.1,0.0
2023-08-22T20:00,24.1,74,911.4,4.8,0.4
2023-08-22T21:00,23.8,77,911.8,6.2,0.0
2023-08-22T22:00,22.7,83,911.7,5.8,0.0
2023-08-22T23:00,22.4,83,911.5,4.1,0.0
2023-08-23T00:00,22.0,82,910.8,6.1,0.0
2023-08-23T01:00,21.6,83,910.3,6.8,0.0
2023-08-23T02:00,21.3,87,909.9,7.7,0.0
2023-08-23T03:00,20.9,92,909.9,8.2,0.0
2023-08-23T04:00,20.5,94,910.0,8.4,0.0
2023-08-23T05:00,21.1,93,910.5,7.2,0.0
2023-08-23T06:00,21.3,91,911.2,8.4,0.0
2023-08-23T07:00,22.2,85,912.0,10.1,0.0
2023-08-23T08:00,23.5,77,912.5,10.8,0.0
2023-08-23T09:00,25.3,69,912.9,9.4,0.0
2023-08-23T10:00,27.1,60,912.9,9.8,0.0
2023-08-23T11:00,28.4,55,912.5,10.1,0.0
2023-08-23T12:00,29.4,51,911.8,10.9,0.0
2023-08-23T13:00,30.1,48,910.8,10.2,0.0
2023-08-23T14:00,30.6,44,909.8,10.6,0.0
2023-08-23T15:00,30.4,43,909.3,11.3,0.0
2023-08-23T16:00,30.1,43,908.9,11.2,0.0
2023-08-23T17:00,28.6,47,909.3,11.7,0.0
2023-08-23T18:00,27.0,53,909.4,7.4,0.0
2023-08-23T19:00,25.4,60,909.7,5.9,0.0
2023-08-23T20:00,24.8,62,910.3,7.9,0.0
2023-08-23T21:00,24.5,60,910.7,6.9,0.0
2023-08-23T22:00,24.4,61,911.3,11.0,0.0
2023-08-23T23:00,23.4,67,911.1,10.4,0.0
2023-08-24T00:00,22.6,72,910.2,10.3,0.0
2023-08-24T01:00,21.7,78,909.7,7.6,0.0
2023-08-24T02:00,21.0,82,909.3,7.6,0.0
2023-08-24T03:00,20.5,86,909.2,8.9,0.0
2023-08-24T04:00,20.0,91,909.5,8.8,0.0
2023-08-24T05:00,20.4,93,910.3,6.8,0.0
2023-08-24T06:00,20.5,93,910.5,8.4,0.0
2023-08-24T07:00,21.5,86,911.3,9.7,0.0
2023-08-24T08:00,23.0,76,912.0,10.9,0.0
2023-08-24T09:00,24.7,65,912.5,11.3,0.0
2023-08-24T10:00,26.5,55,912.6,11.6,0.0
2023-08-24T11:00,28.1,48,912.2,11.5,0.0
2023-08-24T12:00,29.2,42,911.3,11.9,0.0
2023-08-24T13:00,30.1,38,910.6,11.9,0.0
2023-08-24T14:00,30.5,37,909.7,13.3,0.0
2023-08-24T15:00,30.3,39,909.3,13.4,0.0
2023-08-24T16:00,30.4,38,909.0,11.4,0.0
2023-08-24T17:00,28.6,40,909.6,12.7,0.0
2023-08-24T18:00,26.6,48,909.4,6.0,0.0
2023-08-24T19:00,25.8,50,909.8,7.3,0.0
2023-08-24T20:00,24.8,57,910.7,10.2,0.0
2023-08-24T21:00,24.2,63,911.4,12.9,0.0
2023-08-24T22:00,23.0,71,911.5,10.6,0.0
2023-08-24T23:00,22.3,76,911.0,9.9,0.0
2023-08-25T00:00,21.8,81,910.5,10.5,0.0
2023-08-25T01:00,21.2,86,910.0,9.9,0.0
2023-08-25T02:00,20.6,89,909.3,10.1,0.0
2023-08-25T03:00,20.3,91,909.2,10.2,0.0
2023-08-25T04:00,20.0,91,909.3,9.8,0.0
2023-08-25T05:00,19.8,93,909.7,8.4,0.0
2023-08-25T06:00,19.7,93,910.1,7.7,0.0
2023-08-25T07:00,21.3,84,911.1,8.1,0.0
2023-08-25T08:00,23.3,73,912.0,9.0,0.0
2023-08-25T09:00,25.3,64,912.4,10.9,0.0
2023-08-25T10:00,27.3,53,912.5,11.3,0.0
2023-08-25T11:00,28.7,48,912.2,11.4,0.0
2023-08-25T12:00,29.8,44,911.5,12.1,0.0
2023-08-25T13:00,30.6,41,910.8,12.3,0.0
2023-08-25T14:00,31.0,39,910.0,13.0,0.0
2023-08-25T15:00,30.9,39,909.7,13.9,0.0
2023-08-25T16:00,30.4,39,909.5,12.8,0.0
2023-08-25T17:00,29.0,41,910.2,10.7,0.0
2023-08-25T18:00,26.3,55,909.8,7.6,0.0
2023-08-25T19:00,25.2,54,909.9,10.4,0.0
2023-08-25T20:00,25.5,48,910.8,8.0,0.0
2023-08-25T21:00,24.7,53,911.6,11.8,0.0
2023-08-25T22:00,23.7,68,912.3,11.8,0.0
2023-08-25T23:00,22.4,79,912.0,8.3,0.0
2023-08-26T00:00,21.6,86,911.4,10.2,0.0
2023-08-26T01:00,21.2,88,911.1,11.1,0.0
2023-08-26T02:00,20.7,91,910.5,11.6,0.0
2023-08-26T03:00,20.3,94,910.1,11.4,0.0
2023-08-26T04:00,19.9,96,910.3,10.0,0.0
2023-08-26T05:00,20.5,95,910.4,9.4,0.0
2023-08-26T06:00,20.8,93,911.2,10.1,0.0
2023-08-26T07:00,22.3,84,912.0,13.1,0.0
2023-08-26T08:00,24.2,74,912.9,13.2,0.0
2023-08-26T09:00,26.0,65,913.2,12.1,0.0
2023-08-26T10:00,27.2,60,913.2,11.5,0.0
2023-08-26T11:00,28.6,53,913.0,11.6,0.1
2023-08-26T12:00,29.7,50,912.5,11.4,0.0
2023-08-26T13:00,30.5,48,911.6,10.2,0.0
2023-08-26T14:00,30.9,45,910.5,9.5,0.0
2023-08-26T15:00,31.0,44,910.1,10.3,0.0
2023-08-26T16:00,29.8,47,909.8,9.0,0.0
2023-08-26T17:00,28.4,53,910.4,8.1,0.0
2023-08-26T18:00,24.4,72,911.4,16.2,0.4
2023-08-26T19:00,22.3,88,912.4,9.8,2.7
2023-08-26T20:00,22.2,91,912.7,9.4,0.5
2023-08-26T21:00,22.0,92,913.0,9.0,0.1
2023-08-26T22:00,22.0,91,913.2,11.9,0.0
2023-08-26T23:00,21.5,94,912.9,6.7,0.0
2023-08-27T00:00,21.2,96,912.4,5.9,0.0
2023-08-27T01:00,21.1,97,911.9,6.8,0.0
2023-08-27T02:00,20.9,98,911.4,7.6,0.0
2023-08-27T03:00,20.8,98,911.1,8.1,0.0
2023-08-27T04:00,20.5,98,911.2,6.7,0.0
2023-08-27T05:00,21.3,98,911.7,7.2,0.0
2023-08-27T06:00,21.4,98,912.0,8.0,0.0
2023-08-27T07:00,22.4,90,913.2,9.2,0.0
2023-08-27T08:00,23.9,80,913.9,10.7,0.0
2023-08-27T09:00,25.8,65,914.2,11.3,0.0
2023-08-27T10:00,27.3,54,914.1,11.1,0.0
2023-08-27T11:00,28.4,49,913.8,11.6,0.0
2023-08-27T12:00,29.7,47,913.3,10.6,0.0
2023-08-27T13:00,30.5,45,912.2,10.3,0.0
2023-08-27T14:00,30.6,45,911.4,10.6,0.1
2023-08-27T15:00,30.3,46,910.6,10.4,0.0
2023-08-27T16:00,29.2,48,910.2,11.9,0.0
2023-08-27T17:00,28.7,47,911.1,11.3,0.0
2023-08-27T18:00,26.9,53,911.4,10.3,0.0
2023-08-27T19:00,25.9,57,911.9,8.8,0.0
2023-08-27T20:00,24.6,63,912.5,8.0,0.0
2023-08-27T21:00,23.8,69,913.2,7.4,0.0
2023-08-27T22:00,23.2,75,913.4,8.2,0.0
2023-08-27T23:00,22.9,79,913.0,8.4,0.0
2023-08-28T00:00,22.2,84,911.8,8.4,0.0
2023-08-28T01:00,21.7,87,911.2,7.2,0.0
2023-08-28T02:00,21.1,90,910.5,6.9,0.0
2023-08-28T03:00,20.8,91,910.2,7.6,0.0
2023-08-28T04:00,20.5,93,910.6,7.6,0.0
2023-08-28T05:00,20.9,95,910.9,6.9,0.0
2023-08-28T06:00,20.9,94,911.5,7.7,0.0
2023-08-28T07:00,22.3,79,912.5,9.4,0.0
2023-08-28T08:00,24.2,68,913.7,10.5,0.0
2023-08-28T09:00,26.4,56,914.0,13.2,0.0
2023-08-28T10:00,28.1,47,914.0,13.9,0.0
2023-08-28T11:00,29.5,43,913.6,14.4,0.0
2023-08-28T12:00,30.4,41,912.7,14.5,0.0
2023-08-28T13:00,31.0,39,911.7,15.2,0.0
2023-08-28T14:00,31.4,39,911.0,14.5,0.0
2023-08-28T15:00,31.3,37,910.0,14.8,0.0
2023-08-28T16:00,30.7,38,909.9,14.0,0.0
2023-08-28T17:00,29.5,39,910.5,11.1,0.0
2023-08-28T18:00,27.3,47,910.4,5.7,0.0
2023-08-28T19:00,27.0,45,911.0,10.5,0.0
2023-08-28T20:00,25.8,48,911.9,9.2,0.0
2023-08-28T21:00,25.1,58,912.7,8.7,0.0
2023-08-28T22:00,24.0,63,912.6,8.8,0.0
2023-08-28T23:00,23.1,71,912.0,8.4,0.0
2023-08-29T00:00,22.4,77,911.4,9.4,0.0
2023-08-29T01:00,22.0,81,910.7,10.2,0.0
2023-08-29T02:00,21.5,85,910.2,10.1,0.0
2023-08-29T03:00,21.1,88,910.2,9.6,0.0
2023-08-29T04:00,20.8,90,910.4,10.5,0.0
2023-08-29T05:00,21.1,89,910.3,8.8,0.0
2023-08-29T06:00,21.3,89,910.7,9.7,0.0
2023-08-29T07:00,22.6,81,911.9,12.4,0.0
2023-08-29T08:00,24.4,70,913.1,14.9,0.0
2023-08-29T09:00,26.3,60,913.3,15.3,0.0
2023-08-29T10:00,27.8,52,913.0,15.3,0.0
2023-08-29T11:00,29.6,44,912.7,16.0,0.0
2023-08-29T12:00,30.6,41,911.8,16.0,0.0
2023-08-29T13:00,31.0,40,910.7,16.1,0.0
2023-08-29T14:00,30.7,41,909.8,15.8,0.0
2023-08-29T15:00,30.7,41,909.0,15.1,0.0
2023-08-29T16:00,30.4,42,908.9,15.3,0.0
2023-08-29T17:00,29.2,45,909.4,12.0,0.0
2023-08-29T18:00,27.4,52,910.0,4.8,0.1
2023-08-29T19:00,25.6,67,910.8,5.5,0.6
2023-08-29T20:00,24.8,69,911.9,7.3,0.0
2023-08-29T21:00,23.0,77,912.4,12.0,0.0
2023-08-29T22:00,22.7,81,912.4,11.2,0.0
2023-08-29T23:00,22.0,88,912.3,10.2,0.0
2023-08-30T00:00,21.2,93,911.5,9.2,0.0
2023-08-30T01:00,20.7,96,910.6,8.2,0.0
2023-08-30T02:00,20.4,98,910.2,5.9,0.0
2023-08-30T03:00,20.1,98,910.0,5.4,0.0
2023-08-30T04:00,20.0,99,909.9,7.9,0.0
2023-08-30T05:00,19.9,93,910.3,7.9,0.0
2023-08-30T06:00,20.1,91,910.7,8.3,0.0
2023-08-30T07:00,21.9,81,912.0,8.9,0.0
2023-08-30T08:00,24.1,69,913.2,11.4,0.0
2023-08-30T09:00,26.4,58,913.4,13.2,0.0
2023-08-30T10:00,28.2,50,913.4,14.8,0.0
2023-08-30T11:00,29.5,45,913.1,15.0,0.0
2023-08-30T12:00,30.6,43,912.3,15.5,0.0
2023-08-30T13:00,31.3,42,911.2,14.8,0.0
2023-08-30T14:00,31.4,42,910.3,14.7,0.0
2023-08-30T15:00,30.8,44,909.8,14.8,0.2
2023-08-30T16:00,28.1,55,909.4,13.5,0.7
2023-08-30T17:00,28.6,48,909.9,13.0,0.2
2023-08-30T18:00,26.9,55,910.3,10.3,0.0
2023-08-30T19:00,25.9,60,910.7,4.6,0.0
2023-08-30T20:00,24.9,64,911.4,9.2,0.0
2023-08-30T21:00,23.3,76,912.4,6.8,4.2
2023-08-30T22:00,21.3,89,912.2,7.0,7.1
2023-08-30T23:00,21.4,91,912.4,5.2,0.1
2023-08-31T00:00,21.3,94,911.4,6.6,0.3
2023-08-31T01:00,20.9,97,910.5,5.1,0.1
2023-08-31T02:00,20.6,98,909.6,4.1,0.0
2023-08-31T03:00,20.2,99,909.3,4.3,0.0
2023-08-31T04:00,19.9,99,909.4,4.0,0.0
2023-08-31T05:00,20.4,95,909.8,6.3,0.0
2023-08-31T06:00,20.8,94,910.5,6.8,0.0
2023-08-31T07:00,22.5,88,911.6,5.4,0.0
2023-08-31T08:00,24.7,77,912.6,8.6,0.0
2023-08-31T09:00,26.3,70,913.3,8.9,0.1
2023-08-31T10:00,27.6,64,913.2,8.3,0.0
2023-08-31T11:00,28.3,58,912.7,7.9,0.0
2023-08-31T12:00,28.8,55,912.1,7.4,0.0
2023-08-31T13:00,28.6,55,910.9,10.0,0.0
2023-08-31T14:00,28.5,55,910.0,8.0,0.2
2023-08-31T15:00,28.0,58,909.7,5.2,1.0
2023-08-31T16:00,27.9,58,909.4,6.2,0.0
2023-08-31T17:00,26.7,63,909.8,3.0,0.0
2023-08-31T18:00,24.4,78,910.1,5.8,0.9
2023-08-31T19:00,22.2,92,910.9,10.0,2.2
2023-08-31T20:00,21.7,89,912.3,10.4,1.7
2023-08-31T21:00,21.1,92,912.6,7.1,1.8
2023-08-31T22:00,20.8,96,913.3,4.4,0.3
2023-08-31T23:00,20.9,94,912.4,6.4,0.2
2023-09-01T00:00,20.7,93,912.2,4.4,0.3
2023-09-01T01:00,20.7,95,911.1,8.6,0.3
2023-09-01T02:00,20.4,97,910.3,8.4,0.4
2023-09-01T03:00,20.1,98,909.6,7.9,0.2
2023-09-01T04:00,20.0,97,909.6,11.2,0.0
2023-09-01T05:00,20.8,96,910.7,7.4,0.0
2023-09-01T06:00,20.8,95,910.8,7.9,0.1
2023-09-01T07:00,21.7,93,911.6,8.2,0.0
2023-09-01T08:00,23.6,85,912.5,10.6,0.0
2023-09-01T09:00,25.7,73,912.9,11.1,0.0
2023-09-01T10:00,27.3,65,912.9,9.7,0.0
2023-09-01T11:00,28.5,59,912.7,9.2,0.0
2023-09-01T12:00,29.3,56,912.1,8.7,0.0
2023-09-01T13:00,29.8,54,911.0,7.6,0.0
2023-09-01T14:00,30.2,50,909.9,11.0,0.0
2023-09-01T15:00,30.2,50,909.3,10.0,0.0
2023-09-01T16:00,27.1,63,909.3,7.7,1.1
2023-09-01T17:00,27.8,55,909.5,5.2,0.0
2023-09-01T18:00,24.6,84,909.8,13.7,2.0
2023-09-01T19:00,23.7,86,910.4,11.3,0.0
2023-09-01T20:00,23.6,82,911.0,11.2,0.0
2023-09-01T21:00,23.2,81,912.1,5.0,0.1
2023-09-01T22:00,22.5,87,912.6,9.6,0.9
2023-09-01T23:00,21.4,94,912.8,11.7,3.8
2023-09-02T00:00,21.1,94,912.1,13.6,0.7
2023-09-02T01:00,20.7,96,911.3,10.8,1.2
2023-09-02T02:00,20.4,98,910.5,9.5,0.4
2023-09-02T03:00,20.2,99,909.8,6.8,0.0
2023-09-02T04:00,20.2,98,909.6,7.3,0.0
2023-09-02T05:00,20.9,98,910.3,7.6,0.0
2023-09-02T06:00,21.0,97,910.6,8.6,0.0
2023-09-02T07:00,22.4,91,911.7,10.5,0.0
2023-09-02T08:00,24.1,82,912.3,12.6,0.0
2023-09-02T09:00,25.9,71,913.0,12.7,0.0
2023-09-02T10:00,27.3,66,913.1,12.5,0.0
2023-09-02T11:00,28.4,63,913.1,12.8,0.1
2023-09-02T12:00,29.2,58,912.0,12.9,0.2
2023-09-02T13:00,26.4,68,910.3,14.0,2.3
2023-09-02T14:00,27.3,66,909.1,2.5,0.4
2023-09-02T15:00,26.3,69,908.8,6.2,3.2
2023-09-02T16:00,25.2,73,908.5,11.7,0.7
2023-09-02T17:00,24.8,75,909.1,8.8,0.0
2023-09-02T18:00,24.3,80,909.5,7.9,0.1
2023-09-02T19:00,21.7,91,911.0,19.6,1.0
2023-09-02T20:00,21.6,93,911.2,10.1,1.1
2023-09-02T21:00,21.6,92,911.6,9.8,0.4
2023-09-02T22:00,21.3,93,911.8,8.7,0.0
2023-09-02T23:00,21.0,94,911.5,7.9,0.0
2023-09-03T00:00,20.9,96,911.0,9.9,0.0
2023-09-03T01:00,20.8,96,910.0,11.9,0.0
2023-09-03T02:00,20.5,96,909.6,10.8,0.0
2023-09-03T03:00,20.2,96,908.9,9.1,0.0
2023-09-03T04:00,20.0,97,909.1,9.0,0.0
2023-09-03T05:00,20.8,95,910.1,9.1,0.0
2023-09-03T06:00,20.7,95,910.2,9.1,0.0
2023-09-03T07:00,21.5,90,911.0,12.1,0.0
2023-09-03T08:00,22.2,85,911.6,11.4,0.0
2023-09-03T09:00,22.9,80,911.4,12.0,0.0
2023-09-03T10:00,24.3,72,911.2,13.9,0.0
2023-09-03T11:00,26.8,59,911.4,15.7,0.0
2023-09-03T12:00,27.7,53,910.4,15.8,0.0
2023-09-03T13:00,28.3,50,909.5,15.7,0.0
2023-09-03T14:00,28.3,50,908.9,15.1,0.0
2023-09-03T15:00,28.0,49,908.5,15.5,0.0
2023-09-03T16:00,27.6,49,907.6,15.3,0.0
2023-09-03T17:00,26.5,53,907.7,14.7,0.0
2023-09-03T18:00,24.8,59,907.9,8.6,0.0
2023-09-03T19:00,24.0,61,908.5,9.5,0.0
2023-09-03T20:00,23.6,63,909.1,8.7,0.0
2023-09-03T21:00,23.1,68,909.9,9.4,0.0
2023-09-03T22:00,22.9,73,910.2,14.1,0.0
2023-09-03T23:00,21.9,77,910.1,14.0,0.0
2023-09-04T00:00,21.5,79,909.3,14.8,0.0
2023-09-04T01:00,21.1,81,908.6,15.5,0.0
2023-09-04T02:00,20.7,84,907.8,15.5,0.0
2023-09-04T03:00,20.4,86,907.3,15.3,0.0
2023-09-04T04:00,20.3,88,907.4,14.8,0.0
2023-09-04T05:00,20.8,85,908.1,14.1,0.0
2023-09-04T06:00,21.2,83,908.2,15.9,0.0
2023-09-04T07:00,21.8,81,908.9,16.8,0.0
2023-09-04T08:00,22.4,78,909.7,19.4,0.0
2023-09-04T09:00,23.4,73,910.2,23.3,0.0
2023-09-04T10:00,25.0,66,910.2,26.6,0.0
2023-09-04T11:00,25.6,64,910.1,24.6,0.0
2023-09-04T12:00,25.2,65,909.3,23.7,0.0
2023-09-04T13:00,26.6,61,908.5,22.6,0.0
2023-09-04T14:00,26.9,59,907.4,24.0,0.0
2023-09-04T15:00,25.6,63,906.9,22.2,0.1
2023-09-04T16:00,25.9,61,906.8,23.9,0.0
2023-09-04T17:00,23.2,74,907.6,15.8,0.3
2023-09-04T18:00,22.4,79,907.8,16.5,0.0
2023-09-04T19:00,22.1,80,908.6,16.9,0.2
2023-09-04T20:00,21.8,83,909.2,14.8,0.3
2023-09-04T21:00,21.4,85,909.6,15.1,0.2
2023-09-04T22:00,21.1,87,909.9,14.7,0.1
2023-09-04T23:00,20.9,89,909.3,16.5,0.0
2023-09-05T00:00,20.5,91,908.4,15.0,0.0
2023-09-05T01:00,20.2,91,907.8,14.9,0.0
2023-09-05T02:00,20.0,85,907.5,15.9,0.0
2023-09-05T03:00,20.0,77,907.2,16.6,0.0
2023-09-05T04:00,20.0,73,907.3,14.3,0.0
2023-09-05T05:00,19.6,77,907.4,11.8,0.0
2023-09-05T06:00,19.5,76,907.7,11.9,0.0
2023-09-05T07:00,20.7,75,908.8,11.9,0.0
2023-09-05T08:00,22.0,74,909.9,14.0,0.0
2023-09-05T09:00,22.6,77,910.1,15.2,0.0
2023-09-05T10:00,23.4,75,909.8,17.9,0.0
2023-09-05T11:00,24.6,69,909.6,18.6,0.0
2023-09-05T12:00,24.9,67,909.0,18.2,0.0
2023-09-05T13:00,25.0,66,907.9,15.3,0.0
2023-09-05T14:00,25.8,63,907.3,17.6,0.0
2023-09-05T15:00,25.8,62,906.6,15.8,0.0
2023-09-05T16:00,25.3,65,906.8,20.2,0.1
2023-09-05T17:00,23.8,75,907.5,14.3,1.4
2023-09-05T18:00,22.5,82,907.8,10.4,0.0
2023-09-05T19:00,22.0,85,908.5,12.6,0.0
2023-09-05T20:00,21.5,88,909.2,11.9,0.0
2023-09-05T21:00,20.8,92,909.7,12.1,0.0
2023-09-05T22:00,20.5,94,909.2,12.0,0.0
2023-09-05T23:00,20.6,94,909.0,14.0,0.0
2023-09-06T00:00,20.5,95,908.6,14.8,0.0
2023-09-06T01:00,20.5,96,908.1,15.3,0.0
2023-09-06T02:00,20.4,96,907.3,15.1,0.0
2023-09-06T03:00,20.4,96,907.3,15.3,0.0
2023-09-06T04:00,20.5,94,907.5,15.8,0.0
2023-09-06T05:00,20.7,95,907.7,11.4,0.0
2023-09-06T06:00,20.8,94,908.5,11.8,0.0
2023-09-06T07:00,21.7,88,909.4,14.0,0.0
2023-09-06T08:00,22.9,81,910.3,18.4,0.0
2023-09-06T09:00,24.3,74,910.6,18.3,0.1
2023-09-06T10:00,26.2,65,910.8,17.7,0.1
2023-09-06T11:00,27.2,60,910.8,15.8,0.1
2023-09-06T12:00,27.9,58,910.1,14.8,0.1
2023-09-06T13:00,28.1,58,909.3,13.7,0.2
2023-09-06T14:00,28.2,56,908.1,14.8,0.0
2023-09-06T15:00,27.5,58,907.5,11.5,0.0
2023-09-06T16:00,23.7,80,907.6,19.9,0.3
2023-09-06T17:00,24.8,71,908.2,17.1,0.3
2023-09-06T18:00,23.5,80,908.5,12.5,0.1
2023-09-06T19:00,22.5,84,909.1,16.6,0.0
2023-09-06T20:00,21.6,87,909.8,13.6,0.0
2023-09-06T21:00,21.5,89,910.3,13.6,0.0
2023-09-06T22:00,21.1,93,910.5,13.4,0.0
2023-09-06T23:00,20.8,96,910.1,14.0,0.0
2023-09-07T00:00,20.9,96,909.5,14.3,0.0
2023-09-07T01:00,20.6,97,909.1,13.0,0.0
2023-09-07T02:00,20.5,97,908.7,13.2,0.0
2023-09-07T03:00,20.6,95,908.4,14.4,0.0
2023-09-07T04:00,20.7,93,908.7,14.7,0.0
2023-09-07T05:00,20.7,95,908.7,13.4,0.0
2023-09-07T06:00,20.4,96,909.1,12.6,0.0
2023-09-07T07:00,21.6,88,910.1,19.5,0.0
2023-09-07T08:00,23.0,80,910.9,19.4,0.1
2023-09-07T09:00,25.2,69,911.4,19.5,0.0
2023-09-07T10:00,26.1,65,911.2,18.4,0.0
2023-09-07T11:00,27.4,62,910.9,16.4,0.0
2023-09-07T12:00,28.4,62,910.3,15.9,0.0
2023-09-07T13:00,28.7,59,909.4,17.2,0.0
2023-09-07T14:00,27.5,61,908.3,15.1,0.0
2023-09-07T15:00,26.7,63,907.8,16.6,0.2
2023-09-07T16:00,26.2,63,908.1,17.1,0.1
2023-09-07T17:00,24.4,76,908.7,13.0,4.1
2023-09-07T18:00,23.3,79,909.1,15.2,0.1
2023-09-07T19:00,22.0,86,910.0,13.7,0.1
2023-09-07T20:00,21.9,86,910.7,13.9,0.0
2023-09-07T21:00,21.7,88,911.3,14.7,0.0
2023-09-07T22:00,21.2,92,911.8,14.3,0.0
2023-09-07T23:00,20.7,96,911.3,13.4,0.0
2023-09-08T00:00,20.5,97,910.6,14.0,0.0
2023-09-08T01:00,20.8,95,910.2,13.5,0.0
2023-09-08T02:00,20.5,97,909.3,14.8,0.0
2023-09-08T03:00,20.3,97,909.0,16.7,0.0
2023-09-08T04:00,20.4,95,909.2,17.6,0.0
2023-09-08T05:00,20.2,96,909.8,14.7,0.0
2023-09-08T06:00,20.4,96,910.3,15.9,0.0
2023-09-08T07:00,21.2,92,910.9,21.5,0.0
2023-09-08T08:00,22.8,82,911.9,21.3,0.1
2023-09-08T09:00,24.1,77,912.2,22.1,0.1
2023-09-08T10:00,25.4,71,912.7,23.1,0.3
2023-09-08T11:00,26.7,65,912.3,22.2,0.3
2023-09-08T12:00,27.4,64,911.2,22.9,0.2
2023-09-08T13:00,27.4,61,910.1,21.9,0.1
2023-09-08T14:00,28.1,57,909.4,23.0,0.0
2023-09-08T15:00,28.0,56,908.9,23.9,0.0
2023-09-08T16:00,27.5,57,909.0,21.3,0.1
2023-09-08T17:00,26.6,60,909.4,17.7,0.0
2023-09-08T18:00,23.8,73,909.8,15.5,0.1
2023-09-08T19:00,22.9,79,910.4,10.5,0.8
2023-09-08T20:00,22.6,82,911.2,12.3,0.0
2023-09-08T21:00,22.0,85,911.9,12.4,0.0
2023-09-08T22:00,21.3,89,912.1,13.1,0.0
2023-09-08T23:00,20.6,93,911.5,13.4,0.0
2023-09-09T00:00,20.2,96,910.4,12.4,0.0
2023-09-09T01:00,20.0,97,909.8,13.5,0.0
2023-09-09T02:00,19.8,98,909.3,14.0,0.0
2023-09-09T03:00,19.7,98,909.3,14.5,0.0
2023-09-09T04:00,19.8,96,909.7,14.7,0.0
2023-09-09T05:00,19.9,97,909.8,12.4,0.0
2023-09-09T06:00,19.9,97,910.0,13.1,0.0
2023-09-09T07:00,21.6,87,911.0,18.5,0.0
2023-09-09T08:00,23.4,78,911.8,20.2,0.1
2023-09-09T09:00,24.9,70,912.2,20.2,0.0
2023-09-09T10:00,26.9,61,912.1,21.7,0.0
2023-09-09T11:00,26.8,63,911.7,19.8,0.0
2023-09-09T12:00,28.4,60,911.1,19.1,0.0
2023-09-09T13:00,29.0,58,910.1,18.8,0.0
2023-09-09T14:00,29.0,56,909.1,18.4,0.0
2023-09-09T15:00,27.8,61,908.3,16.1,0.3
2023-09-09T16:00,27.5,58,908.3,20.3,0.2
2023-09-09T17:00,26.2,62,908.9,19.5,0.2
2023-09-09T18:00,24.1,77,909.3,10.5,0.3
2023-09-09T19:00,23.8,79,909.8,10.2,0.0
2023-09-09T20:00,22.9,84,910.2,10.0,0.0
2023-09-09T21:00,22.6,84,911.0,13.4,0.0
2023-09-09T22:00,22.1,86,911.4,13.3,0.0
2023-09-09T23:00,21.4,89,911.0,13.1,0.0
2023-09-10T00:00,20.8,92,910.1,13.9,0.0
2023-09-10T01:00,20.2,95,909.6,13.6,0.0
2023-09-10T02:00,19.8,97,909.0,13.9,0.0
2023-09-10T03:00,19.6,98,908.6,13.2,0.0
2023-09-10T04:00,19.5,98,908.8,13.0,0.0
2023-09-10T05:00,19.9,97,909.1,10.1,0.0
2023-09-10T06:00,20.0,96,909.3,11.7,0.0
2023-09-10T07:00,21.8,85,910.4,16.2,0.0
2023-09-10T08:00,23.4,76,911.2,17.3,0.0
2023-09-10T09:00,24.9,68,911.7,19.8,0.0
2023-09-10T10:00,26.1,62,911.7,19.8,0.0
2023-09-10T11:00,27.5,55,911.6,19.8,0.0
2023-09-10T12:00,27.4,55,910.5,18.8,0.0
2023-09-10T13:00,27.9,55,909.4,16.2,0.1
2023-09-10T14:00,28.6,52,908.5,18.4,0.0
2023-09-10T15:00,28.6,52,908.0,18.4,0.1
2023-09-10T16:00,26.5,61,907.8,23.4,0.3
2023-09-10T17:00,27.3,55,908.1,14.7,1.5
2023-09-10T18:00,25.4,62,908.8,12.2,0.0
2023-09-10T19:00,24.5,68,909.9,12.0,0.0
2023-09-10T20:00,23.9,73,910.5,10.1,0.0
2023-09-10T21:00,23.0,79,910.8,12.3,0.0
2023-09-10T22:00,22.0,84,910.8,13.6,0.0
2023-09-10T23:00,21.2,88,910.6,12.9,0.0
2023-09-11T00:00,20.8,91,910.2,14.0,0.0
2023-09-11T01:00,20.1,95,909.5,13.1,0.0
2023-09-11T02:00,19.6,97,909.0,14.6,0.0
2023-09-11T03:00,19.6,97,908.6,14.6,0.0
2023-09-11T04:00,19.8,96,909.0,13.4,0.0
2023-09-11T05:00,20.8,94,909.6,15.0,0.0
2023-09-11T06:00,21.2,91,909.9,15.5,0.0
2023-09-11T07:00,21.8,86,910.7,17.5,0.0
2023-09-11T08:00,23.3,77,911.5,19.4,0.1
2023-09-11T09:00,24.8,70,912.1,19.6,0.1
2023-09-11T10:00,26.2,64,911.9,20.0,0.1
2023-09-11T11:00,26.7,63,911.7,20.0,0.3
2023-09-11T12:00,27.0,60,910.6,20.4,0.1
2023-09-11T13:00,27.2,59,910.0,19.6,0.1
2023-09-11T14:00,27.6,61,909.1,18.6,0.1
2023-09-11T15:00,27.3,61,908.2,19.9,0.0
2023-09-11T16:00,26.9,61,908.2,14.9,0.1
2023-09-11T17:00,24.7,71,909.1,10.7,0.5
2023-09-11T18:00,23.5,77,909.4,8.3,0.0
2023-09-11T19:00,23.5,78,910.2,8.1,0.0
2023-09-11T20:00,22.9,80,910.7,10.2,0.0
2023-09-11T21:00,22.7,80,911.1,13.2,0.0
2023-09-11T22:00,22.3,80,911.2,12.6,0.0
2023-09-11T23:00,21.7,83,911.2,11.8,0.1
2023-09-12T00:00,21.3,85,910.5,14.1,0.0
2023-09-12T01:00,21.1,87,910.2,15.9,0.0
2023-09-12T02:00,20.6,90,909.4,15.7,0.0
2023-09-12T03:00,20.2,93,909.2,14.8,0.0
2023-09-12T04:00,20.0,94,909.4,16.3,0.0
2023-09-12T05:00,20.4,91,910.0,14.2,0.0
2023-09-12T06:00,20.3,92,910.2,14.8,0.0
2023-09-12T07:00,21.9,84,911.1,19.2,0.0
2023-09-12T08:00,23.6,75,911.9,20.2,0.0
2023-09-12T09:00,24.8,70,912.1,19.0,0.0
2023-09-12T10:00,26.4,62,912.1,19.5,0.1
2023-09-12T11:00,27.7,58,912.1,19.8,0.1
2023-09-12T12:00,28.5,54,911.3,22.1,0.1
2023-09-12T13:00,28.8,54,910.3,21.3,0.0
2023-09-12T14:00,28.1,57,909.5,22.5,0.8
2023-09-12T15:00,27.3,58,909.0,19.7,0.7
2023-09-12T16:00,27.3,57,908.8,18.1,0.1
2023-09-12T17:00,26.6,61,909.2,7.6,0.4
2023-09-12T18:00,22.9,77,910.0,19.4,0.1
2023-09-12T19:00,22.1,80,910.3,11.6,0.1
2023-09-12T20:00,22.0,81,910.7,8.9,0.0
2023-09-12T21:00,22.1,82,911.4,8.6,0.0
2023-09-12T22:00,21.7,87,911.8,10.4,0.0
2023-09-12T23:00,21.3,90,911.9,10.4,0.0
2023-09-13T00:00,20.7,93,911.2,10.9,0.0
2023-09-13T01:00,20.1,95,910.4,12.3,0.0
2023-09-13T02:00,19.7,97,909.9,11.4,0.0
2023-09-13T03:00,19.4,98,909.3,10.5,0.0
2023-09-13T04:00,19.2,98,909.2,9.8,0.0
2023-09-13T05:00,19.7,98,909.6,9.9,0.0
2023-09-13T06:00,19.9,97,910.2,9.3,0.0
2023-09-13T07:00,21.2,91,911.1,15.0,0.0
2023-09-13T08:00,23.2,79,912.0,15.9,0.0
2023-09-13T09:00,24.6,72,912.3,17.5,0.3
2023-09-13T10:00,25.9,69,912.1,17.0,0.9
2023-09-13T11:00,27.2,62,912.1,17.3,0.3
2023-09-13T12:00,28.1,57,911.2,19.1,0.1
2023-09-13T13:00,27.6,60,909.8,17.3,0.0
2023-09-13T14:00,28.9,56,908.9,17.7,0.0
2023-09-13T15:00,27.5,58,908.4,18.4,0.1
2023-09-13T16:00,24.3,74,908.6,21.7,0.4
2023-09-13T17:00,25.5,65,909.2,12.7,0.0
2023-09-13T18:00,24.1,70,909.1,9.5,0.0
2023-09-13T19:00,21.4,87,910.1,10.8,2.0
2023-09-13T20:00,21.6,86,910.4,9.4,0.0
2023-09-13T21:00,21.6,85,911.0,10.1,0.0
2023-09-13T22:00,21.2,88,911.4,13.1,0.0
2023-09-13T23:00,20.9,88,911.2,14.1,0.0
2023-09-14T00:00,20.3,91,910.6,12.3,0.0
2023-09-14T01:00,19.8,93,910.0,11.6,0.0
2023-09-14T02:00,19.4,96,909.4,11.2,0.0
2023-09-14T03:00,19.3,97,909.3,9.8,0.0
2023-09-14T04:00,19.1,98,909.5,11.2,0.0
2023-09-14T05:00,19.4,98,909.5,11.2,0.0
2023-09-14T06:00,19.7,98,910.5,11.5,0.0
2023-09-14T07:00,21.0,91,911.1,18.0,0.0
2023-09-14T08:00,23.1,78,912.0,19.5,0.0
2023-09-14T09:00,24.3,71,912.4,18.6,0.0
2023-09-14T10:00,26.4,63,912.7,18.0,0.0
2023-09-14T11:00,27.4,61,912.2,18.5,0.0
2023-09-14T12:00,27.8,59,911.5,18.1,0.0
2023-09-14T13:00,28.8,56,910.5,18.4,0.0
2023-09-14T14:00,28.4,55,909.3,18.4,0.0
2023-09-14T15:00,27.6,58,908.5,18.1,0.0
2023-09-14T16:00,26.2,63,908.5,19.9,0.1
2023-09-14T17:00,25.0,71,909.1,14.3,0.0
2023-09-14T18:00,23.1,79,909.4,15.7,0.1
2023-09-14T19:00,22.0,87,910.2,12.6,0.3
2023-09-14T20:00,21.4,91,910.6,10.5,0.1
2023-09-14T21:00,20.9,94,911.2,11.4,0.0
2023-09-14T22:00,20.7,93,911.2,12.9,0.0
2023-09-14T23:00,20.2,96,910.8,13.2,0.0
2023-09-15T00:00,20.0,97,910.2,15.5,0.0
2023-09-15T01:00,19.7,98,909.5,15.3,0.0
2023-09-15T02:00,19.9,97,908.9,15.9,0.0
2023-09-15T03:00,20.1,96,908.9,17.5,0.0
2023-09-15T04:00,20.3,94,909.2,17.0,0.1
2023-09-15T05:00,20.4,95,909.8,14.8,0.0
2023-09-15T06:00,20.4,95,910.0,14.9,0.0
2023-09-15T07:00,21.8,86,910.7,21.8,0.0
2023-09-15T08:00,23.3,77,911.5,22.3,0.1
2023-09-15T09:00,24.4,73,912.3,20.9,0.1
2023-09-15T10:00,25.2,70,912.4,21.9,0.2
2023-09-15T11:00,27.1,65,912.5,21.3,0.1
2023-09-15T12:00,28.3,60,911.9,21.3,0.1
2023-09-15T13:00,26.3,69,910.5,17.7,1.1
2023-09-15T14:00,27.8,60,909.6,17.8,0.2
2023-09-15T15:00,28.8,57,908.9,18.6,0.0
2023-09-15T16:00,25.1,73,909.0,21.6,0.5
2023-09-15T17:00,24.3,74,909.7,16.6,0.9
2023-09-15T18:00,23.3,81,910.2,13.1,0.0
2023-09-15T19:00,22.4,86,910.9,11.7,0.1
2023-09-15T20:00,22.0,88,911.3,13.7,0.0
2023-09-15T21:00,21.7,90,911.9,13.7,0.0
2023-09-15T22:00,21.1,93,912.3,13.9,0.0
2023-09-15T23:00,20.7,95,911.9,14.2,0.0
2023-09-16T00:00,20.3,97,911.4,14.0,0.0
2023-09-16T01:00,20.3,96,911.1,13.9,0.0
2023-09-16T02:00,20.3,96,910.2,14.0,0.0
2023-09-16T03:00,20.0,97,909.8,14.4,0.0
2023-09-16T04:00,20.4,95,909.8,14.7,0.0
2023-09-16T05:00,20.2,98,910.3,13.0,0.0
2023-09-16T06:00,20.5,96,910.8,15.0,0.0
2023-09-16T07:00,21.9,89,911.5,19.2,0.0
2023-09-16T08:00,23.9,77,912.2,21.5,0.0
2023-09-16T09:00,24.6,75,912.6,22.1,0.1
2023-09-16T10:00,25.5,71,912.3,22.2,0.1
2023-09-16T11:00,27.5,62,912.1,21.9,0.0
2023-09-16T12:00,28.6,60,911.6,21.7,0.0
2023-09-16T13:00,26.0,68,910.6,25.4,4.6
2023-09-16T14:00,26.6,65,909.6,19.5,1.0
2023-09-16T15:00,27.2,61,909.3,20.6,0.0
2023-09-16T16:00,26.7,61,908.9,20.8,0.0
2023-09-16T17:00,25.6,69,909.7,17.4,0.0
2023-09-16T18:00,24.7,70,910.2,14.1,0.0
2023-09-16T19:00,23.7,76,910.9,10.5,0.0
2023-09-16T20:00,23.3,78,911.4,12.3,0.0
2023-09-16T21:00,23.0,77,911.8,14.9,0.0
2023-09-16T22:00,22.1,82,912.1,11.5,0.0
2023-09-16T23:00,21.6,85,911.9,14.2,0.0
2023-09-17T00:00,21.6,86,911.7,15.7,0.0
2023-09-17T01:00,21.2,89,910.9,16.2,0.0
2023-09-17T02:00,20.4,93,910.2,14.8,0.0
2023-09-17T03:00,20.2,95,909.8,15.0,0.0
2023-09-17T04:00,19.9,97,909.6,15.1,0.0
2023-09-17T05:00,20.4,97,909.9,9.8,0.0
2023-09-17T06:00,20.5,97,910.3,10.4,0.0
2023-09-17T07:00,21.8,91,911.2,14.6,0.0
2023-09-17T08:00,23.7,80,912.0,17.8,0.1
2023-09-17T09:00,24.3,77,912.6,17.3,0.1
2023-09-17T10:00,26.0,73,912.5,15.9,0.2
2023-09-17T11:00,26.8,67,912.2,17.3,0.2
2023-09-17T12:00,26.3,68,910.9,14.4,0.1
2023-09-17T13:00,21.9,90,909.9,18.8,1.3
2023-09-17T14:00,25.0,77,909.3,13.0,0.1
2023-09-17T15:00,25.2,74,908.6,15.1,0.2
2023-09-17T16:00,24.7,78,908.6,13.4,1.3
2023-09-17T17:00,24.5,72,909.2,17.0,0.3
2023-09-17T18:00,22.6,84,908.7,13.0,0.1
2023-09-17T19:00,20.8,92,909.7,10.6,3.5
2023-09-17T20:00,20.9,92,910.1,8.5,0.0
2023-09-17T21:00,20.5,92,911.2,10.4,0.0
2023-09-17T22:00,20.3,93,911.6,8.5,0.0
2023-09-17T23:00,20.2,94,910.9,8.8,0.0
2023-09-18T00:00,20.1,95,910.3,11.3,0.0
2023-09-18T01:00,20.0,96,909.9,10.7,0.0
2023-09-18T02:00,19.7,97,909.5,10.8,0.0
2023-09-18T03:00,19.5,98,908.8,11.6,0.0
2023-09-18T04:00,19.5,98,908.9,12.7,0.0
2023-09-18T05:00,20.2,99,908.8,11.7,0.0
2023-09-18T06:00,20.3,99,909.5,11.4,0.0
2023-09-18T07:00,21.6,92,910.4,18.0,0.0
2023-09-18T08:00,23.2,82,911.5,17.0,0.0
2023-09-18T09:00,25.0,74,912.4,16.6,0.0
2023-09-18T10:00,26.4,70,912.3,14.8,0.0
2023-09-18T11:00,27.5,66,912.1,14.4,0.0
2023-09-18T12:00,28.5,62,911.4,14.1,0.0
2023-09-18T13:00,28.8,57,910.0,14.6,0.0
2023-09-18T14:00,26.3,65,909.3,16.3,0.1
2023-09-18T15:00,26.2,66,908.8,16.5,0.0
2023-09-18T16:00,25.2,72,909.0,16.3,1.4
2023-09-18T17:00,25.2,76,908.8,5.8,2.3
2023-09-18T18:00,21.7,85,910.5,25.8,0.1
2023-09-18T19:00,20.7,88,910.4,8.0,0.1
2023-09-18T20:00,20.4,92,911.2,11.1,0.6
2023-09-18T21:00,20.5,93,911.4,8.7,0.1
2023-09-18T22:00,20.4,94,911.6,7.7,0.1
2023-09-18T23:00,20.1,96,911.8,9.3,0.0
2023-09-19T00:00,19.8,97,911.0,7.9,0.0
2023-09-19T01:00,19.7,98,910.7,10.5,0.0
2023-09-19T02:00,20.0,99,910.1,10.7,0.0
2023-09-19T03:00,19.9,99,909.9,12.3,0.0
2023-09-19T04:00,19.9,97,910.0,14.4,0.0
2023-09-19T05:00,19.7,98,910.6,11.4,0.0
2023-09-19T06:00,19.7,97,910.9,11.3,0.0
2023-09-19T07:00,21.0,91,911.6,16.7,0.0
2023-09-19T08:00,22.7,81,912.8,16.6,0.0
2023-09-19T09:00,24.4,72,913.5,17.3,0.0
2023-09-19T10:00,26.1,66,913.5,16.6,0.0
2023-09-19T11:00,27.2,59,913.0,16.6,0.1
2023-09-19T12:00,28.2,54,912.1,15.5,0.1
2023-09-19T13:00,28.4,52,911.2,15.3,0.1
2023-09-19T14:00,28.5,55,910.7,14.3,0.1
2023-09-19T15:00,28.7,55,910.1,14.1,0.0
2023-09-19T16:00,28.0,54,909.6,14.6,0.1
2023-09-19T17:00,26.4,64,910.4,7.8,0.0
2023-09-19T18:00,24.4,73,910.8,8.7,0.3
2023-09-19T19:00,23.8,74,911.5,8.1,0.1
2023-09-19T20:00,22.6,78,912.0,9.9,0.1
2023-09-19T21:00,22.0,80,912.8,6.9,0.0
2023-09-19T22:00,21.3,85,912.9,8.3,0.0
2023-09-19T23:00,21.0,89,912.8,9.4,0.0
2023-09-20T00:00,20.6,92,912.4,9.1,0.0
2023-09-20T01:00,20.2,93,911.8,9.7,0.0
2023-09-20T02:00,19.7,95,911.2,9.6,0.0
2023-09-20T03:00,19.4,96,910.7,10.4,0.0
2023-09-20T04:00,19.1,97,910.5,10.2,0.0
2023-09-20T05:00,19.4,98,910.8,8.4,0.0
2023-09-20T06:00,19.5,99,911.3,9.2,0.0
2023-09-20T07:00,21.1,91,912.8,13.4,0.0
2023-09-20T08:00,22.9,81,913.5,15.3,0.0
2023-09-20T09:00,24.7,72,913.9,15.2,0.0
2023-09-20T10:00,26.1,68,914.1,12.6,0.0
2023-09-20T11:00,27.3,66,913.5,12.6,0.0
2023-09-20T12:00,28.0,63,912.6,13.7,0.0
2023-09-20T13:00,28.6,59,911.3,12.6,0.0
2023-09-20T14:00,28.7,57,910.1,10.5,0.0
2023-09-20T15:00,26.5,66,909.4,17.8,0.2
2023-09-20T16:00,26.2,66,909.2,8.3,0.0
2023-09-20T17:00,26.1,67,910.2,8.7,0.0
2023-09-20T18:00,24.2,76,910.5,7.7,0.0
2023-09-20T19:00,23.4,78,911.6,11.4,0.1
2023-09-20T20:00,22.6,84,912.0,7.0,0.0
2023-09-20T21:00,22.2,87,912.7,7.6,0.0
2023-09-20T22:00,21.9,89,912.8,8.4,0.0
2023-09-20T23:00,21.3,91,912.5,8.2,0.0
2023-09-21T00:00,20.9,93,911.9,9.0,0.0
2023-09-21T01:00,20.6,95,911.4,8.7,0.0
2023-09-21T02:00,20.3,95,910.9,7.6,0.0
2023-09-21T03:00,19.8,97,910.6,6.8,0.0
2023-09-21T04:00,19.6,98,910.6,6.8,0.0
2023-09-21T05:00,20.2,98,910.9,5.5,0.0
2023-09-21T06:00,20.2,99,911.7,6.3,0.0
2023-09-21T07:00,21.5,92,913.0,9.7,0.0
2023-09-21T08:00,23.0,83,913.6,9.4,0.0
2023-09-21T09:00,24.5,76,914.1,10.7,0.0
2023-09-21T10:00,25.4,73,914.3,10.1,0.0
2023-09-21T11:00,26.0,72,913.5,7.9,0.0
2023-09-21T12:00,26.5,70,912.5,7.2,0.0
2023-09-21T13:00,27.0,67,911.5,5.5,0.0
2023-09-21T14:00,27.0,66,910.4,5.0,0.0
2023-09-21T15:00,27.0,65,909.6,3.3,0.0
2023-09-21T16:00,26.9,65,909.6,3.9,0.0
2023-09-21T17:00,26.1,70,910.1,4.0,0.0
2023-09-21T18:00,24.3,83,910.3,5.8,0.0
2023-09-21T19:00,23.2,87,910.7,6.3,0.0
2023-09-21T20:00,22.7,87,912.0,11.7,0.2
2023-09-21T21:00,22.1,88,912.3,6.2,0.0
2023-09-21T22:00,21.6,90,912.6,5.3,0.0
2023-09-21T23:00,21.6,90,912.4,3.3,0.0
2023-09-22T00:00,21.1,92,911.5,6.7,0.0
2023-09-22T01:00,20.5,95,910.8,4.6,0.0
2023-09-22T02:00,20.3,96,910.2,4.3,0.0
2023-09-22T03:00,19.6,98,909.8,4.2,0.0
2023-09-22T04:00,19.6,98,910.4,4.7,0.0
2023-09-22T05:00,19.8,98,910.9,4.4,0.0
2023-09-22T06:00,20.1,97,911.3,3.7,0.0
2023-09-22T07:00,21.6,90,912.7,4.0,0.0
2023-09-22T08:00,23.4,81,913.6,8.6,0.0
2023-09-22T09:00,24.9,76,914.0,8.1,0.0
2023-09-22T10:00,26.1,72,914.0,9.4,0.0
2023-09-22T11:00,27.0,68,913.4,7.7,0.0
2023-09-22T12:00,27.8,65,912.2,5.4,0.1
2023-09-22T13:00,28.3,63,910.9,5.2,0.1
2023-09-22T14:00,28.6,61,910.0,3.1,0.0
2023-09-22T15:00,28.4,60,909.4,4.1,0.0
2023-09-22T16:00,26.3,69,909.4,7.2,0.8
2023-09-22T17:00,26.3,69,910.2,5.2,0.2
2023-09-22T18:00,24.4,82,910.3,8.3,0.0
2023-09-22T19:00,20.4,96,911.7,16.3,4.7
2023-09-22T20:00,20.8,94,911.5,4.4,0.1
2023-09-22T21:00,20.5,97,911.7,3.1,0.1
2023-09-22T22:00,20.6,97,912.1,6.2,0.1
2023-09-22T23:00,20.4,98,911.8,6.3,0.0
2023-09-23T00:00,20.3,98,911.4,6.8,0.0
2023-09-23T01:00,20.2,98,910.8,5.2,0.0
2023-09-23T02:00,20.1,98,910.4,6.5,0.0
2023-09-23T03:00,20.1,98,910.2,5.8,0.0
2023-09-23T04:00,19.9,99,910.4,6.3,0.0
2023-09-23T05:00,20.5,100,910.9,5.5,0.0
2023-09-23T06:00,21.0,98,912.0,10.6,0.0
2023-09-23T07:00,21.9,93,912.8,10.5,0.1
2023-09-23T08:00,23.3,85,913.5,7.6,0.0
2023-09-23T09:00,25.0,76,913.8,9.2,0.0
2023-09-23T10:00,26.6,68,913.6,8.4,0.1
2023-09-23T11:00,27.6,62,913.2,9.4,0.0
2023-09-23T12:00,28.3,59,912.4,10.4,0.1
2023-09-23T13:00,28.6,58,911.4,9.7,0.1
2023-09-23T14:00,29.0,58,910.3,9.0,0.0
2023-09-23T15:00,28.9,57,909.7,9.4,0.0
2023-09-23T16:00,27.4,61,909.4,10.0,0.1
2023-09-23T17:00,26.3,64,910.3,12.8,0.1
2023-09-23T18:00,24.3,77,910.5,5.2,0.1
2023-09-23T19:00,22.5,86,911.8,7.1,3.0
2023-09-23T20:00,22.4,88,912.2,8.4,0.1
2023-09-23T21:00,21.6,91,912.6,9.8,0.0
2023-09-23T22:00,20.4,95,913.3,8.9,2.5
2023-09-23T23:00,20.5,96,913.0,6.7,0.2
2023-09-24T00:00,20.1,98,912.4,6.7,4.2
2023-09-24T01:00,20.2,96,911.8,9.2,0.2
2023-09-24T02:00,20.1,96,911.6,7.8,0.1
2023-09-24T03:00,20.1,96,911.2,9.1,0.2
2023-09-24T04:00,19.9,98,911.3,8.8,0.1
2023-09-24T05:00,20.6,96,912.1,9.1,0.1
2023-09-24T06:00,20.6,97,912.7,8.3,0.0
2023-09-24T07:00,21.3,92,913.3,13.0,0.0
2023-09-24T08:00,22.5,86,913.8,15.5,0.0
2023-09-24T09:00,24.6,74,914.0,17.8,0.1
2023-09-24T10:00,25.9,68,913.5,18.4,0.0
2023-09-24T11:00,26.1,66,913.1,16.4,0.0
2023-09-24T12:00,26.9,63,912.1,16.3,0.0
2023-09-24T13:00,26.9,64,911.1,14.2,0.0
2023-09-24T14:00,26.7,66,910.1,13.7,0.0
2023-09-24T15:00,27.1,65,909.5,12.4,0.0
2023-09-24T16:00,26.8,65,909.3,14.3,0.1
2023-09-24T17:00,26.6,67,909.6,7.2,0.5
2023-09-24T18:00,24.5,75,909.7,6.8,0.2
2023-09-24T19:00,22.0,90,910.8,15.0,0.7
2023-09-24T20:00,21.5,91,911.3,11.8,0.2
2023-09-24T21:00,20.5,94,912.2,15.9,0.6
2023-09-24T22:00,20.4,94,912.2,7.9,0.1
2023-09-24T23:00,20.9,92,911.9,5.2,0.1
2023-09-25T00:00,20.7,94,911.4,9.0,0.0
2023-09-25T01:00,20.2,95,910.9,8.7,0.0
2023-09-25T02:00,19.9,96,910.5,9.2,0.0
2023-09-25T03:00,19.6,97,910.5,8.9,0.0
2023-09-25T04:00,19.5,98,910.1,10.5,0.0
2023-09-25T05:00,20.3,97,911.1,7.8,0.0
2023-09-25T06:00,20.8,95,911.5,12.2,0.0
2023-09-25T07:00,21.7,89,912.3,16.3,0.1
2023-09-25T08:00,22.4,86,912.8,19.6,0.1
2023-09-25T09:00,24.0,78,912.9,17.4,0.1
2023-09-25T10:00,25.1,71,912.6,18.3,0.0
2023-09-25T11:00,25.6,69,912.2,17.5,0.0
2023-09-25T12:00,26.3,66,911.4,16.1,0.1
2023-09-25T13:00,26.9,67,910.5,15.7,0.1
2023-09-25T14:00,26.9,67,909.6,14.6,0.1
2023-09-25T15:00,26.9,67,909.1,11.3,0.0
2023-09-25T16:00,26.1,69,908.6,8.6,0.0
2023-09-25T17:00,24.7,76,909.0,9.1,0.5
2023-09-25T18:00,23.1,84,909.5,9.7,0.0
2023-09-25T19:00,22.5,86,910.2,6.2,0.0
2023-09-25T20:00,21.6,90,910.8,4.6,0.0
2023-09-25T21:00,22.0,89,910.8,4.0,0.0
2023-09-25T22:00,20.9,92,910.9,7.1,0.0
2023-09-25T23:00,21.2,90,911.1,6.2,0.0
2023-09-26T00:00,20.9,91,910.5,7.8,0.0
2023-09-26T01:00,20.2,95,909.6,8.3,0.0
2023-09-26T02:00,19.9,97,909.3,7.8,0.0
2023-09-26T03:00,19.6,98,909.0,8.3,0.0
2023-09-26T04:00,19.5,98,908.9,9.1,0.0
2023-09-26T05:00,19.8,99,909.6,5.1,0.0
2023-09-26T06:00,20.2,99,910.2,7.0,0.0
2023-09-26T07:00,21.4,93,911.2,10.3,0.0
2023-09-26T08:00,23.1,81,912.2,12.4,0.0
2023-09-26T09:00,24.3,75,912.8,12.6,0.1
2023-09-26T10:00,25.4,70,912.4,12.1,0.0
2023-09-26T11:00,26.6,64,911.5,12.8,0.0
2023-09-26T12:00,27.7,59,910.6,14.1,0.0
2023-09-26T13:00,28.2,58,909.8,12.3,0.1
2023-09-26T14:00,28.4,58,909.0,12.6,0.0
2023-09-26T15:00,28.0,60,908.6,13.0,0.0
2023-09-26T16:00,27.4,59,908.4,14.9,0.1
2023-09-26T17:00,25.4,71,908.8,9.1,0.9
2023-09-26T18:00,23.8,79,909.5,11.1,0.6
2023-09-26T19:00,22.6,86,910.2,9.5,0.0
2023-09-26T20:00,22.3,87,910.9,8.8,0.0
2023-09-26T21:00,22.0,88,911.5,9.4,0.0
2023-09-26T22:00,21.6,89,911.8,11.4,0.0
2023-09-26T23:00,21.2,89,911.4,14.2,0.0
2023-09-27T00:00,20.6,91,910.8,14.6,0.0
2023-09-27T01:00,20.2,94,910.1,13.7,0.0
2023-09-27T02:00,20.1,94,909.7,13.8,0.0
2023-09-27T03:00,19.9,95,909.8,13.3,0.0
2023-09-27T04:00,19.7,96,909.4,13.0,0.0
2023-09-27T05:00,19.9,97,910.0,9.1,0.0
2023-09-27T06:00,20.1,96,910.4,9.3,0.0
2023-09-27T07:00,21.5,89,911.3,14.5,0.0
2023-09-27T08:00,23.4,78,911.8,16.6,0.0
2023-09-27T09:00,25.1,70,912.2,17.3,0.0
2023-09-27T10:00,26.5,63,911.8,18.4,0.0
2023-09-27T11:00,27.2,61,911.3,16.7,0.1
2023-09-27T12:00,27.7,59,910.6,15.9,0.2
2023-09-27T13:00,27.5,65,909.6,14.6,2.0
2023-09-27T14:00,27.9,62,908.6,13.6,0.1
2023-09-27T15:00,26.7,65,907.7,16.1,0.7
2023-09-27T16:00,25.1,76,907.9,12.6,0.4
2023-09-27T17:00,24.4,76,908.6,12.3,2.3
2023-09-27T18:00,23.0,83,909.6,12.0,1.3
2023-09-27T19:00,21.7,91,910.2,5.9,4.0
2023-09-27T20:00,21.8,91,911.2,7.1,0.4
2023-09-27T21:00,21.7,90,911.7,9.2,0.0
2023-09-27T22:00,21.1,88,911.9,14.8,0.0
2023-09-27T23:00,20.6,90,911.2,13.2,0.0
2023-09-28T00:00,20.0,94,910.1,11.4,0.0
2023-09-28T01:00,19.6,96,909.3,9.5,0.0
2023-09-28T02:00,19.3,96,908.8,8.3,0.0
2023-09-28T03:00,19.2,97,908.7,10.0,0.0
2023-09-28T04:00,19.0,98,908.7,11.1,0.0
2023-09-28T05:00,19.7,97,909.0,12.0,0.0
2023-09-28T06:00,19.8,97,909.6,12.2,0.0
2023-09-28T07:00,21.2,91,910.6,16.9,0.0
2023-09-28T08:00,22.9,82,911.5,19.6,0.0
2023-09-28T09:00,24.3,76,911.9,19.5,0.1
2023-09-28T10:00,24.7,74,912.1,19.7,0.2
2023-09-28T11:00,26.4,70,912.2,15.9,0.2
2023-09-28T12:00,27.1,68,910.9,14.8,0.3
2023-09-28T13:00,25.1,73,909.1,17.9,1.3
2023-09-28T14:00,25.3,74,908.1,8.4,0.2
2023-09-28T15:00,23.4,82,908.3,15.7,3.9
2023-09-28T16:00,22.7,88,907.6,11.5,1.2
2023-09-28T17:00,21.5,88,908.8,7.9,1.3
2023-09-28T18:00,21.3,93,909.4,13.7,0.6
2023-09-28T19:00,20.7,96,909.6,15.0,0.1
2023-09-28T20:00,21.0,94,910.6,14.7,0.0
2023-09-28T21:00,21.1,95,910.7,15.0,0.0
2023-09-28T22:00,20.8,95,911.0,13.5,0.0
2023-09-28T23:00,20.3,97,910.8,13.7,0.0
2023-09-29T00:00,20.1,98,910.3,15.1,0.0
2023-09-29T01:00,20.2,97,909.3,16.3,0.0
2023-09-29T02:00,20.1,97,909.0,15.6,0.0
2023-09-29T03:00,20.0,98,908.8,15.1,0.0
2023-09-29T04:00,19.9,98,908.9,15.8,0.0
2023-09-29T05:00,19.8,99,909.0,14.1,0.0
2023-09-29T06:00,20.1,98,910.0,16.6,0.0
2023-09-29T07:00,21.0,92,911.1,23.3,0.0
2023-09-29T08:00,22.4,85,911.8,22.9,0.1
2023-09-29T09:00,24.1,77,912.7,22.1,0.1
2023-09-29T10:00,24.4,76,912.7,19.5,0.0
2023-09-29T11:00,25.5,73,912.2,22.5,0.1
2023-09-29T12:00,27.3,68,911.2,21.8,0.1
2023-09-29T13:00,27.5,65,910.1,22.7,0.1
2023-09-29T14:00,25.7,69,908.6,24.0,0.1
2023-09-29T15:00,23.4,84,908.1,17.3,4.4
2023-09-29T16:00,24.5,82,908.0,17.2,0.1
2023-09-29T17:00,24.3,77,908.9,18.8,0.6
2023-09-29T18:00,23.3,75,909.5,19.4,0.0
2023-09-29T19:00,22.5,78,910.3,19.8,0.0
2023-09-29T20:00,21.5,81,911.2,19.1,0.0
2023-09-29T21:00,20.8,85,911.7,16.7,0.0
2023-09-29T22:00,20.4,87,911.8,16.1,0.0
2023-09-29T23:00,20.0,90,911.6,15.8,0.0
2023-09-30T00:00,19.7,93,910.8,14.4,0.0
2023-09-30T01:00,19.6,95,910.1,14.7,0.0
2023-09-30T02:00,19.5,96,909.4,16.1,0.0
2023-09-30T03:00,19.5,97,909.1,16.6,0.0
2023-09-30T04:00,19.6,97,909.0,16.2,0.0
2023-09-30T05:00,20.0,96,909.7,10.2,0.0
2023-09-30T06:00,20.2,96,910.2,12.3,0.0
2023-09-30T07:00,22.3,86,911.4,19.5,0.0
2023-09-30T08:00,23.4,80,912.2,24.7,0.1
2023-09-30T09:00,24.9,74,912.7,25.0,0.1
2023-09-30T10:00,25.4,73,912.5,25.7,0.2
2023-09-30T11:00,26.4,69,912.4,24.7,0.3
2023-09-30T12:00,27.4,65,911.8,24.9,0.2
2023-09-30T13:00,28.0,64,910.7,23.6,0.0
2023-09-30T14:00,28.2,62,909.6,23.5,0.0
2023-09-30T15:00,25.7,73,908.8,19.0,0.5
2023-09-30T16:00,26.0,71,909.1,22.1,0.3
2023-09-30T17:00,24.6,76,909.8,17.1,1.0
2023-09-30T18:00,23.5,77,910.1,20.3,0.0
2023-09-30T19:00,22.7,81,911.1,18.8,0.0
2023-09-30T20:00,22.1,85,911.3,16.9,0.0
2023-09-30T21:00,21.4,90,911.8,16.1,0.0
2023-09-30T22:00,21.2,92,911.9,16.6,0.0
2023-09-30T23:00,21.0,93,911.7,16.4,0.0
